{
	"format_version": "1.12.0",
	"minecraft:geometry": [
		{
			"description": {
				"identifier": "geometry.unknown",
				"texture_width": 64,
				"texture_height": 64,
				"visible_bounds_width": 4,
				"visible_bounds_height": 1.5,
				"visible_bounds_offset": [0, 0.25, 0]
			},
			"bones": [
				{
					"name": "positioning",
					"pivot": [-3.025, -8.95, -11.225]
				},
				{
					"name": "ground",
					"parent": "positioning",
					"pivot": [0, -3, 7]
				},
				{
					"name": "fixed",
					"parent": "positioning",
					"pivot": [1.1, 4.425, 5.175],
					"rotation": [0, 90, 0]
				},
				{
					"name": "thirdperson_hand",
					"parent": "positioning",
					"pivot": [0.025, 2.975, 8.15]
				},
				{
					"name": "shell",
					"parent": "positioning",
					"pivot": [-0.625, 4.875, 3.775]
				},
				{
					"name": "muzzle_flash",
					"parent": "positioning",
					"pivot": [-0.025, 4.6, -8.975]
				},
				{
					"name": "muzzle_pos",
					"parent": "positioning",
					"pivot": [0, 4.55, -8.86058]
				},
				{
					"name": "scope_pos",
					"parent": "positioning",
					"pivot": [0, 6.82833, 1.15]
				},
				{
					"name": "grip_pos",
					"parent": "positioning",
					"pivot": [0, 3.52265, -2.875]
				},
				{
					"name": "laser_pos",
					"parent": "positioning",
					"pivot": [-1.28125, 4.675, -3.375],
					"rotation": [0, 0, -90]
				},
				{
					"name": "base",
					"pivot": [0, 0.5, -21]
				},
				{
					"name": "Barrels2",
					"parent": "base",
					"pivot": [0, -2.26626, -25.09285],
					"cubes": [
						{
							"origin": [-0.25324, 4.40187, -8.9247],
							"size": [0.50647, 0.50647, 7.7769],
							"pivot": [0, 4.6551, 1.83379],
							"rotation": [0, 0, 45],
							"uv": {
								"north": {"uv": [34, 27], "uv_size": [0.5, 0.5]},
								"east": {"uv": [24, 5], "uv_size": [8, 0.5]},
								"south": {"uv": [28, 34], "uv_size": [0.5, 0.5]},
								"west": {"uv": [24, 6], "uv_size": [8, 0.5]},
								"up": {"uv": [2, 24], "uv_size": [0.5, 8]},
								"down": {"uv": [3, 32], "uv_size": [0.5, -8]}
							}
						},
						{
							"origin": [-0.25324, 5.61388, -5.19608],
							"size": [0.60541, 0.60541, 4.79828],
							"pivot": [0, 5.96606, 2.58379],
							"rotation": [0, 0, 45],
							"uv": {
								"north": {"uv": [34, 28], "uv_size": [0.5, 0.5]},
								"east": {"uv": [28, 16], "uv_size": [5, 0.5]},
								"south": {"uv": [29, 34], "uv_size": [0.5, 0.5]},
								"west": {"uv": [28, 17], "uv_size": [5, 0.5]},
								"up": {"uv": [7, 28], "uv_size": [0.5, 5]},
								"down": {"uv": [8, 33], "uv_size": [0.5, -5]}
							}
						},
						{
							"origin": [-0.42665, 6.81817, -7.26834],
							"size": [0.85329, 0.80329, 0.76011],
							"uv": {
								"north": {"uv": [22, 29], "uv_size": [1, 1]},
								"east": {"uv": [0, 31], "uv_size": [1, 1]},
								"south": {"uv": [1, 31], "uv_size": [1, 1]},
								"west": {"uv": [31, 2], "uv_size": [1, 1]},
								"up": {"uv": [9, 31], "uv_size": [1, 1]},
								"down": {"uv": [10, 32], "uv_size": [1, -1]}
							}
						},
						{
							"origin": [-0.25322, 5.09851, -7.26832],
							"size": [0.50643, 1.73088, 0.24399],
							"inflate": 0.002,
							"uv": {
								"north": {"uv": [29, 32], "uv_size": [0.5, 1.5]},
								"east": {"uv": [10, 33], "uv_size": [0.5, 1.5]},
								"south": {"uv": [33, 12], "uv_size": [0.5, 1.5]},
								"west": {"uv": [14, 33], "uv_size": [0.5, 1.5]},
								"up": {"uv": [30, 34], "uv_size": [0.5, 0.5]},
								"down": {"uv": [31, 34.5], "uv_size": [0.5, -0.5]}
							}
						},
						{
							"origin": [-0.25324, 5.79617, -6.40298],
							"size": [0.50647, 1.10661, 0.24735],
							"pivot": [-0.25324, 5.84564, -6.27371],
							"rotation": [20, 0, 0],
							"uv": {
								"north": {"uv": [28, 33], "uv_size": [0.5, 1]},
								"east": {"uv": [32, 33], "uv_size": [0.5, 1]},
								"south": {"uv": [33, 32], "uv_size": [0.5, 1]},
								"west": {"uv": [33, 33], "uv_size": [0.5, 1]},
								"up": {"uv": [32, 34], "uv_size": [0.5, 0.5]},
								"down": {"uv": [34, 32.5], "uv_size": [0.5, -0.5]}
							}
						},
						{
							"origin": [-0.05536, 6.81817, -7.1694],
							"size": [0.11071, 0.40753, 0.1912],
							"uv": {
								"north": {"uv": [33, 34], "uv_size": [0.5, 0.5]},
								"east": {"uv": [34, 33], "uv_size": [0.5, 0.5]},
								"south": {"uv": [34, 34], "uv_size": [0.5, 0.5]},
								"west": {"uv": [0, 35], "uv_size": [0.5, 0.5]},
								"up": {"uv": [35, 0], "uv_size": [0.5, 0.5]},
								"down": {"uv": [1, 35.5], "uv_size": [0.5, -0.5]}
							}
						},
						{
							"origin": [-0.25324, 4.76119, -7.19608],
							"size": [0.50647, 1.19905, 0.9117],
							"uv": {
								"north": {"uv": [0, 34], "uv_size": [0.5, 1]},
								"east": {"uv": [14, 31], "uv_size": [1, 1]},
								"south": {"uv": [34, 0], "uv_size": [0.5, 1]},
								"west": {"uv": [15, 31], "uv_size": [1, 1]},
								"up": {"uv": [1, 34], "uv_size": [0.5, 1]},
								"down": {"uv": [34, 2], "uv_size": [0.5, -1]}
							}
						},
						{
							"origin": [-0.35218, 4.36543, -8.06074],
							"size": [0.70435, 0.70435, 1.77424],
							"pivot": [0, 4.7176, -8.01461],
							"rotation": [0, 0, -45],
							"uv": {
								"north": {"uv": [35, 1], "uv_size": [0.5, 0.5]},
								"east": {"uv": [16, 31], "uv_size": [2, 0.5]},
								"south": {"uv": [2, 35], "uv_size": [0.5, 0.5]},
								"west": {"uv": [20, 31], "uv_size": [2, 0.5]},
								"up": {"uv": [22, 31], "uv_size": [0.5, 2]},
								"down": {"uv": [23, 33], "uv_size": [0.5, -2]}
							}
						},
						{
							"origin": [-0.35218, 5.36543, -7.18574],
							"size": [0.70435, 0.70435, 1.77424],
							"pivot": [0, 5.7176, -7.13961],
							"rotation": [0, 0, -45],
							"uv": {
								"north": {"uv": [35, 2], "uv_size": [0.5, 0.5]},
								"east": {"uv": [24, 31], "uv_size": [2, 0.5]},
								"south": {"uv": [3, 35], "uv_size": [0.5, 0.5]},
								"west": {"uv": [26, 31], "uv_size": [2, 0.5]},
								"up": {"uv": [31, 27], "uv_size": [0.5, 2]},
								"down": {"uv": [30, 33], "uv_size": [0.5, -2]}
							}
						}
					]
				},
				{
					"name": "Ak74m_base2",
					"parent": "base",
					"pivot": [0, -7.21326, -14.30839],
					"cubes": [
						{
							"origin": [-0.5, -3.03031, 1.1926],
							"size": [1, 2.8125, 2.9375],
							"pivot": [0, 0.02169, 1.68243],
							"rotation": [-26, 0, 0],
							"uv": {
								"north": {"uv": [15, 25], "uv_size": [1, 3]},
								"east": {"uv": [14, 17], "uv_size": [3, 3]},
								"south": {"uv": [16, 25], "uv_size": [1, 3]},
								"west": {"uv": [17, 17], "uv_size": [3, 3]},
								"down": {"uv": [16.5, 17.5], "uv_size": [0, 0]}
							}
						},
						{
							"origin": [-0.5, -0.68123, 1.23584],
							"size": [1, 2.9, 2.9375],
							"pivot": [0, 0.27607, 2.12754],
							"rotation": [-18, 0, 0],
							"uv": {
								"north": {"uv": [25, 16], "uv_size": [1, 3]},
								"east": {"uv": [0, 19], "uv_size": [3, 3]},
								"south": {"uv": [17, 25], "uv_size": [1, 3]},
								"west": {"uv": [3, 19], "uv_size": [3, 3]},
								"up": {"uv": [18, 25], "uv_size": [1, 3]}
							}
						},
						{
							"origin": [-0.499, 1.8388, 1.76642],
							"size": [0.998, 2.15, 2.9375],
							"pivot": [-0.001, 1.83884, 2.70392],
							"rotation": [-10, 0, 0],
							"uv": {
								"north": {"uv": [9, 28], "uv_size": [1, 2]},
								"east": {"uv": [21, 3], "uv_size": [3, 2]},
								"south": {"uv": [18, 28], "uv_size": [1, 2]},
								"west": {"uv": [21, 5], "uv_size": [3, 2]},
								"up": {"uv": [25, 21], "uv_size": [1, 3]}
							}
						}
					]
				},
				{
					"name": "Stock2",
					"parent": "Ak74m_base2",
					"pivot": [0.02721, 3.27575, -7.27628]
				},
				{
					"name": "BaseReceiver2",
					"parent": "Ak74m_base2",
					"pivot": [-0.69258, 0.88882, -21.88229],
					"cubes": [
						{
							"origin": [0, 0.95459, 5.06616],
							"size": [0, 2.4735, 3.95866],
							"uv": {
								"north": {"uv": [0, 0], "uv_size": [0, 2.5]},
								"east": {"uv": [12, 14], "uv_size": [4, 2.5]},
								"south": {"uv": [0, 0], "uv_size": [0, 2.5]},
								"west": {"uv": [16, 14], "uv_size": [4, 2.5]},
								"up": {"uv": [0, 0], "uv_size": [0, 4]},
								"down": {"uv": [0, 4], "uv_size": [0, -4]}
							}
						},
						{
							"origin": [-0.8918, 3.46656, 0.44421],
							"size": [1.7836, 1.4841, 11.39436],
							"uv": {
								"north": {"uv": [26, 7], "uv_size": [2, 1.5]},
								"east": {"uv": [8, 11], "uv_size": [11.5, 1.5]},
								"south": {"uv": [26, 16], "uv_size": [2, 1.5]},
								"west": {"uv": [12, 0], "uv_size": [11.5, 1.5]},
								"up": {"uv": [4, 0], "uv_size": [2, 11.5]},
								"down": {"uv": [6, 11.5], "uv_size": [2, -11.5]}
							}
						},
						{
							"origin": [-0.6621, 4.75278, -0.71891],
							"size": [1.3242, 1.78092, 3.18869],
							"uv": {
								"north": {"uv": [21, 26], "uv_size": [1.5, 2]},
								"east": {"uv": [0, 22], "uv_size": [3, 2]},
								"south": {"uv": [26, 21], "uv_size": [1.5, 2]},
								"west": {"uv": [3, 22], "uv_size": [3, 2]},
								"up": {"uv": [23, 21], "uv_size": [1.5, 3]},
								"down": {"uv": [0, 27], "uv_size": [1.5, -3]}
							}
						},
						{
							"origin": [-0.89, 3.36958, -0.82896],
							"size": [1.78, 0.5233, 12.65669],
							"pivot": [-0.74271, 3.36958, -0.37896],
							"rotation": [-2, 0, 0],
							"uv": {
								"north": {"uv": [31, 31], "uv_size": [2, 0.5]},
								"east": {"uv": [20, 11], "uv_size": [12.5, 0.5]},
								"south": {"uv": [0, 32], "uv_size": [2, 0.5]},
								"west": {"uv": [20, 12], "uv_size": [12.5, 0.5]},
								"up": {"uv": [0, 0], "uv_size": [2, 12.5]},
								"down": {"uv": [2, 12.5], "uv_size": [2, -12.5]}
							}
						},
						{
							"origin": [-0.94205, 3.79822, 3.70644],
							"size": [0.1, 1.45936, 5.66431],
							"pivot": [0.05795, 4.3279, 8.76474],
							"rotation": [22.5, 0, 0],
							"uv": {
								"north": {"uv": [33, 14], "uv_size": [0.5, 1.5]},
								"east": {"uv": [14, 7], "uv_size": [5.5, 1.5]},
								"south": {"uv": [15, 33], "uv_size": [0.5, 1.5]},
								"west": {"uv": [20, 7], "uv_size": [5.5, 1.5]},
								"up": {"uv": [19, 26], "uv_size": [0.5, 5.5]},
								"down": {"uv": [12, 32.5], "uv_size": [0.5, -5.5]}
							}
						}
					]
				},
				{
					"name": "upper2",
					"parent": "BaseReceiver2",
					"pivot": [-0.76688, 4.74748, -12.35932],
					"cubes": [
						{
							"origin": [-0.56885, 5.61658, -0.0148],
							"size": [1.1377, 0.86572, 10.29358],
							"uv": {
								"north": {"uv": [2, 32], "uv_size": [1, 1]},
								"east": {"uv": [12, 9], "uv_size": [10.5, 1]},
								"south": {"uv": [32, 2], "uv_size": [1, 1]},
								"west": {"uv": [12, 10], "uv_size": [10.5, 1]},
								"up": {"uv": [10, 13], "uv_size": [1, 10.5]},
								"down": {"uv": [11, 23.5], "uv_size": [1, -10.5]}
							}
						},
						{
							"origin": [-0.9302, 4.86898, 0.48308],
							"size": [1.8604, 0.89046, 10.73775],
							"uv": {
								"north": {"uv": [28, 28], "uv_size": [2, 1]},
								"east": {"uv": [12, 13], "uv_size": [10.5, 1]},
								"south": {"uv": [0, 29], "uv_size": [2, 1]},
								"west": {"uv": [14, 2], "uv_size": [10.5, 1]},
								"up": {"uv": [8, 0], "uv_size": [2, 10.5]},
								"down": {"uv": [10, 10.5], "uv_size": [2, -10.5]}
							}
						},
						{
							"origin": [-0.9302, 4.85172, 11.17072],
							"size": [1.8604, 0.39576, 0.71731],
							"uv": {
								"north": {"uv": [32, 5], "uv_size": [2, 0.5]},
								"east": {"uv": [35, 3], "uv_size": [0.5, 0.5]},
								"south": {"uv": [32, 6], "uv_size": [2, 0.5]},
								"west": {"uv": [4, 35], "uv_size": [0.5, 0.5]},
								"up": {"uv": [9, 32], "uv_size": [2, 0.5]},
								"down": {"uv": [14, 32.5], "uv_size": [2, -0.5]}
							}
						},
						{
							"origin": [-0.9302, 4.75278, 11.04704],
							"size": [1.8604, 0.4947, 0.84099],
							"pivot": [-0.70251, 5.24748, 11.88803],
							"rotation": [-37.5, 0, 0],
							"uv": {
								"north": {"uv": [16, 32], "uv_size": [2, 0.5]},
								"east": {"uv": [2, 34], "uv_size": [1, 0.5]},
								"south": {"uv": [18, 32], "uv_size": [2, 0.5]},
								"west": {"uv": [3, 34], "uv_size": [1, 0.5]},
								"up": {"uv": [29, 0], "uv_size": [2, 1]},
								"down": {"uv": [29, 2], "uv_size": [2, -1]}
							}
						},
						{
							"origin": [-0.56885, 4.75278, 9.8085],
							"size": [1.1377, 0.64528, 1.18743],
							"pivot": [-0.61757, 5.24748, 11.64068],
							"rotation": [-37.5, 0, 0],
							"uv": {
								"north": {"uv": [4, 34], "uv_size": [1, 0.5]},
								"east": {"uv": [5, 34], "uv_size": [1, 0.5]},
								"south": {"uv": [34, 5], "uv_size": [1, 0.5]},
								"west": {"uv": [6, 34], "uv_size": [1, 0.5]},
								"up": {"uv": [3, 32], "uv_size": [1, 1]},
								"down": {"uv": [32, 19], "uv_size": [1, -1]}
							}
						},
						{
							"origin": [-0.20315, 4.75278, 10.89684],
							"size": [0.4063, 0.84316, 0.69273],
							"pivot": [-0.68751, 5.24748, 11.64068],
							"rotation": [-37.5, 0, 0],
							"uv": {
								"north": {"uv": [34, 6], "uv_size": [0.5, 1]},
								"east": {"uv": [7, 34], "uv_size": [0.5, 1]},
								"south": {"uv": [34, 7], "uv_size": [0.5, 1]},
								"west": {"uv": [8, 34], "uv_size": [0.5, 1]},
								"up": {"uv": [35, 4], "uv_size": [0.5, 0.5]},
								"down": {"uv": [5, 35.5], "uv_size": [0.5, -0.5]}
							}
						}
					]
				},
				{
					"name": "Bolt3",
					"parent": "BaseReceiver2",
					"pivot": [0.14851, 3.0284, -15.7171],
					"cubes": [
						{
							"origin": [-0.64321, 4.72057, 1.72831],
							"size": [1.28642, 0.9894, 4.31785],
							"uv": {
								"north": {"uv": [26, 30], "uv_size": [1.5, 1]},
								"east": {"uv": [24, 0], "uv_size": [4.5, 1]},
								"south": {"uv": [30, 26], "uv_size": [1.5, 1]},
								"west": {"uv": [24, 1], "uv_size": [4.5, 1]},
								"up": {"uv": [15, 20], "uv_size": [1.5, 4.5]},
								"down": {"uv": [17, 24.5], "uv_size": [1.5, -4.5]}
							}
						},
						{
							"origin": [-1.64321, 5.22057, 2.47831],
							"size": [2.28642, 0.4894, 0.25],
							"inflate": -0.002,
							"uv": {
								"north": {"uv": [30, 29], "uv_size": [2.5, 0.5]},
								"east": {"uv": [35, 5], "uv_size": [0.5, 0.5]},
								"south": {"uv": [30, 30], "uv_size": [2.5, 0.5]},
								"west": {"uv": [6, 35], "uv_size": [0.5, 0.5]},
								"up": {"uv": [31, 0], "uv_size": [2.5, 0.5]},
								"down": {"uv": [31, 1.5], "uv_size": [2.5, -0.5]}
							}
						},
						{
							"origin": [-0.39586, 5.69078, 1.97566],
							"size": [0.79172, 0.74205, 3.82315],
							"uv": {
								"north": {"uv": [34, 8], "uv_size": [1, 0.5]},
								"east": {"uv": [29, 9], "uv_size": [4, 0.5]},
								"south": {"uv": [9, 34], "uv_size": [1, 0.5]},
								"west": {"uv": [29, 10], "uv_size": [4, 0.5]},
								"up": {"uv": [4, 24], "uv_size": [1, 4]},
								"down": {"uv": [5, 28], "uv_size": [1, -4]}
							}
						}
					]
				},
				{
					"name": "rear_sight2",
					"parent": "BaseReceiver2",
					"pivot": [0.34629, 7.0341, -23.47271],
					"cubes": [
						{
							"origin": [-0.43297, 6.21266, -0.68971],
							"size": [0.86594, 0.61367, 4.44887],
							"inflate": -0.001,
							"uv": {
								"north": {"uv": [11, 34], "uv_size": [1, 0.5]},
								"east": {"uv": [28, 21], "uv_size": [4.5, 0.5]},
								"south": {"uv": [12, 34], "uv_size": [1, 0.5]},
								"west": {"uv": [28, 22], "uv_size": [4.5, 0.5]},
								"up": {"uv": [7, 23], "uv_size": [1, 4.5]},
								"down": {"uv": [20, 27.5], "uv_size": [1, -4.5]}
							}
						},
						{
							"origin": [-0.43088, 8.14053, 0.33937],
							"size": [0.86175, 0.74788, 0.31034],
							"pivot": [-0.17119, 6.75795, 2.04539],
							"rotation": [45, 0, 0],
							"uv": {
								"north": {"uv": [34, 12], "uv_size": [1, 0.5]},
								"east": {"uv": [35, 6], "uv_size": [0.5, 0.5]},
								"south": {"uv": [13, 34], "uv_size": [1, 0.5]},
								"west": {"uv": [7, 35], "uv_size": [0.5, 0.5]},
								"up": {"uv": [34, 13], "uv_size": [1, 0.5]},
								"down": {"uv": [34, 14.5], "uv_size": [1, -0.5]}
							}
						},
						{
							"origin": [-0.42955, 6.39128, 2.96967],
							"size": [0.8591, 0.85981, 0.87762],
							"pivot": [0, 7.13739, 3.26619],
							"rotation": [-45, 0, 0],
							"uv": {
								"north": {"uv": [20, 32], "uv_size": [1, 1]},
								"east": {"uv": [21, 32], "uv_size": [1, 1]},
								"south": {"uv": [32, 23], "uv_size": [1, 1]},
								"west": {"uv": [24, 32], "uv_size": [1, 1]},
								"up": {"uv": [32, 24], "uv_size": [1, 1]},
								"down": {"uv": [25, 33], "uv_size": [1, -1]}
							}
						}
					]
				},
				{
					"name": "Grip2",
					"parent": "Ak74m_base2",
					"pivot": [0.09894, 0.22421, -14.11912],
					"cubes": [
						{
							"origin": [-0.7814, 1.87174, 8.48754],
							"size": [1.5628, 1.28622, 2.4735],
							"uv": {
								"north": {"uv": [23, 28], "uv_size": [1.5, 1.5]},
								"east": {"uv": [21, 24], "uv_size": [2.5, 1.5]},
								"south": {"uv": [28, 24], "uv_size": [1.5, 1.5]},
								"west": {"uv": [24, 24], "uv_size": [2.5, 1.5]},
								"up": {"uv": [10, 24], "uv_size": [1.5, 2.5]},
								"down": {"uv": [25, 15.5], "uv_size": [1.5, -2.5]}
							}
						},
						{
							"origin": [-0.50736, 1.87174, 5.04938],
							"size": [1.01473, 1.38516, 0.96467],
							"uv": {
								"north": {"uv": [18, 30], "uv_size": [1, 1.5]},
								"east": {"uv": [30, 27], "uv_size": [1, 1.5]},
								"south": {"uv": [28, 30], "uv_size": [1, 1.5]},
								"west": {"uv": [29, 30], "uv_size": [1, 1.5]},
								"up": {"uv": [32, 25], "uv_size": [1, 1]},
								"down": {"uv": [26, 33], "uv_size": [1, -1]}
							}
						},
						{
							"origin": [-0.78155, 2.71591, 10.93631],
							"size": [1.5628, 0.34311, 0.27209],
							"uv": {
								"north": {"uv": [16, 33], "uv_size": [1.5, 0.5]},
								"east": {"uv": [35, 7], "uv_size": [0.5, 0.5]},
								"south": {"uv": [33, 16], "uv_size": [1.5, 0.5]},
								"west": {"uv": [8, 35], "uv_size": [0.5, 0.5]},
								"up": {"uv": [33, 17], "uv_size": [1.5, 0.5]},
								"down": {"uv": [18, 33.5], "uv_size": [1.5, -0.5]}
							}
						},
						{
							"origin": [-0.66885, -2.04526, 9.76144],
							"size": [1.3377, 0.70738, 0.52502],
							"pivot": [-0.59323, -1.98099, 10.20667],
							"rotation": [-32.5, 0, 0],
							"uv": {
								"north": {"uv": [33, 18], "uv_size": [1.5, 0.5]},
								"east": {"uv": [35, 8], "uv_size": [0.5, 0.5]},
								"south": {"uv": [33, 19], "uv_size": [1.5, 0.5]},
								"west": {"uv": [9, 35], "uv_size": [0.5, 0.5]},
								"up": {"uv": [20, 33], "uv_size": [1.5, 0.5]},
								"down": {"uv": [33, 20.5], "uv_size": [1.5, -0.5]}
							}
						},
						{
							"origin": [-0.66885, -1.62325, 11.13437],
							"size": [1.3377, 0.54417, 0.44523],
							"pivot": [-0.59323, -1.72219, 11.5796],
							"rotation": [-32.5, 0, 0],
							"uv": {
								"north": {"uv": [33, 21], "uv_size": [1.5, 0.5]},
								"east": {"uv": [35, 9], "uv_size": [0.5, 0.5]},
								"south": {"uv": [22, 33], "uv_size": [1.5, 0.5]},
								"west": {"uv": [10, 35], "uv_size": [0.5, 0.5]},
								"up": {"uv": [33, 22], "uv_size": [1.5, 0.5]},
								"down": {"uv": [33, 23.5], "uv_size": [1.5, -0.5]}
							}
						},
						{
							"origin": [-0.78155, 2.0228, 10.71369],
							"size": [1.5628, 0.69311, 0.4947],
							"pivot": [-0.48083, 2.71591, 11.20839],
							"rotation": [-22.5, 0, 0],
							"uv": {
								"north": {"uv": [24, 33], "uv_size": [1.5, 0.5]},
								"east": {"uv": [35, 10], "uv_size": [0.5, 0.5]},
								"south": {"uv": [33, 24], "uv_size": [1.5, 0.5]},
								"west": {"uv": [11, 35], "uv_size": [0.5, 0.5]},
								"up": {"uv": [33, 25], "uv_size": [1.5, 0.5]},
								"down": {"uv": [26, 33.5], "uv_size": [1.5, -0.5]}
							}
						},
						{
							"origin": [-0.66885, -1.99916, 9.56988],
							"size": [1.3377, 4.42757, 1.87986],
							"pivot": [0.08758, -0.0451, 9.02571],
							"rotation": [17.5, 0, 0],
							"uv": {
								"north": {"uv": [21, 14], "uv_size": [1.5, 4.5]},
								"east": {"uv": [6, 18], "uv_size": [2, 4.5]},
								"south": {"uv": [21, 19], "uv_size": [1.5, 4.5]},
								"west": {"uv": [8, 19], "uv_size": [2, 4.5]},
								"up": {"uv": [23, 26], "uv_size": [1.5, 2]},
								"down": {"uv": [25, 28], "uv_size": [1.5, -2]}
							}
						},
						{
							"origin": [-0.66885, -2.34408, 9.59944],
							"size": [1.3377, 0.72792, 1.46095],
							"pivot": [0.08758, -0.13206, 9.05527],
							"rotation": [17.5, 0, 0],
							"uv": {
								"north": {"uv": [33, 29], "uv_size": [1.5, 0.5]},
								"east": {"uv": [30, 33], "uv_size": [1.5, 0.5]},
								"south": {"uv": [33, 30], "uv_size": [1.5, 0.5]},
								"west": {"uv": [33, 31], "uv_size": [1.5, 0.5]},
								"up": {"uv": [25, 28], "uv_size": [1.5, 1.5]},
								"down": {"uv": [28, 27.5], "uv_size": [1.5, -1.5]}
							}
						}
					]
				},
				{
					"name": "Mag2",
					"parent": "Ak74m_base2",
					"pivot": [-0.01237, 0.24947, -23.49283]
				},
				{
					"name": "positioning6",
					"parent": "Ak74m_base2",
					"pivot": [0, 0, -21]
				},
				{
					"name": "scope_pos3",
					"parent": "positioning6",
					"pivot": [0, 6.475, -15.725]
				},
				{
					"name": "Handguard5",
					"parent": "Ak74m_base2",
					"pivot": [-0.0001, 5.06686, -25.17351],
					"cubes": [
						{
							"origin": [-0.94145, 5.44536, -6.27311],
							"size": [1.8829, 0.79046, 5.5],
							"uv": {
								"north": {"uv": [10, 29], "uv_size": [2, 1]},
								"east": {"uv": [23, 9], "uv_size": [5.5, 1]},
								"south": {"uv": [14, 29], "uv_size": [2, 1]},
								"west": {"uv": [23, 10], "uv_size": [5.5, 1]},
								"up": {"uv": [6, 12], "uv_size": [2, 5.5]},
								"down": {"uv": [0, 18.5], "uv_size": [2, -5.5]}
							}
						},
						{
							"origin": [-0.94145, 5.24536, -1.77311],
							"size": [1.8829, 0.21546, 1],
							"uv": {
								"north": {"uv": [32, 26], "uv_size": [2, 0.5]},
								"east": {"uv": [34, 15], "uv_size": [1, 0.5]},
								"south": {"uv": [27, 32], "uv_size": [2, 0.5]},
								"west": {"uv": [16, 34], "uv_size": [1, 0.5]},
								"up": {"uv": [16, 29], "uv_size": [2, 1]},
								"down": {"uv": [20, 30], "uv_size": [2, -1]}
							}
						},
						{
							"origin": [-0.94145, 5.24536, -3.72311],
							"size": [1.8829, 0.21546, 0.95],
							"uv": {
								"north": {"uv": [32, 27], "uv_size": [2, 0.5]},
								"east": {"uv": [17, 34], "uv_size": [1, 0.5]},
								"south": {"uv": [32, 28], "uv_size": [2, 0.5]},
								"west": {"uv": [18, 34], "uv_size": [1, 0.5]},
								"up": {"uv": [28, 29], "uv_size": [2, 1]},
								"down": {"uv": [0, 31], "uv_size": [2, -1]}
							}
						},
						{
							"origin": [-0.94145, 5.24536, -6.27311],
							"size": [1.8829, 0.21546, 0.95],
							"uv": {
								"north": {"uv": [31, 32], "uv_size": [2, 0.5]},
								"east": {"uv": [19, 34], "uv_size": [1, 0.5]},
								"south": {"uv": [0, 33], "uv_size": [2, 0.5]},
								"west": {"uv": [20, 34], "uv_size": [1, 0.5]},
								"up": {"uv": [9, 30], "uv_size": [2, 1]},
								"down": {"uv": [14, 31], "uv_size": [2, -1]}
							}
						},
						{
							"origin": [-0.46937, 6.22481, -6.27311],
							"size": [0.93874, 0.48309, 5.5],
							"uv": {
								"north": {"uv": [21, 34], "uv_size": [1, 0.5]},
								"east": {"uv": [25, 2], "uv_size": [5.5, 0.5]},
								"south": {"uv": [22, 34], "uv_size": [1, 0.5]},
								"west": {"uv": [26, 18], "uv_size": [5.5, 0.5]},
								"up": {"uv": [19, 20], "uv_size": [1, 5.5]},
								"down": {"uv": [6, 28.5], "uv_size": [1, -5.5]}
							}
						},
						{
							"origin": [-0.94145, 3.6397, -6.27311],
							"size": [1.8829, 1.53251, 6.75],
							"uv": {
								"north": {"uv": [0, 27], "uv_size": [2, 1.5]},
								"east": {"uv": [14, 3], "uv_size": [7, 1.5]},
								"south": {"uv": [10, 27], "uv_size": [2, 1.5]},
								"west": {"uv": [14, 5], "uv_size": [7, 1.5]},
								"up": {"uv": [12, 2], "uv_size": [2, 7]},
								"down": {"uv": [4, 19], "uv_size": [2, -7]}
							}
						},
						{
							"origin": [-0.935, 3.1397, -6.22311],
							"size": [1.87, 0.63251, 5.7],
							"pivot": [0.09401, 3.77575, 6.59562],
							"rotation": [-2.5, 0, 0],
							"uv": {
								"north": {"uv": [2, 33], "uv_size": [2, 0.5]},
								"east": {"uv": [26, 23], "uv_size": [5.5, 0.5]},
								"south": {"uv": [33, 2], "uv_size": [2, 0.5]},
								"west": {"uv": [27, 13], "uv_size": [5.5, 0.5]},
								"up": {"uv": [2, 13], "uv_size": [2, 5.5]},
								"down": {"uv": [8, 18.5], "uv_size": [2, -5.5]}
							}
						},
						{
							"origin": [-0.935, 3.13346, -1.34311],
							"size": [1.87, 0.91733, 2.27651],
							"pivot": [0.14338, 6.178, 0.26466],
							"rotation": [-22.5, 0, 0],
							"uv": {
								"north": {"uv": [16, 30], "uv_size": [2, 1]},
								"east": {"uv": [15, 28], "uv_size": [2.5, 1]},
								"south": {"uv": [20, 30], "uv_size": [2, 1]},
								"west": {"uv": [20, 28], "uv_size": [2.5, 1]},
								"up": {"uv": [23, 13], "uv_size": [2, 2.5]},
								"down": {"uv": [23, 18.5], "uv_size": [2, -2.5]}
							}
						},
						{
							"origin": [-0.67938, 5.48374, -6.27311],
							"size": [0.66763, 0.73777, 5.5],
							"pivot": [-0.82769, 5.91232, -2.21445],
							"rotation": [0, 0, -45],
							"uv": {
								"north": {"uv": [35, 11], "uv_size": [0.5, 0.5]},
								"east": {"uv": [27, 14], "uv_size": [5.5, 0.5]},
								"south": {"uv": [12, 35], "uv_size": [0.5, 0.5]},
								"west": {"uv": [27, 15], "uv_size": [5.5, 0.5]},
								"up": {"uv": [13, 27], "uv_size": [0.5, 5.5]},
								"down": {"uv": [27, 29.5], "uv_size": [0.5, -5.5]}
							}
						},
						{
							"origin": [0.01176, 5.48374, -6.27311],
							"size": [0.66763, 0.73777, 5.5],
							"pivot": [0.82769, 5.91232, -2.21445],
							"rotation": [0, 0, 45],
							"uv": {
								"north": {"uv": [35, 12], "uv_size": [0.5, 0.5]},
								"east": {"uv": [28, 7], "uv_size": [5.5, 0.5]},
								"south": {"uv": [13, 35], "uv_size": [0.5, 0.5]},
								"west": {"uv": [28, 8], "uv_size": [5.5, 0.5]},
								"up": {"uv": [4, 28], "uv_size": [0.5, 5.5]},
								"down": {"uv": [5, 33.5], "uv_size": [0.5, -5.5]}
							}
						},
						{
							"origin": [-0.94145, 3.39341, -0.02311],
							"size": [1.8829, 0.24629, 0.5],
							"uv": {
								"north": {"uv": [33, 3], "uv_size": [2, 0.5]},
								"east": {"uv": [35, 13], "uv_size": [0.5, 0.5]},
								"south": {"uv": [33, 4], "uv_size": [2, 0.5]},
								"west": {"uv": [14, 35], "uv_size": [0.5, 0.5]},
								"up": {"uv": [6, 33], "uv_size": [2, 0.5]},
								"down": {"uv": [8, 33.5], "uv_size": [2, -0.5]}
							}
						},
						{
							"origin": [-0.935, 3.1093, -0.28261],
							"size": [1.87, 0.94149, 0.47538],
							"uv": {
								"north": {"uv": [22, 30], "uv_size": [2, 1]},
								"east": {"uv": [23, 34], "uv_size": [0.5, 1]},
								"south": {"uv": [24, 30], "uv_size": [2, 1]},
								"west": {"uv": [24, 34], "uv_size": [0.5, 1]},
								"up": {"uv": [33, 9], "uv_size": [2, 0.5]},
								"down": {"uv": [33, 10.5], "uv_size": [2, -0.5]}
							}
						},
						{
							"origin": [-0.935, 2.59719, -2.1381],
							"size": [1.87, 0.94245, 0.4018],
							"pivot": [0.14338, 5.66686, -1.59083],
							"rotation": [45, 0, 0],
							"uv": {
								"north": {"uv": [30, 24], "uv_size": [2, 1]},
								"east": {"uv": [25, 34], "uv_size": [0.5, 1]},
								"south": {"uv": [30, 25], "uv_size": [2, 1]},
								"west": {"uv": [26, 34], "uv_size": [0.5, 1]},
								"up": {"uv": [33, 11], "uv_size": [2, 0.5]},
								"down": {"uv": [12, 33.5], "uv_size": [2, -0.5]}
							}
						}
					]
				},
				{
					"name": "stock",
					"parent": "base",
					"pivot": [0, 0.5, -21],
					"cubes": [
						{
							"origin": [-0.435, 4.60109, 11.63727],
							"size": [0.87, 0.61, 8.71],
							"uv": {
								"east": {"uv": [24, 3], "uv_size": [8.5, 0.5]},
								"west": {"uv": [24, 4], "uv_size": [8.5, 0.5]},
								"up": {"uv": [14, 20], "uv_size": [1, 8.5]},
								"down": {"uv": [20, 22.5], "uv_size": [1, -8.5]}
							}
						},
						{
							"origin": [-0.435, 4.1, 11.11],
							"size": [0.87, 0.61, 9.26],
							"pivot": [0, 2.71, 12.11],
							"rotation": [-20, 0, 0],
							"uv": {
								"east": {"uv": [23, 19], "uv_size": [9.5, 0.5]},
								"west": {"uv": [23, 20], "uv_size": [9.5, 0.5]},
								"up": {"uv": [12, 17], "uv_size": [1, 9.5]},
								"down": {"uv": [13, 26.5], "uv_size": [1, -9.5]}
							}
						},
						{
							"origin": [-0.435, 1.19109, 20.34727],
							"size": [0.87, 4.02, 0.61],
							"uv": {
								"north": {"uv": [8, 24], "uv_size": [1, 4]},
								"east": {"uv": [6, 29], "uv_size": [0.5, 4]},
								"south": {"uv": [9, 24], "uv_size": [1, 4]},
								"west": {"uv": [11, 30], "uv_size": [0.5, 4]},
								"up": {"uv": [34, 26], "uv_size": [1, 0.5]},
								"down": {"uv": [27, 34.5], "uv_size": [1, -0.5]}
							}
						}
					]
				}
			]
		}
	]
}