{
	"format_version": "1.12.0",
	"minecraft:geometry": [
		{
			"description": {
				"identifier": "geometry.hk416d - Converted",
				"texture_width": 64,
				"texture_height": 64,
				"visible_bounds_width": 4,
				"visible_bounds_height": 2.5,
				"visible_bounds_offset": [0, 0.75, 0]
			},
			"bones": [
				{
					"name": "lod",
					"pivot": [-0.00041, 7.56692, 4.77724],
					"cubes": [
						{
							"origin": [-1.0625, 9.26089, -14.81202],
							"size": [2.125, 0.75, 14.6875],
							"uv": {
								"north": {"uv": [37, 12], "uv_size": [2, 1]},
								"east": {"uv": [22, 14], "uv_size": [14.5, 1]},
								"south": {"uv": [38, 13], "uv_size": [2, 1]},
								"west": {"uv": [22, 15], "uv_size": [14.5, 1]},
								"up": {"uv": [0, 6], "uv_size": [2, 14.5]},
								"down": {"uv": [2, 20.5], "uv_size": [2, -14.5]}
							}
						},
						{
							"origin": [-1.0625, 9.44839, -14.81202],
							"size": [2.125, 0.375, 14.1875],
							"inflate": 0.001,
							"uv": {
								"north": {"uv": [40, 10], "uv_size": [2, 0.5]},
								"east": {"uv": [29, 26], "uv_size": [14, 0.5]},
								"south": {"uv": [40, 11], "uv_size": [2, 0.5]},
								"west": {"uv": [29, 27], "uv_size": [14, 0.5]}
							}
						},
						{
							"origin": [-0.375, 8.69839, -14.81202],
							"size": [1.375, 1.375, 14.6875],
							"pivot": [0, 9.69839, -5.46827],
							"rotation": [0, 0, 45],
							"uv": {
								"north": {"uv": [10, 37], "uv_size": [1.5, 1.5]},
								"south": {"uv": [37, 14], "uv_size": [1.5, 1.5]},
								"west": {"uv": [12, 8], "uv_size": [14.5, 1.5]},
								"down": {"uv": [14, 24.5], "uv_size": [1.5, -14.5]}
							}
						},
						{
							"origin": [-0.375, 9.44839, -14.81202],
							"size": [1.375, 1.375, 14.6875],
							"pivot": [0, 10.44839, -5.46827],
							"rotation": [0, 0, 45],
							"uv": {
								"north": {"uv": [37, 16], "uv_size": [1.5, 1.5]},
								"east": {"uv": [16, 10], "uv_size": [14.5, 1.5]},
								"south": {"uv": [20, 37], "uv_size": [1.5, 1.5]},
								"up": {"uv": [16, 14], "uv_size": [1.5, 14.5]}
							}
						},
						{
							"origin": [-0.25, 9.32339, -16.37452],
							"size": [0.6875, 0.6875, 5.5],
							"pivot": [0, 9.76089, -13.46827],
							"rotation": [0, 0, 45],
							"uv": {
								"north": {"uv": [25, 42], "uv_size": [0.5, 0.5]},
								"east": {"uv": [36, 9], "uv_size": [5.5, 0.5]},
								"south": {"uv": [42, 25], "uv_size": [0.5, 0.5]},
								"west": {"uv": [36, 30], "uv_size": [5.5, 0.5]},
								"up": {"uv": [32, 36], "uv_size": [0.5, 5.5]},
								"down": {"uv": [33, 41.5], "uv_size": [0.5, -5.5]}
							}
						},
						{
							"origin": [-0.4375, 10.88589, -14.87452],
							"size": [0.875, 0.3125, 22.625],
							"uv": {
								"north": {"uv": [41, 40], "uv_size": [1, 0.5]},
								"east": {"uv": [22, 20], "uv_size": [22.5, 0.5]},
								"south": {"uv": [41, 41], "uv_size": [1, 0.5]},
								"west": {"uv": [22, 21], "uv_size": [22.5, 0.5]},
								"up": {"uv": [10, 6], "uv_size": [1, 22.5]}
							}
						},
						{
							"origin": [-1.3125, 10.63589, 8.18798],
							"size": [2.6875, 0.375, 0.75],
							"uv": {
								"north": {"uv": [40, 6], "uv_size": [2.5, 0.5]},
								"east": {"uv": [42, 0], "uv_size": [1, 0.5]},
								"south": {"uv": [40, 7], "uv_size": [2.5, 0.5]},
								"west": {"uv": [42, 1], "uv_size": [1, 0.5]},
								"up": {"uv": [36, 31], "uv_size": [2.5, 1]},
								"down": {"uv": [36, 33], "uv_size": [2.5, -1]}
							}
						},
						{
							"origin": [-0.4375, 8.01089, -14.90452],
							"size": [0.875, 0.375, 14.905],
							"uv": {
								"north": {"uv": [2, 42], "uv_size": [1, 0.5]},
								"east": {"uv": [24, 28], "uv_size": [15, 0.5]},
								"south": {"uv": [42, 2], "uv_size": [1, 0.5]},
								"west": {"uv": [24, 29], "uv_size": [15, 0.5]},
								"down": {"uv": [5, 35], "uv_size": [1, -15]}
							}
						},
						{
							"origin": [-0.4375, 8.32339, -14.87452],
							"size": [0.875, 2.5625, 23.0625],
							"uv": {
								"north": {"uv": [34, 36], "uv_size": [1, 2.5]},
								"east": {"uv": [0, 0], "uv_size": [23, 2.5]},
								"south": {"uv": [9, 37], "uv_size": [1, 2.5]},
								"west": {"uv": [0, 3], "uv_size": [23, 2.5]},
								"up": {"uv": [8, 6], "uv_size": [1, 23]},
								"down": {"uv": [9, 29], "uv_size": [1, -23]}
							}
						}
					]
				},
				{
					"name": "bone",
					"parent": "lod",
					"pivot": [0, 3.14724, 1.55324],
					"cubes": [
						{
							"origin": [-0.5, 3.88589, 0.37548],
							"size": [1, 2, 2.9375],
							"pivot": [0, 4.88589, 1.87548],
							"rotation": [-6, 0, 0],
							"uv": {
								"north": {"uv": [28, 32], "uv_size": [1, 2]},
								"east": {"uv": [30, 8], "uv_size": [3, 2]},
								"south": {"uv": [33, 4], "uv_size": [1, 2]},
								"west": {"uv": [26, 30], "uv_size": [3, 2]}
							}
						},
						{
							"origin": [-0.5, 0.83474, 0.05324],
							"size": [1, 3.3125, 2.9375],
							"inflate": 0.0005,
							"pivot": [0, 3.14724, 1.55324],
							"rotation": [-15, 0, 0],
							"uv": {
								"north": {"uv": [7, 35], "uv_size": [1, 3.5]},
								"east": {"uv": [22, 22], "uv_size": [3, 3.5]},
								"south": {"uv": [18, 35], "uv_size": [1, 3.5]},
								"west": {"uv": [23, 0], "uv_size": [3, 3.5]},
								"down": {"uv": [35, 33], "uv_size": [1, -3]}
							}
						}
					]
				},
				{
					"name": "positioning_attachment",
					"parent": "lod",
					"pivot": [0, 7, 6.575]
				},
				{
					"name": "muzzle_flash",
					"parent": "positioning_attachment",
					"pivot": [0, 9.6, -19.375]
				},
				{
					"name": "muzzle_pos",
					"parent": "positioning_attachment",
					"pivot": [0, 9.625, -16.375]
				},
				{
					"name": "laser_pos",
					"parent": "positioning_attachment",
					"pivot": [0.3745, 11.125, -11.625]
				},
				{
					"name": "scope_pos",
					"parent": "positioning_attachment",
					"pivot": [0, 11.3725, 3.95]
				},
				{
					"name": "grip_pos",
					"parent": "positioning_attachment",
					"pivot": [0, 8.00625, -5.05]
				},
				{
					"name": "shell",
					"parent": "positioning_attachment",
					"pivot": [-0.2, 9.75, 2.2]
				},
				{
					"name": "fixed",
					"parent": "lod",
					"pivot": [0.875, 9.625, 5.1],
					"rotation": [0, 90, 0]
				},
				{
					"name": "ground",
					"parent": "lod",
					"pivot": [0, -0.9, 4.65]
				},
				{
					"name": "thirdperson_hand",
					"parent": "lod",
					"pivot": [0, 7.025, 6.65]
				},
				{
					"name": "trigger",
					"parent": "lod",
					"pivot": [0, 0, 0],
					"cubes": [
						{
							"origin": [0, 5.76089, 3.93798],
							"size": [0, 1.3125, 2.75],
							"uv": {
								"north": {"uv": [0, 0], "uv_size": [0, 1.5]},
								"east": {"uv": [30, 34], "uv_size": [2.5, 1.5]},
								"south": {"uv": [0, 0], "uv_size": [0, 1.5]},
								"west": {"uv": [35, 2], "uv_size": [2.5, 1.5]},
								"up": {"uv": [0, 0], "uv_size": [0, 2.5]},
								"down": {"uv": [0, 2.5], "uv_size": [0, -2.5]}
							}
						}
					]
				},
				{
					"name": "grip",
					"parent": "lod",
					"pivot": [0, 2.44393, 8.75627],
					"cubes": [
						{
							"origin": [-0.75, 6.70496, 8.69564],
							"size": [1.5, 1.9375, 0.875],
							"inflate": 0.001,
							"pivot": [0, 8.29871, 8.35189],
							"rotation": [-35, 0, 0],
							"uv": {
								"north": {"uv": [35, 16], "uv_size": [1.5, 2]},
								"east": {"uv": [14, 38], "uv_size": [1, 2]},
								"south": {"uv": [35, 22], "uv_size": [1.5, 2]},
								"west": {"uv": [15, 38], "uv_size": [1, 2]},
								"up": {"uv": [16, 39], "uv_size": [1.5, 1]},
								"down": {"uv": [39, 17], "uv_size": [1.5, -1]}
							}
						},
						{
							"origin": [-0.75, 5.57339, 6.75048],
							"size": [1.5, 1.4375, 2.1875],
							"uv": {
								"north": {"uv": [37, 22], "uv_size": [1.5, 1.5]},
								"east": {"uv": [35, 33], "uv_size": [2, 1.5]},
								"south": {"uv": [28, 37], "uv_size": [1.5, 1.5]},
								"west": {"uv": [35, 35], "uv_size": [2, 1.5]},
								"up": {"uv": [0, 36], "uv_size": [1.5, 2]},
								"down": {"uv": [36, 2], "uv_size": [1.5, -2]}
							}
						},
						{
							"origin": [-0.75, 2.51089, 6.56582],
							"size": [1.5, 3.57165, 2.30966],
							"inflate": 0.001,
							"pivot": [0, 6.29214, 7.68798],
							"rotation": [22.5, 0, 0],
							"uv": {
								"north": {"uv": [18, 31], "uv_size": [1.5, 3.5]},
								"east": {"uv": [27, 6], "uv_size": [2.5, 3.5]},
								"south": {"uv": [31, 30], "uv_size": [1.5, 3.5]},
								"west": {"uv": [28, 16], "uv_size": [2.5, 3.5]},
								"up": {"uv": [5, 35], "uv_size": [1.5, 2.5]},
								"down": {"uv": [35, 12.5], "uv_size": [1.5, -2.5]}
							}
						},
						{
							"origin": [-0.75, 1.93194, 7.65196],
							"size": [1.5, 1.02397, 2.70862],
							"pivot": [0, 2.44393, 8.75627],
							"rotation": [11, 0, 0],
							"uv": {
								"north": {"uv": [39, 17], "uv_size": [1.5, 1]},
								"east": {"uv": [37, 10], "uv_size": [2.5, 1]},
								"south": {"uv": [20, 39], "uv_size": [1.5, 1]},
								"west": {"uv": [37, 11], "uv_size": [2.5, 1]},
								"up": {"uv": [12, 35], "uv_size": [1.5, 2.5]},
								"down": {"uv": [16, 37.5], "uv_size": [1.5, -2.5]}
							}
						}
					]
				},
				{
					"name": "buffer",
					"parent": "lod",
					"pivot": [0, 0, 0],
					"cubes": [
						{
							"origin": [-0.66594, 9.31738, 9.62548],
							"size": [1.35225, 0.57452, 2.75],
							"pivot": [0.00509, 9.59235, 11.00048],
							"rotation": [0, 0, -45],
							"uv": {
								"north": {"uv": [41, 14], "uv_size": [1.5, 0.5]},
								"east": {"uv": [39, 22], "uv_size": [3, 0.5]},
								"south": {"uv": [15, 41], "uv_size": [1.5, 0.5]},
								"west": {"uv": [39, 23], "uv_size": [3, 0.5]},
								"up": {"uv": [8, 33], "uv_size": [1.5, 3]},
								"down": {"uv": [10, 36], "uv_size": [1.5, -3]}
							}
						},
						{
							"origin": [-0.67613, 9.31738, 9.62548],
							"size": [1.35225, 0.57452, 2.75],
							"pivot": [0, 9.60464, 11.00048],
							"rotation": [0, 0, -135],
							"uv": {
								"north": {"uv": [41, 15], "uv_size": [1.5, 0.5]},
								"east": {"uv": [28, 39], "uv_size": [3, 0.5]},
								"south": {"uv": [41, 16], "uv_size": [1.5, 0.5]},
								"west": {"uv": [39, 28], "uv_size": [3, 0.5]},
								"up": {"uv": [22, 33], "uv_size": [1.5, 3]},
								"down": {"uv": [33, 33], "uv_size": [1.5, -3]}
							}
						},
						{
							"origin": [-0.68122, 9.32968, 9.62548],
							"size": [1.36244, 0.54994, 2.75],
							"uv": {
								"north": {"uv": [41, 17], "uv_size": [1.5, 0.5]},
								"east": {"uv": [39, 29], "uv_size": [3, 0.5]},
								"south": {"uv": [41, 18], "uv_size": [1.5, 0.5]},
								"west": {"uv": [39, 31], "uv_size": [3, 0.5]},
								"up": {"uv": [33, 33], "uv_size": [1.5, 3]},
								"down": {"uv": [34, 7], "uv_size": [1.5, -3]}
							}
						},
						{
							"origin": [-0.27497, 8.92343, 9.62548],
							"size": [0.54994, 1.36244, 2.75],
							"uv": {
								"north": {"uv": [17, 41], "uv_size": [0.5, 1.5]},
								"east": {"uv": [33, 0], "uv_size": [3, 1.5]},
								"south": {"uv": [21, 41], "uv_size": [0.5, 1.5]},
								"west": {"uv": [33, 8], "uv_size": [3, 1.5]},
								"up": {"uv": [18, 39], "uv_size": [0.5, 3]},
								"down": {"uv": [22, 42], "uv_size": [0.5, -3]}
							}
						}
					]
				},
				{
					"name": "ld_stock",
					"parent": "lod",
					"pivot": [0, 7.35599, 17.11305],
					"cubes": [
						{
							"origin": [-0.74475, 8.44114, 12.21122],
							"size": [1.45928, 1.45928, 6.74534],
							"pivot": [-0.46134, 9.37698, 7.78257],
							"rotation": [0, 0, -45],
							"uv": {
								"north": {"uv": [37, 33], "uv_size": [1.5, 1.5]},
								"east": {"uv": [25, 24], "uv_size": [6.5, 1.5]},
								"south": {"uv": [35, 37], "uv_size": [1.5, 1.5]},
								"west": {"uv": [26, 0], "uv_size": [6.5, 1.5]},
								"up": {"uv": [14, 25], "uv_size": [1.5, 6.5]},
								"down": {"uv": [22, 32.5], "uv_size": [1.5, -6.5]}
							}
						},
						{
							"origin": [-0.3213, 6.87772, 14.27205],
							"size": [0.6426, 2.38497, 0.6426],
							"pivot": [0, 7.77691, 14.59335],
							"rotation": [0, 45, 0],
							"uv": {
								"north": {"uv": [6, 40], "uv_size": [0.5, 2.5]},
								"east": {"uv": [9, 40], "uv_size": [0.5, 2.5]},
								"south": {"uv": [12, 40], "uv_size": [0.5, 2.5]},
								"west": {"uv": [13, 40], "uv_size": [0.5, 2.5]},
								"up": {"uv": [26, 42], "uv_size": [0.5, 0.5]},
								"down": {"uv": [27, 42.5], "uv_size": [0.5, -0.5]}
							}
						},
						{
							"origin": [-0.08842, 7.42751, 13.26223],
							"size": [0.17683, 1.98308, 5.77884],
							"uv": {
								"north": {"uv": [40, 13], "uv_size": [0.5, 2]},
								"east": {"uv": [22, 16], "uv_size": [6, 2]},
								"south": {"uv": [14, 40], "uv_size": [0.5, 2]},
								"west": {"uv": [22, 18], "uv_size": [6, 2]},
								"up": {"uv": [2, 36], "uv_size": [0.5, 6]},
								"down": {"uv": [3, 42], "uv_size": [0.5, -6]}
							}
						},
						{
							"origin": [-0.57717, 7.16866, 13.68616],
							"size": [1.15433, 0.81433, 2.10259],
							"uv": {
								"north": {"uv": [15, 40], "uv_size": [1, 1]},
								"east": {"uv": [16, 38], "uv_size": [2, 1]},
								"south": {"uv": [40, 15], "uv_size": [1, 1]},
								"west": {"uv": [22, 38], "uv_size": [2, 1]},
								"up": {"uv": [19, 38], "uv_size": [1, 2]},
								"down": {"uv": [24, 40], "uv_size": [1, -2]}
							}
						},
						{
							"origin": [-0.57732, 5.75254, 15.23445],
							"size": [1.15463, 0.81463, 2.01789],
							"inflate": -0.001,
							"pivot": [0, 6.6061, 17.2209],
							"rotation": [-45, 0, 0],
							"uv": {
								"north": {"uv": [16, 40], "uv_size": [1, 1]},
								"east": {"uv": [25, 38], "uv_size": [2, 1]},
								"south": {"uv": [17, 40], "uv_size": [1, 1]},
								"west": {"uv": [30, 38], "uv_size": [2, 1]},
								"up": {"uv": [27, 38], "uv_size": [1, 2]},
								"down": {"uv": [4, 41], "uv_size": [1, -2]}
							}
						},
						{
							"origin": [-0.32217, 6.27518, 15.8908],
							"size": [0.64433, 0.94183, 2.95259],
							"pivot": [0, 7.0436, 16.9421],
							"rotation": [-22.5, 0, 0],
							"uv": {
								"north": {"uv": [3, 42], "uv_size": [0.5, 1]},
								"east": {"uv": [35, 13], "uv_size": [3, 1]},
								"south": {"uv": [42, 3], "uv_size": [0.5, 1]},
								"west": {"uv": [36, 4], "uv_size": [3, 1]},
								"up": {"uv": [23, 39], "uv_size": [0.5, 3]},
								"down": {"uv": [25, 42], "uv_size": [0.5, -3]}
							}
						},
						{
							"origin": [-0.72592, 5.41189, 18.58789],
							"size": [1.45183, 3.87433, 0.48759],
							"pivot": [0, 7.75281, 18.92731],
							"rotation": [-9, 0, 0],
							"uv": {
								"north": {"uv": [29, 30], "uv_size": [1.5, 4]},
								"east": {"uv": [39, 4], "uv_size": [0.5, 4]},
								"south": {"uv": [0, 31], "uv_size": [1.5, 4]},
								"west": {"uv": [7, 39], "uv_size": [0.5, 4]},
								"up": {"uv": [41, 19], "uv_size": [1.5, 0.5]},
								"down": {"uv": [27, 41.5], "uv_size": [1.5, -0.5]}
							}
						},
						{
							"origin": [-0.72964, 8.81706, 18.95809],
							"size": [1.45928, 1.45928, 0.36105],
							"pivot": [0, 9.5467, 20.99733],
							"rotation": [0, 0, -45],
							"uv": {
								"north": {"uv": [37, 35], "uv_size": [1.5, 1.5]},
								"east": {"uv": [24, 41], "uv_size": [0.5, 1.5]},
								"south": {"uv": [37, 37], "uv_size": [1.5, 1.5]},
								"west": {"uv": [29, 41], "uv_size": [0.5, 1.5]},
								"up": {"uv": [34, 41], "uv_size": [1.5, 0.5]},
								"down": {"uv": [41, 34.5], "uv_size": [1.5, -0.5]}
							}
						},
						{
							"origin": [-0.32217, 7.40805, 13.27585],
							"size": [0.64433, 0.19808, 2.76134],
							"uv": {
								"north": {"uv": [28, 42], "uv_size": [0.5, 0.5]},
								"east": {"uv": [39, 32], "uv_size": [3, 0.5]},
								"south": {"uv": [42, 28], "uv_size": [0.5, 0.5]},
								"west": {"uv": [39, 33], "uv_size": [3, 0.5]},
								"up": {"uv": [26, 39], "uv_size": [0.5, 3]},
								"down": {"uv": [31, 42], "uv_size": [0.5, -3]}
							}
						},
						{
							"origin": [-0.08857, 6.98055, 14.9991],
							"size": [0.17713, 1.79213, 4.31289],
							"inflate": -0.001,
							"pivot": [0, 7.35599, 17.11305],
							"rotation": [-45, 0, 0],
							"uv": {
								"north": {"uv": [19, 40], "uv_size": [0.5, 2]},
								"east": {"uv": [26, 2], "uv_size": [4.5, 2]},
								"south": {"uv": [20, 40], "uv_size": [0.5, 2]},
								"west": {"uv": [24, 26], "uv_size": [4.5, 2]},
								"up": {"uv": [0, 38], "uv_size": [0.5, 4.5]},
								"down": {"uv": [1, 42.5], "uv_size": [0.5, -4.5]}
							}
						}
					]
				},
				{
					"name": "muzzle_default",
					"parent": "lod",
					"pivot": [0, 9.76089, -18.46827],
					"cubes": [
						{
							"origin": [-0.375, 9.19839, -19.37452],
							"size": [0.9375, 0.9375, 3],
							"pivot": [0, 9.76089, -18.46827],
							"rotation": [0, 0, 45],
							"uv": {
								"north": {"uv": [21, 40], "uv_size": [1, 1]},
								"east": {"uv": [36, 5], "uv_size": [3, 1]},
								"south": {"uv": [24, 40], "uv_size": [1, 1]},
								"west": {"uv": [36, 6], "uv_size": [3, 1]},
								"up": {"uv": [4, 36], "uv_size": [1, 3]},
								"down": {"uv": [8, 39], "uv_size": [1, -3]}
							}
						}
					]
				},
				{
					"name": "416d",
					"parent": "lod",
					"pivot": [-1.03134, 8.68549, 2.37099],
					"cubes": [
						{
							"origin": [-0.54982, 9.20397, -0.56202],
							"size": [1.15835, 1.13975, 10.18702],
							"pivot": [-0.20397, 9.82897, 6.3125],
							"rotation": [0, 0, -45],
							"uv": {
								"north": {"uv": [27, 40], "uv_size": [1, 1]},
								"east": {"uv": [23, 4], "uv_size": [10, 1]},
								"south": {"uv": [28, 40], "uv_size": [1, 1]},
								"west": {"uv": [23, 5], "uv_size": [10, 1]},
								"up": {"uv": [20, 24], "uv_size": [1, 10]},
								"down": {"uv": [21, 34], "uv_size": [1, -10]}
							}
						},
						{
							"origin": [-0.54051, 8.50331, -0.12452],
							"size": [1.14905, 1.14905, 9.75],
							"pivot": [-0.20397, 9.12831, 6.56298],
							"rotation": [0, 0, -45],
							"uv": {
								"north": {"uv": [29, 40], "uv_size": [1, 1]},
								"east": {"uv": [25, 22], "uv_size": [10, 1]},
								"south": {"uv": [30, 40], "uv_size": [1, 1]},
								"west": {"uv": [25, 23], "uv_size": [10, 1]},
								"up": {"uv": [12, 25], "uv_size": [1, 10]},
								"down": {"uv": [13, 35], "uv_size": [1, -10]}
							}
						},
						{
							"origin": [-0.8125, 9.26089, -0.12452],
							"size": [1.625, 0.6875, 9.75],
							"uv": {
								"north": {"uv": [41, 35], "uv_size": [1.5, 0.5]},
								"east": {"uv": [31, 18], "uv_size": [10, 0.5]},
								"south": {"uv": [36, 41], "uv_size": [1.5, 0.5]},
								"west": {"uv": [31, 19], "uv_size": [10, 0.5]},
								"up": {"uv": [6, 20], "uv_size": [1.5, 10]},
								"down": {"uv": [20, 24], "uv_size": [1.5, -10]}
							}
						},
						{
							"origin": [0.9375, 9.26089, 5.06298],
							"size": [1.625, 1.0625, 1.5625],
							"pivot": [1.75, 9.60464, 1.75048],
							"rotation": [0, -30, 0],
							"uv": {
								"north": {"uv": [34, 39], "uv_size": [1.5, 1]},
								"east": {"uv": [39, 34], "uv_size": [1.5, 1]},
								"south": {"uv": [39, 35], "uv_size": [1.5, 1]},
								"west": {"uv": [36, 39], "uv_size": [1.5, 1]},
								"up": {"uv": [38, 0], "uv_size": [1.5, 1.5]},
								"down": {"uv": [38, 3.5], "uv_size": [1.5, -1.5]}
							}
						},
						{
							"origin": [-1.41498, 9.25, 5.39021],
							"size": [1.4375, 0.75, 3],
							"pivot": [-0.78998, 9.46875, 7.60896],
							"rotation": [0, -22.5, 0],
							"uv": {
								"north": {"uv": [39, 36], "uv_size": [1.5, 1]},
								"east": {"uv": [36, 8], "uv_size": [3, 1]},
								"south": {"uv": [39, 37], "uv_size": [1.5, 1]},
								"west": {"uv": [9, 36], "uv_size": [3, 1]},
								"up": {"uv": [20, 34], "uv_size": [1.5, 3]},
								"down": {"uv": [28, 37], "uv_size": [1.5, -3]}
							}
						},
						{
							"origin": [-0.9375, 5.38589, 0.50048],
							"size": [1.875, 0.3125, 3.75],
							"pivot": [0, 9.38589, 6.50048],
							"rotation": [-5, 0, 0],
							"uv": {
								"north": {"uv": [34, 40], "uv_size": [2, 0.5]},
								"east": {"uv": [39, 8], "uv_size": [3.5, 0.5]},
								"south": {"uv": [36, 40], "uv_size": [2, 0.5]},
								"west": {"uv": [39, 12], "uv_size": [3.5, 0.5]},
								"up": {"uv": [8, 29], "uv_size": [2, 3.5]},
								"down": {"uv": [10, 32.5], "uv_size": [2, -3.5]}
							}
						},
						{
							"origin": [-0.6875, 5.94839, 0.43798],
							"size": [1.375, 2.0625, 3.4375],
							"uv": {
								"north": {"uv": [14, 36], "uv_size": [1.5, 2]},
								"east": {"uv": [16, 29], "uv_size": [3.5, 2]},
								"south": {"uv": [22, 36], "uv_size": [1.5, 2]},
								"west": {"uv": [30, 6], "uv_size": [3.5, 2]},
								"up": {"uv": [14, 32], "uv_size": [1.5, 3.5]},
								"down": {"uv": [26, 35.5], "uv_size": [1.5, -3.5]}
							}
						},
						{
							"origin": [-0.6875, 7.01089, 3.87548],
							"size": [1.375, 1, 4.5],
							"uv": {
								"north": {"uv": [38, 39], "uv_size": [1.5, 1]},
								"east": {"uv": [34, 7], "uv_size": [4.5, 1]},
								"south": {"uv": [39, 38], "uv_size": [1.5, 1]},
								"west": {"uv": [0, 35], "uv_size": [4.5, 1]},
								"up": {"uv": [6, 30], "uv_size": [1.5, 4.5]},
								"down": {"uv": [24, 34.5], "uv_size": [1.5, -4.5]}
							}
						},
						{
							"origin": [-0.6875, 8.01089, -0.12452],
							"size": [1.375, 0.6875, 9.6875],
							"uv": {
								"north": {"uv": [41, 36], "uv_size": [1.5, 0.5]},
								"east": {"uv": [32, 24], "uv_size": [9.5, 0.5]},
								"south": {"uv": [41, 37], "uv_size": [1.5, 0.5]},
								"west": {"uv": [32, 25], "uv_size": [9.5, 0.5]},
								"up": {"uv": [0, 21], "uv_size": [1.5, 9.5]},
								"down": {"uv": [2, 30.5], "uv_size": [1.5, -9.5]}
							}
						},
						{
							"origin": [-0.43791, 9.12942, 0.46474],
							"size": [1.4375, 1.4375, 3.8125],
							"pivot": [-0.00041, 10.56692, 4.77724],
							"rotation": [0, 0, 22.5],
							"uv": {
								"north": {"uv": [5, 38], "uv_size": [1.5, 1.5]},
								"east": {"uv": [31, 2], "uv_size": [4, 1.5]},
								"south": {"uv": [12, 38], "uv_size": [1.5, 1.5]},
								"west": {"uv": [31, 10], "uv_size": [4, 1.5]},
								"up": {"uv": [2, 31], "uv_size": [1.5, 4]},
								"down": {"uv": [16, 35], "uv_size": [1.5, -4]}
							}
						},
						{
							"origin": [-1.12509, 7.96674, 0.46474],
							"size": [0.1875, 1.4375, 3.8125],
							"pivot": [-1.03134, 8.68549, 2.37099],
							"rotation": [0, 0, 13.5],
							"uv": {
								"north": {"uv": [30, 41], "uv_size": [0.5, 1.5]},
								"east": {"uv": [31, 12], "uv_size": [4, 1.5]},
								"south": {"uv": [38, 41], "uv_size": [0.5, 1.5]},
								"west": {"uv": [31, 16], "uv_size": [4, 1.5]},
								"up": {"uv": [8, 39], "uv_size": [0.5, 4]},
								"down": {"uv": [10, 43], "uv_size": [0.5, -4]}
							}
						}
					]
				},
				{
					"name": "sight",
					"parent": "lod",
					"pivot": [-0.00041, 21.56692, 4.77724],
					"cubes": [
						{
							"origin": [-0.62541, 11.06692, 5.27724],
							"size": [1.25, 0.5625, 2],
							"uv": {
								"north": {"uv": [41, 38], "uv_size": [1.5, 0.5]},
								"east": {"uv": [38, 40], "uv_size": [2, 0.5]},
								"south": {"uv": [39, 41], "uv_size": [1.5, 0.5]},
								"west": {"uv": [40, 39], "uv_size": [2, 0.5]},
								"up": {"uv": [26, 36], "uv_size": [1.5, 2]},
								"down": {"uv": [30, 38], "uv_size": [1.5, -2]}
							}
						},
						{
							"origin": [-0.50041, 11.06692, 6.46474],
							"size": [1, 1.4375, 0.8125],
							"inflate": 0.002,
							"uv": {
								"north": {"uv": [40, 0], "uv_size": [1, 1.5]},
								"east": {"uv": [40, 2], "uv_size": [1, 1.5]},
								"south": {"uv": [40, 4], "uv_size": [1, 1.5]},
								"west": {"uv": [5, 40], "uv_size": [1, 1.5]},
								"up": {"uv": [40, 40], "uv_size": [1, 1]},
								"down": {"uv": [41, 1], "uv_size": [1, -1]}
							}
						},
						{
							"origin": [-0.49085, 12.19192, -13.91026],
							"size": [0.875, 0.875, 0.625],
							"pivot": [-0.0221, 12.56692, -13.44151],
							"rotation": [0, 0, 45],
							"uv": {
								"north": {"uv": [41, 1], "uv_size": [1, 1]},
								"east": {"uv": [4, 42], "uv_size": [0.5, 1]},
								"south": {"uv": [41, 2], "uv_size": [1, 1]},
								"west": {"uv": [5, 42], "uv_size": [0.5, 1]},
								"up": {"uv": [42, 9], "uv_size": [1, 0.5]},
								"down": {"uv": [42, 10.5], "uv_size": [1, -0.5]}
							}
						},
						{
							"origin": [-0.3125, 11.50821, -13.91026],
							"size": [0.625, 1, 0.625],
							"uv": {
								"north": {"uv": [11, 42], "uv_size": [0.5, 1]},
								"east": {"uv": [42, 11], "uv_size": [0.5, 1]},
								"south": {"uv": [42, 13], "uv_size": [0.5, 1]},
								"west": {"uv": [14, 42], "uv_size": [0.5, 1]},
								"up": {"uv": [42, 29], "uv_size": [0.5, 0.5]},
								"down": {"uv": [42, 30.5], "uv_size": [0.5, -0.5]}
							}
						},
						{
							"origin": [-0.50041, 11.06692, -13.91026],
							"size": [1.0625, 0.375, 0.9375],
							"uv": {
								"north": {"uv": [15, 42], "uv_size": [1, 0.5]},
								"east": {"uv": [16, 42], "uv_size": [1, 0.5]},
								"south": {"uv": [18, 42], "uv_size": [1, 0.5]},
								"west": {"uv": [19, 42], "uv_size": [1, 0.5]},
								"up": {"uv": [41, 3], "uv_size": [1, 1]},
								"down": {"uv": [4, 42], "uv_size": [1, -1]}
							}
						},
						{
							"origin": [-0.50041, 11.37942, 5.58974],
							"size": [1, 0.5625, 1.75],
							"inflate": 0.001,
							"pivot": [-0.00041, 11.22317, 5.99599],
							"rotation": [22.5, 0, 0],
							"uv": {
								"north": {"uv": [20, 42], "uv_size": [1, 0.5]},
								"east": {"uv": [41, 4], "uv_size": [2, 0.5]},
								"south": {"uv": [22, 42], "uv_size": [1, 0.5]},
								"west": {"uv": [41, 5], "uv_size": [2, 0.5]},
								"up": {"uv": [11, 39], "uv_size": [1, 2]},
								"down": {"uv": [39, 16], "uv_size": [1, -2]}
							}
						},
						{
							"origin": [-0.50041, 11.81692, 6.02724],
							"size": [1, 0.5625, 1],
							"pivot": [-0.00041, 11.22317, 5.99599],
							"rotation": [22.5, 0, 0],
							"uv": {
								"north": {"uv": [42, 22], "uv_size": [1, 0.5]},
								"east": {"uv": [23, 42], "uv_size": [1, 0.5]},
								"south": {"uv": [42, 23], "uv_size": [1, 0.5]},
								"west": {"uv": [42, 24], "uv_size": [1, 0.5]},
								"up": {"uv": [11, 41], "uv_size": [1, 1]},
								"down": {"uv": [41, 14], "uv_size": [1, -1]}
							}
						}
					]
				}
			]
		}
	]
}