{
	"format_version": "1.12.0",
	"minecraft:geometry": [
		{
			"description": {
				"identifier": "geometry.hk416d - Converted",
				"texture_width": 64,
				"texture_height": 64,
				"visible_bounds_width": 4,
				"visible_bounds_height": 2.5,
				"visible_bounds_offset": [0, 0.75, 0]
			},
			"bones": [
				{
					"name": "lod",
					"pivot": [-0.00041, 7.56692, 4.77724],
					"cubes": [
						{
							"origin": [-0.5, 3.88589, 0.53048],
							"size": [1, 2, 2.9375],
							"pivot": [0, 4.88589, 2.03048],
							"rotation": [-6, 0, 0],
							"uv": {
								"north": {"uv": [11, 24], "uv_size": [1, 2]},
								"east": {"uv": [23, 20], "uv_size": [3, 2]},
								"south": {"uv": [25, 10], "uv_size": [1, 2]},
								"west": {"uv": [8, 24], "uv_size": [3, 2]},
								"up": {"uv": [30, 10], "uv_size": [1, 3]},
								"down": {"uv": [20, 33], "uv_size": [1, -3]}
							}
						},
						{
							"origin": [-1.0625, 9.26089, -8.86202],
							"size": [2.125, 0.75, 8.7375],
							"uv": {
								"north": {"uv": [33, 6], "uv_size": [2, 1]},
								"east": {"uv": [20, 4], "uv_size": [8.5, 1]},
								"south": {"uv": [32, 33], "uv_size": [2, 1]},
								"west": {"uv": [20, 5], "uv_size": [8.5, 1]},
								"up": {"uv": [0, 6], "uv_size": [2, 8.5]},
								"down": {"uv": [2, 14.5], "uv_size": [2, -8.5]}
							}
						},
						{
							"origin": [-1.0625, 9.44839, -8.86002],
							"size": [2.125, 0.375, 8.2355],
							"inflate": 0.001,
							"uv": {
								"north": {"uv": [26, 35], "uv_size": [2, 0.5]},
								"east": {"uv": [28, 13], "uv_size": [8, 0.5]},
								"south": {"uv": [35, 27], "uv_size": [2, 0.5]},
								"west": {"uv": [28, 24], "uv_size": [8, 0.5]},
								"up": {"uv": [8, 6], "uv_size": [2, 8]},
								"down": {"uv": [10, 14], "uv_size": [2, -8]}
							}
						},
						{
							"origin": [-0.375, 8.69839, -8.86029],
							"size": [1.375, 1.375, 8.73577],
							"pivot": [0, 9.69839, -5.46827],
							"rotation": [0, 0, 45],
							"uv": {
								"north": {"uv": [28, 32], "uv_size": [1.5, 1.5]},
								"east": {"uv": [16, 6], "uv_size": [8.5, 1.5]},
								"south": {"uv": [32, 29], "uv_size": [1.5, 1.5]},
								"west": {"uv": [16, 8], "uv_size": [8.5, 1.5]},
								"up": {"uv": [0, 15], "uv_size": [1.5, 8.5]},
								"down": {"uv": [2, 23.5], "uv_size": [1.5, -8.5]}
							}
						},
						{
							"origin": [-0.375, 9.44839, -8.86029],
							"size": [1.375, 1.375, 8.73577],
							"pivot": [0, 10.44839, -5.46827],
							"rotation": [0, 0, 45],
							"uv": {
								"north": {"uv": [32, 31], "uv_size": [1.5, 1.5]},
								"east": {"uv": [16, 10], "uv_size": [8.5, 1.5]},
								"south": {"uv": [2, 33], "uv_size": [1.5, 1.5]},
								"west": {"uv": [12, 16], "uv_size": [8.5, 1.5]},
								"up": {"uv": [12, 18], "uv_size": [1.5, 8.5]},
								"down": {"uv": [14, 26.5], "uv_size": [1.5, -8.5]}
							}
						},
						{
							"origin": [-0.375, 9.19839, -12.37452],
							"size": [0.9375, 0.9375, 3],
							"pivot": [0, 9.76089, -11.46827],
							"rotation": [0, 0, 45],
							"uv": {
								"north": {"uv": [25, 32], "uv_size": [1, 1]},
								"east": {"uv": [30, 18], "uv_size": [3, 1]},
								"south": {"uv": [35, 28], "uv_size": [1, 1]},
								"west": {"uv": [30, 19], "uv_size": [3, 1]},
								"up": {"uv": [21, 30], "uv_size": [1, 3]},
								"down": {"uv": [26, 33], "uv_size": [1, -3]}
							}
						},
						{
							"origin": [-0.25, 9.32339, -9.37452],
							"size": [0.6875, 0.6875, 0.5],
							"pivot": [0, 9.76089, -11.46827],
							"rotation": [0, 0, 45],
							"uv": {
								"north": {"uv": [25, 37], "uv_size": [0.5, 0.5]},
								"east": {"uv": [26, 37], "uv_size": [0.5, 0.5]},
								"south": {"uv": [27, 37], "uv_size": [0.5, 0.5]},
								"west": {"uv": [37, 27], "uv_size": [0.5, 0.5]},
								"up": {"uv": [28, 37], "uv_size": [0.5, 0.5]},
								"down": {"uv": [37, 28.5], "uv_size": [0.5, -0.5]}
							}
						},
						{
							"origin": [-0.54982, 9.20397, -0.56202],
							"size": [1.15835, 1.13975, 10.18702],
							"pivot": [-0.20397, 9.82897, 6.3125],
							"rotation": [0, 0, -45],
							"uv": {
								"north": {"uv": [35, 29], "uv_size": [1, 1]},
								"east": {"uv": [16, 12], "uv_size": [10, 1]},
								"south": {"uv": [30, 35], "uv_size": [1, 1]},
								"west": {"uv": [16, 13], "uv_size": [10, 1]},
								"up": {"uv": [16, 18], "uv_size": [1, 10]},
								"down": {"uv": [17, 28], "uv_size": [1, -10]}
							}
						},
						{
							"origin": [-0.54051, 8.50331, -0.12452],
							"size": [1.14905, 1.14905, 9.75],
							"pivot": [-0.20397, 9.12831, 6.56298],
							"rotation": [0, 0, -45],
							"uv": {
								"north": {"uv": [35, 30], "uv_size": [1, 1]},
								"east": {"uv": [16, 14], "uv_size": [10, 1]},
								"south": {"uv": [31, 35], "uv_size": [1, 1]},
								"west": {"uv": [16, 15], "uv_size": [10, 1]},
								"up": {"uv": [18, 18], "uv_size": [1, 10]},
								"down": {"uv": [19, 28], "uv_size": [1, -10]}
							}
						},
						{
							"origin": [-0.8125, 9.26089, -0.12452],
							"size": [1.625, 0.6875, 9.75],
							"uv": {
								"north": {"uv": [36, 15], "uv_size": [1.5, 0.5]},
								"east": {"uv": [26, 14], "uv_size": [10, 0.5]},
								"south": {"uv": [36, 20], "uv_size": [1.5, 0.5]},
								"west": {"uv": [26, 15], "uv_size": [10, 0.5]},
								"up": {"uv": [12, 6], "uv_size": [1.5, 10]},
								"down": {"uv": [14, 16], "uv_size": [1.5, -10]}
							}
						},
						{
							"origin": [0.9375, 9.26089, 5.06298],
							"size": [1.625, 1.0625, 1.5625],
							"pivot": [1.75, 9.60464, 1.75048],
							"rotation": [0, -30, 0],
							"uv": {
								"north": {"uv": [32, 34], "uv_size": [1.5, 1]},
								"east": {"uv": [34, 32], "uv_size": [1.5, 1]},
								"south": {"uv": [34, 33], "uv_size": [1.5, 1]},
								"west": {"uv": [34, 34], "uv_size": [1.5, 1]},
								"up": {"uv": [33, 2], "uv_size": [1.5, 1.5]},
								"down": {"uv": [4, 34.5], "uv_size": [1.5, -1.5]}
							}
						},
						{
							"origin": [-1.41498, 9.25, 5.39021],
							"size": [1.4375, 0.75, 3],
							"pivot": [-0.78998, 9.46875, 7.60896],
							"rotation": [0, -22.5, 0],
							"uv": {
								"north": {"uv": [35, 0], "uv_size": [1.5, 1]},
								"east": {"uv": [30, 27], "uv_size": [3, 1]},
								"south": {"uv": [35, 1], "uv_size": [1.5, 1]},
								"west": {"uv": [30, 28], "uv_size": [3, 1]},
								"up": {"uv": [22, 26], "uv_size": [1.5, 3]},
								"down": {"uv": [24, 29], "uv_size": [1.5, -3]}
							}
						},
						{
							"origin": [-0.4375, 8.32339, -8.87452],
							"size": [0.875, 2.5625, 17.0625],
							"uv": {
								"north": {"uv": [17, 31], "uv_size": [1, 2.5]},
								"east": {"uv": [0, 0], "uv_size": [17, 2.5]},
								"south": {"uv": [32, 2], "uv_size": [1, 2.5]},
								"west": {"uv": [0, 3], "uv_size": [17, 2.5]},
								"up": {"uv": [4, 6], "uv_size": [1, 17]},
								"down": {"uv": [5, 23], "uv_size": [1, -17]}
							}
						},
						{
							"origin": [-0.4375, 10.88589, -8.87452],
							"size": [0.875, 0.3125, 16.625],
							"uv": {
								"north": {"uv": [37, 3], "uv_size": [1, 0.5]},
								"east": {"uv": [21, 16], "uv_size": [16.5, 0.5]},
								"south": {"uv": [4, 37], "uv_size": [1, 0.5]},
								"west": {"uv": [21, 17], "uv_size": [16.5, 0.5]},
								"up": {"uv": [6, 6], "uv_size": [1, 16.5]},
								"down": {"uv": [7, 22.5], "uv_size": [1, -16.5]}
							}
						},
						{
							"origin": [-1.3125, 10.63589, 8.18798],
							"size": [2.6875, 0.375, 0.75],
							"uv": {
								"north": {"uv": [35, 19], "uv_size": [2.5, 0.5]},
								"east": {"uv": [37, 4], "uv_size": [1, 0.5]},
								"south": {"uv": [23, 35], "uv_size": [2.5, 0.5]},
								"west": {"uv": [5, 37], "uv_size": [1, 0.5]},
								"up": {"uv": [31, 7], "uv_size": [2.5, 1]},
								"down": {"uv": [31, 13], "uv_size": [2.5, -1]}
							}
						},
						{
							"origin": [-0.4375, 8.01089, -7.49952],
							"size": [0.875, 0.375, 7.5],
							"uv": {
								"north": {"uv": [37, 5], "uv_size": [1, 0.5]},
								"east": {"uv": [28, 25], "uv_size": [7.5, 0.5]},
								"south": {"uv": [6, 37], "uv_size": [1, 0.5]},
								"west": {"uv": [0, 29], "uv_size": [7.5, 0.5]},
								"up": {"uv": [20, 22], "uv_size": [1, 7.5]},
								"down": {"uv": [21, 29.5], "uv_size": [1, -7.5]}
							}
						},
						{
							"origin": [-0.9375, 5.38589, 0.50048],
							"size": [1.875, 0.3125, 3.75],
							"pivot": [0, 9.38589, 6.50048],
							"rotation": [-5, 0, 0],
							"uv": {
								"north": {"uv": [32, 35], "uv_size": [2, 0.5]},
								"east": {"uv": [34, 26], "uv_size": [3.5, 0.5]},
								"south": {"uv": [34, 35], "uv_size": [2, 0.5]},
								"west": {"uv": [34, 31], "uv_size": [3.5, 0.5]},
								"up": {"uv": [22, 22], "uv_size": [2, 3.5]},
								"down": {"uv": [23, 3.5], "uv_size": [2, -3.5]}
							}
						},
						{
							"origin": [-0.6875, 5.94839, 0.43798],
							"size": [1.375, 2.0625, 3.4375],
							"uv": {
								"north": {"uv": [30, 29], "uv_size": [1.5, 2]},
								"east": {"uv": [4, 23], "uv_size": [3.5, 2]},
								"south": {"uv": [2, 31], "uv_size": [1.5, 2]},
								"west": {"uv": [23, 18], "uv_size": [3.5, 2]},
								"up": {"uv": [6, 25], "uv_size": [1.5, 3.5]},
								"down": {"uv": [8, 29.5], "uv_size": [1.5, -3.5]}
							}
						},
						{
							"origin": [0, 5.76089, 3.93798],
							"size": [0, 1.3125, 2.75],
							"uv": {
								"north": {"uv": [0, 0], "uv_size": [0, 1.5]},
								"east": {"uv": [29, 1], "uv_size": [2.5, 1.5]},
								"south": {"uv": [0, 0], "uv_size": [0, 1.5]},
								"west": {"uv": [29, 3], "uv_size": [2.5, 1.5]},
								"up": {"uv": [0, 0], "uv_size": [0, 2.5]},
								"down": {"uv": [0, 2.5], "uv_size": [0, -2.5]}
							}
						},
						{
							"origin": [-0.6875, 7.01089, 3.87548],
							"size": [1.375, 1, 4.5],
							"uv": {
								"north": {"uv": [2, 35], "uv_size": [1.5, 1]},
								"east": {"uv": [26, 26], "uv_size": [4.5, 1]},
								"south": {"uv": [35, 2], "uv_size": [1.5, 1]},
								"west": {"uv": [27, 0], "uv_size": [4.5, 1]},
								"up": {"uv": [0, 24], "uv_size": [1.5, 4.5]},
								"down": {"uv": [2, 28.5], "uv_size": [1.5, -4.5]}
							}
						},
						{
							"origin": [-0.75, 5.57339, 6.75048],
							"size": [1.5, 1.4375, 2.1875],
							"uv": {
								"north": {"uv": [33, 4], "uv_size": [1.5, 1.5]},
								"east": {"uv": [4, 31], "uv_size": [2, 1.5]},
								"south": {"uv": [6, 33], "uv_size": [1.5, 1.5]},
								"west": {"uv": [31, 5], "uv_size": [2, 1.5]},
								"up": {"uv": [6, 31], "uv_size": [1.5, 2]},
								"down": {"uv": [8, 33], "uv_size": [1.5, -2]}
							}
						},
						{
							"origin": [-0.75, 6.70496, 8.69564],
							"size": [1.5, 1.9375, 0.875],
							"inflate": 0.001,
							"pivot": [0, 8.29871, 8.35189],
							"rotation": [-35, 0, 0],
							"uv": {
								"north": {"uv": [10, 31], "uv_size": [1.5, 2]},
								"east": {"uv": [34, 0], "uv_size": [1, 2]},
								"south": {"uv": [31, 10], "uv_size": [1.5, 2]},
								"west": {"uv": [12, 34], "uv_size": [1, 2]},
								"up": {"uv": [35, 3], "uv_size": [1.5, 1]},
								"down": {"uv": [4, 36], "uv_size": [1.5, -1]}
							}
						},
						{
							"origin": [-0.75, 1.93194, 7.65196],
							"size": [1.5, 1.02397, 2.70862],
							"pivot": [0, 2.44393, 8.75627],
							"rotation": [11, 0, 0],
							"uv": {
								"north": {"uv": [35, 4], "uv_size": [1.5, 1]},
								"east": {"uv": [31, 26], "uv_size": [2.5, 1]},
								"south": {"uv": [35, 5], "uv_size": [1.5, 1]},
								"west": {"uv": [22, 32], "uv_size": [2.5, 1]},
								"up": {"uv": [29, 5], "uv_size": [1.5, 2.5]},
								"down": {"uv": [22, 31.5], "uv_size": [1.5, -2.5]}
							}
						},
						{
							"origin": [-0.75, 2.51089, 6.56582],
							"size": [1.5, 3.57165, 2.30966],
							"inflate": 0.001,
							"pivot": [0, 6.29214, 7.68798],
							"rotation": [22.5, 0, 0],
							"uv": {
								"north": {"uv": [10, 26], "uv_size": [1.5, 3.5]},
								"east": {"uv": [20, 0], "uv_size": [2.5, 3.5]},
								"south": {"uv": [26, 10], "uv_size": [1.5, 3.5]},
								"west": {"uv": [20, 18], "uv_size": [2.5, 3.5]},
								"up": {"uv": [24, 29], "uv_size": [1.5, 2.5]},
								"down": {"uv": [28, 31.5], "uv_size": [1.5, -2.5]}
							}
						},
						{
							"origin": [-0.6875, 8.01089, -0.12452],
							"size": [1.375, 0.6875, 9.6875],
							"uv": {
								"north": {"uv": [36, 21], "uv_size": [1.5, 0.5]},
								"east": {"uv": [26, 20], "uv_size": [9.5, 0.5]},
								"south": {"uv": [36, 22], "uv_size": [1.5, 0.5]},
								"west": {"uv": [26, 21], "uv_size": [9.5, 0.5]},
								"up": {"uv": [8, 14], "uv_size": [1.5, 9.5]},
								"down": {"uv": [10, 23.5], "uv_size": [1.5, -9.5]}
							}
						},
						{
							"origin": [-0.66594, 9.31738, 9.62548],
							"size": [1.35225, 0.57452, 3.75],
							"pivot": [0.00509, 9.59235, 11.00048],
							"rotation": [0, 0, -45],
							"uv": {
								"north": {"uv": [23, 36], "uv_size": [1.5, 0.5]},
								"east": {"uv": [6, 35], "uv_size": [3, 0.5]},
								"south": {"uv": [36, 23], "uv_size": [1.5, 0.5]},
								"west": {"uv": [35, 6], "uv_size": [3, 0.5]},
								"up": {"uv": [27, 1], "uv_size": [1.5, 3]},
								"down": {"uv": [12, 30], "uv_size": [1.5, -3]}
							}
						},
						{
							"origin": [-0.67613, 9.31738, 9.62548],
							"size": [1.35225, 0.57452, 3.75],
							"pivot": [0, 9.60464, 11.00048],
							"rotation": [0, 0, -135],
							"uv": {
								"north": {"uv": [36, 24], "uv_size": [1.5, 0.5]},
								"east": {"uv": [9, 35], "uv_size": [3, 0.5]},
								"south": {"uv": [25, 36], "uv_size": [1.5, 0.5]},
								"west": {"uv": [35, 10], "uv_size": [3, 0.5]},
								"up": {"uv": [14, 27], "uv_size": [1.5, 3]},
								"down": {"uv": [26, 30], "uv_size": [1.5, -3]}
							}
						},
						{
							"origin": [-0.68122, 9.32968, 9.62548],
							"size": [1.36244, 0.54994, 3.75],
							"uv": {
								"north": {"uv": [36, 25], "uv_size": [1.5, 0.5]},
								"east": {"uv": [35, 11], "uv_size": [3, 0.5]},
								"south": {"uv": [27, 36], "uv_size": [1.5, 0.5]},
								"west": {"uv": [35, 18], "uv_size": [3, 0.5]},
								"up": {"uv": [28, 10], "uv_size": [1.5, 3]},
								"down": {"uv": [16, 31], "uv_size": [1.5, -3]}
							}
						},
						{
							"origin": [-0.27497, 8.92343, 9.62548],
							"size": [0.54994, 1.36244, 3.75],
							"uv": {
								"north": {"uv": [36, 28], "uv_size": [0.5, 1.5]},
								"east": {"uv": [27, 18], "uv_size": [3, 1.5]},
								"south": {"uv": [29, 36], "uv_size": [0.5, 1.5]},
								"west": {"uv": [28, 22], "uv_size": [3, 1.5]},
								"up": {"uv": [15, 35], "uv_size": [0.5, 3]},
								"down": {"uv": [16, 38], "uv_size": [0.5, -3]}
							}
						},
						{
							"origin": [-0.5, 1.00974, 0.20824],
							"size": [1, 3.1375, 2.9375],
							"pivot": [0, 3.14724, 1.70824],
							"rotation": [-15, 0, 0],
							"uv": {
								"north": {"uv": [27, 30], "uv_size": [1, 3]},
								"east": {"uv": [17, 0], "uv_size": [3, 3]},
								"south": {"uv": [12, 31], "uv_size": [1, 3]},
								"west": {"uv": [17, 3], "uv_size": [3, 3]},
								"up": {"uv": [13, 31], "uv_size": [1, 3]},
								"down": {"uv": [14, 34], "uv_size": [1, -3]}
							}
						},
						{
							"origin": [-0.43791, 9.12942, 0.46474],
							"size": [1.4375, 1.4375, 3.8125],
							"pivot": [-0.00041, 10.56692, 4.77724],
							"rotation": [0, 0, 22.5],
							"uv": {
								"north": {"uv": [8, 33], "uv_size": [1.5, 1.5]},
								"east": {"uv": [24, 22], "uv_size": [4, 1.5]},
								"south": {"uv": [10, 33], "uv_size": [1.5, 1.5]},
								"west": {"uv": [24, 24], "uv_size": [4, 1.5]},
								"up": {"uv": [25, 0], "uv_size": [1.5, 4]},
								"down": {"uv": [4, 29], "uv_size": [1.5, -4]}
							}
						},
						{
							"origin": [-1.12509, 7.96674, 0.46474],
							"size": [0.1875, 1.4375, 3.8125],
							"pivot": [-1.03134, 8.68549, 2.37099],
							"rotation": [0, 0, 13.5],
							"uv": {
								"north": {"uv": [30, 36], "uv_size": [0.5, 1.5]},
								"east": {"uv": [25, 6], "uv_size": [4, 1.5]},
								"south": {"uv": [31, 36], "uv_size": [0.5, 1.5]},
								"west": {"uv": [25, 8], "uv_size": [4, 1.5]},
								"up": {"uv": [13, 34], "uv_size": [0.5, 4]},
								"down": {"uv": [14, 38], "uv_size": [0.5, -4]}
							}
						}
					]
				},
				{
					"name": "sight",
					"parent": "lod",
					"pivot": [-0.00041, 21.56692, 4.77724],
					"cubes": [
						{
							"origin": [-0.62541, 11.06692, 5.27724],
							"size": [1.25, 0.5625, 2],
							"uv": {
								"north": {"uv": [36, 30], "uv_size": [1.5, 0.5]},
								"east": {"uv": [2, 36], "uv_size": [2, 0.5]},
								"south": {"uv": [32, 36], "uv_size": [1.5, 0.5]},
								"west": {"uv": [4, 36], "uv_size": [2, 0.5]},
								"up": {"uv": [15, 31], "uv_size": [1.5, 2]},
								"down": {"uv": [31, 24], "uv_size": [1.5, -2]}
							}
						},
						{
							"origin": [-0.50041, 11.06692, 6.46474],
							"size": [1, 1.4375, 0.8125],
							"inflate": 0.002,
							"uv": {
								"north": {"uv": [20, 35], "uv_size": [1, 1.5]},
								"east": {"uv": [21, 35], "uv_size": [1, 1.5]},
								"south": {"uv": [22, 35], "uv_size": [1, 1.5]},
								"west": {"uv": [35, 22], "uv_size": [1, 1.5]},
								"up": {"uv": [6, 36], "uv_size": [1, 1]},
								"down": {"uv": [7, 37], "uv_size": [1, -1]}
							}
						},
						{
							"origin": [-0.49085, 12.19192, -7.91026],
							"size": [0.875, 0.875, 0.625],
							"pivot": [-0.0221, 12.56692, -7.44151],
							"rotation": [0, 0, 45],
							"uv": {
								"north": {"uv": [36, 7], "uv_size": [1, 1]},
								"east": {"uv": [7, 37], "uv_size": [0.5, 1]},
								"south": {"uv": [8, 36], "uv_size": [1, 1]},
								"west": {"uv": [37, 7], "uv_size": [0.5, 1]},
								"up": {"uv": [8, 37], "uv_size": [1, 0.5]},
								"down": {"uv": [37, 8.5], "uv_size": [1, -0.5]}
							}
						},
						{
							"origin": [-0.3125, 11.50821, -7.91026],
							"size": [0.625, 1, 0.625],
							"uv": {
								"north": {"uv": [9, 37], "uv_size": [0.5, 1]},
								"east": {"uv": [10, 37], "uv_size": [0.5, 1]},
								"south": {"uv": [11, 37], "uv_size": [0.5, 1]},
								"west": {"uv": [12, 37], "uv_size": [0.5, 1]},
								"up": {"uv": [37, 29], "uv_size": [0.5, 0.5]},
								"down": {"uv": [32, 37.5], "uv_size": [0.5, -0.5]}
							}
						},
						{
							"origin": [-0.50041, 11.06692, -7.91026],
							"size": [1.0625, 0.375, 0.9375],
							"uv": {
								"north": {"uv": [37, 12], "uv_size": [1, 0.5]},
								"east": {"uv": [37, 13], "uv_size": [1, 0.5]},
								"south": {"uv": [37, 14], "uv_size": [1, 0.5]},
								"west": {"uv": [18, 37], "uv_size": [1, 0.5]},
								"up": {"uv": [36, 8], "uv_size": [1, 1]},
								"down": {"uv": [9, 37], "uv_size": [1, -1]}
							}
						},
						{
							"origin": [-0.50041, 11.37942, 5.58974],
							"size": [1, 0.5625, 1.75],
							"inflate": 0.001,
							"pivot": [-0.00041, 11.22317, 5.99599],
							"rotation": [22.5, 0, 0],
							"uv": {
								"north": {"uv": [19, 37], "uv_size": [1, 0.5]},
								"east": {"uv": [36, 9], "uv_size": [2, 0.5]},
								"south": {"uv": [20, 37], "uv_size": [1, 0.5]},
								"west": {"uv": [10, 36], "uv_size": [2, 0.5]},
								"up": {"uv": [17, 34], "uv_size": [1, 2]},
								"down": {"uv": [28, 36], "uv_size": [1, -2]}
							}
						},
						{
							"origin": [-0.50041, 11.81692, 6.02724],
							"size": [1, 0.5625, 1],
							"pivot": [-0.00041, 11.22317, 5.99599],
							"rotation": [22.5, 0, 0],
							"uv": {
								"north": {"uv": [21, 37], "uv_size": [1, 0.5]},
								"east": {"uv": [22, 37], "uv_size": [1, 0.5]},
								"south": {"uv": [23, 37], "uv_size": [1, 0.5]},
								"west": {"uv": [24, 37], "uv_size": [1, 0.5]},
								"up": {"uv": [12, 36], "uv_size": [1, 1]},
								"down": {"uv": [36, 13], "uv_size": [1, -1]}
							}
						}
					]
				},
				{
					"name": "positioning_attachment",
					"parent": "lod",
					"pivot": [0, 7, 6.575]
				},
				{
					"name": "muzzle_flash",
					"parent": "positioning_attachment",
					"pivot": [0, 9.6, -14.375]
				},
				{
					"name": "muzzle_pos",
					"parent": "positioning_attachment",
					"pivot": [0, 9.625, -11.375]
				},
				{
					"name": "laser_pos",
					"parent": "positioning_attachment",
					"pivot": [1.3745, 9.625, -9.625],
					"rotation": [0, 0, 90]
				},
				{
					"name": "scope_pos",
					"parent": "positioning_attachment",
					"pivot": [0, 11.3725, 5.95]
				},
				{
					"name": "grip_pos",
					"parent": "positioning_attachment",
					"pivot": [0, 8.00625, -5.05]
				},
				{
					"name": "shell",
					"parent": "positioning_attachment",
					"pivot": [-0.2, 9.75, 2.2]
				},
				{
					"name": "fixed",
					"parent": "lod",
					"pivot": [0.875, 9.625, 5.1],
					"rotation": [0, 90, 0]
				},
				{
					"name": "ground",
					"parent": "lod",
					"pivot": [0, -0.9, 4.65]
				},
				{
					"name": "thirdperson_hand",
					"parent": "lod",
					"pivot": [0, 7.025, 6.65]
				},
				{
					"name": "stock",
					"parent": "lod",
					"pivot": [0, 0, 0],
					"cubes": [
						{
							"origin": [-0.76, 8.89, 10.49],
							"size": [1.52, 1.52, 1.52],
							"pivot": [0, 9.65, 11.25],
							"rotation": [0, 0, 45],
							"uv": {
								"north": {"uv": [33, 10], "uv_size": [1.5, 1.5]},
								"east": {"uv": [15, 33], "uv_size": [1.5, 1.5]},
								"south": {"uv": [33, 18], "uv_size": [1.5, 1.5]},
								"west": {"uv": [20, 33], "uv_size": [1.5, 1.5]},
								"up": {"uv": [22, 33], "uv_size": [1.5, 1.5]},
								"down": {"uv": [33, 23.5], "uv_size": [1.5, -1.5]}
							}
						},
						{
							"origin": [0, 8.32, 10.5],
							"size": [0.5, 1.395, 1.5],
							"pivot": [-0.5, 10, 11],
							"rotation": [0, 0, -22.5],
							"uv": {
								"north": {"uv": [36, 32], "uv_size": [0.5, 1.5]},
								"east": {"uv": [24, 33], "uv_size": [1.5, 1.5]},
								"south": {"uv": [34, 36], "uv_size": [0.5, 1.5]},
								"west": {"uv": [26, 33], "uv_size": [1.5, 1.5]},
								"up": {"uv": [36, 34], "uv_size": [0.5, 1.5]},
								"down": {"uv": [35, 37.5], "uv_size": [0.5, -1.5]}
							}
						},
						{
							"origin": [-0.5, 8.32, 10.5],
							"size": [0.5, 1.395, 1.5],
							"pivot": [0.5, 10, 11],
							"rotation": [0, 0, 22.5],
							"uv": {
								"north": {"uv": [36, 36], "uv_size": [0.5, 1.5]},
								"east": {"uv": [33, 27], "uv_size": [1.5, 1.5]},
								"south": {"uv": [0, 37], "uv_size": [0.5, 1.5]},
								"west": {"uv": [30, 33], "uv_size": [1.5, 1.5]},
								"up": {"uv": [37, 0], "uv_size": [0.5, 1.5]},
								"down": {"uv": [1, 38.5], "uv_size": [0.5, -1.5]}
							}
						}
					]
				},
				{
					"name": "bone2",
					"parent": "stock",
					"pivot": [0.1, 7.955, 11],
					"cubes": [
						{
							"origin": [0.69, 8.835, 7.5],
							"size": [0.21, 0.21, 7],
							"uv": {
								"north": {"uv": [37, 32], "uv_size": [0.5, 0.5]},
								"east": {"uv": [29, 8], "uv_size": [7, 0.5]},
								"south": {"uv": [33, 37], "uv_size": [0.5, 0.5]},
								"west": {"uv": [29, 9], "uv_size": [7, 0.5]},
								"up": {"uv": [0, 30], "uv_size": [0.5, 7]},
								"down": {"uv": [1, 37], "uv_size": [0.5, -7]}
							}
						},
						{
							"origin": [-0.9, 8.835, 7.5],
							"size": [0.21, 0.21, 7],
							"uv": {
								"north": {"uv": [37, 33], "uv_size": [0.5, 0.5]},
								"east": {"uv": [2, 30], "uv_size": [7, 0.5]},
								"south": {"uv": [37, 34], "uv_size": [0.5, 0.5]},
								"west": {"uv": [9, 30], "uv_size": [7, 0.5]},
								"up": {"uv": [18, 30], "uv_size": [0.5, 7]},
								"down": {"uv": [19, 37], "uv_size": [0.5, -7]}
							}
						}
					]
				},
				{
					"name": "bone",
					"parent": "bone2",
					"pivot": [0, 6.85, 14.42175],
					"cubes": [
						{
							"origin": [-1.1, 7.95, 14.43825],
							"size": [2.2, 2.2, 1.1],
							"pivot": [0, 9.05, 14.43825],
							"rotation": [0, 0, 45],
							"uv": {
								"north": {"uv": [18, 28], "uv_size": [2, 2]},
								"east": {"uv": [29, 34], "uv_size": [1, 2]},
								"south": {"uv": [28, 27], "uv_size": [2, 2]},
								"west": {"uv": [34, 29], "uv_size": [1, 2]},
								"up": {"uv": [34, 7], "uv_size": [2, 1]},
								"down": {"uv": [34, 13], "uv_size": [2, -1]}
							}
						},
						{
							"origin": [-0.6875, 6.56, 14.97175],
							"size": [1.375, 1.64, 0.55],
							"uv": {
								"north": {"uv": [30, 31], "uv_size": [1.5, 2]},
								"east": {"uv": [36, 13], "uv_size": [0.5, 2]},
								"south": {"uv": [32, 0], "uv_size": [1.5, 2]},
								"west": {"uv": [17, 36], "uv_size": [0.5, 2]},
								"up": {"uv": [2, 37], "uv_size": [1.5, 0.5]},
								"down": {"uv": [37, 2.5], "uv_size": [1.5, -0.5]}
							}
						}
					]
				}
			]
		}
	]
}