{
	"format_version": "1.12.0",
	"minecraft:geometry": [
		{
			"description": {
				"identifier": "geometry.mk14",
				"texture_width": 64,
				"texture_height": 64,
				"visible_bounds_width": 5,
				"visible_bounds_height": 2.5,
				"visible_bounds_offset": [0, 0.75, 0]
			},
			"bones": [
				{
					"name": "lod",
					"pivot": [0, 11, 0],
					"cubes": [
						{
							"origin": [-0.5, 5.3125, -12.25],
							"size": [1, 0.3125, 13.75],
							"inflate": 0.001,
							"uv": {
								"north": {"uv": [42, 39], "uv_size": [1, 0.5]},
								"east": {"uv": [24, 21], "uv_size": [14, 0.5]},
								"south": {"uv": [40, 42], "uv_size": [1, 0.5]},
								"west": {"uv": [24, 22], "uv_size": [14, 0.5]},
								"up": {"uv": [16, 14], "uv_size": [1, 14]},
								"down": {"uv": [17, 24], "uv_size": [1, -14]}
							}
						},
						{
							"origin": [-0.625, 5.25, -11.125],
							"size": [1.25, 0.3125, 3.75],
							"inflate": 0.001,
							"uv": {
								"north": {"uv": [42, 33], "uv_size": [1.5, 0.5]},
								"east": {"uv": [38, 29], "uv_size": [4, 0.5]},
								"south": {"uv": [34, 42], "uv_size": [1.5, 0.5]},
								"west": {"uv": [39, 6], "uv_size": [4, 0.5]},
								"up": {"uv": [23, 27], "uv_size": [1.5, 4]},
								"down": {"uv": [27, 27], "uv_size": [1.5, -4]}
							}
						},
						{
							"origin": [-0.375, 4.6875, -10.625],
							"size": [0.75, 0.5625, 2.75],
							"inflate": 0.001,
							"uv": {
								"north": {"uv": [42, 40], "uv_size": [1, 0.5]},
								"east": {"uv": [40, 22], "uv_size": [3, 0.5]},
								"south": {"uv": [41, 42], "uv_size": [1, 0.5]},
								"west": {"uv": [40, 23], "uv_size": [3, 0.5]},
								"up": {"uv": [35, 23], "uv_size": [1, 3]},
								"down": {"uv": [35, 29], "uv_size": [1, -3]}
							}
						},
						{
							"origin": [-0.875, 3.5625, -9.875],
							"size": [1.75, 1.125, 1.25],
							"inflate": 0.001,
							"uv": {
								"north": {"uv": [9, 37], "uv_size": [2, 1]},
								"east": {"uv": [40, 24], "uv_size": [1.5, 1]},
								"south": {"uv": [39, 8], "uv_size": [2, 1]},
								"west": {"uv": [40, 25], "uv_size": [1.5, 1]},
								"up": {"uv": [34, 14], "uv_size": [2, 1.5]},
								"down": {"uv": [35, 31.5], "uv_size": [2, -1.5]}
							}
						},
						{
							"origin": [-0.5, 6, 11.1875],
							"size": [1, 0.4375, 3.4375],
							"uv": {
								"north": {"uv": [42, 41], "uv_size": [1, 0.5]},
								"east": {"uv": [40, 12], "uv_size": [3.5, 0.5]},
								"south": {"uv": [42, 42], "uv_size": [1, 0.5]},
								"west": {"uv": [40, 13], "uv_size": [3.5, 0.5]},
								"up": {"uv": [22, 33], "uv_size": [1, 3.5]},
								"down": {"uv": [25, 36.5], "uv_size": [1, -3.5]}
							}
						},
						{
							"origin": [0.4375, 7.375, 2.375],
							"size": [0.1875, 0.3125, 5.375],
							"uv": {
								"north": {"uv": [10, 43], "uv_size": [0.5, 0.5]},
								"east": {"uv": [33, 36], "uv_size": [5.5, 0.5]},
								"south": {"uv": [43, 10], "uv_size": [0.5, 0.5]},
								"west": {"uv": [37, 30], "uv_size": [5.5, 0.5]},
								"up": {"uv": [28, 36], "uv_size": [0.5, 5.5]},
								"down": {"uv": [29, 41.5], "uv_size": [0.5, -5.5]}
							}
						},
						{
							"origin": [-0.875, 9.8125, 8.9375],
							"size": [1.75, 0.6875, 0.6875],
							"pivot": [0, 10.28125, 6.5625],
							"rotation": [-45, 0, 0],
							"uv": {
								"north": {"uv": [40, 41], "uv_size": [2, 0.5]},
								"east": {"uv": [11, 43], "uv_size": [0.5, 0.5]},
								"south": {"uv": [0, 42], "uv_size": [2, 0.5]},
								"west": {"uv": [43, 11], "uv_size": [0.5, 0.5]},
								"up": {"uv": [4, 42], "uv_size": [2, 0.5]},
								"down": {"uv": [7, 42.5], "uv_size": [2, -0.5]}
							}
						},
						{
							"origin": [-0.6875, 6.625, 4.8125],
							"size": [1.375, 0.75, 5.875],
							"inflate": 0.001,
							"uv": {
								"north": {"uv": [40, 26], "uv_size": [1.5, 1]},
								"east": {"uv": [26, 20], "uv_size": [6, 1]},
								"south": {"uv": [30, 40], "uv_size": [1.5, 1]},
								"west": {"uv": [27, 7], "uv_size": [6, 1]},
								"up": {"uv": [14, 22], "uv_size": [1.5, 6]},
								"down": {"uv": [8, 29], "uv_size": [1.5, -6]}
							}
						},
						{
							"origin": [-0.6875, 5.51793, 10.68041],
							"size": [1.375, 0.875, 0.3125],
							"pivot": [0, 6.01793, 8.05541],
							"rotation": [20, 0, 0],
							"uv": {
								"north": {"uv": [32, 40], "uv_size": [1.5, 1]},
								"east": {"uv": [0, 43], "uv_size": [0.5, 1]},
								"south": {"uv": [40, 32], "uv_size": [1.5, 1]},
								"west": {"uv": [1, 43], "uv_size": [0.5, 1]},
								"up": {"uv": [36, 42], "uv_size": [1.5, 0.5]},
								"down": {"uv": [42, 37.5], "uv_size": [1.5, -0.5]}
							}
						},
						{
							"origin": [-0.6875, 6.84794, 8.22156],
							"size": [1.375, 1.5, 1],
							"pivot": [0, 7.53544, 9.06531],
							"rotation": [58, 0, 0],
							"uv": {
								"north": {"uv": [25, 37], "uv_size": [1.5, 1.5]},
								"east": {"uv": [22, 39], "uv_size": [1, 1.5]},
								"south": {"uv": [12, 38], "uv_size": [1.5, 1.5]},
								"west": {"uv": [26, 39], "uv_size": [1, 1.5]},
								"up": {"uv": [40, 33], "uv_size": [1.5, 1]},
								"down": {"uv": [34, 41], "uv_size": [1.5, -1]}
							}
						},
						{
							"origin": [-0.6875, 6.56726, 6.80282],
							"size": [1.375, 1.5, 0.75],
							"pivot": [0, 7.25476, 7.64657],
							"rotation": [-90, 0, 0],
							"uv": {
								"north": {"uv": [38, 12], "uv_size": [1.5, 1.5]},
								"east": {"uv": [15, 40], "uv_size": [1, 1.5]},
								"south": {"uv": [38, 14], "uv_size": [1.5, 1.5]},
								"west": {"uv": [19, 40], "uv_size": [1, 1.5]},
								"up": {"uv": [36, 40], "uv_size": [1.5, 1]},
								"down": {"uv": [38, 41], "uv_size": [1.5, -1]}
							}
						},
						{
							"origin": [-0.6875, 6.625, 1.6875],
							"size": [1.4375, 0.9375, 3.125],
							"uv": {
								"north": {"uv": [40, 40], "uv_size": [1.5, 1]},
								"east": {"uv": [35, 32], "uv_size": [3, 1]},
								"south": {"uv": [0, 41], "uv_size": [1.5, 1]},
								"west": {"uv": [35, 33], "uv_size": [3, 1]},
								"up": {"uv": [29, 14], "uv_size": [1.5, 3]},
								"down": {"uv": [29, 20], "uv_size": [1.5, -3]}
							}
						},
						{
							"origin": [-2.25, 6.875, 3.0625],
							"size": [3, 0.4375, 0.5],
							"uv": {
								"north": {"uv": [41, 0], "uv_size": [3, 0.5]},
								"east": {"uv": [12, 43], "uv_size": [0.5, 0.5]},
								"south": {"uv": [41, 1], "uv_size": [3, 0.5]},
								"west": {"uv": [13, 43], "uv_size": [0.5, 0.5]},
								"up": {"uv": [41, 2], "uv_size": [3, 0.5]},
								"down": {"uv": [41, 3.5], "uv_size": [3, -0.5]}
							}
						},
						{
							"origin": [-1.25, 5.625, -0.5625],
							"size": [2.5, 1.4375, 1.6875],
							"uv": {
								"north": {"uv": [32, 23], "uv_size": [2.5, 1.5]},
								"east": {"uv": [38, 21], "uv_size": [1.5, 1.5]},
								"south": {"uv": [32, 25], "uv_size": [2.5, 1.5]},
								"west": {"uv": [38, 23], "uv_size": [1.5, 1.5]},
								"up": {"uv": [33, 10], "uv_size": [2.5, 1.5]},
								"down": {"uv": [33, 13.5], "uv_size": [2.5, -1.5]}
							}
						},
						{
							"origin": [-1.0625, 5.5, -6.5],
							"size": [2.125, 1.75, 7.625],
							"uv": {
								"north": {"uv": [27, 31], "uv_size": [2, 2]},
								"east": {"uv": [12, 8], "uv_size": [7.5, 2]},
								"south": {"uv": [31, 30], "uv_size": [2, 2]},
								"west": {"uv": [14, 0], "uv_size": [7.5, 2]},
								"up": {"uv": [12, 14], "uv_size": [2, 7.5]},
								"down": {"uv": [14, 21.5], "uv_size": [2, -7.5]}
							}
						},
						{
							"origin": [-1.0625, 7.25, -6.0625],
							"size": [2.125, 0.4375, 7.1875],
							"uv": {
								"north": {"uv": [42, 7], "uv_size": [2, 0.5]},
								"east": {"uv": [32, 20], "uv_size": [7, 0.5]},
								"south": {"uv": [9, 42], "uv_size": [2, 0.5]},
								"west": {"uv": [33, 7], "uv_size": [7, 0.5]},
								"up": {"uv": [0, 18], "uv_size": [2, 7]},
								"down": {"uv": [2, 25], "uv_size": [2, -7]}
							}
						},
						{
							"origin": [-0.64225, 0.89974, 12.7677],
							"size": [1.2845, 5.625, 1.375],
							"pivot": [0.0485, 1.86849, 14.5177],
							"rotation": [33, 0, 0],
							"uv": {
								"north": {"uv": [10, 23], "uv_size": [1.5, 5.5]},
								"east": {"uv": [24, 9], "uv_size": [1.5, 5.5]},
								"south": {"uv": [24, 15], "uv_size": [1.5, 5.5]},
								"west": {"uv": [17, 24], "uv_size": [1.5, 5.5]},
								"up": {"uv": [38, 25], "uv_size": [1.5, 1.5]},
								"down": {"uv": [38, 33.5], "uv_size": [1.5, -1.5]}
							}
						},
						{
							"origin": [-0.64225, 0.71111, 11.55993],
							"size": [1.2845, 4.125, 1.625],
							"inflate": 0.001,
							"pivot": [0, 2.83611, 12.49743],
							"rotation": [23, 0, 0],
							"uv": {
								"north": {"uv": [27, 27], "uv_size": [1.5, 4]},
								"east": {"uv": [28, 10], "uv_size": [1.5, 4]},
								"south": {"uv": [12, 28], "uv_size": [1.5, 4]},
								"west": {"uv": [14, 28], "uv_size": [1.5, 4]},
								"up": {"uv": [33, 38], "uv_size": [1.5, 1.5]},
								"down": {"uv": [35, 39.5], "uv_size": [1.5, -1.5]}
							}
						},
						{
							"origin": [-0.64225, 2.96111, 11.30993],
							"size": [1.2845, 2.75, 2.5],
							"pivot": [0, 5.14861, 12.49743],
							"rotation": [-22, 0, 0],
							"uv": {
								"north": {"uv": [27, 33], "uv_size": [1.5, 2.5]},
								"east": {"uv": [27, 4], "uv_size": [2.5, 2.5]},
								"south": {"uv": [29, 33], "uv_size": [1.5, 2.5]},
								"west": {"uv": [20, 27], "uv_size": [2.5, 2.5]},
								"up": {"uv": [33, 30], "uv_size": [1.5, 2.5]},
								"down": {"uv": [33, 35.5], "uv_size": [1.5, -2.5]}
							}
						},
						{
							"origin": [0, 3.39861, 8.05993],
							"size": [0, 1.375, 2.8125],
							"uv": {
								"north": {"uv": [0, 0], "uv_size": [0, 1.5]},
								"east": {"uv": [29, 23], "uv_size": [3, 1.5]},
								"south": {"uv": [0, 0], "uv_size": [0, 1.5]},
								"west": {"uv": [29, 25], "uv_size": [3, 1.5]},
								"up": {"uv": [0, 0], "uv_size": [0, 3]},
								"down": {"uv": [0, 3], "uv_size": [0, -3]}
							}
						},
						{
							"origin": [-0.64225, -0.02322, 12.41831],
							"size": [1.2845, 0.875, 2.3125],
							"uv": {
								"north": {"uv": [4, 41], "uv_size": [1.5, 1]},
								"east": {"uv": [12, 37], "uv_size": [2.5, 1]},
								"south": {"uv": [41, 4], "uv_size": [1.5, 1]},
								"west": {"uv": [38, 0], "uv_size": [2.5, 1]},
								"up": {"uv": [6, 34], "uv_size": [1.5, 2.5]},
								"down": {"uv": [9, 36.5], "uv_size": [1.5, -2.5]}
							}
						},
						{
							"origin": [-2.71025, 7.92916, -27.9375],
							"size": [0.625, 0.625, 15.6875],
							"pivot": [-2.3593, 4.86666, -22.625],
							"rotation": [0, 0, 45],
							"uv": {
								"north": {"uv": [14, 43], "uv_size": [0.5, 0.5]},
								"east": {"uv": [22, 0], "uv_size": [15.5, 0.5]},
								"south": {"uv": [15, 43], "uv_size": [0.5, 0.5]},
								"west": {"uv": [22, 1], "uv_size": [15.5, 0.5]},
								"up": {"uv": [19, 24], "uv_size": [0.5, 15.5]},
								"down": {"uv": [0, 40.5], "uv_size": [0.5, -15.5]}
							}
						},
						{
							"origin": [-2.83525, 7.80416, -29.125],
							"size": [0.875, 0.875, 2.1875],
							"pivot": [-2.3593, 4.86666, -35.625],
							"rotation": [0, 0, 45],
							"uv": {
								"north": {"uv": [30, 39], "uv_size": [1, 1]},
								"east": {"uv": [40, 9], "uv_size": [2, 1]},
								"south": {"uv": [14, 42], "uv_size": [1, 1]},
								"west": {"uv": [12, 40], "uv_size": [2, 1]},
								"up": {"uv": [34, 27], "uv_size": [1, 2]},
								"down": {"uv": [22, 39], "uv_size": [1, -2]}
							}
						},
						{
							"origin": [-3.58525, 4.67916, -17.375],
							"size": [0.5625, 0.5625, 8.75],
							"pivot": [-3.2343, 1.55416, -21.625],
							"rotation": [0, 0, 45],
							"uv": {
								"north": {"uv": [16, 43], "uv_size": [0.5, 0.5]},
								"east": {"uv": [29, 29], "uv_size": [9, 0.5]},
								"south": {"uv": [17, 43], "uv_size": [0.5, 0.5]},
								"west": {"uv": [30, 4], "uv_size": [9, 0.5]},
								"up": {"uv": [11, 29], "uv_size": [0.5, 9]},
								"down": {"uv": [17, 39], "uv_size": [0.5, -9]}
							}
						},
						{
							"origin": [-1.77275, 4.67916, -17.375],
							"size": [0.5625, 0.5625, 8.75],
							"pivot": [-1.4218, 1.55416, -21.625],
							"rotation": [0, 0, 45],
							"uv": {
								"north": {"uv": [18, 43], "uv_size": [0.5, 0.5]},
								"east": {"uv": [30, 5], "uv_size": [9, 0.5]},
								"south": {"uv": [19, 43], "uv_size": [0.5, 0.5]},
								"west": {"uv": [30, 6], "uv_size": [9, 0.5]},
								"up": {"uv": [18, 30], "uv_size": [0.5, 9]},
								"down": {"uv": [20, 39], "uv_size": [0.5, -9]}
							}
						},
						{
							"origin": [-1.96025, 4.49166, -18.3125],
							"size": [0.9375, 0.9375, 0.9375],
							"pivot": [-1.4218, 1.55416, -21.625],
							"rotation": [0, 0, 45],
							"uv": {
								"north": {"uv": [15, 42], "uv_size": [1, 1]},
								"east": {"uv": [19, 42], "uv_size": [1, 1]},
								"south": {"uv": [23, 42], "uv_size": [1, 1]},
								"west": {"uv": [24, 42], "uv_size": [1, 1]},
								"up": {"uv": [42, 24], "uv_size": [1, 1]},
								"down": {"uv": [25, 43], "uv_size": [1, -1]}
							}
						},
						{
							"origin": [1.02275, 4.49166, -18.3125],
							"size": [0.9375, 0.9375, 0.9375],
							"pivot": [1.4218, 1.55416, -21.625],
							"rotation": [0, 0, -45],
							"uv": {
								"north": {"uv": [42, 25], "uv_size": [1, 1]},
								"east": {"uv": [42, 26], "uv_size": [1, 1]},
								"south": {"uv": [27, 42], "uv_size": [1, 1]},
								"west": {"uv": [42, 27], "uv_size": [1, 1]},
								"up": {"uv": [28, 42], "uv_size": [1, 1]},
								"down": {"uv": [42, 29], "uv_size": [1, -1]}
							}
						},
						{
							"origin": [-2.71025, 6.99166, -18.375],
							"size": [0.625, 0.625, 6.125],
							"pivot": [-2.3593, 3.92916, -22.625],
							"rotation": [0, 0, 45],
							"uv": {
								"north": {"uv": [43, 19], "uv_size": [0.5, 0.5]},
								"east": {"uv": [36, 27], "uv_size": [6, 0.5]},
								"south": {"uv": [20, 43], "uv_size": [0.5, 0.5]},
								"west": {"uv": [36, 28], "uv_size": [6, 0.5]},
								"up": {"uv": [23, 36], "uv_size": [0.5, 6]},
								"down": {"uv": [27, 42], "uv_size": [0.5, -6]}
							}
						},
						{
							"origin": [-0.5625, 0.58058, 2.58591],
							"size": [1.125, 5.375, 3.625],
							"pivot": [0, 5.04933, 4.39841],
							"rotation": [-10, 0, 0],
							"uv": {
								"north": {"uv": [25, 27], "uv_size": [1, 5.5]},
								"east": {"uv": [4, 4], "uv_size": [3.5, 5.5]},
								"south": {"uv": [28, 14], "uv_size": [1, 5.5]},
								"west": {"uv": [8, 4], "uv_size": [3.5, 5.5]},
								"up": {"uv": [16, 34], "uv_size": [1, 3.5]},
								"down": {"uv": [1, 38.5], "uv_size": [1, -3.5]}
							}
						},
						{
							"origin": [-0.39147, 8.22541, -19.749],
							"size": [0.44194, 0.44194, 1],
							"inflate": 0.001,
							"pivot": [-0.26202, 8.72541, -30.6875],
							"rotation": [0, 0, -45],
							"uv": {
								"north": {"uv": [28, 43], "uv_size": [0.5, 0.5]},
								"east": {"uv": [5, 43], "uv_size": [1, 0.5]},
								"south": {"uv": [43, 28], "uv_size": [0.5, 0.5]},
								"west": {"uv": [43, 5], "uv_size": [1, 0.5]},
								"up": {"uv": [6, 43], "uv_size": [0.5, 1]},
								"down": {"uv": [43, 7], "uv_size": [0.5, -1]}
							}
						},
						{
							"origin": [-0.3125, 7.46783, -19.75],
							"size": [0.625, 1.125, 1],
							"uv": {
								"north": {"uv": [7, 43], "uv_size": [0.5, 1]},
								"east": {"uv": [42, 32], "uv_size": [1, 1]},
								"south": {"uv": [8, 43], "uv_size": [0.5, 1]},
								"west": {"uv": [33, 42], "uv_size": [1, 1]},
								"up": {"uv": [43, 8], "uv_size": [0.5, 1]},
								"down": {"uv": [9, 44], "uv_size": [0.5, -1]}
							}
						}
					]
				},
				{
					"name": "default",
					"parent": "lod",
					"pivot": [-2.3593, 4.86666, -8.875],
					"cubes": [
						{
							"origin": [-0.8125, 4.6875, 2.1875],
							"size": [1.625, 1.4375, 12.4375],
							"uv": {
								"north": {"uv": [37, 38], "uv_size": [1.5, 1.5]},
								"east": {"uv": [4, 10], "uv_size": [12.5, 1.5]},
								"south": {"uv": [1, 39], "uv_size": [1.5, 1.5]},
								"west": {"uv": [4, 12], "uv_size": [12.5, 1.5]},
								"up": {"uv": [4, 14], "uv_size": [1.5, 12.5]},
								"down": {"uv": [6, 26.5], "uv_size": [1.5, -12.5]}
							}
						},
						{
							"origin": [-0.9375, 4.6875, 2.1875],
							"size": [1.9375, 1.9375, 9],
							"inflate": 0.001,
							"uv": {
								"north": {"uv": [9, 32], "uv_size": [2, 2]},
								"east": {"uv": [12, 4], "uv_size": [9, 2]},
								"south": {"uv": [12, 32], "uv_size": [2, 2]},
								"west": {"uv": [12, 6], "uv_size": [9, 2]},
								"up": {"uv": [8, 14], "uv_size": [2, 9]},
								"down": {"uv": [10, 23], "uv_size": [2, -9]}
							}
						},
						{
							"origin": [-0.9375, 5.22711, 1.15706],
							"size": [1.9375, 2, 1.5],
							"pivot": [0.03125, 5.25836, 0.75081],
							"rotation": [-22.5, 0, 0],
							"uv": {
								"north": {"uv": [14, 32], "uv_size": [2, 2]},
								"east": {"uv": [35, 34], "uv_size": [1.5, 2]},
								"south": {"uv": [32, 14], "uv_size": [2, 2]},
								"west": {"uv": [36, 10], "uv_size": [1.5, 2]},
								"up": {"uv": [36, 12], "uv_size": [2, 1.5]},
								"down": {"uv": [36, 15.5], "uv_size": [2, -1.5]}
							}
						},
						{
							"origin": [-0.9375, 5.07403, 1.11418],
							"size": [1.9375, 2.3125, 0.75],
							"inflate": 0.001,
							"uv": {
								"north": {"uv": [22, 15], "uv_size": [2, 2.5]},
								"east": {"uv": [30, 36], "uv_size": [1, 2.5]},
								"south": {"uv": [9, 29], "uv_size": [2, 2.5]},
								"west": {"uv": [6, 37], "uv_size": [1, 2.5]},
								"up": {"uv": [6, 40], "uv_size": [2, 1]},
								"down": {"uv": [40, 8], "uv_size": [2, -1]}
							}
						},
						{
							"origin": [-0.79339, 6.40862, 1.11418],
							"size": [1.37002, 1.37002, 0.75],
							"pivot": [-0.39212, 7.40862, 1.86418],
							"rotation": [0, 0, -45],
							"uv": {
								"north": {"uv": [39, 4], "uv_size": [1.5, 1.5]},
								"east": {"uv": [2, 41], "uv_size": [1, 1.5]},
								"south": {"uv": [8, 39], "uv_size": [1.5, 1.5]},
								"west": {"uv": [6, 41], "uv_size": [1, 1.5]},
								"up": {"uv": [41, 5], "uv_size": [1.5, 1]},
								"down": {"uv": [7, 42], "uv_size": [1.5, -1]}
							}
						},
						{
							"origin": [-0.9375, 4.5, 2.5],
							"size": [1.9375, 0.1875, 3.6875],
							"uv": {
								"north": {"uv": [42, 9], "uv_size": [2, 0.5]},
								"east": {"uv": [40, 14], "uv_size": [3.5, 0.5]},
								"south": {"uv": [11, 42], "uv_size": [2, 0.5]},
								"west": {"uv": [40, 15], "uv_size": [3.5, 0.5]},
								"up": {"uv": [1, 25], "uv_size": [2, 3.5]},
								"down": {"uv": [25, 7.5], "uv_size": [2, -3.5]}
							}
						},
						{
							"origin": [-0.5, 8, -12.25],
							"size": [1, 0.3125, 13.75],
							"inflate": 0.001,
							"uv": {
								"north": {"uv": [2, 43], "uv_size": [1, 0.5]},
								"east": {"uv": [25, 8], "uv_size": [14, 0.5]},
								"south": {"uv": [3, 43], "uv_size": [1, 0.5]},
								"west": {"uv": [26, 9], "uv_size": [14, 0.5]},
								"up": {"uv": [18, 10], "uv_size": [1, 14]},
								"down": {"uv": [19, 24], "uv_size": [1, -14]}
							}
						},
						{
							"origin": [-0.8125, 5.625, -12.25],
							"size": [1.625, 1.9375, 13.75],
							"uv": {
								"north": {"uv": [36, 23], "uv_size": [1.5, 2]},
								"east": {"uv": [0, 0], "uv_size": [14, 2]},
								"south": {"uv": [36, 25], "uv_size": [1.5, 2]},
								"west": {"uv": [0, 2], "uv_size": [14, 2]},
								"up": {"uv": [0, 4], "uv_size": [1.5, 14]},
								"down": {"uv": [2, 18], "uv_size": [1.5, -14]}
							}
						},
						{
							"origin": [-1.3125, 6.125, -11.75],
							"size": [2.625, 1, 4.25],
							"uv": {
								"north": {"uv": [38, 1], "uv_size": [2.5, 1]},
								"east": {"uv": [29, 27], "uv_size": [4.5, 1]},
								"south": {"uv": [9, 38], "uv_size": [2.5, 1]},
								"west": {"uv": [29, 28], "uv_size": [4.5, 1]},
								"up": {"uv": [21, 18], "uv_size": [2.5, 4.5]},
								"down": {"uv": [22, 8.5], "uv_size": [2.5, -4.5]}
							}
						},
						{
							"origin": [2.14775, 9.0157, -12.25],
							"size": [0.64905, 0, 13.75],
							"inflate": 0.001,
							"pivot": [2.3593, 4.86666, -8.875],
							"rotation": [0, 0, -45],
							"uv": {
								"north": {"uv": [0, 0], "uv_size": [0.5, 0]},
								"east": {"uv": [0, 0], "uv_size": [14, 0]},
								"south": {"uv": [0, 0], "uv_size": [0.5, 0]},
								"west": {"uv": [0, 0], "uv_size": [14, 0]},
								"up": {"uv": [3, 25], "uv_size": [0.5, 14]},
								"down": {"uv": [26, 37], "uv_size": [0.5, -14]}
							}
						},
						{
							"origin": [-3.1718, 7.86666, -12.25],
							"size": [1.14905, 1.14905, 13.75],
							"pivot": [-2.3593, 4.86666, -8.875],
							"rotation": [0, 0, 45],
							"uv": {
								"north": {"uv": [20, 22], "uv_size": [1, 1]},
								"east": {"uv": [14, 2], "uv_size": [14, 1]},
								"south": {"uv": [16, 38], "uv_size": [1, 1]},
								"west": {"uv": [14, 3], "uv_size": [14, 1]},
								"up": {"uv": [20, 8], "uv_size": [1, 14]},
								"down": {"uv": [21, 18], "uv_size": [1, -14]}
							}
						},
						{
							"origin": [-2.7968, 9.0157, -12.25],
							"size": [0.64905, 0, 13.75],
							"inflate": 0.001,
							"pivot": [-2.3593, 4.86666, -8.875],
							"rotation": [0, 0, 45],
							"uv": {
								"north": {"uv": [0, 0], "uv_size": [0.5, 0]},
								"east": {"uv": [0, 0], "uv_size": [14, 0]},
								"south": {"uv": [0, 0], "uv_size": [0.5, 0]},
								"west": {"uv": [0, 0], "uv_size": [14, 0]},
								"up": {"uv": [4, 27], "uv_size": [0.5, 14]},
								"down": {"uv": [5, 41], "uv_size": [0.5, -14]}
							}
						}
					]
				},
				{
					"name": "stock",
					"parent": "lod",
					"pivot": [-0.05741, 6.14266, 18.5625],
					"cubes": [
						{
							"origin": [-0.625, 4.6875, 19.1875],
							"size": [1.25, 1.375, 2.875],
							"uv": {
								"north": {"uv": [10, 39], "uv_size": [1.5, 1.5]},
								"east": {"uv": [30, 10], "uv_size": [3, 1.5]},
								"south": {"uv": [16, 39], "uv_size": [1.5, 1.5]},
								"west": {"uv": [30, 12], "uv_size": [3, 1.5]},
								"up": {"uv": [21, 30], "uv_size": [1.5, 3]},
								"down": {"uv": [29, 33], "uv_size": [1.5, -3]}
							}
						},
						{
							"origin": [-1.1875, 2.4375, 22.0625],
							"size": [2.375, 3.625, 1.1875],
							"uv": {
								"north": {"uv": [20, 23], "uv_size": [2.5, 3.5]},
								"east": {"uv": [2, 35], "uv_size": [1, 3.5]},
								"south": {"uv": [23, 23], "uv_size": [2.5, 3.5]},
								"west": {"uv": [8, 35], "uv_size": [1, 3.5]},
								"up": {"uv": [38, 10], "uv_size": [2.5, 1]},
								"down": {"uv": [38, 12], "uv_size": [2.5, -1]}
							}
						},
						{
							"origin": [-0.8125, 1.4375, 20.875],
							"size": [1.625, 4.5, 1.1875],
							"inflate": 0.001,
							"uv": {
								"north": {"uv": [26, 10], "uv_size": [1.5, 4.5]},
								"east": {"uv": [31, 14], "uv_size": [1, 4.5]},
								"south": {"uv": [26, 15], "uv_size": [1.5, 4.5]},
								"west": {"uv": [23, 31], "uv_size": [1, 4.5]},
								"up": {"uv": [41, 8], "uv_size": [1.5, 1]},
								"down": {"uv": [9, 42], "uv_size": [1.5, -1]}
							}
						},
						{
							"origin": [-0.8125, 3.4375, 20.1875],
							"size": [1.625, 2.4375, 1.1875],
							"pivot": [0, 5.375, 20.78125],
							"rotation": [22.5, 0, 0],
							"uv": {
								"north": {"uv": [12, 34], "uv_size": [1.5, 2.5]},
								"east": {"uv": [7, 37], "uv_size": [1, 2.5]},
								"south": {"uv": [14, 34], "uv_size": [1.5, 2.5]},
								"west": {"uv": [15, 37], "uv_size": [1, 2.5]},
								"up": {"uv": [41, 10], "uv_size": [1.5, 1]},
								"down": {"uv": [11, 42], "uv_size": [1.5, -1]}
							}
						},
						{
							"origin": [-1.64667, 4.60041, 22.0625],
							"size": [1.67938, 1.67938, 1.1875],
							"pivot": [-1.15479, 6.72541, 22.65625],
							"rotation": [0, 0, -45],
							"uv": {
								"north": {"uv": [39, 19], "uv_size": [1.5, 1.5]},
								"east": {"uv": [13, 41], "uv_size": [1, 1.5]},
								"south": {"uv": [24, 39], "uv_size": [1.5, 1.5]},
								"west": {"uv": [16, 41], "uv_size": [1, 1.5]},
								"up": {"uv": [41, 11], "uv_size": [1.5, 1]},
								"down": {"uv": [41, 20], "uv_size": [1.5, -1]}
							}
						},
						{
							"origin": [-1.64667, 0.97541, 22.0625],
							"size": [1.67938, 1.67938, 1.1875],
							"pivot": [-1.15479, 3.10041, 22.65625],
							"rotation": [0, 0, -45],
							"uv": {
								"north": {"uv": [39, 36], "uv_size": [1.5, 1.5]},
								"east": {"uv": [17, 41], "uv_size": [1, 1.5]},
								"south": {"uv": [39, 38], "uv_size": [1.5, 1.5]},
								"west": {"uv": [21, 41], "uv_size": [1, 1.5]},
								"up": {"uv": [41, 20], "uv_size": [1.5, 1]},
								"down": {"uv": [24, 42], "uv_size": [1.5, -1]}
							}
						},
						{
							"origin": [-1.71025, 6.05416, 14.75],
							"size": [0.5, 0.5, 2.5],
							"pivot": [-1.4218, 2.92916, 3.375],
							"rotation": [0, 0, 45],
							"uv": {
								"north": {"uv": [43, 20], "uv_size": [0.5, 0.5]},
								"east": {"uv": [30, 41], "uv_size": [2.5, 0.5]},
								"south": {"uv": [21, 43], "uv_size": [0.5, 0.5]},
								"west": {"uv": [33, 41], "uv_size": [2.5, 0.5]},
								"up": {"uv": [22, 41], "uv_size": [0.5, 2.5]},
								"down": {"uv": [26, 43.5], "uv_size": [0.5, -2.5]}
							}
						},
						{
							"origin": [-3.58525, 6.05416, 14.75],
							"size": [0.5, 0.5, 2.5],
							"pivot": [-3.2968, 2.92916, 3.375],
							"rotation": [0, 0, 45],
							"uv": {
								"north": {"uv": [43, 22], "uv_size": [0.5, 0.5]},
								"east": {"uv": [36, 41], "uv_size": [2.5, 0.5]},
								"south": {"uv": [23, 43], "uv_size": [0.5, 0.5]},
								"west": {"uv": [41, 36], "uv_size": [2.5, 0.5]},
								"up": {"uv": [41, 37], "uv_size": [0.5, 2.5]},
								"down": {"uv": [39, 43.5], "uv_size": [0.5, -2.5]}
							}
						},
						{
							"origin": [1.14775, 5.99166, 17.25],
							"size": [0.625, 0.625, 3.25],
							"pivot": [1.4218, 2.92916, 13.6875],
							"rotation": [0, 0, -45],
							"uv": {
								"north": {"uv": [43, 23], "uv_size": [0.5, 0.5]},
								"east": {"uv": [40, 16], "uv_size": [3.5, 0.5]},
								"south": {"uv": [24, 43], "uv_size": [0.5, 0.5]},
								"west": {"uv": [40, 17], "uv_size": [3.5, 0.5]},
								"up": {"uv": [14, 38], "uv_size": [0.5, 3.5]},
								"down": {"uv": [3, 42.5], "uv_size": [0.5, -3.5]}
							}
						},
						{
							"origin": [-1.77275, 5.99166, 17.25],
							"size": [0.625, 0.625, 3.25],
							"pivot": [-1.4218, 2.92916, 13.6875],
							"rotation": [0, 0, 45],
							"uv": {
								"north": {"uv": [43, 24], "uv_size": [0.5, 0.5]},
								"east": {"uv": [40, 18], "uv_size": [3.5, 0.5]},
								"south": {"uv": [25, 43], "uv_size": [0.5, 0.5]},
								"west": {"uv": [40, 21], "uv_size": [3.5, 0.5]},
								"up": {"uv": [18, 39], "uv_size": [0.5, 3.5]},
								"down": {"uv": [20, 42.5], "uv_size": [0.5, -3.5]}
							}
						},
						{
							"origin": [-0.4375, 6.5625, 15.8125],
							"size": [0.875, 0.4375, 5.5],
							"uv": {
								"north": {"uv": [4, 43], "uv_size": [1, 0.5]},
								"east": {"uv": [37, 31], "uv_size": [5.5, 0.5]},
								"south": {"uv": [43, 4], "uv_size": [1, 0.5]},
								"west": {"uv": [33, 37], "uv_size": [5.5, 0.5]},
								"up": {"uv": [16, 28], "uv_size": [1, 5.5]},
								"down": {"uv": [1, 34.5], "uv_size": [1, -5.5]}
							}
						},
						{
							"origin": [-0.875, 6, 15.8125],
							"size": [1.75, 0.5625, 5.5],
							"uv": {
								"north": {"uv": [29, 42], "uv_size": [2, 0.5]},
								"east": {"uv": [37, 34], "uv_size": [5.5, 0.5]},
								"south": {"uv": [42, 29], "uv_size": [2, 0.5]},
								"west": {"uv": [37, 35], "uv_size": [5.5, 0.5]},
								"up": {"uv": [22, 9], "uv_size": [2, 5.5]},
								"down": {"uv": [12, 27.5], "uv_size": [2, -5.5]}
							}
						},
						{
							"origin": [-0.93241, 5.86141, 15.8125],
							"size": [1.23744, 1.23744, 5.5],
							"pivot": [-0.05741, 6.14266, 18.5625],
							"rotation": [0, 0, 45],
							"uv": {
								"north": {"uv": [31, 42], "uv_size": [1, 1]},
								"east": {"uv": [28, 2], "uv_size": [5.5, 1]},
								"south": {"uv": [32, 42], "uv_size": [1, 1]},
								"west": {"uv": [28, 3], "uv_size": [5.5, 1]},
								"up": {"uv": [2, 29], "uv_size": [1, 5.5]},
								"down": {"uv": [8, 34.5], "uv_size": [1, -5.5]}
							}
						},
						{
							"origin": [-1.77275, 5.99166, 6.9375],
							"size": [0.625, 0.625, 7.8125],
							"pivot": [-1.4218, 2.92916, 3.375],
							"rotation": [0, 0, 45],
							"uv": {
								"north": {"uv": [43, 25], "uv_size": [0.5, 0.5]},
								"east": {"uv": [31, 19], "uv_size": [8, 0.5]},
								"south": {"uv": [43, 26], "uv_size": [0.5, 0.5]},
								"west": {"uv": [32, 16], "uv_size": [8, 0.5]},
								"up": {"uv": [24, 31], "uv_size": [0.5, 8]},
								"down": {"uv": [31, 40], "uv_size": [0.5, -8]}
							}
						},
						{
							"origin": [1.14775, 5.99166, 6.9375],
							"size": [0.625, 0.625, 7.8125],
							"pivot": [1.4218, 2.92916, 3.375],
							"rotation": [0, 0, -45],
							"uv": {
								"north": {"uv": [27, 43], "uv_size": [0.5, 0.5]},
								"east": {"uv": [32, 17], "uv_size": [8, 0.5]},
								"south": {"uv": [43, 27], "uv_size": [0.5, 0.5]},
								"west": {"uv": [32, 18], "uv_size": [8, 0.5]},
								"up": {"uv": [32, 32], "uv_size": [0.5, 8]},
								"down": {"uv": [21, 41], "uv_size": [0.5, -8]}
							}
						}
					]
				},
				{
					"name": "positioning2",
					"parent": "lod",
					"pivot": [0, 7.30625, -22.35]
				},
				{
					"name": "thirdperson_hand",
					"parent": "positioning2",
					"pivot": [0, 4.55, 10.6]
				},
				{
					"name": "fixed",
					"parent": "positioning2",
					"pivot": [1.3, 6.975, 2.125],
					"rotation": [0, 90, 0]
				},
				{
					"name": "ground",
					"parent": "positioning2",
					"pivot": [0, -5, 0]
				},
				{
					"name": "laser_pos",
					"parent": "positioning2",
					"pivot": [1.25, 6.61875, -9.75],
					"rotation": [0, 0, 90]
				},
				{
					"name": "muzzle_flash",
					"parent": "positioning2",
					"pivot": [0, 7.30625, -22.35]
				},
				{
					"name": "grip_pos",
					"parent": "positioning2",
					"pivot": [0, 5.125, -2.5]
				},
				{
					"name": "muzzle_pos",
					"parent": "positioning2",
					"pivot": [0, 7.30625, -19.1]
				},
				{
					"name": "shell",
					"parent": "positioning2",
					"pivot": [-0.125, 7.55625, 4.975]
				},
				{
					"name": "mount",
					"parent": "lod",
					"pivot": [0, 11, 0],
					"cubes": [
						{
							"origin": [-0.5, 8.375, 1.5],
							"size": [1, 0.4375, 6.25],
							"uv": {
								"north": {"uv": [38, 42], "uv_size": [1, 0.5]},
								"east": {"uv": [34, 2], "uv_size": [6.5, 0.5]},
								"south": {"uv": [42, 38], "uv_size": [1, 0.5]},
								"west": {"uv": [34, 3], "uv_size": [6.5, 0.5]},
								"up": {"uv": [6, 27], "uv_size": [1, 6.5]},
								"down": {"uv": [7, 33.5], "uv_size": [1, -6.5]}
							}
						}
					]
				},
				{
					"name": "scope_pos",
					"parent": "mount",
					"pivot": [0, 8.78125, 6]
				}
			]
		}
	]
}