{
	"format_version": "1.12.0",
	"minecraft:geometry": [
		{
			"description": {
				"identifier": "geometry.unknown",
				"texture_width": 64,
				"texture_height": 64,
				"visible_bounds_width": 5,
				"visible_bounds_height": 2.5,
				"visible_bounds_offset": [0, 0.75, 0]
			},
			"bones": [
				{
					"name": "lod",
					"pivot": [0, 0, 0],
					"cubes": [
						{
							"origin": [-0.5, 6.50784, -9.81249],
							"size": [1, 0.68241, 4.875],
							"uv": {
								"north": {"uv": [31, 39], "uv_size": [1, 0.5]},
								"east": {"uv": [35, 6], "uv_size": [5, 0.5]},
								"south": {"uv": [39, 31], "uv_size": [1, 0.5]},
								"west": {"uv": [35, 7], "uv_size": [5, 0.5]},
								"up": {"uv": [25, 28], "uv_size": [1, 5]},
								"down": {"uv": [26, 33], "uv_size": [1, -5]}
							}
						},
						{
							"origin": [-0.74925, 6.19928, 2.19056],
							"size": [1.4985, 1.25, 1.25],
							"pivot": [0.15625, -4.05187, 7.15433],
							"rotation": [-22.5, 0, 0],
							"uv": {
								"north": {"uv": [31, 35], "uv_size": [1.5, 1.5]},
								"east": {"uv": [35, 31], "uv_size": [1.5, 1.5]},
								"south": {"uv": [33, 35], "uv_size": [1.5, 1.5]},
								"west": {"uv": [35, 35], "uv_size": [1.5, 1.5]}
							}
						},
						{
							"origin": [-1.61953, 7.93533, -15.68939],
							"size": [0.3125, 1, 2.54687],
							"uv": {
								"north": {"uv": [4, 53], "uv_size": [0.5, 1]},
								"east": {"uv": [44, 8], "uv_size": [2.5, 1]},
								"south": {"uv": [53, 8], "uv_size": [0.5, 1]},
								"up": {"uv": [7, 50], "uv_size": [0.5, 2.5]},
								"down": {"uv": [16, 52.5], "uv_size": [0.5, -2.5]}
							}
						},
						{
							"origin": [1.30703, 7.93533, -15.68939],
							"size": [0.3125, 1, 2.54687],
							"uv": {
								"north": {"uv": [4.5, 53], "uv_size": [-0.5, 1]},
								"south": {"uv": [53.5, 8], "uv_size": [-0.5, 1]},
								"west": {"uv": [46.5, 8], "uv_size": [-2.5, 1]},
								"up": {"uv": [7.5, 50], "uv_size": [-0.5, 2.5]},
								"down": {"uv": [16.5, 52.5], "uv_size": [-0.5, -2.5]}
							}
						},
						{
							"origin": [-1.10714, 8.62151, 1.30369],
							"size": [2.17303, 0.84779, 2.31638],
							"uv": {
								"north": {"uv": [36, 22], "uv_size": [2, 1]},
								"east": {"uv": [7, 35], "uv_size": [2.5, 1]},
								"south": {"uv": [37, 32], "uv_size": [2, 1]},
								"west": {"uv": [35, 8], "uv_size": [2.5, 1]}
							}
						},
						{
							"origin": [-0.72677, 9.23977, 1.30369],
							"size": [1.53657, 1.53657, 2.31638],
							"pivot": [0.66078, 9.66367, 2.46188],
							"rotation": [0, 0, -45],
							"uv": {
								"north": {"uv": [2, 36], "uv_size": [1.5, 1.5]},
								"south": {"uv": [4, 36], "uv_size": [1.5, 1.5]},
								"west": {"uv": [30, 6], "uv_size": [2.5, 1.5]}
							}
						},
						{
							"origin": [-0.71885, 9.34356, 7.80037],
							"size": [1.4377, 1.375, 2.21875],
							"pivot": [0, 9.96856, 8.441],
							"rotation": [-11, 0, 0],
							"uv": {
								"north": {"uv": [7, 36], "uv_size": [1.5, 1.5]},
								"east": {"uv": [32, 26], "uv_size": [2, 1.5]},
								"south": {"uv": [9, 36], "uv_size": [1.5, 1.5]},
								"west": {"uv": [33, 0], "uv_size": [2, 1.5]},
								"up": {"uv": [33, 6], "uv_size": [1.5, 2]}
							}
						},
						{
							"origin": [-1.03377, 8.67356, 7.70662],
							"size": [2.06754, 0.63005, 2.25],
							"uv": {
								"north": {"uv": [0, 39], "uv_size": [2, 0.5]},
								"east": {"uv": [38, 29], "uv_size": [2.5, 0.5]},
								"south": {"uv": [39, 0], "uv_size": [2, 0.5]},
								"west": {"uv": [38, 33], "uv_size": [2.5, 0.5]}
							}
						},
						{
							"origin": [-0.5625, 5.19727, 3.95625],
							"size": [1.125, 2.46852, 0.48104],
							"pivot": [0, 6.43153, 4.19677],
							"rotation": [18.5, 0, 0],
							"uv": {
								"north": {"uv": [21, 34], "uv_size": [1, 2.5]},
								"east": {"uv": [27, 38], "uv_size": [0.5, 2.5]},
								"south": {"uv": [25, 35], "uv_size": [1, 2.5]},
								"west": {"uv": [28, 38], "uv_size": [0.5, 2.5]},
								"down": {"uv": [32, 39.5], "uv_size": [1, -0.5]}
							}
						},
						{
							"origin": [-1.57355, 8.72024, -0.36606],
							"size": [0.79561, 0.46296, 2.02094],
							"inflate": 0.001,
							"pivot": [-1.1445, 8.76422, 0.89441],
							"rotation": [0, 72.5, 0],
							"uv": {
								"north": {"uv": [39, 32], "uv_size": [1, 0.5]},
								"east": {"uv": [39, 1], "uv_size": [2, 0.5]},
								"west": {"uv": [2, 39], "uv_size": [2, 0.5]},
								"up": {"uv": [11, 36], "uv_size": [1, 2]},
								"down": {"uv": [22, 38], "uv_size": [1, -2]}
							}
						},
						{
							"origin": [-0.96875, 8.5625, -0.625],
							"size": [1.875, 0.6875, 8.375],
							"inflate": 0.001,
							"uv": {
								"east": {"uv": [29, 11], "uv_size": [8.5, 0.5]},
								"south": {"uv": [39, 2], "uv_size": [2, 0.5]},
								"west": {"uv": [29, 29], "uv_size": [8.5, 0.5]},
								"up": {"uv": [12, 10], "uv_size": [2, 8.5]},
								"down": {"uv": [14, 18.5], "uv_size": [2, -8.5]}
							}
						},
						{
							"origin": [-0.96875, 7.25, -0.125],
							"size": [1.875, 1.5625, 4.4375],
							"uv": {
								"north": {"uv": [33, 8], "uv_size": [2, 1.5]},
								"east": {"uv": [26, 12], "uv_size": [4.5, 1.5]},
								"south": {"uv": [25, 33], "uv_size": [2, 1.5]},
								"west": {"uv": [26, 14], "uv_size": [4.5, 1.5]},
								"down": {"uv": [24, 16.5], "uv_size": [2, -4.5]}
							}
						},
						{
							"origin": [-0.53125, 0.2397, -1.63006],
							"size": [1.0625, 4.25, 3.3125],
							"pivot": [0, 2.3647, 0.05744],
							"rotation": [-34.5, 0, 0],
							"uv": {
								"north": {"uv": [8, 29], "uv_size": [1, 4.5]},
								"east": {"uv": [18, 10], "uv_size": [3.5, 4.5]},
								"south": {"uv": [9, 29], "uv_size": [1, 4.5]},
								"west": {"uv": [18, 15], "uv_size": [3.5, 4.5]},
								"down": {"uv": [21, 33.5], "uv_size": [1, -3.5]}
							}
						},
						{
							"origin": [-0.53125, 3.55174, -0.39195],
							"size": [1.0625, 4.25, 3.5],
							"inflate": 0.001,
							"pivot": [-0.03125, 5.23924, 1.54555],
							"rotation": [-15.5, 0, 0],
							"uv": {
								"north": {"uv": [10, 29], "uv_size": [1, 4.5]},
								"east": {"uv": [12, 19], "uv_size": [3.5, 4.5]},
								"south": {"uv": [11, 29], "uv_size": [1, 4.5]},
								"west": {"uv": [18, 20], "uv_size": [3.5, 4.5]},
								"down": {"uv": [2, 35.5], "uv_size": [1, -3.5]}
							}
						},
						{
							"origin": [-0.96875, 7.37512, 3.81068],
							"size": [1.875, 1.75, 1.1875],
							"inflate": -0.001,
							"pivot": [-0.03125, 8.68762, 4.40443],
							"rotation": [-28, 0, 0],
							"uv": {
								"north": {"uv": [30, 33], "uv_size": [2, 1.5]},
								"east": {"uv": [16, 38], "uv_size": [1, 1.5]},
								"south": {"uv": [33, 31], "uv_size": [2, 1.5]},
								"west": {"uv": [17, 38], "uv_size": [1, 1.5]},
								"up": {"uv": [2, 38], "uv_size": [2, 1]}
							}
						},
						{
							"origin": [-0.96875, 8.56436, 0.16096],
							"size": [1.875, 1.5625, 1.375],
							"inflate": -0.001,
							"pivot": [-0.125, 9.34561, -0.43279],
							"rotation": [-60, 0, 0],
							"uv": {
								"east": {"uv": [16, 36], "uv_size": [1.5, 1.5]},
								"west": {"uv": [18, 36], "uv_size": [1.5, 1.5]},
								"down": {"uv": [32, 34.5], "uv_size": [2, -1.5]}
							}
						},
						{
							"origin": [-0.71875, 7.9695, 8.66375],
							"size": [1.4375, 0.8125, 1.375],
							"inflate": 0.001,
							"uv": {
								"north": {"uv": [18, 38], "uv_size": [1.5, 1]},
								"east": {"uv": [38, 18], "uv_size": [1.5, 1]},
								"south": {"uv": [38, 19], "uv_size": [1.5, 1]},
								"west": {"uv": [38, 20], "uv_size": [1.5, 1]},
								"down": {"uv": [36, 19.5], "uv_size": [1.5, -1.5]}
							}
						},
						{
							"origin": [-0.71875, 7.1875, 4.3125],
							"size": [1.4375, 1.4375, 4.5625],
							"uv": {
								"north": {"uv": [36, 20], "uv_size": [1.5, 1.5]},
								"east": {"uv": [23, 26], "uv_size": [4.5, 1.5]},
								"south": {"uv": [36, 26], "uv_size": [1.5, 1.5]},
								"west": {"uv": [27, 16], "uv_size": [4.5, 1.5]},
								"down": {"uv": [16, 31.5], "uv_size": [1.5, -4.5]}
							}
						},
						{
							"origin": [-0.375, 9.1875, -8.25],
							"size": [0.75, 1.125, 17.125],
							"uv": {
								"east": {"uv": [16, 0], "uv_size": [17, 1]},
								"west": {"uv": [16, 1], "uv_size": [17, 1]}
							}
						},
						{
							"origin": [-0.375, 8.5625, -16.4375],
							"size": [0.5625, 0.625, 8.8125],
							"pivot": [0, 8.78125, -12.03125],
							"rotation": [0, 0, 45],
							"uv": {
								"east": {"uv": [27, 22], "uv_size": [9, 0.5]},
								"west": {"uv": [29, 10], "uv_size": [9, 0.5]},
								"up": {"uv": [12, 29], "uv_size": [0.5, 9]},
								"down": {"uv": [13, 38], "uv_size": [0.5, -9]}
							}
						},
						{
							"origin": [-0.375, 9.4375, -10.9375],
							"size": [0.5625, 0.625, 3.3125],
							"pivot": [0, 9.65625, -12.03125],
							"rotation": [0, 0, 45],
							"uv": {
								"north": {"uv": [1, 40], "uv_size": [0.5, 0.5]},
								"east": {"uv": [9, 38], "uv_size": [3.5, 0.5]},
								"west": {"uv": [38, 10], "uv_size": [3.5, 0.5]},
								"up": {"uv": [29, 36], "uv_size": [0.5, 3.5]},
								"down": {"uv": [13, 41.5], "uv_size": [0.5, -3.5]}
							}
						},
						{
							"origin": [-0.5846, 8.4375, -19.1875],
							"size": [0.9375, 0.9375, 2.75],
							"pivot": [-0.0221, 8.78125, -20.84375],
							"rotation": [0, 0, 45],
							"uv": {
								"north": {"uv": [26, 16], "uv_size": [1, 1]},
								"east": {"uv": [32, 28], "uv_size": [3, 1]},
								"south": {"uv": [7, 33], "uv_size": [1, 1]},
								"west": {"uv": [7, 34], "uv_size": [3, 1]},
								"up": {"uv": [22, 33], "uv_size": [1, 3]},
								"down": {"uv": [27, 36], "uv_size": [1, -3]}
							}
						},
						{
							"origin": [-0.5221, 8.5, -11.625],
							"size": [0.8125, 0.8125, 2.75],
							"pivot": [-0.0221, 8.78125, -13.28125],
							"rotation": [0, 0, 45],
							"uv": {
								"north": {"uv": [20, 36], "uv_size": [1, 1]},
								"east": {"uv": [34, 13], "uv_size": [3, 1]},
								"west": {"uv": [34, 14], "uv_size": [3, 1]},
								"up": {"uv": [0, 34], "uv_size": [1, 3]},
								"down": {"uv": [1, 37], "uv_size": [1, -3]}
							}
						},
						{
							"origin": [-1.32583, 8.0625, -0.625],
							"size": [2.65166, 1.35355, 0.375],
							"uv": {
								"north": {"uv": [30, 8], "uv_size": [2.5, 1.5]},
								"east": {"uv": [39, 25], "uv_size": [0.5, 1.5]},
								"south": {"uv": [18, 30], "uv_size": [2.5, 1.5]},
								"west": {"uv": [26, 39], "uv_size": [0.5, 1.5]},
								"down": {"uv": [38, 34.5], "uv_size": [2.5, -0.5]}
							}
						},
						{
							"origin": [-1.1875, 8.375, -0.625],
							"size": [1.875, 1.875, 0.375],
							"pivot": [0, 9.0625, -0.4375],
							"rotation": [0, 0, 45],
							"uv": {
								"north": {"uv": [2, 30], "uv_size": [2, 2]},
								"east": {"uv": [30, 38], "uv_size": [0.5, 2]},
								"south": {"uv": [4, 30], "uv_size": [2, 2]},
								"up": {"uv": [39, 3], "uv_size": [2, 0.5]}
							}
						},
						{
							"origin": [-0.5, 10.3125, -8.25],
							"size": [1, 0.3125, 17.125],
							"uv": {
								"east": {"uv": [24, 4], "uv_size": [17, 0.5]},
								"west": {"uv": [24, 5], "uv_size": [17, 0.5]},
								"up": {"uv": [16, 10], "uv_size": [1, 17]},
								"down": {"uv": [17, 27], "uv_size": [1, -17]}
							}
						},
						{
							"origin": [-0.5, 10.3125, -16.025],
							"size": [1, 0.3125, 5.05],
							"uv": {
								"east": {"uv": [35, 9], "uv_size": [5, 0.5]},
								"west": {"uv": [35, 28], "uv_size": [5, 0.5]},
								"up": {"uv": [28, 26], "uv_size": [1, 5]},
								"down": {"uv": [27, 33], "uv_size": [1, -5]}
							}
						},
						{
							"origin": [-0.71875, 5.625, 6.9375],
							"size": [1.4375, 1.5625, 1.9375],
							"inflate": 0.001,
							"uv": {
								"north": {"uv": [27, 36], "uv_size": [1.5, 1.5]},
								"east": {"uv": [10, 34], "uv_size": [2, 1.5]},
								"south": {"uv": [36, 33], "uv_size": [1.5, 1.5]},
								"west": {"uv": [34, 18], "uv_size": [2, 1.5]},
								"up": {"uv": [34, 20], "uv_size": [1.5, 2]},
								"down": {"uv": [34, 28], "uv_size": [1.5, -2]}
							}
						},
						{
							"origin": [0, 5.5625, 4.25],
							"size": [0, 1.625, 3.0625],
							"uv": {
								"east": {"uv": [29, 25], "uv_size": [3, 1.5]},
								"west": {"uv": [29, 27], "uv_size": [3, 1.5]}
							}
						},
						{
							"origin": [-0.71875, 2.07198, 7.57517],
							"size": [1.4375, 4.8125, 2],
							"pivot": [0, 5.19698, 8.51267],
							"rotation": [24, 0, 0],
							"uv": {
								"north": {"uv": [18, 25], "uv_size": [1.5, 5]},
								"east": {"uv": [22, 19], "uv_size": [2, 5]},
								"south": {"uv": [20, 25], "uv_size": [1.5, 5]},
								"west": {"uv": [12, 24], "uv_size": [2, 5]},
								"down": {"uv": [28, 36], "uv_size": [1.5, -2]}
							}
						},
						{
							"origin": [-0.71875, 6.57, 8.34131],
							"size": [1.4375, 2.25, 1],
							"inflate": -0.001,
							"pivot": [0, 7.28875, 8.34131],
							"rotation": [-35, 0, 0],
							"uv": {
								"east": {"uv": [26, 35], "uv_size": [1, 2.5]},
								"south": {"uv": [6, 30], "uv_size": [1.5, 2.5]},
								"west": {"uv": [30, 35], "uv_size": [1, 2.5]}
							}
						},
						{
							"origin": [-1.0625, 8.4375, 20.1875],
							"size": [2.125, 1.625, 0.8125],
							"uv": {
								"north": {"uv": [34, 33], "uv_size": [2, 1.5]},
								"east": {"uv": [38, 21], "uv_size": [1, 1.5]},
								"south": {"uv": [35, 0], "uv_size": [2, 1.5]},
								"west": {"uv": [22, 38], "uv_size": [1, 1.5]},
								"up": {"uv": [4, 38], "uv_size": [2, 1]},
								"down": {"uv": [7, 39], "uv_size": [2, -1]}
							}
						},
						{
							"origin": [0.83801, 5.68566, 19.92455],
							"size": [-0.98521, 0.98521, 0.81467],
							"pivot": [-1.2208, 6.018, 20.3308],
							"rotation": [-5.31847, 5.29571, 44.75386],
							"uv": {
								"north": {"uv": [8, 39], "uv_size": [1, 1]},
								"east": {"uv": [9, 39], "uv_size": [1, 1]},
								"south": {"uv": [10, 39], "uv_size": [1, 1]},
								"west": {"uv": [11, 39], "uv_size": [1, 1]},
								"up": {"uv": [12, 39], "uv_size": [1, 1]},
								"down": {"uv": [39, 13], "uv_size": [1, -1]}
							}
						},
						{
							"origin": [-0.07258, 5.10274, 20.11825],
							"size": [1.0625, 3.5, 0.8125],
							"pivot": [-0.07258, 7.85274, 20.5245],
							"rotation": [-6.46469, 0.67799, 5.96171],
							"uv": {
								"north": {"uv": [3, 32], "uv_size": [1, 3.5]},
								"south": {"uv": [4, 32], "uv_size": [1, 3.5]},
								"west": {"uv": [5, 32], "uv_size": [1, 3.5]},
								"up": {"uv": [39, 13], "uv_size": [1, 1]},
								"down": {"uv": [39, 15], "uv_size": [1, -1]}
							}
						},
						{
							"origin": [-0.98992, 5.10274, 20.11825],
							"size": [1.0625, 3.5, 0.8125],
							"pivot": [0.07258, 7.85274, 20.5245],
							"rotation": [-6.46469, -0.67799, -5.96171],
							"uv": {
								"north": {"uv": [16, 32], "uv_size": [1, 3.5]},
								"east": {"uv": [17, 32], "uv_size": [1, 3.5]},
								"south": {"uv": [18, 32], "uv_size": [1, 3.5]},
								"up": {"uv": [39, 16], "uv_size": [1, 1]},
								"down": {"uv": [39, 18], "uv_size": [1, -1]}
							}
						},
						{
							"origin": [-1, 8.4375, 13.25],
							"size": [2, 0.875, 6.9375],
							"uv": {
								"north": {"uv": [38, 8], "uv_size": [2, 1]},
								"east": {"uv": [25, 2], "uv_size": [7, 1]},
								"west": {"uv": [25, 3], "uv_size": [7, 1]}
							}
						},
						{
							"origin": [-0.4375, 8.125, 9.75],
							"size": [1.25, 1.25, 3.5625],
							"pivot": [0, 8.5625, 13.71875],
							"rotation": [0, 0, -45],
							"uv": {
								"north": {"uv": [0, 37], "uv_size": [1.5, 1.5]},
								"east": {"uv": [27, 18], "uv_size": [3.5, 1.5]},
								"south": {"uv": [37, 0], "uv_size": [1.5, 1.5]},
								"west": {"uv": [27, 20], "uv_size": [3.5, 1.5]},
								"up": {"uv": [28, 6], "uv_size": [1.5, 3.5]},
								"down": {"uv": [23, 31.5], "uv_size": [1.5, -3.5]}
							}
						},
						{
							"origin": [-0.5, 7.75, 9.75],
							"size": [1, 0.625, 3.5625],
							"uv": {
								"east": {"uv": [38, 11], "uv_size": [3.5, 0.5]},
								"west": {"uv": [38, 15], "uv_size": [3.5, 0.5]},
								"up": {"uv": [19, 32], "uv_size": [1, 3.5]},
								"down": {"uv": [20, 35.5], "uv_size": [1, -3.5]}
							}
						},
						{
							"origin": [-0.65625, 6.5625, 13.25],
							"size": [1.3125, 0.5, 7.25],
							"inflate": 0.001,
							"pivot": [-0.03125, 7, 16.71875],
							"rotation": [-25, 0, 0],
							"uv": {
								"east": {"uv": [29, 30], "uv_size": [7.5, 0.5]},
								"south": {"uv": [39, 27], "uv_size": [1.5, 0.5]},
								"west": {"uv": [31, 12], "uv_size": [7.5, 0.5]},
								"up": {"uv": [2, 22], "uv_size": [1.5, 7.5]},
								"down": {"uv": [4, 29.5], "uv_size": [1.5, -7.5]}
							}
						},
						{
							"origin": [-0.65625, 7.75, 13.25],
							"size": [1.3125, 0.625, 7.1875],
							"inflate": 0.001,
							"uv": {
								"north": {"uv": [39, 30], "uv_size": [1.5, 0.5]},
								"east": {"uv": [31, 15], "uv_size": [7, 0.5]},
								"west": {"uv": [32, 2], "uv_size": [7, 0.5]},
								"up": {"uv": [8, 22], "uv_size": [1.5, 7]},
								"down": {"uv": [10, 29], "uv_size": [1.5, -7]}
							}
						},
						{
							"origin": [-0.30059, 7.37749, 13.25],
							"size": [0.92808, 0.92808, 7.1875],
							"pivot": [-0.02876, 7.99307, 16.625],
							"rotation": [0, 0, 45],
							"uv": {
								"north": {"uv": [18, 39], "uv_size": [1, 1]},
								"south": {"uv": [19, 39], "uv_size": [1, 1]},
								"west": {"uv": [22, 25], "uv_size": [7, 1]},
								"down": {"uv": [22, 33], "uv_size": [1, -7]}
							}
						},
						{
							"origin": [-0.32813, 7.40625, 13.25],
							"size": [0.65626, 0.34375, 7.1875],
							"uv": {
								"north": {"uv": [2, 40], "uv_size": [0.5, 0.5]},
								"east": {"uv": [32, 3], "uv_size": [7, 0.5]},
								"west": {"uv": [32, 16], "uv_size": [7, 0.5]},
								"down": {"uv": [23, 39], "uv_size": [0.5, -7]}
							}
						},
						{
							"origin": [-0.44297, 7.57885, 13.25],
							"size": [1.41421, 1.41422, 7.375],
							"pivot": [0.31499, 8.68057, 16.8125],
							"rotation": [0, 0, 45],
							"uv": {
								"north": {"uv": [37, 13], "uv_size": [1.5, 1.5]},
								"south": {"uv": [20, 37], "uv_size": [1.5, 1.5]},
								"west": {"uv": [16, 4], "uv_size": [7.5, 1.5]},
								"down": {"uv": [6, 29.5], "uv_size": [1.5, -7.5]}
							}
						},
						{
							"origin": [-0.43068, 8.73353, 13.25],
							"size": [1.41421, 1.41422, 6.9375],
							"pivot": [-0.01647, 9.71025, 16.84375],
							"rotation": [0, 0, 45],
							"uv": {
								"north": {"uv": [37, 30], "uv_size": [1.5, 1.5]},
								"east": {"uv": [22, 10], "uv_size": [7, 1.5]},
								"south": {"uv": [31, 37], "uv_size": [1.5, 1.5]},
								"up": {"uv": [22, 12], "uv_size": [1.5, 7]}
							}
						},
						{
							"origin": [-1.00027, 8.48641, -0.625],
							"size": [1.32583, 1.32582, 8.375],
							"pivot": [-0.06277, 8.83016, 3.65625],
							"rotation": [0, 0, 45],
							"uv": {
								"east": {"uv": [16, 2], "uv_size": [8.5, 1.5]},
								"up": {"uv": [0, 22], "uv_size": [1.5, 8.5]}
							}
						},
						{
							"origin": [-1.02363, 7.81949, 7.70662],
							"size": [1.46197, 1.46197, 2.25],
							"pivot": [0.00225, 8.25877, 6.05037],
							"rotation": [0, 0, 45],
							"uv": {
								"north": {"uv": [33, 37], "uv_size": [1.5, 1.5]},
								"south": {"uv": [35, 37], "uv_size": [1.5, 1.5]},
								"west": {"uv": [31, 13], "uv_size": [2.5, 1.5]},
								"down": {"uv": [0, 33.5], "uv_size": [1.5, -2.5]}
							}
						},
						{
							"origin": [-1.0272, 8.44806, 7.70662],
							"size": [1.46197, 1.46197, 2.25],
							"pivot": [0.00225, 8.88377, 6.05037],
							"rotation": [0, 0, 45],
							"uv": {
								"north": {"uv": [37, 35], "uv_size": [1.5, 1.5]},
								"east": {"uv": [31, 18], "uv_size": [2.5, 1.5]},
								"south": {"uv": [37, 37], "uv_size": [1.5, 1.5]},
								"up": {"uv": [28, 31], "uv_size": [1.5, 2.5]}
							}
						},
						{
							"origin": [-0.335, 9.5, 13.25],
							"size": [0.67, 0.47671, 6.9375],
							"uv": {
								"north": {"uv": [3, 40], "uv_size": [0.5, 0.5]},
								"east": {"uv": [32, 17], "uv_size": [7, 0.5]},
								"south": {"uv": [4, 40], "uv_size": [0.5, 0.5]},
								"west": {"uv": [32, 25], "uv_size": [7, 0.5]},
								"up": {"uv": [24, 32], "uv_size": [0.5, 7]},
								"down": {"uv": [6, 40], "uv_size": [0.5, -7]}
							}
						}
					]
				},
				{
					"name": "group",
					"parent": "lod",
					"pivot": [0, 0, -7],
					"cubes": [
						{
							"origin": [-0.61709, 10.28081, -15.97852],
							"size": [1.23418, 0.72533, 1.17601],
							"inflate": -0.0025,
							"uv": {
								"north": {"uv": [33, 39], "uv_size": [1, 0.5]},
								"east": {"uv": [34, 39], "uv_size": [1, 0.5]},
								"south": {"uv": [35, 39], "uv_size": [1, 0.5]},
								"west": {"uv": [39, 35], "uv_size": [1, 0.5]},
								"up": {"uv": [4, 39], "uv_size": [1, 1]}
							}
						},
						{
							"origin": [-0.46885, 10.86788, -15.37446],
							"size": [0.9377, 0.92834, 0.6875],
							"pivot": [0, 11.39455, -14.72547],
							"rotation": [0, 0, 27.5],
							"uv": {
								"north": {"uv": [5, 39], "uv_size": [1, 1]},
								"east": {"uv": [36, 39], "uv_size": [0.5, 1]},
								"south": {"uv": [7, 39], "uv_size": [1, 1]},
								"west": {"uv": [39, 36], "uv_size": [0.5, 1]},
								"up": {"uv": [37, 39], "uv_size": [1, 0.5]},
								"down": {"uv": [39, 37.5], "uv_size": [1, -0.5]}
							}
						}
					]
				},
				{
					"name": "sight",
					"parent": "lod",
					"pivot": [0, 10.93731, 7.80037],
					"cubes": [
						{
							"origin": [-0.53135, 9.90606, 7.05037],
							"size": [1.0627, 1.05334, 1.23548],
							"pivot": [0, 10.93731, 7.80037],
							"rotation": [45, 0, 0],
							"uv": {
								"north": {"uv": [20, 39], "uv_size": [1, 1]},
								"east": {"uv": [21, 39], "uv_size": [1, 1]},
								"west": {"uv": [39, 21], "uv_size": [1, 1]},
								"up": {"uv": [39, 22], "uv_size": [1, 1]}
							}
						},
						{
							"origin": [-0.53135, 10.24288, 8.12804],
							"size": [1.0627, 1.05334, 1.29798],
							"uv": {
								"east": {"uv": [38, 24], "uv_size": [1.5, 1]},
								"south": {"uv": [23, 39], "uv_size": [1, 1]},
								"west": {"uv": [25, 38], "uv_size": [1.5, 1]},
								"up": {"uv": [38, 26], "uv_size": [1, 1.5]}
							}
						},
						{
							"origin": [-0.46885, 11.11788, 8.12804],
							"size": [0.9377, 0.92834, 0.6875],
							"pivot": [0, 11.64455, 8.77703],
							"rotation": [0, 0, 27.5],
							"uv": {
								"north": {"uv": [24, 39], "uv_size": [1, 1]},
								"east": {"uv": [38, 39], "uv_size": [0.5, 1]},
								"south": {"uv": [25, 39], "uv_size": [1, 1]},
								"west": {"uv": [39, 38], "uv_size": [0.5, 1]},
								"up": {"uv": [39, 39], "uv_size": [1, 0.5]},
								"down": {"uv": [0, 40.5], "uv_size": [1, -0.5]}
							}
						}
					]
				},
				{
					"name": "grip_pos",
					"parent": "lod",
					"pivot": [0, 6.53125, -7.35937]
				},
				{
					"name": "scope_pos",
					"parent": "lod",
					"pivot": [0, 10.53125, 4.64063]
				},
				{
					"name": "laser_pos",
					"parent": "lod",
					"pivot": [-1.375, 8.76563, -13.28125],
					"rotation": [0, 0, -90]
				},
				{
					"name": "muzzle_pos",
					"parent": "lod",
					"pivot": [0, 8.95313, -16.5]
				},
				{
					"name": "handguard",
					"parent": "lod",
					"pivot": [0, 8.48, -8.1675],
					"cubes": [
						{
							"origin": [-1.4, 7.08, -16],
							"size": [2.8, 2.8, 15.415],
							"pivot": [0, 8.48, -8.1675],
							"rotation": [0, 0, 45],
							"uv": {
								"north": {"uv": [24, 17], "uv_size": [3, 3]},
								"east": {"uv": [0, 0], "uv_size": [15.5, 3]},
								"south": {"uv": [24, 20], "uv_size": [3, 3]},
								"west": {"uv": [0, 3], "uv_size": [15.5, 3]},
								"up": {"uv": [0, 6], "uv_size": [3, 15.5]},
								"down": {"uv": [3, 21.5], "uv_size": [3, -15.5]}
							}
						},
						{
							"origin": [-1.305, 7.845, -16],
							"size": [2.61, 1.295, 15.415],
							"uv": {
								"north": {"uv": [31, 20], "uv_size": [2.5, 1.5]},
								"east": {"uv": [12, 6], "uv_size": [15.5, 1.5]},
								"south": {"uv": [30, 31], "uv_size": [2.5, 1.5]},
								"west": {"uv": [12, 8], "uv_size": [15.5, 1.5]},
								"up": {"uv": [6, 6], "uv_size": [2.5, 15.5]},
								"down": {"uv": [9, 21.5], "uv_size": [2.5, -15.5]}
							}
						},
						{
							"origin": [-0.335, 6.845, -16],
							"size": [0.67, 0.325, 15.415],
							"uv": {
								"north": {"uv": [5, 40], "uv_size": [0.5, 0.5]},
								"east": {"uv": [22, 24], "uv_size": [15.5, 0.5]},
								"south": {"uv": [6, 40], "uv_size": [0.5, 0.5]},
								"west": {"uv": [24, 23], "uv_size": [15.5, 0.5]},
								"up": {"uv": [14, 24], "uv_size": [0.5, 15.5]},
								"down": {"uv": [15, 39.5], "uv_size": [0.5, -15.5]}
							}
						}
					]
				},
				{
					"name": "positioning",
					"pivot": [0, 0, 0]
				},
				{
					"name": "thirdperson_hand",
					"parent": "positioning",
					"pivot": [0, 6.8875, 6.75]
				},
				{
					"name": "ground",
					"parent": "positioning",
					"pivot": [0, -5, 0]
				},
				{
					"name": "fixed",
					"parent": "positioning",
					"pivot": [1.3125, 8.75, -1],
					"rotation": [0, 90, 0]
				},
				{
					"name": "shell",
					"parent": "positioning",
					"pivot": [-0.46563, 9.34375, 1.70313],
					"rotation": [0, 10, 0]
				},
				{
					"name": "muzzle_flash",
					"parent": "positioning",
					"pivot": [0, 8.95313, -20]
				}
			]
		}
	]
}