{
  "ammo": "tacz:12g",
  "rpm": 200,
  "bullet": {
    "life": 1,
    "bullet_amount": 12,
    "damage": 120,
    "tracer_count_interval": 0,
    "extra_damage": {
      "armor_ignore": 0,
      "head_shot_multiplier": 2.5,
      "damage_adjust": [
        {"distance": 25, "damage": 120},
        {"distance": 40, "damage": 35},
        {"distance": "infinite", "damage": 12}
      ]
    },
    "speed": 155,
    "gravity": 0.15,
    "knockback": 0.8,
    "friction": 0.035,
    "ignite": false,
    "pierce": 1
  },
  "ammo_amount": 14,
  "extended_mag_ammo_amount": [
    14,
    14,
    14
  ],
  "bolt": "open_bolt",
  "reload": {
    "type": "magazine",
    "feed": {
      "empty": 3.75,
      "tactical": 2.79
    },
    "cooldown": {
      "empty": 4.5,
      "tactical": 3.63
    }
  },
  "script": "bnw:m1887_gun_logic",
  "script_param": {
    "bolt_time": 0.8
  },
  "draw_time": 0.63,
  "put_away_time": 0.28,
  "aim_time": 0.16,
  "sprint_time": 0.05,
  "bolt_action_time": 1,
  "weight": 1.2,
  "movement_speed": {
    "base": 0.0,
    "aim": 0,
    "reload": 0.1
  },
  "crawl_recoil_multiplier": 0.5,
  "fire_mode": [
    "semi"
  ],
  "allow_attachment_types": [
    "extended_mag"
  ],
  "recoil": {
    "pitch": [
      {"time": 0, "value": [5.5, 5.5]},
      {"time": 0.1, "value": [4.5, 4.5]},
      {"time": 0.13, "value": [5, 5]},
      {"time": 0.4, "value": [-0.5, -0.5]},
      {"time": 0.53, "value": [0.25, 0.25]},
      {"time": 0.65, "value": [0, 0]},
      {"time": 0.7, "value": [0, 0]}
    ],
    "yaw": [
      {"time": 0, "value": [-1.75, -1.75]},
      {"time": 0.1, "value": [-1.5, -1.5]},
      {"time": 0.5, "value": [0.15, 0.15]},
      {"time": 0.65, "value": [0, 0]}
    ]
  },
  "inaccuracy": {
    "stand": 12.0,
    "move": 12.25,
    "sneak": 11.25,
    "lie": 10.75,
    "aim": 10.175
  }
}