{
	"format_version": "1.8.0",
	"animations": {
		"static_idle": {
			"loop": true,
			"animation_length": 1000,
			"bones": {
				"mag_and_lefthand": {
					"rotation": [0, -90, -90],
					"position": [0, -11, -10]
				},
				"lefthand": {
					"rotation": [45, 0, 0],
					"position": [1.75, -5.25, -0.25],
					"scale": 1
				},
				"gun_and_righthand": {
					"rotation": [-54.90206, -9.15305, 3.30489],
					"position": [-6, 10, -12]
				},
				"righthand": {
					"rotation": [100, -360, -180],
					"position": [-6.75, -12, 2]
				},
				"Blitz_Shield": {
					"rotation": [90, 0, 90],
					"position": [-6.5, -8.1, 18.5]
				}
			}
		},
		"put_away": {
			"loop": "hold_on_last_frame",
			"animation_length": 0.5,
			"bones": {
				"mag_and_lefthand": {
					"rotation": {
						"0.0": [0, -90, -90],
						"0.5": [20.94102, -40.78947, -177.86119]
					},
					"position": {
						"0.0": [0, -11, -10],
						"0.5": [20, -28, -10]
					}
				},
				"lefthand": {
					"rotation": [45, 0, 0],
					"position": [1.75, -5.25, -0.25],
					"scale": 1
				},
				"Blitz_Shield": {
					"rotation": [90, 0, 90],
					"position": [-6.5, -8.1, 18.5]
				},
				"gun_and_righthand": {
					"rotation": {
						"0.0": [-54.90206, -9.15305, 3.30489],
						"0.5": [38.58406, 23.8351, 11.26053]
					},
					"position": {
						"0.0": [-6, 10, -12],
						"0.5": [-16, -9, 11]
					}
				},
				"righthand": {
					"rotation": [100, -360, -180],
					"position": [-6.75, -12, 2]
				}
			},
			"sound_effects": {
				"0.0": {
					"effect": "tacz:cz75/cz75_drop"
				}
			}
		},
		"reload_tactical": {
			"loop": "hold_on_last_frame",
			"animation_length": 2.5,
			"bones": {
				"mag_and_lefthand": {
					"rotation": [0, -90, -90],
					"position": [0, -11, -10]
				},
				"lefthand": {
					"rotation": [45, 0, 0],
					"position": [1.75, -5.25, -0.25],
					"scale": 1
				},
				"Blitz_Shield": {
					"rotation": [90, 0, 90],
					"position": [-6.5, -8.1, 18.5]
				},
				"gun_and_righthand": {
					"rotation": {
						"0.0": [-54.90206, -9.15305, 3.30489],
						"0.5": [-14.71969, 79.27937, 151.27822],
						"2.0": [-14.71969, 79.27937, 151.27822],
						"2.5": [-54.90206, -9.15305, 3.30489]
					},
					"position": {
						"0.0": [-6, 10, -12],
						"0.25": [-8, 22.5, -8],
						"0.5": [4, 25, -4],
						"2.0": [4, 25, -4],
						"2.25": [-8, 22.5, -8],
						"2.5": [-6, 10, -12]
					}
				},
				"righthand": {
					"rotation": {
						"0.4167": [100, -360, -180],
						"0.5": [94.14581, -383.19312, -249.4436],
						"0.5833": [94.14581, -383.19312, -249.4436],
						"1.0": [26.64581, -383.19312, -249.4436],
						"1.25": [26.64581, -383.19312, -249.4436],
						"1.75": [94.14581, -383.19312, -249.4436],
						"2.0": [94.14581, -383.19312, -249.4436],
						"2.125": [100, -360, -180]
					},
					"position": {
						"0.4167": [-6.75, -12, 2],
						"0.5": [-6.75, -16, 2],
						"0.5833": [-6.75, -16, 2],
						"0.75": [-6.75, -26, 11],
						"1.0": [-6.75, -7, 19],
						"1.25": [-6.75, -7, 19],
						"1.5": [-6.75, -26, 11],
						"1.75": [-6.75, -16, 2],
						"2.0": [-6.75, -16, 2],
						"2.125": [-6.75, -12, 2]
					}
				},
				"magazine": {
					"rotation": {
						"0.5833": [0, 0, 0],
						"0.6667": [-12.29044, -0.34607, 2.29487],
						"0.75": [17.16579, 1.28324, -2.97873],
						"1.5": [17.16579, 1.28324, -2.97873],
						"1.5833": [-12.29044, -0.34607, 2.29487],
						"1.6667": [0, 0, 0]
					},
					"position": {
						"0.5833": [0, 0, 0],
						"0.625": [0, -3.5, 1.25],
						"0.6667": [0, -5, 1.5],
						"0.75": [0, -13, 5.5],
						"0.7917": [0, -6.33, 7.33],
						"0.8333": [0, -6.16, 8.67],
						"0.875": [0, -2, 10],
						"1.0": [0, 7, 14.5],
						"1.25": [0, 7, 14.5],
						"1.375": [0, -2, 10],
						"1.4167": [0, -6.16, 8.67],
						"1.4583": [0, -6.33, 7.33],
						"1.5": [0, -13, 5.5],
						"1.5833": [0, -5, 1.5],
						"1.625": [0, -3.5, 1.25],
						"1.6667": [0, 0, 0]
					}
				}
			},
			"sound_effects": {
				"0.0": {
					"effect": "tacz:cz75/cz75_reload_raise"
				},
				"0.5": {
					"effect": "tacz:cz75/cz75_reload_magout"
				},
				"0.8333": {
					"effect": "tacz:cz75/cz75_reload_maghit"
				},
				"1.5833": {
					"effect": "tacz:cz75/cz75_reload_magin"
				},
				"1.9167": {
					"effect": "tacz:cz75/cz75_reload_fast_end"
				}
			}
		},
		"draw": {
			"loop": "hold_on_last_frame",
			"animation_length": 0.5,
			"bones": {
				"mag_and_lefthand": {
					"rotation": {
						"0.0": [20.94102, -40.78947, -177.86119],
						"0.5": [0, -90, -90]
					},
					"position": {
						"0.0": [20, -28, -10],
						"0.5": [0, -11, -10]
					}
				},
				"lefthand": {
					"rotation": [45, 0, 0],
					"position": [1.75, -5.25, -0.25],
					"scale": 1
				},
				"Blitz_Shield": {
					"rotation": [90, 0, 90],
					"position": [-6.5, -8.1, 18.5]
				},
				"gun_and_righthand": {
					"rotation": {
						"0.0": [38.58406, 23.8351, 11.26053],
						"0.5": [-54.90206, -9.15305, 3.30489]
					},
					"position": {
						"0.0": [-16, -9, 11],
						"0.5": [-6, 10, -12]
					}
				},
				"righthand": {
					"rotation": [100, -360, -180],
					"position": [-6.75, -12, 2]
				}
			}
		},
		"melee_1": {
			"animation_length": 0.375,
			"bones": {
				"root": {
					"rotation": {
						"0.0": [0, 0, 0],
						"0.0833": [7.5, 0, 0],
						"0.1667": [-17.5, 0, 0],
						"0.2083": {
							"pre": [1.25, 0, 0],
							"post": [1.25, 0, 0],
							"lerp_mode": "catmullrom"
						},
						"0.25": {
							"post": [11.25, 0, 0],
							"lerp_mode": "catmullrom"
						},
						"0.375": [0, 0, 0]
					},
					"position": {
						"0.0": [0, 0, 0],
						"0.0833": [0, 2.5, 1.5],
						"0.1667": [0, 0.5, -2],
						"0.2083": {
							"pre": [0, 0.5, -6],
							"post": [0, 0.5, -6],
							"lerp_mode": "catmullrom"
						},
						"0.25": {
							"post": [0, 0.5, -6],
							"lerp_mode": "catmullrom"
						},
						"0.375": [0, 0, 0]
					}
				}
			}
		},
		"shoot": {
			"loop": true,
			"animation_length": 0.5833,
			"bones": {
				"root": {
					"rotation": {
						"0.0": {
							"post": [0, 0, 0],
							"lerp_mode": "catmullrom"
						},
						"0.0417": {
							"post": [-1.29884, 0.07625, 0.87167],
							"lerp_mode": "catmullrom"
						},
						"0.0833": {
							"post": [-2.47912, -0.65352, -1.36399],
							"lerp_mode": "catmullrom"
						},
						"0.125": {
							"post": [0.42126, -0.4926, -0.51093],
							"lerp_mode": "catmullrom"
						},
						"0.2083": {
							"post": [0.325, 0.1, 0],
							"lerp_mode": "catmullrom"
						},
						"0.2917": {
							"post": [-0.35021, -0.04847, 0.12499],
							"lerp_mode": "catmullrom"
						},
						"0.4167": {
							"post": [0.025, 0.065, 0.05],
							"lerp_mode": "catmullrom"
						},
						"0.5833": {
							"post": [0, 0, 0],
							"lerp_mode": "catmullrom"
						}
					},
					"position": {
						"0.0": {
							"post": [0, 0, 0],
							"lerp_mode": "catmullrom"
						},
						"0.0417": {
							"post": [0, -0.2225, 0.975],
							"lerp_mode": "catmullrom"
						},
						"0.0833": {
							"post": [0, 0.175, -0.175],
							"lerp_mode": "catmullrom"
						},
						"0.125": {
							"post": [0, 0.0625, 0.2625],
							"lerp_mode": "catmullrom"
						},
						"0.2083": {
							"post": [0, -0.1, 0.075],
							"lerp_mode": "catmullrom"
						},
						"0.2917": {
							"post": [0.0125, -0.025, 0.125],
							"lerp_mode": "catmullrom"
						},
						"0.4167": {
							"post": [0, -0.005, -0.015],
							"lerp_mode": "catmullrom"
						},
						"0.5833": {
							"post": [0, 0, 0],
							"lerp_mode": "catmullrom"
						}
					}
				},
				"hammer": {
					"rotation": [0, 0, 0]
				},
				"slide": {
					"position": {
						"0.0": [0, 0, 0],
						"0.0417": [0, 0, 2],
						"0.0833": [0, 0, 0]
					}
				},
				"camera": {
					"rotation": {
						"0.0": {
							"post": [0, 0, 0],
							"lerp_mode": "catmullrom"
						},
						"0.0417": {
							"post": [0, 0, -0.7],
							"lerp_mode": "catmullrom"
						},
						"0.0833": {
							"post": [0, 0, 0.6],
							"lerp_mode": "catmullrom"
						},
						"0.125": {
							"post": [0, 0, -0.3],
							"lerp_mode": "catmullrom"
						},
						"0.2083": {
							"post": [0, 0, 0.35],
							"lerp_mode": "catmullrom"
						},
						"0.2917": {
							"post": [0, 0, -0.15],
							"lerp_mode": "catmullrom"
						},
						"0.375": {
							"post": [0, 0, 0],
							"lerp_mode": "catmullrom"
						}
					}
				},
				"barrel_group": {
					"rotation": {
						"0.0": [0, 0, 0],
						"0.0417": [-2.5, 0, 0],
						"0.0833": [0, 0, 0]
					},
					"position": {
						"0.0": [0, 0, 0],
						"0.0417": [0, -0.225, 0],
						"0.0833": [0, 0, 0]
					}
				},
				"bullet_in_chamber": {
					"rotation": {
						"0.0417": [0, 0, 0],
						"0.0833": [0, 0, 0]
					},
					"position": [0, 0, 0],
					"scale": {
						"0.0": [0, 0, 0],
						"0.0417": [0, 0, 0],
						"0.0833": [1, 1, 1]
					}
				},
				"constraint": {
					"rotation": {
						"0.0833": [0.15, 0.3, 0.3],
						"0.2083": [0, 0, 0]
					},
					"position": {
						"0.0833": [0.2, 0.2, 0.3],
						"0.2083": [0, 0, 0]
					}
				},
				"gun_and_righthand": {
					"rotation": {
						"0.0": [0, 0, 0],
						"0.0417": [-5, 0, 0],
						"0.1667": [0, 0, 0]
					},
					"position": {
						"0.0": [0, 0, 0],
						"0.0417": [0, 1, 1],
						"0.1667": [0, 0, 0]
					}
				}
			}
		},
		"idle": {
			"animation_length": 7.2667,
			"bones": {
				"root": {
					"rotation": {
						"0.0": [0, 0, 0],
						"0.0333": [0, 0, -0.04],
						"0.0667": [0, 0, -0.1],
						"0.1": [0, 0, -0.17],
						"0.1333": [0, 0, -0.23],
						"0.1667": [0, 0, -0.26],
						"0.2": [0.01, 0, -0.26],
						"0.2333": [0.02, 0, -0.23],
						"0.2667": [0.03, 0, -0.2],
						"0.3": [0.04, 0, -0.16],
						"0.3333": [0.05, 0, -0.14],
						"0.3667": [0.06, 0, -0.12],
						"0.4": [0.06, 0, -0.13],
						"0.4333": [0.06, 0, -0.14],
						"0.4667": [0.06, 0, -0.16],
						"0.5": [0.06, 0, -0.19],
						"0.5333": [0.06, 0, -0.21],
						"0.5667": [0.06, 0, -0.24],
						"0.6": [0.06, 0, -0.26],
						"0.6333": [0.06, 0, -0.27],
						"0.6667": [0.06, 0, -0.27],
						"0.7": [0.06, 0, -0.27],
						"0.7333": [0.06, 0, -0.25],
						"0.7667": [0.05, 0, -0.22],
						"0.8": [0.05, 0, -0.19],
						"0.8333": [0.05, 0, -0.15],
						"0.8667": [0.04, 0, -0.1],
						"0.9": [0.04, 0, -0.06],
						"0.9333": [0.04, 0, -0.01],
						"0.9667": [0.03, 0, 0.03],
						"1.0": [0.03, 0, 0.08],
						"1.0333": [0.03, 0, 0.11],
						"1.0667": [0.02, 0, 0.14],
						"1.1": [0.02, 0, 0.16],
						"1.1333": [0.02, 0, 0.17],
						"1.1667": [0.01, 0, 0.16],
						"1.2": [0.01, 0, 0.15],
						"1.2333": [0.01, 0, 0.12],
						"1.2667": [0, 0, 0.1],
						"1.3": [0, 0, 0.08],
						"1.3333": [0, 0, 0.07],
						"1.3667": [0, 0, 0.07],
						"1.4": [0, 0, 0.08],
						"1.4333": [0, 0, 0.09],
						"1.4667": [0, 0, 0.11],
						"1.5": [0, 0, 0.14],
						"1.5333": [0, 0, 0.16],
						"1.5667": [0, 0, 0.19],
						"1.6": [0.01, 0, 0.22],
						"1.6333": [0.01, 0, 0.25],
						"1.6667": [0.01, 0, 0.27],
						"1.7": [0.01, 0, 0.3],
						"1.7333": [0.01, 0, 0.32],
						"1.7667": [0.02, 0, 0.34],
						"1.8": [0.02, 0, 0.35],
						"1.8333": [0.02, 0, 0.36],
						"1.8667": [0.03, 0, 0.36],
						"1.9": [0.04, 0, 0.36],
						"1.9333": [0.04, 0, 0.36],
						"1.9667": [0.05, 0, 0.35],
						"2.0": [0.06, 0, 0.35],
						"2.0333": [0.06, 0, 0.34],
						"2.0667": [0.07, 0, 0.34],
						"2.1": [0.08, 0, 0.33],
						"2.1333": [0.08, 0, 0.33],
						"2.1667": [0.09, 0, 0.34],
						"2.2": [0.09, 0, 0.36],
						"2.2333": [0.09, 0, 0.4],
						"2.2667": [0.09, 0, 0.44],
						"2.3": [0.09, 0, 0.48],
						"2.3333": [0.09, 0, 0.51],
						"2.3667": [0.1, 0, 0.53],
						"2.4": [0.1, 0, 0.53],
						"2.4333": [0.11, 0, 0.53],
						"2.4667": [0.11, 0, 0.52],
						"2.5": [0.12, 0, 0.52],
						"2.5333": [0.12, 0, 0.51],
						"2.5667": [0.13, 0, 0.49],
						"2.6": [0.14, 0, 0.48],
						"2.6333": [0.14, 0, 0.47],
						"2.6667": [0.15, 0, 0.45],
						"2.7": [0.16, 0, 0.44],
						"2.7333": [0.16, 0, 0.42],
						"2.7667": [0.16, 0, 0.41],
						"2.8": [0.17, 0, 0.37],
						"2.8333": [0.16, 0, 0.32],
						"2.8667": [0.16, 0, 0.27],
						"2.9": [0.16, 0, 0.23],
						"2.9333": [0.16, 0, 0.19],
						"2.9667": [0.16, 0, 0.16],
						"3.0": [0.18, 0, 0.16],
						"3.0333": [0.2, 0, 0.17],
						"3.0667": [0.22, 0, 0.19],
						"3.1": [0.24, 0, 0.21],
						"3.1333": [0.26, 0, 0.23],
						"3.1667": [0.28, 0, 0.24],
						"3.2": [0.3, 0, 0.22],
						"3.2333": [0.3, 0, 0.2],
						"3.2667": [0.31, 0, 0.17],
						"3.3": [0.32, 0, 0.14],
						"3.3333": [0.34, 0.04, 0.07],
						"3.3667": [0.36, 0.07, 0],
						"3.4": [0.41, 0, 0.09],
						"3.4333": [0.5, -0.16, 0.31],
						"3.4667": [0.63, -0.4, 0.65],
						"3.5": [0.76, -0.66, 1.02],
						"3.5333": [0.83, -0.87, 1.3],
						"3.5667": [0.79, -0.97, 1.41],
						"3.6": [0.51, -0.9, 1.21],
						"3.6333": [0.05, -0.69, 0.76],
						"3.6667": [-0.41, -0.44, 0.28],
						"3.7": [-0.68, -0.25, -0.06],
						"3.7333": [-0.7, -0.17, -0.16],
						"3.7667": [-0.6, -0.1, -0.19],
						"3.8": [-0.45, -0.06, -0.17],
						"3.8333": [-0.28, -0.03, -0.14],
						"3.8667": [-0.17, 0, -0.12],
						"3.9": [-0.11, 0.01, -0.12],
						"3.9333": [-0.07, 0.02, -0.12],
						"3.9667": [-0.04, 0.02, -0.11],
						"4.0": [-0.01, 0.01, -0.1],
						"4.0333": [0.01, 0, -0.09],
						"4.0667": [0.03, 0, -0.08],
						"4.1": [0.03, 0, -0.07],
						"4.1333": [0.03, 0, -0.05],
						"4.1667": [0.03, 0, -0.03],
						"4.2": [0.02, 0, -0.01],
						"4.2333": [0.01, 0, 0],
						"4.2667": [0, 0, 0.01],
						"4.3": [0, 0, 0],
						"4.3333": [0, 0, -0.04],
						"4.3667": [0, 0, -0.1],
						"4.4": [-0.01, 0, -0.17],
						"4.4333": [0, 0, -0.23],
						"4.4667": [0, 0, -0.26],
						"4.5": [0.01, 0, -0.26],
						"4.5333": [0.02, 0, -0.23],
						"4.5667": [0.03, 0, -0.2],
						"4.6": [0.04, 0, -0.16],
						"4.6333": [0.05, 0, -0.14],
						"4.6667": [0.06, 0, -0.12],
						"4.7": [0.06, 0, -0.13],
						"4.7333": [0.06, 0, -0.14],
						"4.7667": [0.06, 0, -0.16],
						"4.8": [0.06, 0, -0.19],
						"4.8333": [0.06, 0, -0.21],
						"4.8667": [0.06, 0, -0.24],
						"4.9": [0.06, 0, -0.26],
						"4.9333": [0.06, 0, -0.27],
						"4.9667": [0.06, 0, -0.27],
						"5.0": [0.06, 0, -0.27],
						"5.0333": [0.06, 0, -0.25],
						"5.0667": [0.05, 0, -0.22],
						"5.1": [0.05, 0, -0.19],
						"5.1333": [0.05, 0, -0.15],
						"5.1667": [0.04, 0, -0.1],
						"5.2": [0.04, 0, -0.06],
						"5.2333": [0.04, 0, -0.01],
						"5.2667": [0.03, 0, 0.03],
						"5.3": [0.03, 0, 0.08],
						"5.3333": [0.03, 0, 0.11],
						"5.3667": [0.02, 0, 0.14],
						"5.4": [0.02, 0, 0.16],
						"5.4333": [0.02, 0, 0.17],
						"5.4667": [0.01, 0, 0.16],
						"5.5": [0.01, 0, 0.15],
						"5.5333": [0.01, 0, 0.12],
						"5.5667": [0, 0, 0.1],
						"5.6": [0, 0, 0.08],
						"5.6333": [0, 0, 0.07],
						"5.6667": [0, 0, 0.07],
						"5.7": [0, 0, 0.08],
						"5.7333": [0, 0, 0.09],
						"5.7667": [0, 0, 0.11],
						"5.8": [0, 0, 0.14],
						"5.8333": [0, 0, 0.16],
						"5.8667": [0, 0, 0.19],
						"5.9": [0.01, 0, 0.22],
						"5.9333": [0.01, 0, 0.25],
						"5.9667": [0.01, 0, 0.27],
						"6.0": [0.01, 0, 0.3],
						"6.0333": [0.01, 0, 0.32],
						"6.0667": [0.02, 0, 0.34],
						"6.1": [0.02, 0, 0.35],
						"6.1333": [0.02, 0, 0.36],
						"6.1667": [0.03, 0, 0.36],
						"6.2": [0.04, 0, 0.36],
						"6.2333": [0.04, 0, 0.36],
						"6.2667": [0.05, 0, 0.35],
						"6.3": [0.06, 0, 0.35],
						"6.3333": [0.06, 0, 0.34],
						"6.3667": [0.07, 0, 0.34],
						"6.4": [0.08, 0, 0.33],
						"6.4333": [0.08, 0, 0.33],
						"6.4667": [0.09, 0, 0.34],
						"6.5": [0.09, 0, 0.36],
						"6.5333": [0.09, 0, 0.4],
						"6.5667": [0.09, 0, 0.44],
						"6.6": [0.09, 0, 0.48],
						"6.6333": [0.09, 0, 0.51],
						"6.6667": [0.1, 0, 0.53],
						"6.7": [0.1, 0, 0.53],
						"6.7333": [0.11, 0, 0.53],
						"6.7667": [0.12, 0, 0.53],
						"6.8": [0.12, 0, 0.52],
						"6.8333": [0.13, 0, 0.51],
						"6.8667": [0.14, 0, 0.51],
						"6.9": [0.15, 0, 0.49],
						"6.9333": [0.16, 0, 0.48],
						"6.9667": [0.16, 0, 0.46],
						"7.0": [0.17, 0, 0.45],
						"7.0333": [0.17, 0, 0.43],
						"7.0667": [0.16, 0, 0.41],
						"7.1": [0.15, 0, 0.35],
						"7.1333": [0.12, 0, 0.28],
						"7.1667": [0.09, 0, 0.19],
						"7.2": [0.05, 0, 0.12],
						"7.2333": [0.02, 0, 0.05],
						"7.2667": [0, 0, 0]
					},
					"position": {
						"0.0": [0, 0, 0],
						"0.0333": [0, 0, 0],
						"0.0667": [0, 0, 0],
						"0.1": [-0.01, 0.01, 0],
						"0.1333": [-0.01, 0.01, 0],
						"0.1667": [-0.01, 0.01, 0],
						"0.2": [-0.01, 0.01, 0],
						"0.2333": [-0.02, 0.01, 0],
						"0.2667": [-0.02, 0.01, 0],
						"0.3": [-0.01, 0, 0],
						"0.3333": [-0.01, -0.01, 0],
						"0.3667": [0, -0.02, 0],
						"0.4": [0, -0.03, 0],
						"0.4333": [0, -0.03, 0],
						"0.4667": [0, -0.04, 0],
						"0.5": [-0.01, -0.04, 0],
						"0.5333": [-0.01, -0.04, 0],
						"0.5667": [-0.01, -0.05, 0],
						"0.6": [-0.02, -0.05, 0],
						"0.6333": [-0.02, -0.05, 0],
						"0.6667": [-0.02, -0.06, 0],
						"0.7": [-0.03, -0.06, 0],
						"0.7333": [-0.03, -0.06, 0],
						"0.7667": [-0.03, -0.06, 0],
						"0.8": [-0.03, -0.06, 0],
						"0.8333": [-0.03, -0.06, 0],
						"0.8667": [-0.03, -0.06, 0],
						"0.9": [-0.03, -0.05, 0],
						"0.9333": [-0.02, -0.05, 0],
						"0.9667": [-0.02, -0.04, 0],
						"1.0": [-0.02, -0.04, 0],
						"1.0333": [-0.01, -0.04, 0],
						"1.0667": [-0.01, -0.04, 0],
						"1.1": [0, -0.04, 0],
						"1.1333": [0, -0.05, 0],
						"1.1667": [0, -0.05, 0],
						"1.2": [0, -0.05, 0],
						"1.2333": [0, -0.05, 0],
						"1.2667": [-0.01, -0.05, 0],
						"1.3": [-0.01, -0.05, 0],
						"1.3333": [-0.02, -0.04, 0],
						"1.3667": [-0.02, -0.04, 0],
						"1.4": [-0.03, -0.04, 0],
						"1.4333": [-0.03, -0.04, 0],
						"1.4667": [-0.04, -0.04, 0],
						"1.5": [-0.04, -0.04, 0],
						"1.5333": [-0.04, -0.04, 0],
						"1.5667": [-0.05, -0.04, 0],
						"1.6": [-0.05, -0.04, 0],
						"1.6333": [-0.05, -0.05, 0],
						"1.6667": [-0.05, -0.05, 0],
						"1.7": [-0.05, -0.05, 0],
						"1.7333": [-0.05, -0.06, 0],
						"1.7667": [-0.05, -0.06, 0],
						"1.8": [-0.05, -0.07, 0],
						"1.8333": [-0.05, -0.07, 0],
						"1.8667": [-0.05, -0.07, 0],
						"1.9": [-0.05, -0.07, 0],
						"1.9333": [-0.05, -0.07, 0],
						"1.9667": [-0.05, -0.06, 0],
						"2.0": [-0.05, -0.05, 0],
						"2.0333": [-0.05, -0.05, 0],
						"2.0667": [-0.05, -0.05, 0],
						"2.1": [-0.05, -0.05, 0],
						"2.1333": [-0.05, -0.05, 0],
						"2.1667": [-0.05, -0.05, 0],
						"2.2": [-0.05, -0.05, 0],
						"2.2333": [-0.05, -0.05, 0],
						"2.2667": [-0.05, -0.05, 0],
						"2.3": [-0.05, -0.05, 0],
						"2.3333": [-0.05, -0.05, 0],
						"2.3667": [-0.05, -0.05, 0],
						"2.4": [-0.05, -0.04, 0],
						"2.4333": [-0.05, -0.04, 0],
						"2.4667": [-0.05, -0.04, 0],
						"2.5": [-0.05, -0.04, 0],
						"2.5333": [-0.05, -0.04, 0],
						"2.5667": [-0.05, -0.04, 0],
						"2.6": [-0.05, -0.04, 0],
						"2.6333": [-0.05, -0.05, 0],
						"2.6667": [-0.04, -0.05, 0],
						"2.7": [-0.04, -0.06, 0],
						"2.7333": [-0.04, -0.07, 0],
						"2.7667": [-0.03, -0.07, 0],
						"2.8": [-0.03, -0.08, 0],
						"2.8333": [-0.03, -0.09, 0],
						"2.8667": [-0.02, -0.1, 0],
						"2.9": [-0.02, -0.11, 0],
						"2.9333": [-0.02, -0.12, 0],
						"2.9667": [-0.02, -0.12, 0],
						"3.0": [-0.01, -0.12, 0],
						"3.0333": [-0.01, -0.12, 0],
						"3.0667": [-0.01, -0.11, 0],
						"3.1": [0, -0.1, 0],
						"3.1333": [0, -0.09, 0],
						"3.1667": [0, -0.09, 0],
						"3.2": [0, -0.08, 0],
						"3.2333": [0, -0.07, 0],
						"3.2667": [-0.01, -0.07, 0],
						"3.3": [-0.01, -0.06, 0],
						"3.3333": [-0.02, -0.06, 0],
						"3.3667": [-0.03, -0.05, 0],
						"3.4": [-0.03, -0.06, 0],
						"3.4333": [-0.03, -0.07, 0],
						"3.4667": [-0.04, -0.09, 0],
						"3.5": [-0.04, -0.12, 0],
						"3.5333": [-0.04, -0.14, 0],
						"3.5667": [-0.04, -0.15, 0],
						"3.6": [-0.04, -0.15, 0],
						"3.6333": [-0.05, -0.14, 0],
						"3.6667": [-0.05, -0.13, 0],
						"3.7": [-0.05, -0.13, 0],
						"3.7333": [-0.05, -0.13, 0],
						"3.7667": [-0.05, -0.14, 0],
						"3.8": [-0.05, -0.16, 0],
						"3.8333": [-0.05, -0.17, 0],
						"3.8667": [-0.05, -0.17, 0],
						"3.9": [-0.04, -0.16, 0],
						"3.9333": [-0.04, -0.15, 0],
						"3.9667": [-0.03, -0.14, 0],
						"4.0": [-0.02, -0.12, 0],
						"4.0333": [-0.01, -0.11, 0],
						"4.0667": [0, -0.09, 0],
						"4.1": [0, -0.08, 0],
						"4.1333": [0, -0.07, 0],
						"4.1667": [0, -0.06, 0],
						"4.2": [0, -0.05, 0],
						"4.2333": [0, -0.04, 0],
						"4.2667": [0, -0.03, 0],
						"4.3": [0, -0.02, 0],
						"4.3333": [0, -0.02, 0],
						"4.3667": [0, -0.02, 0],
						"4.4": [-0.01, -0.01, 0],
						"4.4333": [-0.01, -0.01, 0],
						"4.4667": [-0.01, -0.01, 0],
						"4.5": [-0.01, -0.01, 0],
						"4.5333": [-0.02, -0.01, 0],
						"4.5667": [-0.02, -0.01, 0],
						"4.6": [-0.01, -0.02, 0],
						"4.6333": [-0.01, -0.03, 0],
						"4.6667": [0, -0.05, 0],
						"4.7": [0, -0.06, 0],
						"4.7333": [0, -0.06, 0],
						"4.7667": [0, -0.06, 0],
						"4.8": [-0.01, -0.06, 0],
						"4.8333": [-0.01, -0.06, 0],
						"4.8667": [-0.01, -0.06, 0],
						"4.9": [-0.02, -0.06, 0],
						"4.9333": [-0.02, -0.06, 0],
						"4.9667": [-0.02, -0.06, 0],
						"5.0": [-0.03, -0.07, 0],
						"5.0333": [-0.03, -0.06, 0],
						"5.0667": [-0.03, -0.06, 0],
						"5.1": [-0.03, -0.06, 0],
						"5.1333": [-0.03, -0.06, 0],
						"5.1667": [-0.03, -0.06, 0],
						"5.2": [-0.03, -0.05, 0],
						"5.2333": [-0.02, -0.05, 0],
						"5.2667": [-0.02, -0.04, 0],
						"5.3": [-0.02, -0.04, 0],
						"5.3333": [-0.01, -0.04, 0],
						"5.3667": [-0.01, -0.04, 0],
						"5.4": [0, -0.04, 0],
						"5.4333": [0, -0.05, 0],
						"5.4667": [0, -0.05, 0],
						"5.5": [0, -0.05, 0],
						"5.5333": [0, -0.05, 0],
						"5.5667": [-0.01, -0.05, 0],
						"5.6": [-0.01, -0.05, 0],
						"5.6333": [-0.02, -0.04, 0],
						"5.6667": [-0.02, -0.04, 0],
						"5.7": [-0.03, -0.04, 0],
						"5.7333": [-0.03, -0.04, 0],
						"5.7667": [-0.04, -0.04, 0],
						"5.8": [-0.04, -0.04, 0],
						"5.8333": [-0.04, -0.04, 0],
						"5.8667": [-0.05, -0.04, 0],
						"5.9": [-0.05, -0.04, 0],
						"5.9333": [-0.05, -0.05, 0],
						"5.9667": [-0.05, -0.05, 0],
						"6.0": [-0.05, -0.05, 0],
						"6.0333": [-0.05, -0.06, 0],
						"6.0667": [-0.05, -0.06, 0],
						"6.1": [-0.05, -0.07, 0],
						"6.1333": [-0.05, -0.07, 0],
						"6.1667": [-0.05, -0.07, 0],
						"6.2": [-0.05, -0.07, 0],
						"6.2333": [-0.05, -0.07, 0],
						"6.2667": [-0.05, -0.06, 0],
						"6.3": [-0.05, -0.06, 0],
						"6.3333": [-0.05, -0.06, 0],
						"6.3667": [-0.05, -0.05, 0],
						"6.4": [-0.05, -0.05, 0],
						"6.4333": [-0.05, -0.04, 0],
						"6.4667": [-0.05, -0.04, 0],
						"6.5": [-0.05, -0.03, 0],
						"6.5333": [-0.05, -0.03, 0],
						"6.5667": [-0.05, -0.03, 0],
						"6.6": [-0.05, -0.02, 0],
						"6.6333": [-0.05, -0.02, 0],
						"6.6667": [-0.05, -0.02, 0],
						"6.7": [-0.05, -0.02, 0],
						"6.7333": [-0.05, -0.02, 0],
						"6.7667": [-0.05, -0.01, 0],
						"6.8": [-0.05, -0.01, 0],
						"6.8333": [-0.05, -0.01, 0],
						"6.8667": [-0.05, -0.02, 0],
						"6.9": [-0.05, -0.02, 0],
						"6.9333": [-0.05, -0.03, 0],
						"6.9667": [-0.04, -0.03, 0],
						"7.0": [-0.04, -0.04, 0],
						"7.0333": [-0.04, -0.05, 0],
						"7.0667": [-0.03, -0.05, 0],
						"7.1": [-0.03, -0.06, 0],
						"7.1333": [-0.03, -0.05, 0],
						"7.1667": [-0.02, -0.04, 0],
						"7.2": [-0.01, -0.02, 0],
						"7.2333": [0, -0.01, 0],
						"7.2667": [0, 0, 0]
					}
				}
			}
		},
		"run_start": {
			"loop": "hold_on_last_frame",
			"animation_length": 0.25,
			"bones": {
				"root": {
					"rotation": {
						"0.0": [0, 0, 0],
						"0.0833": [0, 0, 0],
						"0.25": [0, 0, 0]
					},
					"position": {
						"0.0": {
							"post": [0, 0, 0],
							"lerp_mode": "catmullrom"
						},
						"0.0833": {
							"post": [-0.595, 0.495, 0],
							"lerp_mode": "catmullrom"
						},
						"0.1667": {
							"post": [-0.79, -0.25, 0],
							"lerp_mode": "catmullrom"
						},
						"0.25": {
							"post": [0, 0, 0],
							"lerp_mode": "catmullrom"
						}
					}
				},
				"gun_and_righthand": {
					"rotation": {
						"0.0": [0, 0, 0],
						"0.25": [0, 0, 67.5]
					},
					"position": {
						"0.0": [0, 0, 0],
						"0.25": [8, 3, -1]
					}
				}
			}
		},
		"run": {
			"loop": true,
			"animation_length": 1,
			"bones": {
				"left": {
					"rotation": {
						"0.0": {
							"post": [0, 0, 0],
							"lerp_mode": "catmullrom"
						},
						"0.125": {
							"post": [3, 0, 0],
							"lerp_mode": "catmullrom"
						},
						"0.25": {
							"post": [6, 0, 0],
							"lerp_mode": "catmullrom"
						},
						"0.4167": {
							"post": [7, 0, 0],
							"lerp_mode": "catmullrom"
						},
						"0.5833": {
							"post": [3.2, 0, 0],
							"lerp_mode": "catmullrom"
						},
						"0.7917": {
							"post": [0, 0, 0],
							"lerp_mode": "catmullrom"
						}
					}
				},
				"right": {
					"rotation": {
						"0.0": {
							"post": [0, 0, 0],
							"lerp_mode": "catmullrom"
						},
						"0.125": {
							"post": [3, 0, 0],
							"lerp_mode": "catmullrom"
						},
						"0.25": {
							"post": [6, 0, 0],
							"lerp_mode": "catmullrom"
						},
						"0.4167": {
							"post": [7, 0, 0],
							"lerp_mode": "catmullrom"
						},
						"0.5833": {
							"post": [3.2, 0, 0],
							"lerp_mode": "catmullrom"
						},
						"0.7917": {
							"post": [0, 0, 0],
							"lerp_mode": "catmullrom"
						}
					}
				},
				"root": {
					"rotation": {
						"0.0": [0, 0, 0],
						"1.0": [0, 0, 0]
					},
					"position": {
						"0.0": {
							"post": [0, 0, 0],
							"lerp_mode": "catmullrom"
						},
						"0.125": [0.25, 0.5, 0],
						"0.25": [0.5, 0, 0],
						"0.375": [0.75, -0.5, 0],
						"0.5": [1, 0, 0],
						"0.625": [0.75, 0.5, 0],
						"0.75": [0.5, 0, 0],
						"0.875": [0.25, -0.5, 0],
						"1.0": [0, 0, 0]
					}
				},
				"gun_and_righthand": {
					"rotation": [0, 0, 67.5],
					"position": [8, 3, -1]
				}
			}
		},
		"run_hold": {
			"loop": true,
			"bones": {
				"root": {
					"rotation": [0, 0, 0],
					"position": {
						"0.0": {
							"post": [0, 0, 0],
							"lerp_mode": "catmullrom"
						}
					}
				},
				"gun_and_righthand": {
					"rotation": [0, 0, 67.5],
					"position": [8, 3, -1]
				}
			}
		},
		"run_end": {
			"loop": "hold_on_last_frame",
			"animation_length": 0.25,
			"bones": {
				"root": {
					"rotation": {
						"0.0": [0, 0, 0],
						"0.1667": [0, 0, 0],
						"0.25": [0, 0, 0]
					},
					"position": {
						"0.0": {
							"post": [0, 0, 0],
							"lerp_mode": "catmullrom"
						},
						"0.0833": {
							"post": [-0.79, -0.25, 0],
							"lerp_mode": "catmullrom"
						},
						"0.1667": {
							"post": [-0.595, 0.495, 0],
							"lerp_mode": "catmullrom"
						},
						"0.25": {
							"post": [0, 0, 0],
							"lerp_mode": "catmullrom"
						}
					}
				},
				"gun_and_righthand": {
					"rotation": {
						"0.0": [0, 0, 67.5],
						"0.25": [0, 0, 0]
					},
					"position": {
						"0.0": [8, 3, -1],
						"0.25": [0, 0, 0]
					}
				}
			}
		},
		"melee_2": {
			"animation_length": 0.375,
			"bones": {
				"root": {
					"rotation": {
						"0.0": [0, 0, 0],
						"0.0833": [7.5, 0, 0],
						"0.1667": [-17.5, 0, 0],
						"0.2083": {
							"pre": [1.25, 0, 0],
							"post": [1.25, 0, 0],
							"lerp_mode": "catmullrom"
						},
						"0.25": {
							"post": [11.25, 0, 0],
							"lerp_mode": "catmullrom"
						},
						"0.375": [0, 0, 0]
					},
					"position": {
						"0.0": [0, 0, 0],
						"0.0833": [0, 2.5, 1.5],
						"0.1667": [0, 0.5, -2],
						"0.2083": {
							"pre": [0, 0.5, -6],
							"post": [0, 0.5, -6],
							"lerp_mode": "catmullrom"
						},
						"0.25": {
							"post": [0, 0.5, -6],
							"lerp_mode": "catmullrom"
						},
						"0.375": [0, 0, 0]
					}
				}
			}
		},
		"melee_3": {
			"animation_length": 0.375,
			"bones": {
				"root": {
					"rotation": {
						"0.0": [0, 0, 0],
						"0.0833": [7.5, 0, 0],
						"0.1667": [-17.5, 0, 0],
						"0.2083": {
							"pre": [1.25, 0, 0],
							"post": [1.25, 0, 0],
							"lerp_mode": "catmullrom"
						},
						"0.25": {
							"post": [11.25, 0, 0],
							"lerp_mode": "catmullrom"
						},
						"0.375": [0, 0, 0]
					},
					"position": {
						"0.0": [0, 0, 0],
						"0.0833": [0, 2.5, 1.5],
						"0.1667": [0, 0.5, -2],
						"0.2083": {
							"pre": [0, 0.5, -6],
							"post": [0, 0.5, -6],
							"lerp_mode": "catmullrom"
						},
						"0.25": {
							"post": [0, 0.5, -6],
							"lerp_mode": "catmullrom"
						},
						"0.375": [0, 0, 0]
					}
				}
			}
		},
		"aim/": {
			"loop": "hold_on_last_frame",
			"animation_length": 0.5,
			"bones": {
				"mag_and_lefthand": {
					"rotation": {
						"0.0": [90, 0, 0],
						"0.5": [22.5, 0, 0]
					},
					"position": {
						"0.0": [0, 0, 0],
						"0.5": [0, -10, 0]
					}
				},
				"gun_and_righthand": {
					"rotation": {
						"0.0": [0, 0, 0],
						"0.25": [14.95105, 4.5765, -1.65245],
						"0.5": [54.9021, 9.153, -3.3049]
					},
					"position": {
						"0.0": [0, 0, 0],
						"0.25": [0.5, 2.5, 5.5],
						"0.5": [2, -5, 3]
					}
				}
			}
		},
		"reload": {
			"loop": "hold_on_last_frame",
			"animation_length": 2.5,
			"bones": {
				"mag_and_lefthand": {
					"rotation": [0, -90, -90],
					"position": [0, -11, -10]
				},
				"lefthand": {
					"rotation": [45, 0, 0],
					"position": [1.75, -5.25, -0.25],
					"scale": 1
				},
				"Blitz_Shield": {
					"rotation": [90, 0, 90],
					"position": [-6.5, -8.1, 18.5]
				},
				"gun_and_righthand": {
					"rotation": {
						"0.0": [-54.90206, -9.15305, 3.30489],
						"0.5": [-14.71969, 79.27937, 151.27822],
						"2.0": [-14.71969, 79.27937, 151.27822],
						"2.5": [-54.90206, -9.15305, 3.30489]
					},
					"position": {
						"0.0": [-6, 10, -12],
						"0.25": [-8, 22.5, -8],
						"0.5": [4, 25, -4],
						"2.0": [4, 25, -4],
						"2.25": [-8, 22.5, -8],
						"2.5": [-6, 10, -12]
					}
				},
				"righthand": {
					"rotation": {
						"0.4167": [100, -360, -180],
						"0.5": [94.14581, -383.19312, -249.4436],
						"0.5833": [94.14581, -383.19312, -249.4436],
						"1.0": [26.64581, -383.19312, -249.4436],
						"1.25": [26.64581, -383.19312, -249.4436],
						"1.75": [94.14581, -383.19312, -249.4436],
						"2.0": [94.14581, -383.19312, -249.4436],
						"2.125": [100, -360, -180]
					},
					"position": {
						"0.4167": [-6.75, -12, 2],
						"0.5": [-6.75, -16, 2],
						"0.5833": [-6.75, -16, 2],
						"0.75": [-6.75, -26, 11],
						"1.0": [-6.75, -7, 19],
						"1.25": [-6.75, -7, 19],
						"1.5": [-6.75, -26, 11],
						"1.75": [-6.75, -16, 2],
						"2.0": [-6.75, -16, 2],
						"2.125": [-6.75, -12, 2]
					}
				},
				"magazine": {
					"rotation": {
						"0.5833": [0, 0, 0],
						"0.6667": [-12.29044, -0.34607, 2.29487],
						"0.75": [17.16579, 1.28324, -2.97873],
						"1.5": [17.16579, 1.28324, -2.97873],
						"1.5833": [-12.29044, -0.34607, 2.29487],
						"1.6667": [0, 0, 0]
					},
					"position": {
						"0.5833": [0, 0, 0],
						"0.625": [0, -3.5, 1.25],
						"0.6667": [0, -5, 1.5],
						"0.75": [0, -13, 5.5],
						"0.7917": [0, -6.33, 7.33],
						"0.8333": [0, -6.16, 8.67],
						"0.875": [0, -2, 10],
						"1.0": [0, 7, 14.5],
						"1.25": [0, 7, 14.5],
						"1.375": [0, -2, 10],
						"1.4167": [0, -6.16, 8.67],
						"1.4583": [0, -6.33, 7.33],
						"1.5": [0, -13, 5.5],
						"1.5833": [0, -5, 1.5],
						"1.625": [0, -3.5, 1.25],
						"1.6667": [0, 0, 0]
					}
				}
			},
			"sound_effects": {
				"0.0": {
					"effect": "tacz:cz75/cz75_reload_raise"
				},
				"0.5": {
					"effect": "tacz:cz75/cz75_reload_magout"
				},
				"0.8333": {
					"effect": "tacz:cz75/cz75_reload_maghit"
				},
				"1.5833": {
					"effect": "tacz:cz75/cz75_reload_magin"
				},
				"1.9167": {
					"effect": "tacz:cz75/cz75_reload_fast_end"
				}
			}
		},
		"aim_start": {
			"loop": "hold_on_last_frame",
			"animation_length": 0.5,
			"bones": {
				"mag_and_lefthand": {
					"rotation": {
						"0.0": [-90, -90, 0],
						"0.5": [0, -90, -157.5]
					},
					"position": {
						"0.0": [0, -11, -10],
						"0.5": [0, -21, -10]
					}
				},
				"gun_and_righthand": {
					"rotation": {
						"0.0": [-54.90206, -9.15305, 3.30489],
						"0.25": [-39.95101, -4.57655, 1.65244],
						"0.5": [0.00004, -0.00005, -0.00001]
					},
					"position": {
						"0.0": [-6, 10, -12],
						"0.25": [-5.5, 12.5, -6.5],
						"0.5": [-5, 5, -9]
					}
				},
				"lefthand": {
					"rotation": [45, 0, 0],
					"position": [1.75, -5.25, -0.25],
					"scale": 1
				},
				"righthand": {
					"rotation": [100, -360, -180],
					"position": [-6.75, -12, 2]
				},
				"Blitz_Shield": {
					"rotation": [90, 0, 90],
					"position": [-6.5, -8.1, 18.5]
				}
			}
		},
		"aim/2": {
			"loop": true,
			"bones": {
				"mag_and_lefthand": {
					"rotation": [-67.5, 0, 0],
					"position": [0, -10, 0]
				},
				"gun_and_righthand": {
					"rotation": [54.9021, 9.153, -3.3049],
					"position": [2, -5, 3]
				}
			}
		},
		"aim_end": {
			"loop": "hold_on_last_frame",
			"animation_length": 0.5,
			"bones": {
				"mag_and_lefthand": {
					"rotation": {
						"0.0": [0, -90, -157.5],
						"0.5": [0, -90, -90]
					},
					"position": {
						"0.0": [0, -21, -10],
						"0.5": [0, -11, -10]
					}
				},
				"gun_and_righthand": {
					"rotation": {
						"0.0": [0.00004, -0.00005, -0.00001],
						"0.25": [-39.95101, -4.57655, 1.65244],
						"0.5": [-54.90206, -9.15305, 3.30489]
					},
					"position": {
						"0.0": [-5, 5, -9],
						"0.25": [-5.5, 12.5, -6.5],
						"0.5": [-6, 10, -12]
					}
				},
				"lefthand": {
					"rotation": [45, 0, 0],
					"position": [1.75, -5.25, -0.25],
					"scale": 1
				},
				"righthand": {
					"rotation": [100, -360, -180],
					"position": [-6.75, -12, 2]
				},
				"Blitz_Shield": {
					"rotation": [90, 0, 90],
					"position": [-6.5, -8.1, 18.5]
				}
			}
		}
	}
}