{
	"format_version": "1.12.0",
	"minecraft:geometry": [
		{
			"description": {
				"identifier": "geometry.unknown",
				"texture_width": 64,
				"texture_height": 64,
				"visible_bounds_width": 4,
				"visible_bounds_height": 2.5,
				"visible_bounds_offset": [0, 0.75, 0]
			},
			"bones": [
				{
					"name": "root",
					"pivot": [0, 0, 0]
				},
				{
					"name": "leftHand",
					"parent": "root",
					"pivot": [-6, 18.97757, 8.04551]
				},
				{
					"name": "lefthand_pos",
					"parent": "leftHand",
					"pivot": [0, 7.97757, 8.04551],
					"cubes": [
						{
							"origin": [-7, 7.97757, 6.04551],
							"size": [3, 12, 4],
							"uv": {
								"north": {"uv": [0, 0], "uv_size": [4, 12]},
								"east": {"uv": [4, 0], "uv_size": [4, 12]},
								"south": {"uv": [8, 0], "uv_size": [4, 12]},
								"west": {"uv": [0, 12], "uv_size": [4, 12]},
								"up": {"uv": [12, 0], "uv_size": [4, 4]},
								"down": {"uv": [4, 16], "uv_size": [4, -4]}
							}
						}
					]
				},
				{
					"name": "rightHand",
					"parent": "root",
					"pivot": [6, 18.97757, 8.04551]
				},
				{
					"name": "righthand_pos",
					"parent": "rightHand",
					"pivot": [0, 7.97757, 8.04551],
					"cubes": [
						{
							"origin": [4, 7.97757, 6.04551],
							"size": [3, 12, 4],
							"uv": {
								"north": {"uv": [0, 0], "uv_size": [4, 12]},
								"east": {"uv": [4, 0], "uv_size": [4, 12]},
								"south": {"uv": [8, 0], "uv_size": [4, 12]},
								"west": {"uv": [0, 12], "uv_size": [4, 12]},
								"up": {"uv": [12, 0], "uv_size": [4, 4]},
								"down": {"uv": [4, 16], "uv_size": [4, -4]}
							}
						}
					]
				},
				{
					"name": "m1905",
					"parent": "rightHand",
					"pivot": [5.3125, 17.875, 8.625],
					"rotation": [0, 0, -180]
				},
				{
					"name": "dt",
					"parent": "m1905",
					"pivot": [5.3125, 17.375, 8.625]
				},
				{
					"name": "bone46",
					"parent": "dt",
					"pivot": [5.3125, 18.425, 4.875],
					"cubes": [
						{
							"origin": [5.01467, 18.59158, 5.6297],
							"size": [0.64849, 0.64033, 0.31159],
							"inflate": 0.0026,
							"pivot": [5.33891, 18.91175, 5.7855],
							"rotation": [0, 0, 90],
							"uv": {
								"north": {"uv": [20, 23], "uv_size": [0.75, 0.75]},
								"east": {"uv": [5, 29], "uv_size": [0.25, 0.75]},
								"south": {"uv": [21, 23], "uv_size": [0.75, 0.75]},
								"west": {"uv": [6, 29], "uv_size": [0.25, 0.75]},
								"up": {"uv": [29, 6], "uv_size": [0.75, 0.25]},
								"down": {"uv": [7, 29.25], "uv_size": [0.75, -0.25]}
							}
						},
						{
							"origin": [5.26815, 18.09779, 5.6297],
							"size": [0.58599, 0.51533, 0.31159],
							"inflate": 0.0025,
							"pivot": [5.56115, 18.4492, 5.7855],
							"rotation": [0, 0, 50],
							"uv": {
								"north": {"uv": [28, 23], "uv_size": [0.5, 0.5]},
								"east": {"uv": [31, 14], "uv_size": [0.25, 0.5]},
								"south": {"uv": [24, 28], "uv_size": [0.5, 0.5]},
								"west": {"uv": [15, 31], "uv_size": [0.25, 0.5]},
								"up": {"uv": [31, 15], "uv_size": [0.5, 0.25]},
								"down": {"uv": [16, 31.25], "uv_size": [0.5, -0.25]}
							}
						},
						{
							"origin": [5.61084, 17.93247, 5.6297],
							"size": [0.27349, 0.39033, 0.31159],
							"inflate": 0.0022,
							"pivot": [5.74759, 18.15888, 5.7855],
							"rotation": [0, 0, 76.5],
							"uv": {
								"north": {"uv": [2, 32], "uv_size": [0.25, 0.5]},
								"east": {"uv": [32, 2], "uv_size": [0.25, 0.5]},
								"south": {"uv": [3, 32], "uv_size": [0.25, 0.5]},
								"west": {"uv": [32, 3], "uv_size": [0.25, 0.5]},
								"up": {"uv": [35, 1], "uv_size": [0.25, 0.25]},
								"down": {"uv": [2, 35.25], "uv_size": [0.25, -0.25]}
							}
						},
						{
							"origin": [5.61084, 17.2397, 5.6297],
							"size": [0.27349, 0.39033, 0.31159],
							"inflate": 0.002,
							"pivot": [5.74759, 17.40362, 5.7855],
							"rotation": [0, 0, -76.5],
							"uv": {
								"north": {"uv": [4, 32], "uv_size": [0.25, 0.5]},
								"east": {"uv": [32, 4], "uv_size": [0.25, 0.5]},
								"south": {"uv": [5, 32], "uv_size": [0.25, 0.5]},
								"west": {"uv": [32, 5], "uv_size": [0.25, 0.5]},
								"up": {"uv": [35, 2], "uv_size": [0.25, 0.25]},
								"down": {"uv": [3, 35.25], "uv_size": [0.25, -0.25]}
							}
						},
						{
							"origin": [4.74067, 17.93247, 5.6297],
							"size": [0.27349, 0.39033, 0.31159],
							"inflate": 0.0023,
							"pivot": [4.87741, 18.15888, 5.7855],
							"rotation": [0, 0, -76.5],
							"uv": {
								"north": {"uv": [8, 32], "uv_size": [0.25, 0.5]},
								"east": {"uv": [32, 8], "uv_size": [0.25, 0.5]},
								"south": {"uv": [9, 32], "uv_size": [0.25, 0.5]},
								"west": {"uv": [32, 9], "uv_size": [0.25, 0.5]},
								"up": {"uv": [35, 4], "uv_size": [0.25, 0.25]},
								"down": {"uv": [5, 35.25], "uv_size": [0.25, -0.25]}
							}
						},
						{
							"origin": [4.74067, 17.2397, 5.6297],
							"size": [0.27349, 0.39033, 0.31159],
							"inflate": 0.0017,
							"pivot": [4.87741, 17.40362, 5.7855],
							"rotation": [0, 0, 76.5],
							"uv": {
								"north": {"uv": [6, 32], "uv_size": [0.25, 0.5]},
								"east": {"uv": [32, 6], "uv_size": [0.25, 0.5]},
								"south": {"uv": [7, 32], "uv_size": [0.25, 0.5]},
								"west": {"uv": [32, 7], "uv_size": [0.25, 0.5]},
								"up": {"uv": [35, 3], "uv_size": [0.25, 0.25]},
								"down": {"uv": [4, 35.25], "uv_size": [0.25, -0.25]}
							}
						},
						{
							"origin": [5.26815, 16.94938, 5.6297],
							"size": [0.58599, 0.57783, 0.31159],
							"inflate": 0.001,
							"pivot": [5.56115, 17.1133, 5.7855],
							"rotation": [0, 0, -50],
							"uv": {
								"north": {"uv": [28, 24], "uv_size": [0.5, 0.5]},
								"east": {"uv": [31, 17], "uv_size": [0.25, 0.5]},
								"south": {"uv": [25, 28], "uv_size": [0.5, 0.5]},
								"west": {"uv": [18, 31], "uv_size": [0.25, 0.5]},
								"up": {"uv": [31, 18], "uv_size": [0.5, 0.25]},
								"down": {"uv": [19, 31.25], "uv_size": [0.5, -0.25]}
							}
						},
						{
							"origin": [4.77086, 18.03529, 5.6297],
							"size": [0.58599, 0.57783, 0.31159],
							"inflate": 0.0024,
							"pivot": [5.06385, 18.4492, 5.7855],
							"rotation": [0, 0, -50],
							"uv": {
								"north": {"uv": [28, 26], "uv_size": [0.5, 0.5]},
								"east": {"uv": [31, 21], "uv_size": [0.25, 0.5]},
								"south": {"uv": [27, 28], "uv_size": [0.5, 0.5]},
								"west": {"uv": [22, 31], "uv_size": [0.25, 0.5]},
								"up": {"uv": [31, 22], "uv_size": [0.5, 0.25]},
								"down": {"uv": [23, 31.25], "uv_size": [0.5, -0.25]}
							}
						},
						{
							"origin": [4.77086, 16.94938, 5.6297],
							"size": [0.58599, 0.51533, 0.31159],
							"inflate": 0.0015,
							"pivot": [5.06385, 17.1133, 5.7855],
							"rotation": [0, 0, 50],
							"uv": {
								"north": {"uv": [28, 25], "uv_size": [0.5, 0.5]},
								"east": {"uv": [31, 19], "uv_size": [0.25, 0.5]},
								"south": {"uv": [26, 28], "uv_size": [0.5, 0.5]},
								"west": {"uv": [20, 31], "uv_size": [0.25, 0.5]},
								"up": {"uv": [31, 20], "uv_size": [0.5, 0.25]},
								"down": {"uv": [21, 31.25], "uv_size": [0.5, -0.25]}
							}
						},
						{
							"origin": [4.98373, 17.10633, 5.6297],
							"size": [0.56586, 1.25279, 0.31159],
							"inflate": 0.003,
							"pivot": [5.31385, 17.73407, 5.7855],
							"rotation": [0, 0, 90],
							"uv": {
								"north": {"uv": [1, 23], "uv_size": [0.5, 1.25]},
								"east": {"uv": [20, 26], "uv_size": [0.25, 1.25]},
								"south": {"uv": [23, 2], "uv_size": [0.5, 1.25]},
								"west": {"uv": [22, 26], "uv_size": [0.25, 1.25]},
								"up": {"uv": [31, 16], "uv_size": [0.5, 0.25]},
								"down": {"uv": [17, 31.25], "uv_size": [0.5, -0.25]}
							}
						},
						{
							"origin": [5.13863, 16.5312, 5.6297],
							"size": [0.34773, 0.5001, 0.31159],
							"inflate": 0.003,
							"pivot": [5.3125, 16.78125, 5.7855],
							"rotation": [0, 0, 90],
							"uv": {
								"north": {"uv": [31, 23], "uv_size": [0.25, 0.5]},
								"east": {"uv": [24, 31], "uv_size": [0.25, 0.5]},
								"south": {"uv": [31, 24], "uv_size": [0.25, 0.5]},
								"west": {"uv": [25, 31], "uv_size": [0.25, 0.5]},
								"up": {"uv": [33, 34], "uv_size": [0.25, 0.25]},
								"down": {"uv": [34, 33.25], "uv_size": [0.25, -0.25]}
							}
						},
						{
							"origin": [5.20113, 16.26579, 5.61729],
							"size": [0.22273, 0.5001, 0.31159],
							"inflate": 0.0025,
							"pivot": [5.3125, 16.51583, 5.77309],
							"rotation": [0, 7, 90],
							"uv": {
								"north": {"uv": [31, 25], "uv_size": [0.25, 0.5]},
								"east": {"uv": [26, 31], "uv_size": [0.25, 0.5]},
								"south": {"uv": [31, 26], "uv_size": [0.25, 0.5]},
								"west": {"uv": [27, 31], "uv_size": [0.25, 0.5]},
								"up": {"uv": [34, 34], "uv_size": [0.25, 0.25]},
								"down": {"uv": [0, 35.25], "uv_size": [0.25, -0.25]}
							}
						},
						{
							"origin": [5.04488, 15.90662, 5.60488],
							"size": [0.53523, 0.5001, 0.12409],
							"inflate": 0.0024,
							"pivot": [5.3125, 16.15667, 5.66693],
							"rotation": [0, 0, 90],
							"uv": {
								"north": {"uv": [28, 27], "uv_size": [0.5, 0.5]},
								"east": {"uv": [31, 27], "uv_size": [0.25, 0.5]},
								"south": {"uv": [28, 28], "uv_size": [0.5, 0.5]},
								"west": {"uv": [28, 31], "uv_size": [0.25, 0.5]},
								"up": {"uv": [31, 28], "uv_size": [0.5, 0.25]},
								"down": {"uv": [29, 31.25], "uv_size": [0.5, -0.25]}
							}
						},
						{
							"origin": [5.04488, 15.90662, 5.66738],
							"size": [0.22273, 0.5001, 0.12409],
							"inflate": 0.0022,
							"pivot": [5.3125, 16.15667, 5.72943],
							"rotation": [0, 0, 90],
							"uv": {
								"north": {"uv": [0, 32], "uv_size": [0.25, 0.5]},
								"east": {"uv": [32, 0], "uv_size": [0.25, 0.5]},
								"south": {"uv": [1, 32], "uv_size": [0.25, 0.5]},
								"west": {"uv": [32, 1], "uv_size": [0.25, 0.5]},
								"up": {"uv": [35, 0], "uv_size": [0.25, 0.25]},
								"down": {"uv": [1, 35.25], "uv_size": [0.25, -0.25]}
							}
						},
						{
							"origin": [5.04491, 15.91141, 5.70266],
							"size": [0.53523, 0.5001, 0.12409],
							"inflate": 0.0023,
							"pivot": [5.31253, 16.16146, 5.7647],
							"rotation": [0, 20.52608, 90.00565],
							"uv": {
								"north": {"uv": [0, 29], "uv_size": [0.5, 0.5]},
								"east": {"uv": [31, 29], "uv_size": [0.25, 0.5]},
								"south": {"uv": [29, 0], "uv_size": [0.5, 0.5]},
								"west": {"uv": [30, 31], "uv_size": [0.25, 0.5]},
								"up": {"uv": [31, 30], "uv_size": [0.5, 0.25]},
								"down": {"uv": [31, 31.25], "uv_size": [0.5, -0.25]}
							}
						}
					]
				},
				{
					"name": "bone44",
					"parent": "dt",
					"pivot": [5.33158, 19.60242, 5.75425],
					"cubes": [
						{
							"origin": [5.12878, 19.97228, 5.6307],
							"size": [0.40559, 0.11859, 0.30959],
							"inflate": 0.003,
							"uv": {
								"north": {"uv": [31, 0], "uv_size": [0.5, 0.25]},
								"east": {"uv": [26, 34], "uv_size": [0.25, 0.25]},
								"south": {"uv": [1, 31], "uv_size": [0.5, 0.25]},
								"west": {"uv": [34, 26], "uv_size": [0.25, 0.25]},
								"up": {"uv": [31, 1], "uv_size": [0.5, 0.25]},
								"down": {"uv": [2, 31.25], "uv_size": [0.5, -0.25]}
							}
						},
						{
							"origin": [3.73585, 20.60356, 5.6307],
							"size": [0.40559, 0.11859, 0.30959],
							"inflate": 0.0029,
							"pivot": [3.87308, 18.23592, 27.195],
							"rotation": [0, 0, 45],
							"uv": {
								"north": {"uv": [31, 2], "uv_size": [0.5, 0.25]},
								"east": {"uv": [27, 34], "uv_size": [0.25, 0.25]},
								"south": {"uv": [3, 31], "uv_size": [0.5, 0.25]},
								"west": {"uv": [34, 27], "uv_size": [0.25, 0.25]},
								"up": {"uv": [31, 3], "uv_size": [0.5, 0.25]},
								"down": {"uv": [4, 31.25], "uv_size": [0.5, -0.25]}
							}
						},
						{
							"origin": [6.52171, 20.60356, 5.6307],
							"size": [0.40559, 0.11859, 0.30959],
							"inflate": 0.0029,
							"pivot": [6.79007, 18.23592, 27.195],
							"rotation": [0, 0, -45],
							"uv": {
								"north": {"uv": [31, 4], "uv_size": [0.5, 0.25]},
								"east": {"uv": [28, 34], "uv_size": [0.25, 0.25]},
								"south": {"uv": [5, 31], "uv_size": [0.5, 0.25]},
								"west": {"uv": [34, 28], "uv_size": [0.25, 0.25]},
								"up": {"uv": [31, 5], "uv_size": [0.5, 0.25]},
								"down": {"uv": [6, 31.25], "uv_size": [0.5, -0.25]}
							}
						},
						{
							"origin": [2.90416, 21.95391, 5.6307],
							"size": [0.40559, 0.11859, 0.30959],
							"inflate": 0.0028,
							"pivot": [3.22846, 19.4802, 27.195],
							"rotation": [0, 0, 90],
							"uv": {
								"north": {"uv": [31, 6], "uv_size": [0.5, 0.25]},
								"east": {"uv": [29, 34], "uv_size": [0.25, 0.25]},
								"south": {"uv": [7, 31], "uv_size": [0.5, 0.25]},
								"west": {"uv": [34, 29], "uv_size": [0.25, 0.25]},
								"up": {"uv": [31, 7], "uv_size": [0.5, 0.25]},
								"down": {"uv": [8, 31.25], "uv_size": [0.5, -0.25]}
							}
						},
						{
							"origin": [3.67724, 18.41062, 5.6307],
							"size": [0.40559, 0.11859, 0.30959],
							"inflate": 0.0027,
							"pivot": [3.75853, 21.00292, 27.195],
							"rotation": [0, 0, -45],
							"uv": {
								"north": {"uv": [31, 8], "uv_size": [0.5, 0.25]},
								"east": {"uv": [30, 34], "uv_size": [0.25, 0.25]},
								"south": {"uv": [9, 31], "uv_size": [0.5, 0.25]},
								"west": {"uv": [34, 30], "uv_size": [0.25, 0.25]},
								"up": {"uv": [31, 9], "uv_size": [0.5, 0.25]},
								"down": {"uv": [10, 31.25], "uv_size": [0.5, -0.25]}
							}
						},
						{
							"origin": [7.3534, 21.95391, 5.6307],
							"size": [0.40559, 0.11859, 0.30959],
							"inflate": 0.0028,
							"pivot": [7.4347, 19.4802, 27.195],
							"rotation": [0, 0, -90],
							"uv": {
								"north": {"uv": [31, 10], "uv_size": [0.5, 0.25]},
								"east": {"uv": [31, 34], "uv_size": [0.25, 0.25]},
								"south": {"uv": [11, 31], "uv_size": [0.5, 0.25]},
								"west": {"uv": [34, 31], "uv_size": [0.25, 0.25]},
								"up": {"uv": [31, 11], "uv_size": [0.5, 0.25]},
								"down": {"uv": [12, 31.25], "uv_size": [0.5, -0.25]}
							}
						},
						{
							"origin": [6.58032, 18.41062, 5.6307],
							"size": [0.40559, 0.11859, 0.30959],
							"inflate": 0.0027,
							"pivot": [6.90462, 21.00292, 27.195],
							"rotation": [0, 0, 45],
							"uv": {
								"north": {"uv": [31, 12], "uv_size": [0.5, 0.25]},
								"east": {"uv": [32, 34], "uv_size": [0.25, 0.25]},
								"south": {"uv": [13, 31], "uv_size": [0.5, 0.25]},
								"west": {"uv": [34, 32], "uv_size": [0.25, 0.25]},
								"up": {"uv": [31, 13], "uv_size": [0.5, 0.25]},
								"down": {"uv": [14, 31.25], "uv_size": [0.5, -0.25]}
							}
						}
					]
				},
				{
					"name": "bone43",
					"parent": "m1905",
					"pivot": [5.0375, 18.3125, 7.7875],
					"cubes": [
						{
							"origin": [5.2625, 17.925, 10.45],
							"size": [0.1125, 0.0875, 0.9],
							"inflate": 0.002,
							"pivot": [5.225, 18.25, 7.3125],
							"rotation": [0, 0, -90],
							"uv": {
								"north": {"uv": [33, 19], "uv_size": [0.25, 0.25]},
								"east": {"uv": [28, 8], "uv_size": [1, 0.25]},
								"south": {"uv": [20, 33], "uv_size": [0.25, 0.25]},
								"west": {"uv": [28, 9], "uv_size": [1, 0.25]},
								"up": {"uv": [28, 10], "uv_size": [0.25, 1]},
								"down": {"uv": [28, 12], "uv_size": [0.25, -1]}
							}
						},
						{
							"origin": [5.25, 17.925, 10.45],
							"size": [0.1125, 0.0875, 0.9],
							"inflate": 0.002,
							"pivot": [5.4, 18.25, 7.3125],
							"rotation": [0, 0, 90],
							"uv": {
								"north": {"uv": [33, 20], "uv_size": [0.25, 0.25]},
								"east": {"uv": [16, 28], "uv_size": [1, 0.25]},
								"south": {"uv": [21, 33], "uv_size": [0.25, 0.25]},
								"west": {"uv": [17, 28], "uv_size": [1, 0.25]},
								"up": {"uv": [28, 17], "uv_size": [0.25, 1]},
								"down": {"uv": [28, 19], "uv_size": [0.25, -1]}
							}
						},
						{
							"origin": [5.25, 17.8375, 9.8],
							"size": [0.175, 0.65, 0.65],
							"inflate": 0.003,
							"pivot": [5.4, 18.25, 6.4125],
							"rotation": [0, 0, 90],
							"uv": {
								"north": {"uv": [29, 13], "uv_size": [0.25, 0.75]},
								"east": {"uv": [23, 22], "uv_size": [0.75, 0.75]},
								"south": {"uv": [29, 14], "uv_size": [0.25, 0.75]},
								"west": {"uv": [23, 23], "uv_size": [0.75, 0.75]},
								"up": {"uv": [29, 15], "uv_size": [0.25, 0.75]},
								"down": {"uv": [16, 29.75], "uv_size": [0.25, -0.75]}
							}
						},
						{
							"origin": [5.2875, 18.05, 10.45],
							"size": [0.175, 0.0875, 0.9],
							"inflate": 0.003,
							"pivot": [5.3125, 18.375, 7.1],
							"rotation": [0, 0, 90],
							"uv": {
								"north": {"uv": [33, 21], "uv_size": [0.25, 0.25]},
								"east": {"uv": [19, 28], "uv_size": [1, 0.25]},
								"south": {"uv": [22, 33], "uv_size": [0.25, 0.25]},
								"west": {"uv": [28, 19], "uv_size": [1, 0.25]},
								"up": {"uv": [20, 28], "uv_size": [0.25, 1]},
								"down": {"uv": [28, 21], "uv_size": [0.25, -1]}
							}
						},
						{
							"origin": [5.2875, 17.925, 10.45],
							"size": [0.175, 0.0875, 0.9],
							"inflate": 0.003,
							"pivot": [5.3125, 18.25, 7.1],
							"rotation": [0, 0, -90],
							"uv": {
								"north": {"uv": [33, 22], "uv_size": [0.25, 0.25]},
								"east": {"uv": [28, 21], "uv_size": [1, 0.25]},
								"south": {"uv": [23, 33], "uv_size": [0.25, 0.25]},
								"west": {"uv": [22, 28], "uv_size": [1, 0.25]},
								"up": {"uv": [28, 22], "uv_size": [0.25, 1]},
								"down": {"uv": [23, 29], "uv_size": [0.25, -1]}
							}
						},
						{
							"origin": [5.52814, 17.02949, 11.1375],
							"size": [0.3, 0.15, 0.2125],
							"inflate": 0.003,
							"pivot": [5.67814, 17.07324, 11.24375],
							"rotation": [0, 0, -67.5],
							"uv": {
								"north": {"uv": [33, 23], "uv_size": [0.25, 0.25]},
								"east": {"uv": [24, 33], "uv_size": [0.25, 0.25]},
								"south": {"uv": [33, 24], "uv_size": [0.25, 0.25]},
								"west": {"uv": [25, 33], "uv_size": [0.25, 0.25]},
								"up": {"uv": [33, 25], "uv_size": [0.25, 0.25]},
								"down": {"uv": [26, 33.25], "uv_size": [0.25, -0.25]}
							}
						},
						{
							"origin": [5.53619, 16.89306, 11.1375],
							"size": [0.1125, 0.15, 0.2125],
							"inflate": 0.003,
							"pivot": [5.59244, 16.93681, 11.24375],
							"rotation": [0, 0, -22.5],
							"uv": {
								"north": {"uv": [33, 26], "uv_size": [0.25, 0.25]},
								"east": {"uv": [27, 33], "uv_size": [0.25, 0.25]},
								"south": {"uv": [33, 27], "uv_size": [0.25, 0.25]},
								"west": {"uv": [28, 33], "uv_size": [0.25, 0.25]},
								"up": {"uv": [33, 28], "uv_size": [0.25, 0.25]},
								"down": {"uv": [29, 33.25], "uv_size": [0.25, -0.25]}
							}
						},
						{
							"origin": [5.06778, 16.87486, 11.1375],
							"size": [0.48943, 0.15, 0.2125],
							"inflate": 0.003,
							"uv": {
								"north": {"uv": [18, 30], "uv_size": [0.5, 0.25]},
								"east": {"uv": [33, 29], "uv_size": [0.25, 0.25]},
								"south": {"uv": [30, 18], "uv_size": [0.5, 0.25]},
								"west": {"uv": [30, 33], "uv_size": [0.25, 0.25]},
								"up": {"uv": [19, 30], "uv_size": [0.5, 0.25]},
								"down": {"uv": [30, 19.25], "uv_size": [0.5, -0.25]}
							}
						},
						{
							"origin": [4.71052, 17.23456, 11.1375],
							"size": [1.15492, 0.67596, 0.2125],
							"inflate": 0.003,
							"pivot": [5.28798, 17.57254, 11.24375],
							"rotation": [0, 0, -90],
							"uv": {
								"north": {"uv": [18, 6], "uv_size": [1.25, 0.75]},
								"east": {"uv": [29, 16], "uv_size": [0.25, 0.75]},
								"south": {"uv": [18, 7], "uv_size": [1.25, 0.75]},
								"west": {"uv": [17, 29], "uv_size": [0.25, 0.75]},
								"up": {"uv": [26, 8], "uv_size": [1.25, 0.25]},
								"down": {"uv": [26, 9.25], "uv_size": [1.25, -0.25]}
							}
						},
						{
							"origin": [5.42103, 18.11011, 11.1375],
							"size": [0.4875, 0.15, 0.2125],
							"inflate": 0.003,
							"pivot": [5.66478, 18.15386, 11.24375],
							"rotation": [0, 0, -106.5],
							"uv": {
								"north": {"uv": [20, 30], "uv_size": [0.5, 0.25]},
								"east": {"uv": [33, 30], "uv_size": [0.25, 0.25]},
								"south": {"uv": [30, 20], "uv_size": [0.5, 0.25]},
								"west": {"uv": [31, 33], "uv_size": [0.25, 0.25]},
								"up": {"uv": [21, 30], "uv_size": [0.5, 0.25]},
								"down": {"uv": [30, 21.25], "uv_size": [0.5, -0.25]}
							}
						},
						{
							"origin": [5.48846, 17.58258, 11.1375],
							"size": [0.7375, 0.15, 0.2125],
							"inflate": 0.003,
							"pivot": [5.73221, 17.68883, 11.24375],
							"rotation": [0, 0, 90],
							"uv": {
								"north": {"uv": [29, 17], "uv_size": [0.75, 0.25]},
								"east": {"uv": [33, 31], "uv_size": [0.25, 0.25]},
								"south": {"uv": [18, 29], "uv_size": [0.75, 0.25]},
								"west": {"uv": [32, 33], "uv_size": [0.25, 0.25]},
								"up": {"uv": [29, 18], "uv_size": [0.75, 0.25]},
								"down": {"uv": [19, 29.25], "uv_size": [0.75, -0.25]}
							}
						},
						{
							"origin": [4.71647, 18.11011, 11.1375],
							"size": [0.4875, 0.15, 0.2125],
							"inflate": 0.003,
							"pivot": [4.96022, 18.15386, 11.24375],
							"rotation": [0, 0, 106.5],
							"uv": {
								"north": {"uv": [22, 30], "uv_size": [0.5, 0.25]},
								"east": {"uv": [33, 32], "uv_size": [0.25, 0.25]},
								"south": {"uv": [30, 22], "uv_size": [0.5, 0.25]},
								"west": {"uv": [33, 33], "uv_size": [0.25, 0.25]},
								"up": {"uv": [23, 30], "uv_size": [0.5, 0.25]},
								"down": {"uv": [30, 23.25], "uv_size": [0.5, -0.25]}
							}
						},
						{
							"origin": [4.39904, 17.58258, 11.1375],
							"size": [0.7375, 0.15, 0.2125],
							"inflate": 0.003,
							"pivot": [4.89279, 17.68883, 11.24375],
							"rotation": [0, 0, -90],
							"uv": {
								"north": {"uv": [29, 19], "uv_size": [0.75, 0.25]},
								"east": {"uv": [0, 34], "uv_size": [0.25, 0.25]},
								"south": {"uv": [20, 29], "uv_size": [0.75, 0.25]},
								"west": {"uv": [34, 0], "uv_size": [0.25, 0.25]},
								"up": {"uv": [29, 20], "uv_size": [0.75, 0.25]},
								"down": {"uv": [21, 29.25], "uv_size": [0.75, -0.25]}
							}
						},
						{
							"origin": [4.79686, 17.02949, 11.1375],
							"size": [0.3, 0.15, 0.2125],
							"inflate": 0.003,
							"pivot": [4.94686, 17.07324, 11.24375],
							"rotation": [0, 0, 67.5],
							"uv": {
								"north": {"uv": [1, 34], "uv_size": [0.25, 0.25]},
								"east": {"uv": [34, 1], "uv_size": [0.25, 0.25]},
								"south": {"uv": [2, 34], "uv_size": [0.25, 0.25]},
								"west": {"uv": [34, 2], "uv_size": [0.25, 0.25]},
								"up": {"uv": [3, 34], "uv_size": [0.25, 0.25]},
								"down": {"uv": [34, 3.25], "uv_size": [0.25, -0.25]}
							}
						},
						{
							"origin": [4.97631, 16.89306, 11.1375],
							"size": [0.1125, 0.15, 0.2125],
							"inflate": 0.003,
							"pivot": [5.03256, 16.93681, 11.24375],
							"rotation": [0, 0, 22.5],
							"uv": {
								"north": {"uv": [4, 34], "uv_size": [0.25, 0.25]},
								"east": {"uv": [34, 4], "uv_size": [0.25, 0.25]},
								"south": {"uv": [5, 34], "uv_size": [0.25, 0.25]},
								"west": {"uv": [34, 5], "uv_size": [0.25, 0.25]},
								"up": {"uv": [6, 34], "uv_size": [0.25, 0.25]},
								"down": {"uv": [34, 6.25], "uv_size": [0.25, -0.25]}
							}
						},
						{
							"origin": [5.50294, 18.2198, 9.8],
							"size": [0.175, 0.15, 1.3375],
							"inflate": 0.003,
							"pivot": [5.59044, 18.2948, 10.46875],
							"rotation": [0, 0, -106.5],
							"uv": {
								"north": {"uv": [7, 34], "uv_size": [0.25, 0.25]},
								"east": {"uv": [26, 10], "uv_size": [1.25, 0.25]},
								"south": {"uv": [34, 7], "uv_size": [0.25, 0.25]},
								"west": {"uv": [26, 11], "uv_size": [1.25, 0.25]},
								"up": {"uv": [26, 13], "uv_size": [0.25, 1.25]},
								"down": {"uv": [16, 27.25], "uv_size": [0.25, -1.25]}
							}
						},
						{
							"origin": [4.71647, 18.11011, 9.8],
							"size": [0.175, 0.15, 1.3375],
							"inflate": 0.003,
							"pivot": [4.96022, 18.15386, 11.03125],
							"rotation": [0, 0, 106.5],
							"uv": {
								"north": {"uv": [8, 34], "uv_size": [0.25, 0.25]},
								"east": {"uv": [26, 17], "uv_size": [1.25, 0.25]},
								"south": {"uv": [34, 8], "uv_size": [0.25, 0.25]},
								"west": {"uv": [26, 18], "uv_size": [1.25, 0.25]},
								"up": {"uv": [17, 26], "uv_size": [0.25, 1.25]},
								"down": {"uv": [19, 27.25], "uv_size": [0.25, -1.25]}
							}
						},
						{
							"origin": [5.53383, 18.01001, 11.01326],
							"size": [0.4875, 0.15, 0.15],
							"inflate": 0.002,
							"pivot": [5.65258, 18.08501, 11.15076],
							"rotation": [0, 45, -106.5],
							"uv": {
								"north": {"uv": [24, 30], "uv_size": [0.5, 0.25]},
								"east": {"uv": [9, 34], "uv_size": [0.25, 0.25]},
								"south": {"uv": [30, 24], "uv_size": [0.5, 0.25]},
								"west": {"uv": [34, 9], "uv_size": [0.25, 0.25]},
								"up": {"uv": [25, 30], "uv_size": [0.5, 0.25]},
								"down": {"uv": [30, 25.25], "uv_size": [0.5, -0.25]}
							}
						},
						{
							"origin": [5.53383, 18.01001, 11.16326],
							"size": [0.3, 0.15, 0.125],
							"inflate": 0.0025,
							"pivot": [5.65258, 18.08501, 11.15076],
							"rotation": [0, 45, -106.5],
							"uv": {
								"north": {"uv": [10, 34], "uv_size": [0.25, 0.25]},
								"east": {"uv": [34, 10], "uv_size": [0.25, 0.25]},
								"south": {"uv": [11, 34], "uv_size": [0.25, 0.25]},
								"west": {"uv": [34, 11], "uv_size": [0.25, 0.25]},
								"up": {"uv": [12, 34], "uv_size": [0.25, 0.25]},
								"down": {"uv": [34, 12.25], "uv_size": [0.25, -0.25]}
							}
						},
						{
							"origin": [4.60367, 18.01001, 11.01326],
							"size": [0.4875, 0.15, 0.15],
							"inflate": 0.002,
							"pivot": [4.97242, 18.08501, 11.15076],
							"rotation": [0, -45, 106.5],
							"uv": {
								"north": {"uv": [26, 30], "uv_size": [0.5, 0.25]},
								"east": {"uv": [13, 34], "uv_size": [0.25, 0.25]},
								"south": {"uv": [30, 26], "uv_size": [0.5, 0.25]},
								"west": {"uv": [34, 13], "uv_size": [0.25, 0.25]},
								"up": {"uv": [27, 30], "uv_size": [0.5, 0.25]},
								"down": {"uv": [30, 27.25], "uv_size": [0.5, -0.25]}
							}
						},
						{
							"origin": [4.6839, 17.2289, 10.925],
							"size": [1.25721, 0.74941, 0.2125],
							"inflate": 0.0021,
							"pivot": [5.3125, 17.6036, 11.03125],
							"rotation": [0, 0, 90],
							"uv": {
								"north": {"uv": [20, 21], "uv_size": [1.25, 0.75]},
								"east": {"uv": [29, 21], "uv_size": [0.25, 0.75]},
								"south": {"uv": [0, 22], "uv_size": [1.25, 0.75]},
								"west": {"uv": [22, 29], "uv_size": [0.25, 0.75]},
								"up": {"uv": [26, 20], "uv_size": [1.25, 0.25]},
								"down": {"uv": [26, 21.25], "uv_size": [1.25, -0.25]}
							}
						},
						{
							"origin": [5.13439, 17.95774, 11.10849],
							"size": [0.11921, 0.56316, 0.2307],
							"inflate": 0.003,
							"pivot": [5.1875, 18.1462, 11.21474],
							"rotation": [0, 21.5, 90],
							"uv": {
								"north": {"uv": [22, 32], "uv_size": [0.25, 0.5]},
								"east": {"uv": [32, 22], "uv_size": [0.25, 0.5]},
								"south": {"uv": [23, 32], "uv_size": [0.25, 0.5]},
								"west": {"uv": [32, 23], "uv_size": [0.25, 0.5]},
								"up": {"uv": [35, 30], "uv_size": [0.25, 0.25]},
								"down": {"uv": [31, 35.25], "uv_size": [0.25, -0.25]}
							}
						},
						{
							"origin": [4.79117, 18.01001, 11.16326],
							"size": [0.3, 0.15, 0.125],
							"inflate": 0.0025,
							"pivot": [4.97242, 18.08501, 11.15076],
							"rotation": [0, -45, 106.5],
							"uv": {
								"north": {"uv": [14, 34], "uv_size": [0.25, 0.25]},
								"east": {"uv": [34, 14], "uv_size": [0.25, 0.25]},
								"south": {"uv": [15, 34], "uv_size": [0.25, 0.25]},
								"west": {"uv": [34, 15], "uv_size": [0.25, 0.25]},
								"up": {"uv": [16, 34], "uv_size": [0.25, 0.25]},
								"down": {"uv": [34, 16.25], "uv_size": [0.25, -0.25]}
							}
						},
						{
							"origin": [4.90265, 17.44765, 5.775],
							"size": [0.81971, 0.74941, 5.15],
							"inflate": 0.003,
							"pivot": [5.3125, 17.82235, 10.35],
							"rotation": [0, 0, 90],
							"uv": {
								"north": {"uv": [24, 0], "uv_size": [0.75, 0.75]},
								"east": {"uv": [10, 14], "uv_size": [5.25, 0.75]},
								"south": {"uv": [24, 1], "uv_size": [0.75, 0.75]},
								"west": {"uv": [15, 4], "uv_size": [5.25, 0.75]},
								"up": {"uv": [10, 15], "uv_size": [0.75, 5.25]},
								"down": {"uv": [11, 20.25], "uv_size": [0.75, -5.25]}
							}
						},
						{
							"origin": [5.15265, 16.94314, 10.48322],
							"size": [0.31971, 0.74941, 0.65],
							"inflate": 0.0022,
							"pivot": [5.3125, 17.31784, 10.80822],
							"rotation": [0, 45, 90],
							"uv": {
								"north": {"uv": [29, 22], "uv_size": [0.25, 0.75]},
								"east": {"uv": [2, 24], "uv_size": [0.75, 0.75]},
								"south": {"uv": [23, 29], "uv_size": [0.25, 0.75]},
								"west": {"uv": [24, 2], "uv_size": [0.75, 0.75]},
								"up": {"uv": [29, 23], "uv_size": [0.25, 0.75]},
								"down": {"uv": [24, 29.75], "uv_size": [0.25, -0.75]}
							}
						},
						{
							"origin": [5.34015, 17.06814, 10.35822],
							"size": [0.13221, 0.74941, 0.4625],
							"inflate": 0.0023,
							"pivot": [5.3125, 17.44284, 10.62072],
							"rotation": [0, 30.5, 90],
							"uv": {
								"north": {"uv": [29, 24], "uv_size": [0.25, 0.75]},
								"east": {"uv": [24, 12], "uv_size": [0.5, 0.75]},
								"south": {"uv": [25, 29], "uv_size": [0.25, 0.75]},
								"west": {"uv": [24, 13], "uv_size": [0.5, 0.75]},
								"up": {"uv": [28, 30], "uv_size": [0.25, 0.5]},
								"down": {"uv": [30, 28.5], "uv_size": [0.25, -0.5]}
							}
						},
						{
							"origin": [5.1214, 16.91769, 8.74408],
							"size": [0.38221, 0.74941, 0.8375],
							"inflate": 0.0026,
							"pivot": [5.3125, 17.29239, 9.16283],
							"rotation": [0, -9.5, 90],
							"uv": {
								"north": {"uv": [24, 14], "uv_size": [0.5, 0.75]},
								"east": {"uv": [3, 24], "uv_size": [0.75, 0.75]},
								"south": {"uv": [16, 24], "uv_size": [0.5, 0.75]},
								"west": {"uv": [24, 3], "uv_size": [0.75, 0.75]},
								"up": {"uv": [24, 16], "uv_size": [0.5, 0.75]},
								"down": {"uv": [17, 24.75], "uv_size": [0.5, -0.75]}
							}
						},
						{
							"origin": [5.1214, 16.8512, 7.13136],
							"size": [0.38221, 0.74941, 1.65],
							"inflate": 0.0027,
							"pivot": [5.3125, 17.2259, 8.08136],
							"rotation": [0, 0, 90],
							"uv": {
								"north": {"uv": [24, 17], "uv_size": [0.5, 0.75]},
								"east": {"uv": [16, 0], "uv_size": [1.75, 0.75]},
								"south": {"uv": [18, 24], "uv_size": [0.5, 0.75]},
								"west": {"uv": [16, 1], "uv_size": [1.75, 0.75]},
								"up": {"uv": [22, 2], "uv_size": [0.5, 1.75]},
								"down": {"uv": [22, 7.75], "uv_size": [0.5, -1.75]}
							}
						},
						{
							"origin": [5.1214, 17.08806, 9.53766],
							"size": [0.38221, 0.74941, 0.8125],
							"inflate": 0.0025,
							"pivot": [5.3125, 17.46277, 9.91266],
							"rotation": [0, -16.5, 90],
							"uv": {
								"north": {"uv": [24, 18], "uv_size": [0.5, 0.75]},
								"east": {"uv": [24, 8], "uv_size": [0.75, 0.75]},
								"south": {"uv": [19, 24], "uv_size": [0.5, 0.75]},
								"west": {"uv": [24, 9], "uv_size": [0.75, 0.75]},
								"up": {"uv": [24, 19], "uv_size": [0.5, 0.75]},
								"down": {"uv": [20, 24.75], "uv_size": [0.5, -0.75]}
							}
						},
						{
							"origin": [5.1214, 16.93508, 5.88487],
							"size": [0.38221, 0.74941, 1.275],
							"inflate": 0.0028,
							"pivot": [5.3125, 17.30979, 6.45987],
							"rotation": [0, 7, 90],
							"uv": {
								"north": {"uv": [24, 20], "uv_size": [0.5, 0.75]},
								"east": {"uv": [22, 0], "uv_size": [1.25, 0.75]},
								"south": {"uv": [21, 24], "uv_size": [0.5, 0.75]},
								"west": {"uv": [22, 1], "uv_size": [1.25, 0.75]},
								"up": {"uv": [22, 22], "uv_size": [0.5, 1.25]},
								"down": {"uv": [0, 24.25], "uv_size": [0.5, -1.25]}
							}
						},
						{
							"origin": [5.1214, 16.98078, 5.76267],
							"size": [0.38221, 0.74941, 0.2125],
							"inflate": 0.0029,
							"pivot": [5.3125, 17.35549, 6.02517],
							"rotation": [0, -38, 90],
							"uv": {
								"north": {"uv": [24, 21], "uv_size": [0.5, 0.75]},
								"east": {"uv": [29, 25], "uv_size": [0.25, 0.75]},
								"south": {"uv": [22, 24], "uv_size": [0.5, 0.75]},
								"west": {"uv": [26, 29], "uv_size": [0.25, 0.75]},
								"up": {"uv": [29, 30], "uv_size": [0.5, 0.25]},
								"down": {"uv": [30, 29.25], "uv_size": [0.5, -0.25]}
							}
						},
						{
							"origin": [5.4339, 17.15056, 10.10016],
							"size": [0.06971, 0.74941, 0.4375],
							"inflate": 0.0024,
							"pivot": [5.3125, 17.52527, 10.28766],
							"rotation": [0, 0, 90],
							"uv": {
								"north": {"uv": [29, 26], "uv_size": [0.25, 0.75]},
								"east": {"uv": [24, 22], "uv_size": [0.5, 0.75]},
								"south": {"uv": [27, 29], "uv_size": [0.25, 0.75]},
								"west": {"uv": [23, 24], "uv_size": [0.5, 0.75]},
								"up": {"uv": [30, 30], "uv_size": [0.25, 0.5]},
								"down": {"uv": [0, 31.5], "uv_size": [0.25, -0.5]}
							}
						},
						{
							"origin": [4.71647, 18.11011, 5.775],
							"size": [0.175, 0.15, 4.025],
							"inflate": 0.003,
							"pivot": [4.96022, 18.15386, 9.65625],
							"rotation": [0, 0, 106.5],
							"uv": {
								"north": {"uv": [17, 34], "uv_size": [0.25, 0.25]},
								"east": {"uv": [16, 14], "uv_size": [4, 0.25]},
								"south": {"uv": [34, 17], "uv_size": [0.25, 0.25]},
								"west": {"uv": [16, 16], "uv_size": [4, 0.25]},
								"up": {"uv": [16, 17], "uv_size": [0.25, 4]},
								"down": {"uv": [17, 21], "uv_size": [0.25, -4]}
							}
						},
						{
							"origin": [5.225, 18.175, 5.775],
							"size": [0.175, 0.275, 4.025],
							"inflate": 0.003,
							"pivot": [5.3125, 18.3125, 7.7875],
							"rotation": [0, 0, 90],
							"uv": {
								"north": {"uv": [18, 34], "uv_size": [0.25, 0.25]},
								"east": {"uv": [18, 0], "uv_size": [4, 0.25]},
								"south": {"uv": [34, 18], "uv_size": [0.25, 0.25]},
								"west": {"uv": [18, 1], "uv_size": [4, 0.25]},
								"up": {"uv": [18, 17], "uv_size": [0.25, 4]},
								"down": {"uv": [19, 21], "uv_size": [0.25, -4]}
							}
						},
						{
							"origin": [5.50294, 18.2198, 5.775],
							"size": [0.175, 0.15, 4.025],
							"inflate": 0.003,
							"pivot": [5.59044, 18.2948, 9.09375],
							"rotation": [0, 0, -106.5],
							"uv": {
								"north": {"uv": [19, 34], "uv_size": [0.25, 0.25]},
								"east": {"uv": [18, 2], "uv_size": [4, 0.25]},
								"south": {"uv": [34, 19], "uv_size": [0.25, 0.25]},
								"west": {"uv": [18, 3], "uv_size": [4, 0.25]},
								"up": {"uv": [20, 6], "uv_size": [0.25, 4]},
								"down": {"uv": [20, 20], "uv_size": [0.25, -4]}
							}
						},
						{
							"origin": [5.14802, 17.64245, 11.19767],
							"size": [0.27992, 0.62691, 0.2125],
							"inflate": 0.003,
							"pivot": [5.28798, 17.98043, 11.30392],
							"rotation": [0, 22, -90],
							"uv": {
								"north": {"uv": [29, 27], "uv_size": [0.25, 0.75]},
								"east": {"uv": [28, 29], "uv_size": [0.25, 0.75]},
								"south": {"uv": [29, 28], "uv_size": [0.25, 0.75]},
								"west": {"uv": [29, 29], "uv_size": [0.25, 0.75]},
								"up": {"uv": [20, 34], "uv_size": [0.25, 0.25]},
								"down": {"uv": [34, 20.25], "uv_size": [0.25, -0.25]}
							}
						},
						{
							"origin": [4.77202, 17.41252, 11.24236],
							"size": [0.65592, 0.62691, 0.2125],
							"inflate": 0.003,
							"pivot": [5.28798, 17.7505, 11.34861],
							"rotation": [0, 0, -90],
							"uv": {
								"north": {"uv": [24, 10], "uv_size": [0.75, 0.75]},
								"east": {"uv": [0, 30], "uv_size": [0.25, 0.75]},
								"south": {"uv": [24, 11], "uv_size": [0.75, 0.75]},
								"west": {"uv": [30, 0], "uv_size": [0.25, 0.75]},
								"up": {"uv": [1, 30], "uv_size": [0.75, 0.25]},
								"down": {"uv": [30, 1.25], "uv_size": [0.75, -0.25]}
							}
						},
						{
							"origin": [5.14802, 16.85564, 11.19767],
							"size": [0.27992, 0.62691, 0.2125],
							"inflate": 0.003,
							"pivot": [5.28798, 17.14457, 11.30392],
							"rotation": [0, 22, 90],
							"uv": {
								"north": {"uv": [2, 30], "uv_size": [0.25, 0.75]},
								"east": {"uv": [30, 2], "uv_size": [0.25, 0.75]},
								"south": {"uv": [3, 30], "uv_size": [0.25, 0.75]},
								"west": {"uv": [30, 3], "uv_size": [0.25, 0.75]},
								"up": {"uv": [21, 34], "uv_size": [0.25, 0.25]},
								"down": {"uv": [34, 21.25], "uv_size": [0.25, -0.25]}
							}
						},
						{
							"origin": [5.28876, 17.44355, 11.22852],
							"size": [0.65592, 0.18295, 0.20828],
							"inflate": 0.003,
							"pivot": [5.61671, 17.5625, 11.33477],
							"rotation": [-36.5, 0, -90],
							"uv": {
								"north": {"uv": [4, 30], "uv_size": [0.75, 0.25]},
								"east": {"uv": [22, 34], "uv_size": [0.25, 0.25]},
								"south": {"uv": [30, 4], "uv_size": [0.75, 0.25]},
								"west": {"uv": [34, 22], "uv_size": [0.25, 0.25]},
								"up": {"uv": [5, 30], "uv_size": [0.75, 0.25]},
								"down": {"uv": [30, 5.25], "uv_size": [0.75, -0.25]}
							}
						},
						{
							"origin": [4.68033, 17.44355, 11.22852],
							"size": [0.65592, 0.18295, 0.20828],
							"inflate": 0.003,
							"pivot": [5.00829, 17.5625, 11.33477],
							"rotation": [-36.5, 0, 90],
							"uv": {
								"north": {"uv": [6, 30], "uv_size": [0.75, 0.25]},
								"east": {"uv": [23, 34], "uv_size": [0.25, 0.25]},
								"south": {"uv": [30, 6], "uv_size": [0.75, 0.25]},
								"west": {"uv": [34, 23], "uv_size": [0.25, 0.25]},
								"up": {"uv": [7, 30], "uv_size": [0.75, 0.25]},
								"down": {"uv": [30, 7.25], "uv_size": [0.75, -0.25]}
							}
						},
						{
							"origin": [5.5, 18.175, 5.775],
							"size": [0.175, 0.1875, 4.025],
							"inflate": 0.003,
							"pivot": [5.5875, 18.3125, 7.7875],
							"rotation": [0, 0, 90],
							"uv": {
								"north": {"uv": [24, 34], "uv_size": [0.25, 0.25]},
								"east": {"uv": [20, 14], "uv_size": [4, 0.25]},
								"south": {"uv": [34, 24], "uv_size": [0.25, 0.25]},
								"west": {"uv": [20, 20], "uv_size": [4, 0.25]},
								"up": {"uv": [21, 6], "uv_size": [0.25, 4]},
								"down": {"uv": [10, 25], "uv_size": [0.25, -4]}
							}
						},
						{
							"origin": [4.95, 18.175, 5.775],
							"size": [0.175, 0.1875, 4.025],
							"inflate": 0.003,
							"pivot": [5.0375, 18.3125, 7.7875],
							"rotation": [0, 0, -90],
							"uv": {
								"north": {"uv": [25, 34], "uv_size": [0.25, 0.25]},
								"east": {"uv": [21, 4], "uv_size": [4, 0.25]},
								"south": {"uv": [34, 25], "uv_size": [0.25, 0.25]},
								"west": {"uv": [16, 21], "uv_size": [4, 0.25]},
								"up": {"uv": [11, 21], "uv_size": [0.25, 4]},
								"down": {"uv": [21, 20], "uv_size": [0.25, -4]}
							}
						}
					]
				},
				{
					"name": "bone45",
					"parent": "m1905",
					"pivot": [5.3125, 17.53492, -11.00837],
					"cubes": [
						{
							"origin": [5.3, 17.2, -10.35],
							"size": [0.025, 1.2, 16.05],
							"inflate": 0.003,
							"uv": {
								"north": {"uv": [0, 25], "uv_size": [0.25, 1.25]},
								"east": {"uv": [0, 0], "uv_size": [16, 1.25]},
								"south": {"uv": [25, 0], "uv_size": [0.25, 1.25]},
								"west": {"uv": [0, 2], "uv_size": [16, 1.25]},
								"up": {"uv": [0, 6], "uv_size": [0.25, 16]},
								"down": {"uv": [1, 22], "uv_size": [0.25, -16]}
							}
						},
						{
							"origin": [5.247, 17.25095, 4.4184],
							"size": [0.13588, 1.0949, 1.28543],
							"inflate": 0.003,
							"uv": {
								"north": {"uv": [7, 28], "uv_size": [0.25, 1]},
								"east": {"uv": [16, 2], "uv_size": [1.25, 1]},
								"south": {"uv": [28, 7], "uv_size": [0.25, 1]},
								"west": {"uv": [16, 3], "uv_size": [1.25, 1]},
								"up": {"uv": [5, 26], "uv_size": [0.25, 1.25]},
								"down": {"uv": [26, 7.25], "uv_size": [0.25, -1.25]}
							}
						},
						{
							"origin": [5.35155, 17.66442, -10.33449],
							"size": [0.00303, 0.40599, 0.80973],
							"inflate": 0.003,
							"pivot": [5.29057, 17.86741, -9.92963],
							"rotation": [0, -4, 0],
							"uv": {
								"north": {"uv": [17, 32], "uv_size": [0.25, 0.5]},
								"east": {"uv": [24, 23], "uv_size": [0.75, 0.5]},
								"south": {"uv": [32, 17], "uv_size": [0.25, 0.5]},
								"west": {"uv": [24, 24], "uv_size": [0.75, 0.5]},
								"up": {"uv": [8, 30], "uv_size": [0.25, 0.75]},
								"down": {"uv": [30, 8.75], "uv_size": [0.25, -0.75]}
							}
						},
						{
							"origin": [5.27205, 17.65842, -10.34885],
							"size": [0.00303, 0.40599, 0.80973],
							"inflate": 0.003,
							"pivot": [5.33607, 17.86141, -9.94398],
							"rotation": [0, 4, 0],
							"uv": {
								"north": {"uv": [17.25, 32], "uv_size": [-0.25, 0.5]},
								"east": {"uv": [24.75, 24], "uv_size": [-0.75, 0.5]},
								"south": {"uv": [32.25, 17], "uv_size": [-0.25, 0.5]},
								"west": {"uv": [24.75, 23], "uv_size": [-0.75, 0.5]},
								"up": {"uv": [8.25, 30], "uv_size": [-0.25, 0.75]},
								"down": {"uv": [30.25, 8.75], "uv_size": [-0.25, -0.75]}
							}
						},
						{
							"origin": [5.247, 18.06345, -10.32882],
							"size": [0.13588, 0.28247, 14.73265],
							"inflate": 0.003,
							"uv": {
								"north": {"uv": [35, 25], "uv_size": [0.25, 0.25]},
								"east": {"uv": [15, 5], "uv_size": [14.75, 0.25]},
								"south": {"uv": [26, 35], "uv_size": [0.25, 0.25]},
								"west": {"uv": [14, 15], "uv_size": [14.75, 0.25]},
								"up": {"uv": [14, 16], "uv_size": [0.25, 14.75]},
								"down": {"uv": [15, 30.75], "uv_size": [0.25, -14.75]}
							}
						},
						{
							"origin": [5.247, 17.67673, 4.16385],
							"size": [0.13588, 0.60669, 0.23999],
							"inflate": 0.0026,
							"pivot": [5.43602, 18.01766, 4.24897],
							"rotation": [56.5, 0, 0],
							"uv": {
								"north": {"uv": [18, 32], "uv_size": [0.25, 0.5]},
								"east": {"uv": [32, 18], "uv_size": [0.25, 0.5]},
								"south": {"uv": [19, 32], "uv_size": [0.25, 0.5]},
								"west": {"uv": [32, 19], "uv_size": [0.25, 0.5]},
								"up": {"uv": [35, 26], "uv_size": [0.25, 0.25]},
								"down": {"uv": [27, 35.25], "uv_size": [0.25, -0.25]}
							}
						},
						{
							"origin": [5.247, 17.47596, 4.16545],
							"size": [0.13588, 0.45739, 0.23838],
							"inflate": 0.0025,
							"pivot": [5.43602, 17.73009, 4.24897],
							"rotation": [-56.5, 0, 0],
							"uv": {
								"north": {"uv": [20, 32], "uv_size": [0.25, 0.5]},
								"east": {"uv": [32, 20], "uv_size": [0.25, 0.5]},
								"south": {"uv": [21, 32], "uv_size": [0.25, 0.5]},
								"west": {"uv": [32, 21], "uv_size": [0.25, 0.5]},
								"up": {"uv": [35, 27], "uv_size": [0.25, 0.25]},
								"down": {"uv": [28, 35.25], "uv_size": [0.25, -0.25]}
							}
						},
						{
							"origin": [5.247, 17.25095, -10.32882],
							"size": [0.13588, 0.40747, 14.73265],
							"inflate": 0.003,
							"uv": {
								"north": {"uv": [10, 32], "uv_size": [0.25, 0.5]},
								"east": {"uv": [0, 4], "uv_size": [14.75, 0.5]},
								"south": {"uv": [32, 10], "uv_size": [0.25, 0.5]},
								"west": {"uv": [0, 5], "uv_size": [14.75, 0.5]},
								"up": {"uv": [12, 15], "uv_size": [0.25, 14.75]},
								"down": {"uv": [13, 29.75], "uv_size": [0.25, -14.75]}
							}
						},
						{
							"origin": [5.2905, 18.30835, -10.34617],
							"size": [0.075, 0.075, 16.05],
							"inflate": 0.003,
							"pivot": [5.328, 18.34585, -2.32117],
							"rotation": [0, 0, 45],
							"uv": {
								"north": {"uv": [33, 17], "uv_size": [0.25, 0.25]},
								"south": {"uv": [18, 33], "uv_size": [0.25, 0.25]},
								"west": {"uv": [2, 7], "uv_size": [16, 0.25]},
								"up": {"uv": [2, 8], "uv_size": [0.25, 16]},
								"down": {"uv": [3, 24], "uv_size": [0.25, -16]}
							}
						},
						{
							"origin": [5.2905, 17.21441, -10.34617],
							"size": [0.075, 0.075, 16.05],
							"inflate": 0.003,
							"pivot": [5.328, 17.25191, -2.32117],
							"rotation": [0, 0, -45],
							"uv": {
								"north": {"uv": [33, 18], "uv_size": [0.25, 0.25]},
								"south": {"uv": [19, 33], "uv_size": [0.25, 0.25]},
								"west": {"uv": [4, 9], "uv_size": [16, 0.25]},
								"up": {"uv": [4, 10], "uv_size": [0.25, 16]},
								"down": {"uv": [5, 26], "uv_size": [0.25, -16]}
							}
						},
						{
							"origin": [5.2595, 18.30835, -10.34617],
							"size": [0.075, 0.075, 16.05],
							"inflate": 0.003,
							"pivot": [5.297, 18.34585, -2.32117],
							"rotation": [0, 0, -45],
							"uv": {
								"north": {"uv": [35, 29], "uv_size": [0.25, 0.25]},
								"east": {"uv": [8, 12], "uv_size": [16, 0.25]},
								"south": {"uv": [30, 35], "uv_size": [0.25, 0.25]},
								"up": {"uv": [8, 14], "uv_size": [0.25, 16]},
								"down": {"uv": [9, 30], "uv_size": [0.25, -16]}
							}
						},
						{
							"origin": [5.2595, 17.21441, -10.34617],
							"size": [0.075, 0.075, 16.05],
							"inflate": 0.003,
							"pivot": [5.297, 17.25191, -2.32117],
							"rotation": [0, 0, 45],
							"uv": {
								"north": {"uv": [35, 28], "uv_size": [0.25, 0.25]},
								"east": {"uv": [6, 10], "uv_size": [16, 0.25]},
								"south": {"uv": [29, 35], "uv_size": [0.25, 0.25]},
								"up": {"uv": [6, 12], "uv_size": [0.25, 16]},
								"down": {"uv": [7, 28], "uv_size": [0.25, -16]}
							}
						},
						{
							"origin": [5.3, 17.76508, -11.68337],
							"size": [0.025, 0.6, 1.35],
							"inflate": 0.003,
							"pivot": [5.3125, 18.06508, -11.00837],
							"rotation": [3, 0, 0],
							"uv": {
								"north": {"uv": [9, 30], "uv_size": [0.25, 0.5]},
								"south": {"uv": [30, 9], "uv_size": [0.25, 0.5]},
								"up": {"uv": [1, 25], "uv_size": [0.25, 1.25]},
								"down": {"uv": [2, 26.25], "uv_size": [0.25, -1.25]}
							}
						},
						{
							"origin": [5.24397, 17.76224, -11.66504],
							"size": [0.13891, 0.54869, 1.3355],
							"inflate": 0.003,
							"pivot": [5.372, 18.06396, -11.00454],
							"rotation": [3, 0, 0],
							"uv": {
								"north": {"uv": [12, 32], "uv_size": [0.25, 0.5]},
								"east": {"uv": [16, 23], "uv_size": [1.25, 0.5]},
								"south": {"uv": [32, 12], "uv_size": [0.25, 0.5]},
								"west": {"uv": [18, 23], "uv_size": [1.25, 0.5]},
								"up": {"uv": [26, 25], "uv_size": [0.25, 1.25]},
								"down": {"uv": [0, 28.25], "uv_size": [0.25, -1.25]}
							}
						},
						{
							"origin": [5.2905, 18.27309, -11.69247],
							"size": [0.075, 0.075, 1.35],
							"inflate": 0.003,
							"pivot": [5.328, 18.31059, -11.01747],
							"rotation": [2.12229, -2.12084, 44.96071],
							"uv": {
								"north": {"uv": [26, 32], "uv_size": [0.25, 0.25]},
								"south": {"uv": [32, 26], "uv_size": [0.25, 0.25]},
								"west": {"uv": [25, 12], "uv_size": [1.25, 0.25]},
								"up": {"uv": [11, 25], "uv_size": [0.25, 1.25]},
								"down": {"uv": [25, 14.25], "uv_size": [0.25, -1.25]}
							}
						},
						{
							"origin": [5.2595, 18.27309, -11.69247],
							"size": [0.075, 0.075, 1.35],
							"inflate": 0.003,
							"pivot": [5.297, 18.31059, -11.01747],
							"rotation": [2.12229, 2.12084, -44.96071],
							"uv": {
								"north": {"uv": [35, 5], "uv_size": [0.25, 0.25]},
								"east": {"uv": [27, 0], "uv_size": [1.25, 0.25]},
								"south": {"uv": [6, 35], "uv_size": [0.25, 0.25]},
								"up": {"uv": [27, 1], "uv_size": [0.25, 1.25]},
								"down": {"uv": [3, 28.25], "uv_size": [0.25, -1.25]}
							}
						},
						{
							"origin": [5.2905, 17.24967, -11.69247],
							"size": [0.075, 0.075, 1.35],
							"inflate": 0.003,
							"pivot": [5.328, 17.28717, -11.01747],
							"rotation": [-2.12229, -2.12084, -44.96071],
							"uv": {
								"north": {"uv": [27, 32], "uv_size": [0.25, 0.25]},
								"south": {"uv": [32, 27], "uv_size": [0.25, 0.25]},
								"west": {"uv": [25, 16], "uv_size": [1.25, 0.25]},
								"up": {"uv": [25, 17], "uv_size": [0.25, 1.25]},
								"down": {"uv": [18, 26.25], "uv_size": [0.25, -1.25]}
							}
						},
						{
							"origin": [5.2595, 17.24967, -11.69247],
							"size": [0.075, 0.075, 1.35],
							"inflate": 0.003,
							"pivot": [5.297, 17.28717, -11.01747],
							"rotation": [-2.12229, 2.12084, 44.96071],
							"uv": {
								"north": {"uv": [35, 7], "uv_size": [0.25, 0.25]},
								"east": {"uv": [27, 12], "uv_size": [1.25, 0.25]},
								"south": {"uv": [8, 35], "uv_size": [0.25, 0.25]},
								"up": {"uv": [11, 27], "uv_size": [0.25, 1.25]},
								"down": {"uv": [18, 28.25], "uv_size": [0.25, -1.25]}
							}
						},
						{
							"origin": [5.3, 17.63832, -12.99983],
							"size": [0.025, 0.6, 1.35],
							"inflate": 0.003,
							"pivot": [5.3125, 17.93832, -12.32483],
							"rotation": [8, 0, 0],
							"uv": {
								"north": {"uv": [11, 30], "uv_size": [0.25, 0.5]},
								"south": {"uv": [30, 11], "uv_size": [0.25, 0.5]},
								"up": {"uv": [25, 6], "uv_size": [0.25, 1.25]},
								"down": {"uv": [25, 9.25], "uv_size": [0.25, -1.25]}
							}
						},
						{
							"origin": [5.24397, 17.73097, -12.98476],
							"size": [0.13891, 0.45298, 1.3357],
							"inflate": 0.0026,
							"pivot": [5.42503, 17.95896, -12.32405],
							"rotation": [8, 0, 0],
							"uv": {
								"north": {"uv": [13, 30], "uv_size": [0.25, 0.5]},
								"east": {"uv": [22, 18], "uv_size": [1.25, 0.5]},
								"south": {"uv": [30, 13], "uv_size": [0.25, 0.5]},
								"west": {"uv": [22, 19], "uv_size": [1.25, 0.5]},
								"up": {"uv": [25, 25], "uv_size": [0.25, 1.25]},
								"down": {"uv": [26, 1.25], "uv_size": [0.25, -1.25]}
							}
						},
						{
							"origin": [5.24397, 17.41487, -12.98449],
							"size": [0.13891, 0.52393, 1.33544],
							"inflate": 0.0024,
							"pivot": [5.42503, 17.6388, -12.32405],
							"rotation": [-8, 0, 0],
							"uv": {
								"north": {"uv": [30, 14], "uv_size": [0.25, 0.5]},
								"east": {"uv": [20, 22], "uv_size": [1.25, 0.5]},
								"south": {"uv": [30, 15], "uv_size": [0.25, 0.5]},
								"west": {"uv": [22, 21], "uv_size": [1.25, 0.5]},
								"up": {"uv": [26, 2], "uv_size": [0.25, 1.25]},
								"down": {"uv": [4, 27.25], "uv_size": [0.25, -1.25]}
							}
						},
						{
							"origin": [5.26853, 18.1973, -13.03037],
							"size": [0.075, 0.075, 1.35],
							"inflate": 0.003,
							"pivot": [5.253, 18.18177, -12.35537],
							"rotation": [5.67527, -5.64763, 44.71984],
							"uv": {
								"north": {"uv": [28, 32], "uv_size": [0.25, 0.25]},
								"south": {"uv": [32, 28], "uv_size": [0.25, 0.25]},
								"west": {"uv": [25, 19], "uv_size": [1.25, 0.25]},
								"up": {"uv": [25, 20], "uv_size": [0.25, 1.25]},
								"down": {"uv": [21, 26.25], "uv_size": [0.25, -1.25]}
							}
						},
						{
							"origin": [5.28147, 18.1973, -13.03037],
							"size": [0.075, 0.075, 1.35],
							"inflate": 0.003,
							"pivot": [5.372, 18.18177, -12.35537],
							"rotation": [5.67527, 5.64763, -44.71984],
							"uv": {
								"north": {"uv": [35, 6], "uv_size": [0.25, 0.25]},
								"east": {"uv": [27, 3], "uv_size": [1.25, 0.25]},
								"south": {"uv": [7, 35], "uv_size": [0.25, 0.25]},
								"up": {"uv": [27, 6], "uv_size": [0.25, 1.25]},
								"down": {"uv": [10, 28.25], "uv_size": [0.25, -1.25]}
							}
						},
						{
							"origin": [5.26853, 17.32546, -13.03037],
							"size": [0.075, 0.075, 1.35],
							"inflate": 0.003,
							"pivot": [5.253, 17.41599, -12.35537],
							"rotation": [-5.67527, -5.64763, -44.71984],
							"uv": {
								"north": {"uv": [29, 32], "uv_size": [0.25, 0.25]},
								"south": {"uv": [32, 29], "uv_size": [0.25, 0.25]},
								"west": {"uv": [25, 22], "uv_size": [1.25, 0.25]},
								"up": {"uv": [25, 23], "uv_size": [0.25, 1.25]},
								"down": {"uv": [24, 26.25], "uv_size": [0.25, -1.25]}
							}
						},
						{
							"origin": [5.28147, 17.32546, -13.03037],
							"size": [0.075, 0.075, 1.35],
							"inflate": 0.003,
							"pivot": [5.372, 17.41599, -12.35537],
							"rotation": [-5.67527, 5.64763, 44.71984],
							"uv": {
								"north": {"uv": [35, 8], "uv_size": [0.25, 0.25]},
								"east": {"uv": [27, 14], "uv_size": [1.25, 0.25]},
								"south": {"uv": [9, 35], "uv_size": [0.25, 0.25]},
								"up": {"uv": [21, 27], "uv_size": [0.25, 1.25]},
								"down": {"uv": [27, 23.25], "uv_size": [0.25, -1.25]}
							}
						},
						{
							"origin": [5.3, 17.92499, -13.92821],
							"size": [0.025, 0.075, 0.975],
							"inflate": 0.003,
							"pivot": [5.3125, 17.81249, -13.44071],
							"rotation": [18, 0, 0],
							"uv": {
								"north": {"uv": [24, 32], "uv_size": [0.25, 0.25]},
								"south": {"uv": [32, 24], "uv_size": [0.25, 0.25]},
								"up": {"uv": [27, 24], "uv_size": [0.25, 1]},
								"down": {"uv": [25, 28], "uv_size": [0.25, -1]}
							}
						},
						{
							"origin": [5.2905, 17.90176, -13.96593],
							"size": [0.075, 0.075, 0.975],
							"inflate": 0.003,
							"pivot": [5.328, 17.93926, -13.47843],
							"rotation": [12.93932, -12.62142, 43.563],
							"uv": {
								"north": {"uv": [33, 0], "uv_size": [0.25, 0.25]},
								"south": {"uv": [1, 33], "uv_size": [0.25, 0.25]},
								"west": {"uv": [28, 1], "uv_size": [1, 0.25]},
								"up": {"uv": [2, 28], "uv_size": [0.25, 1]},
								"down": {"uv": [28, 3], "uv_size": [0.25, -1]}
							}
						},
						{
							"origin": [5.2595, 17.90176, -13.96593],
							"size": [0.075, 0.075, 0.975],
							"inflate": 0.003,
							"pivot": [5.297, 17.93926, -13.47843],
							"rotation": [12.93932, 12.62142, -43.563],
							"uv": {
								"north": {"uv": [35, 10], "uv_size": [0.25, 0.25]},
								"east": {"uv": [3, 29], "uv_size": [1, 0.25]},
								"south": {"uv": [11, 35], "uv_size": [0.25, 0.25]},
								"up": {"uv": [4, 29], "uv_size": [0.25, 1]},
								"down": {"uv": [29, 5], "uv_size": [0.25, -1]}
							}
						},
						{
							"origin": [5.2905, 17.621, -13.96593],
							"size": [0.075, 0.075, 0.975],
							"inflate": 0.003,
							"pivot": [5.328, 17.6585, -13.47843],
							"rotation": [-12.93932, -12.62142, -43.563],
							"uv": {
								"north": {"uv": [33, 1], "uv_size": [0.25, 0.25]},
								"south": {"uv": [2, 33], "uv_size": [0.25, 0.25]},
								"west": {"uv": [5, 28], "uv_size": [1, 0.25]},
								"up": {"uv": [6, 28], "uv_size": [0.25, 1]},
								"down": {"uv": [28, 7], "uv_size": [0.25, -1]}
							}
						},
						{
							"origin": [5.2595, 17.621, -13.96593],
							"size": [0.075, 0.075, 0.975],
							"inflate": 0.003,
							"pivot": [5.297, 17.6585, -13.47843],
							"rotation": [-12.93932, 12.62142, 43.563],
							"uv": {
								"north": {"uv": [35, 9], "uv_size": [0.25, 0.25]},
								"east": {"uv": [1, 29], "uv_size": [1, 0.25]},
								"south": {"uv": [10, 35], "uv_size": [0.25, 0.25]},
								"west": {"uv": [29, 1], "uv_size": [1, 0.25]},
								"up": {"uv": [2, 29], "uv_size": [0.25, 1]},
								"down": {"uv": [29, 3], "uv_size": [0.25, -1]}
							}
						},
						{
							"origin": [5.3, 17.75212, -13.98955],
							"size": [0.025, 0.06109, 0.05218],
							"inflate": 0.003,
							"pivot": [5.3125, 17.79292, -13.98637],
							"rotation": [40.5, 0, 0],
							"uv": {
								"north": {"uv": [30, 32], "uv_size": [0.25, 0.25]},
								"east": {"uv": [32, 30], "uv_size": [0.25, 0.25]},
								"south": {"uv": [31, 32], "uv_size": [0.25, 0.25]},
								"west": {"uv": [32, 31], "uv_size": [0.25, 0.25]},
								"up": {"uv": [32, 32], "uv_size": [0.25, 0.25]},
								"down": {"uv": [0, 33.25], "uv_size": [0.25, -0.25]}
							}
						},
						{
							"origin": [5.3, 17.69999, -13.62821],
							"size": [0.025, 0.225, 0.075],
							"inflate": 0.003,
							"pivot": [5.3125, 17.81249, -13.44071],
							"rotation": [18, 0, 0],
							"uv": {
								"north": {"uv": [35, 17], "uv_size": [0.25, 0.25]},
								"east": {"uv": [18, 35], "uv_size": [0.25, 0.25]},
								"south": {"uv": [35, 18], "uv_size": [0.25, 0.25]},
								"west": {"uv": [19, 35], "uv_size": [0.25, 0.25]},
								"up": {"uv": [35, 19], "uv_size": [0.25, 0.25]},
								"down": {"uv": [20, 35.25], "uv_size": [0.25, -0.25]}
							}
						},
						{
							"origin": [5.3, 17.84999, -13.85321],
							"size": [0.025, 0.075, 0.3],
							"inflate": 0.003,
							"pivot": [5.3125, 17.81249, -13.44071],
							"rotation": [18, 0, 0],
							"uv": {
								"north": {"uv": [35, 14], "uv_size": [0.25, 0.25]},
								"east": {"uv": [15, 35], "uv_size": [0.25, 0.25]},
								"south": {"uv": [35, 15], "uv_size": [0.25, 0.25]},
								"west": {"uv": [16, 35], "uv_size": [0.25, 0.25]},
								"up": {"uv": [35, 16], "uv_size": [0.25, 0.25]},
								"down": {"uv": [17, 35.25], "uv_size": [0.25, -0.25]}
							}
						},
						{
							"origin": [5.3, 17.70547, -13.7672],
							"size": [0.025, 0.15, 0.225],
							"inflate": 0.003,
							"pivot": [5.3125, 17.74297, -13.6547],
							"rotation": [-4.5, 0, 0],
							"uv": {
								"north": {"uv": [35, 11], "uv_size": [0.25, 0.25]},
								"east": {"uv": [12, 35], "uv_size": [0.25, 0.25]},
								"south": {"uv": [35, 12], "uv_size": [0.25, 0.25]},
								"west": {"uv": [13, 35], "uv_size": [0.25, 0.25]},
								"up": {"uv": [35, 13], "uv_size": [0.25, 0.25]},
								"down": {"uv": [14, 35.25], "uv_size": [0.25, -0.25]}
							}
						},
						{
							"origin": [5.3, 17.60735, -13.97456],
							"size": [0.025, 0.075, 0.975],
							"inflate": 0.003,
							"pivot": [5.3125, 17.64485, -13.48706],
							"rotation": [-18, 0, 0],
							"uv": {
								"north": {"uv": [25, 32], "uv_size": [0.25, 0.25]},
								"south": {"uv": [32, 25], "uv_size": [0.25, 0.25]},
								"up": {"uv": [27, 26], "uv_size": [0.25, 1]},
								"down": {"uv": [27, 28], "uv_size": [0.25, -1]}
							}
						},
						{
							"origin": [5.3, 17.68235, -13.59956],
							"size": [0.025, 0.225, 0.6],
							"inflate": 0.003,
							"pivot": [5.3125, 17.64485, -13.48706],
							"rotation": [-18, 0, 0],
							"uv": {
								"north": {"uv": [35, 23], "uv_size": [0.25, 0.25]},
								"east": {"uv": [13, 32], "uv_size": [0.5, 0.25]},
								"south": {"uv": [24, 35], "uv_size": [0.25, 0.25]},
								"west": {"uv": [32, 13], "uv_size": [0.5, 0.25]},
								"up": {"uv": [14, 32], "uv_size": [0.25, 0.5]},
								"down": {"uv": [32, 14.5], "uv_size": [0.25, -0.5]}
							}
						},
						{
							"origin": [5.24397, 17.63707, -13.79386],
							"size": [0.13891, 0.07141, 0.81084],
							"inflate": 0.0023,
							"pivot": [5.42503, 17.67099, -13.39551],
							"rotation": [-18, 0, 0],
							"uv": {
								"north": {"uv": [33, 2], "uv_size": [0.25, 0.25]},
								"east": {"uv": [29, 7], "uv_size": [0.75, 0.25]},
								"south": {"uv": [3, 33], "uv_size": [0.25, 0.25]},
								"west": {"uv": [29, 8], "uv_size": [0.75, 0.25]},
								"up": {"uv": [29, 9], "uv_size": [0.25, 0.75]},
								"down": {"uv": [10, 29.75], "uv_size": [0.25, -0.75]}
							}
						},
						{
							"origin": [5.24397, 17.88385, -13.79445],
							"size": [0.13891, 0.08042, 0.81144],
							"inflate": 0.0027,
							"pivot": [5.42503, 17.92677, -13.39551],
							"rotation": [18, 0, 0],
							"uv": {
								"north": {"uv": [33, 3], "uv_size": [0.25, 0.25]},
								"east": {"uv": [29, 10], "uv_size": [0.75, 0.25]},
								"south": {"uv": [4, 33], "uv_size": [0.25, 0.25]},
								"west": {"uv": [11, 29], "uv_size": [0.75, 0.25]},
								"up": {"uv": [29, 11], "uv_size": [0.25, 0.75]},
								"down": {"uv": [29, 12.75], "uv_size": [0.25, -0.75]}
							}
						},
						{
							"origin": [5.24397, 17.58385, -13.34445],
							"size": [0.13891, 0.30542, 0.36144],
							"inflate": 0.0028,
							"pivot": [5.42503, 17.92677, -13.39551],
							"rotation": [18, 0, 0],
							"uv": {
								"north": {"uv": [33, 4], "uv_size": [0.25, 0.25]},
								"east": {"uv": [16, 30], "uv_size": [0.5, 0.25]},
								"south": {"uv": [5, 33], "uv_size": [0.25, 0.25]},
								"west": {"uv": [30, 16], "uv_size": [0.5, 0.25]},
								"up": {"uv": [17, 30], "uv_size": [0.25, 0.5]},
								"down": {"uv": [30, 17.5], "uv_size": [0.25, -0.5]}
							}
						},
						{
							"origin": [5.24397, 17.53208, -13.22729],
							"size": [0.13891, 0.22191, 0.28573],
							"inflate": 0.0029,
							"pivot": [5.42503, 17.60399, -13.05406],
							"rotation": [-16, 0, 0],
							"uv": {
								"north": {"uv": [33, 14], "uv_size": [0.25, 0.25]},
								"east": {"uv": [15, 33], "uv_size": [0.25, 0.25]},
								"south": {"uv": [33, 15], "uv_size": [0.25, 0.25]},
								"west": {"uv": [16, 33], "uv_size": [0.25, 0.25]},
								"up": {"uv": [33, 16], "uv_size": [0.25, 0.25]},
								"down": {"uv": [17, 33.25], "uv_size": [0.25, -0.25]}
							}
						},
						{
							"origin": [5.24397, 17.7099, -13.53145],
							"size": [0.13891, 0.14728, 0.28565],
							"pivot": [5.42503, 17.74468, -13.4333],
							"rotation": [-14.5, 0, 0],
							"uv": {
								"north": {"uv": [33, 11], "uv_size": [0.25, 0.25]},
								"east": {"uv": [12, 33], "uv_size": [0.25, 0.25]},
								"south": {"uv": [33, 12], "uv_size": [0.25, 0.25]},
								"west": {"uv": [13, 33], "uv_size": [0.25, 0.25]},
								"up": {"uv": [33, 13], "uv_size": [0.25, 0.25]},
								"down": {"uv": [14, 33.25], "uv_size": [0.25, -0.25]}
							}
						},
						{
							"origin": [5.24397, 17.80885, -13.64445],
							"size": [0.13891, 0.08042, 0.28644],
							"inflate": 0.0021,
							"pivot": [5.42503, 17.92677, -13.39551],
							"rotation": [18, 0, 0],
							"uv": {
								"north": {"uv": [33, 5], "uv_size": [0.25, 0.25]},
								"east": {"uv": [6, 33], "uv_size": [0.25, 0.25]},
								"south": {"uv": [33, 6], "uv_size": [0.25, 0.25]},
								"west": {"uv": [7, 33], "uv_size": [0.25, 0.25]},
								"up": {"uv": [33, 7], "uv_size": [0.25, 0.25]},
								"down": {"uv": [8, 33.25], "uv_size": [0.25, -0.25]}
							}
						},
						{
							"origin": [5.24397, 17.71181, -13.6894],
							"size": [0.13891, 0.08842, 0.14424],
							"inflate": 0.0022,
							"pivot": [5.42503, 17.76274, -13.65766],
							"rotation": [63, 0, 0],
							"uv": {
								"north": {"uv": [33, 8], "uv_size": [0.25, 0.25]},
								"east": {"uv": [9, 33], "uv_size": [0.25, 0.25]},
								"south": {"uv": [33, 9], "uv_size": [0.25, 0.25]},
								"west": {"uv": [10, 33], "uv_size": [0.25, 0.25]},
								"up": {"uv": [33, 10], "uv_size": [0.25, 0.25]},
								"down": {"uv": [11, 33.25], "uv_size": [0.25, -0.25]}
							}
						},
						{
							"origin": [5.3, 17.75793, -13.56239],
							"size": [0.025, 0.225, 0.6],
							"inflate": 0.003,
							"pivot": [5.3125, 17.87043, -13.26239],
							"rotation": [18, 0, 0],
							"uv": {
								"north": {"uv": [35, 24], "uv_size": [0.25, 0.25]},
								"east": {"uv": [15, 32], "uv_size": [0.5, 0.25]},
								"south": {"uv": [25, 35], "uv_size": [0.25, 0.25]},
								"west": {"uv": [32, 15], "uv_size": [0.5, 0.25]},
								"up": {"uv": [16, 32], "uv_size": [0.25, 0.5]},
								"down": {"uv": [32, 16.5], "uv_size": [0.25, -0.5]}
							}
						},
						{
							"origin": [5.3, 17.68293, -13.18739],
							"size": [0.025, 0.075, 0.225],
							"inflate": 0.003,
							"pivot": [5.3125, 17.87043, -13.26239],
							"rotation": [18, 0, 0],
							"uv": {
								"north": {"uv": [35, 20], "uv_size": [0.25, 0.25]},
								"east": {"uv": [21, 35], "uv_size": [0.25, 0.25]},
								"south": {"uv": [35, 21], "uv_size": [0.25, 0.25]},
								"west": {"uv": [22, 35], "uv_size": [0.25, 0.25]},
								"up": {"uv": [35, 22], "uv_size": [0.25, 0.25]},
								"down": {"uv": [23, 35.25], "uv_size": [0.25, -0.25]}
							}
						},
						{
							"origin": [5.3, 17.36168, -12.99983],
							"size": [0.025, 0.6, 1.35],
							"inflate": 0.003,
							"pivot": [5.3125, 17.66168, -12.32483],
							"rotation": [-8, 0, 0],
							"uv": {
								"north": {"uv": [12, 30], "uv_size": [0.25, 0.5]},
								"south": {"uv": [30, 12], "uv_size": [0.25, 0.5]},
								"up": {"uv": [10, 25], "uv_size": [0.25, 1.25]},
								"down": {"uv": [25, 11.25], "uv_size": [0.25, -1.25]}
							}
						},
						{
							"origin": [5.3, 17.23492, -11.68337],
							"size": [0.025, 0.6, 1.35],
							"inflate": 0.003,
							"pivot": [5.3125, 17.53492, -11.00837],
							"rotation": [-3, 0, 0],
							"uv": {
								"north": {"uv": [10, 30], "uv_size": [0.25, 0.5]},
								"south": {"uv": [30, 10], "uv_size": [0.25, 0.5]},
								"up": {"uv": [25, 2], "uv_size": [0.25, 1.25]},
								"down": {"uv": [3, 26.25], "uv_size": [0.25, -1.25]}
							}
						},
						{
							"origin": [5.24397, 17.28663, -11.66494],
							"size": [0.13891, 0.54717, 1.3354],
							"inflate": 0.0025,
							"pivot": [5.372, 17.53379, -11.00454],
							"rotation": [-3, 0, 0],
							"uv": {
								"north": {"uv": [11, 32], "uv_size": [0.25, 0.5]},
								"east": {"uv": [23, 6], "uv_size": [1.25, 0.5]},
								"south": {"uv": [32, 11], "uv_size": [0.25, 0.5]},
								"west": {"uv": [23, 7], "uv_size": [1.25, 0.5]},
								"up": {"uv": [23, 26], "uv_size": [0.25, 1.25]},
								"down": {"uv": [26, 24.25], "uv_size": [0.25, -1.25]}
							}
						}
					]
				},
				{
					"name": "views",
					"pivot": [3.5, 13.5, 18.75]
				},
				{
					"name": "idle_view",
					"parent": "views",
					"pivot": [3.5, 8, 17]
				},
				{
					"name": "iron_view",
					"parent": "views",
					"pivot": [0, 6.61938, 9.5]
				},
				{
					"name": "refit_view",
					"parent": "views",
					"pivot": [15, 5, 0],
					"rotation": [0, 90, 0]
				},
				{
					"name": "positioning",
					"pivot": [0, 0, -8]
				},
				{
					"name": "fixed",
					"parent": "positioning",
					"pivot": [0, 5.1, 1.6],
					"rotation": [0, 90, 0]
				},
				{
					"name": "ground",
					"parent": "positioning",
					"pivot": [0, -0.4, 0.65]
				},
				{
					"name": "thirdperson_hand",
					"parent": "positioning",
					"pivot": [0, 4.025, 0.4]
				},
				{
					"name": "camera",
					"pivot": [3.5, 8, 18.5]
				}
			]
		}
	]
}