{
	"format_version": "1.12.0",
	"minecraft:geometry": [
		{
			"description": {
				"identifier": "geometry.unknown",
				"texture_width": 16,
				"texture_height": 16,
				"visible_bounds_width": 2,
				"visible_bounds_height": 1.5,
				"visible_bounds_offset": [0, 0.25, 0]
			},
			"bones": [
				{
					"name": "lod",
					"pivot": [0, 0, 0]
				},
				{
					"name": "main",
					"parent": "lod",
					"pivot": [0, 0, 0],
					"cubes": [
						{
							"origin": [-0.8, -0.8, -8.055],
							"size": [1.6, 1.6, 6.785],
							"pivot": [0, 0, 0],
							"rotation": [0, 0, 45],
							"uv": {
								"north": {"uv": [4, 4], "uv_size": [1.5, 1.5]},
								"east": {"uv": [0, 0], "uv_size": [7, 1.5]},
								"south": {"uv": [4, 6], "uv_size": [1.5, 1.5]},
								"west": {"uv": [0, 2], "uv_size": [7, 1.5]},
								"up": {"uv": [0, 4], "uv_size": [1.5, 7]},
								"down": {"uv": [2, 11], "uv_size": [1.5, -7]}
							}
						},
						{
							"origin": [-0.68, -0.68, -1.265],
							"size": [1.36, 1.36, 0.285],
							"pivot": [0, 0, -0.18],
							"rotation": [0, 0, 45],
							"uv": {
								"east": {"uv": [8, 2], "uv_size": [0.5, 1.5]},
								"west": {"uv": [4, 8], "uv_size": [0.5, 1.5]},
								"up": {"uv": [8, 4], "uv_size": [1.5, 0.5]},
								"down": {"uv": [5, 8.5], "uv_size": [1.5, -0.5]}
							}
						},
						{
							"origin": [-0.8, -0.8, -1],
							"size": [1.6, 1.6, 1],
							"pivot": [0, 0, 0],
							"rotation": [0, 0, 45],
							"uv": {
								"north": {"uv": [6, 4], "uv_size": [1.5, 1.5]},
								"east": {"uv": [7, 0], "uv_size": [1, 1.5]},
								"south": {"uv": [6, 6], "uv_size": [1.5, 1.5]},
								"west": {"uv": [7, 2], "uv_size": [1, 1.5]},
								"up": {"uv": [8, 0], "uv_size": [1.5, 1]},
								"down": {"uv": [8, 2], "uv_size": [1.5, -1]}
							}
						},
						{
							"origin": [-0.28414, -0.27438, -8.195],
							"size": [0.55, 0.55, 0.195],
							"pivot": [0.00086, -0.00938, -8.0975],
							"rotation": [0, 0, 45],
							"uv": {
								"north": {"uv": [0, 12], "uv_size": [0.53, 0.57]},
								"east": {"uv": [0, 11], "uv_size": [0.195, 0.57]},
								"west": {"uv": [1, 12], "uv_size": [0.195, 0.57]},
								"up": {"uv": [1.03, 11.445], "uv_size": [-0.53, -0.195]},
								"down": {"uv": [1.03, 11.695], "uv_size": [-0.53, -0.195]}
							}
						},
						{
							"origin": [-0.6, -0.71716, -8.61],
							"size": [1.6, 1.6, 0.555],
							"pivot": [0, 0.28284, -9.055],
							"rotation": [0, 0, 45],
							"uv": {
								"east": {"uv": [3, 12.5], "uv_size": [0.5, 1.5]},
								"west": {"uv": [4.5, 12.5025], "uv_size": [0.5, 1.4825]},
								"up": {"uv": [4.52, 14.985], "uv_size": [-1.5175, -0.48]},
								"down": {"uv": [4.4925, 12.49], "uv_size": [-1.49, -0.4875]}
							}
						}
					]
				},
				{
					"name": "deco2",
					"parent": "lod",
					"pivot": [0, 0, 0],
					"cubes": [
						{
							"origin": [0.765, -0.3, -0.475],
							"size": [0.29, 1.005, 0.365],
							"uv": {
								"north": {"uv": [8, 5], "uv_size": [0.5, 1]},
								"south": {"uv": [8, 5], "uv_size": [0.5, 1]},
								"west": {"uv": [8, 6], "uv_size": [0.5, 1]},
								"up": {"uv": [10, 2], "uv_size": [0.5, 0.5]},
								"down": {"uv": [10, 2.5], "uv_size": [0.5, -0.5]}
							}
						},
						{
							"origin": [0.87, -0.505, -0.74],
							"size": [0.195, 0.395, 0.725],
							"uv": {
								"north": {"uv": [10, 3], "uv_size": [0.5, 0.5]},
								"east": {"uv": [4, 10], "uv_size": [0.5, 0.5]},
								"south": {"uv": [10, 3], "uv_size": [0.5, 0.5]},
								"west": {"uv": [4, 10], "uv_size": [0.5, 0.5]},
								"up": {"uv": [10, 4], "uv_size": [0.5, 0.5]},
								"down": {"uv": [10, 4.5], "uv_size": [0.5, -0.5]}
							}
						}
					]
				}
			]
		}
	]
}