{
	"format_version": "1.12.0",
	"minecraft:geometry": [
		{
			"description": {
				"identifier": "geometry.unknown",
				"texture_width": 128,
				"texture_height": 128,
				"visible_bounds_width": 10,
				"visible_bounds_height": 6,
				"visible_bounds_offset": [0, 1, 0]
			},
			"bones": [
				{
					"name": "root",
					"pivot": [0, 0, -9]
				},
				{
					"name": "mag_and_lefthand",
					"parent": "root",
					"pivot": [0, 5, -6]
				},
				{
					"name": "lefthand",
					"parent": "mag_and_lefthand",
					"pivot": [-6, 19, 0]
				},
				{
					"name": "lefthand_pos",
					"parent": "lefthand",
					"pivot": [0, 8, 0],
					"cubes": [
						{
							"origin": [-8, 8, -2],
							"size": [4, 12, 4],
							"uv": {
								"north": {"uv": [16, 24], "uv_size": [4, 12]},
								"east": {"uv": [20, 24], "uv_size": [4, 12]},
								"south": {"uv": [24, 24], "uv_size": [4, 12]},
								"west": {"uv": [28, 24], "uv_size": [4, 12]},
								"up": {"uv": [44, 6], "uv_size": [4, 4]},
								"down": {"uv": [44, 14], "uv_size": [4, -4]}
							}
						}
					]
				},
				{
					"name": "mag_and_bullet",
					"parent": "mag_and_lefthand",
					"pivot": [0, 5, -6]
				},
				{
					"name": "bullet",
					"parent": "mag_and_bullet",
					"pivot": [0, 8.975, -6]
				},
				{
					"name": "group3",
					"parent": "bullet",
					"pivot": [-4, 8.16427, -4.375]
				},
				{
					"name": "magazine",
					"parent": "mag_and_bullet",
					"pivot": [0, 5, -6]
				},
				{
					"name": "bullet_in_mag",
					"parent": "magazine",
					"pivot": [0, 8.975, -6]
				},
				{
					"name": "group25",
					"parent": "bullet_in_mag",
					"pivot": [-4, 8.16427, -4.375]
				},
				{
					"name": "mag_standard",
					"parent": "magazine",
					"pivot": [3, 23, -7.875]
				},
				{
					"name": "mag_extended_1",
					"parent": "magazine",
					"pivot": [0, 18.58514, -6.75372]
				},
				{
					"name": "mag_extended_2",
					"parent": "magazine",
					"pivot": [0, 18.58514, -6.75372]
				},
				{
					"name": "mag_extended_3",
					"parent": "magazine",
					"pivot": [0, 8, -8]
				},
				{
					"name": "extend_magazine",
					"parent": "mag_extended_3",
					"pivot": [0, 3.77323, -11.98397]
				},
				{
					"name": "gun_and_righthand",
					"parent": "root",
					"pivot": [0, 7, -1.425]
				},
				{
					"name": "righthand",
					"parent": "gun_and_righthand",
					"pivot": [6, 19, 0]
				},
				{
					"name": "righthand_pos",
					"parent": "righthand",
					"pivot": [0, 8, 0],
					"cubes": [
						{
							"origin": [4, 8, -2],
							"size": [4, 12, 4],
							"uv": {
								"north": {"uv": [32, 24], "uv_size": [4, 12]},
								"east": {"uv": [16, 36], "uv_size": [4, 12]},
								"south": {"uv": [20, 36], "uv_size": [4, 12]},
								"west": {"uv": [24, 36], "uv_size": [4, 12]},
								"up": {"uv": [44, 14], "uv_size": [4, 4]},
								"down": {"uv": [44, 22], "uv_size": [4, -4]}
							}
						}
					]
				},
				{
					"name": "at4",
					"parent": "gun_and_righthand",
					"pivot": [2.67302, 8.73154, -24.47946]
				},
				{
					"name": "bone",
					"parent": "at4",
					"pivot": [2.67302, 8.73154, -24.47946],
					"rotation": [0, 0, -40],
					"cubes": [
						{
							"origin": [3.17191, 7.36535, -24.89121],
							"size": [1.39215, 2.3684, 1.1034],
							"inflate": -0.401,
							"pivot": [3.65304, 8.89956, -24.3481],
							"rotation": [0, 0, 77.75],
							"uv": {
								"north": {"uv": [40, 50], "uv_size": [1, 2]},
								"east": {"uv": [50, 53], "uv_size": [1, 2]},
								"south": {"uv": [56, 42], "uv_size": [1, 2]},
								"west": {"uv": [58, 40], "uv_size": [1, 2]},
								"up": {"uv": [46, 52], "uv_size": [1, 1]},
								"down": {"uv": [50, 56], "uv_size": [1, -1]}
							}
						},
						{
							"origin": [3.34804, 8.5438, -24.89076],
							"size": [1.39125, 1.2675, 1.1025],
							"inflate": -0.4,
							"pivot": [3.65304, 8.89956, -24.3481],
							"rotation": [0, 0, 39.75],
							"uv": {
								"north": {"uv": [37, 57], "uv_size": [1, 1]},
								"east": {"uv": [66, 35], "uv_size": [1, 1]},
								"south": {"uv": [66, 36], "uv_size": [1, 1]},
								"west": {"uv": [37, 66], "uv_size": [1, 1]},
								"up": {"uv": [66, 37], "uv_size": [1, 1]},
								"down": {"uv": [38, 67], "uv_size": [1, -1]}
							}
						},
						{
							"origin": [3.47759, 8.72835, -25.02246],
							"size": [1.13215, 1.4484, 1.33153],
							"inflate": -0.601,
							"pivot": [3.65304, 8.89956, -24.3481],
							"rotation": [0, 0, 39.75],
							"uv": {
								"north": {"uv": [39, 66], "uv_size": [1, 1]},
								"east": {"uv": [40, 66], "uv_size": [1, 1]},
								"south": {"uv": [41, 66], "uv_size": [1, 1]},
								"west": {"uv": [42, 66], "uv_size": [1, 1]},
								"up": {"uv": [43, 66], "uv_size": [1, 1]},
								"down": {"uv": [44, 67], "uv_size": [1, -1]}
							}
						},
						{
							"origin": [3.21634, 8.72835, -25.09121],
							"size": [1.13215, 1.5034, 1.5034],
							"inflate": -0.601,
							"pivot": [3.65304, 8.89956, -24.3481],
							"rotation": [0, 0, 39.75],
							"uv": {
								"north": {"uv": [60, 63], "uv_size": [1, 2]},
								"east": {"uv": [59, 52], "uv_size": [2, 2]},
								"south": {"uv": [61, 63], "uv_size": [1, 2]},
								"west": {"uv": [60, 15], "uv_size": [2, 2]},
								"up": {"uv": [62, 63], "uv_size": [1, 2]},
								"down": {"uv": [63, 64], "uv_size": [1, -2]}
							}
						},
						{
							"origin": [3.73884, 8.72835, -25.09121],
							"size": [1.13215, 1.5034, 1.5034],
							"inflate": -0.601,
							"pivot": [3.65304, 8.89956, -24.3481],
							"rotation": [0, 0, 39.75],
							"uv": {
								"north": {"uv": [0, 64], "uv_size": [1, 2]},
								"east": {"uv": [60, 17], "uv_size": [2, 2]},
								"south": {"uv": [1, 64], "uv_size": [1, 2]},
								"west": {"uv": [20, 60], "uv_size": [2, 2]},
								"up": {"uv": [64, 1], "uv_size": [1, 2]},
								"down": {"uv": [2, 66], "uv_size": [1, -2]}
							}
						},
						{
							"origin": [2.80021, 7.29615, -24.89166],
							"size": [1.39305, 1.4893, 1.1043],
							"inflate": -0.402,
							"pivot": [3.65304, 8.89956, -24.3481],
							"rotation": [0, 0, 77.75],
							"uv": {
								"north": {"uv": [45, 66], "uv_size": [1, 1]},
								"east": {"uv": [66, 45], "uv_size": [1, 1]},
								"south": {"uv": [46, 66], "uv_size": [1, 1]},
								"west": {"uv": [66, 46], "uv_size": [1, 1]},
								"up": {"uv": [47, 66], "uv_size": [1, 1]},
								"down": {"uv": [48, 67], "uv_size": [1, -1]}
							}
						},
						{
							"origin": [3.1294, 7.83082, -24.89211],
							"size": [1.39395, 1.5452, 1.1052],
							"inflate": -0.403,
							"pivot": [3.65304, 8.89956, -24.3481],
							"rotation": [0, 0, 108.5],
							"uv": {
								"north": {"uv": [3, 64], "uv_size": [1, 2]},
								"east": {"uv": [6, 64], "uv_size": [1, 2]},
								"south": {"uv": [7, 64], "uv_size": [1, 2]},
								"west": {"uv": [8, 64], "uv_size": [1, 2]},
								"up": {"uv": [49, 66], "uv_size": [1, 1]},
								"down": {"uv": [50, 67], "uv_size": [1, -1]}
							}
						}
					]
				},
				{
					"name": "octagon",
					"parent": "at4",
					"pivot": [1.20286, 7.43544, -4.41576],
					"rotation": [0, 0, -22.5],
					"cubes": [
						{
							"origin": [0.46245, 5.64794, -26.69076],
							"size": [1.48081, 3.575, 44],
							"pivot": [1.20286, 7.43544, -4.41576],
							"rotation": [0, 0, 45],
							"uv": {
								"north": {"uv": [40, 46], "uv_size": [1, 4]},
								"east": {"uv": [0, 0], "uv_size": [44, 4]},
								"south": {"uv": [22, 60], "uv_size": [1, 4]},
								"west": {"uv": [0, 4], "uv_size": [44, 4]},
								"up": {"uv": [36, 24], "uv_size": [1, 44]},
								"down": {"uv": [28, 80], "uv_size": [1, -44]}
							}
						},
						{
							"origin": [0.46245, 5.64794, -26.69076],
							"size": [1.48081, 3.575, 44],
							"uv": {
								"north": {"uv": [23, 60], "uv_size": [1, 4]},
								"east": {"uv": [0, 8], "uv_size": [44, 4]},
								"south": {"uv": [37, 60], "uv_size": [1, 4]},
								"west": {"uv": [0, 12], "uv_size": [44, 4]},
								"up": {"uv": [29, 36], "uv_size": [1, 44]},
								"down": {"uv": [30, 80], "uv_size": [1, -44]}
							}
						},
						{
							"origin": [-0.58464, 6.69504, -26.69076],
							"size": [3.575, 1.48081, 44],
							"pivot": [1.20286, 7.43544, -4.41576],
							"rotation": [0, 0, 45],
							"uv": {
								"north": {"uv": [51, 23], "uv_size": [4, 1]},
								"east": {"uv": [37, 24], "uv_size": [44, 1]},
								"south": {"uv": [59, 23], "uv_size": [4, 1]},
								"west": {"uv": [37, 25], "uv_size": [44, 1]},
								"up": {"uv": [0, 16], "uv_size": [4, 44]},
								"down": {"uv": [4, 60], "uv_size": [4, -44]}
							}
						},
						{
							"origin": [-0.58464, 6.69504, -26.69076],
							"size": [3.575, 1.48081, 44],
							"uv": {
								"north": {"uv": [59, 35], "uv_size": [4, 1]},
								"east": {"uv": [37, 26], "uv_size": [44, 1]},
								"south": {"uv": [60, 19], "uv_size": [4, 1]},
								"west": {"uv": [37, 27], "uv_size": [44, 1]},
								"up": {"uv": [8, 16], "uv_size": [4, 44]},
								"down": {"uv": [12, 60], "uv_size": [4, -44]}
							}
						}
					]
				},
				{
					"name": "octagon2",
					"parent": "at4",
					"pivot": [1.20286, 7.43544, -8.26576],
					"rotation": [0, 0, -22.5],
					"cubes": [
						{
							"origin": [0.4055, 5.51044, -8.54076],
							"size": [1.59472, 3.85, 0.55],
							"pivot": [1.20286, 7.43544, -8.26576],
							"rotation": [0, 0, 45],
							"uv": {
								"north": {"uv": [38, 46], "uv_size": [2, 4]},
								"east": {"uv": [38, 60], "uv_size": [1, 4]},
								"south": {"uv": [38, 50], "uv_size": [2, 4]},
								"west": {"uv": [39, 60], "uv_size": [1, 4]},
								"up": {"uv": [46, 38], "uv_size": [2, 1]},
								"down": {"uv": [9, 65], "uv_size": [2, -1]}
							}
						},
						{
							"origin": [0.4055, 5.51044, -8.54076],
							"size": [1.59472, 3.85, 0.55],
							"uv": {
								"north": {"uv": [24, 51], "uv_size": [2, 4]},
								"east": {"uv": [44, 60], "uv_size": [1, 4]},
								"south": {"uv": [26, 51], "uv_size": [2, 4]},
								"west": {"uv": [45, 60], "uv_size": [1, 4]},
								"up": {"uv": [64, 10], "uv_size": [2, 1]},
								"down": {"uv": [11, 65], "uv_size": [2, -1]}
							}
						},
						{
							"origin": [-0.72214, 6.63808, -8.54076],
							"size": [3.85, 1.59472, 0.55],
							"pivot": [1.20286, 7.43544, -8.26576],
							"rotation": [0, 0, 45],
							"uv": {
								"north": {"uv": [51, 21], "uv_size": [4, 2]},
								"east": {"uv": [64, 11], "uv_size": [1, 2]},
								"south": {"uv": [51, 44], "uv_size": [4, 2]},
								"west": {"uv": [13, 64], "uv_size": [1, 2]},
								"up": {"uv": [60, 36], "uv_size": [4, 1]},
								"down": {"uv": [60, 38], "uv_size": [4, -1]}
							}
						},
						{
							"origin": [-0.72214, 6.63808, -8.54076],
							"size": [3.85, 1.59472, 0.55],
							"uv": {
								"north": {"uv": [51, 46], "uv_size": [4, 2]},
								"east": {"uv": [20, 64], "uv_size": [1, 2]},
								"south": {"uv": [47, 51], "uv_size": [4, 2]},
								"west": {"uv": [21, 64], "uv_size": [1, 2]},
								"up": {"uv": [50, 60], "uv_size": [4, 1]},
								"down": {"uv": [54, 61], "uv_size": [4, -1]}
							}
						}
					]
				},
				{
					"name": "octagon3",
					"parent": "at4",
					"pivot": [1.20286, 7.43544, -9.36576],
					"rotation": [0, 0, -22.5],
					"cubes": [
						{
							"origin": [0.4055, 5.51044, -9.64076],
							"size": [1.59472, 3.85, 0.55],
							"pivot": [1.20286, 7.43544, -9.36576],
							"rotation": [0, 0, 45],
							"uv": {
								"north": {"uv": [51, 48], "uv_size": [2, 4]},
								"east": {"uv": [60, 54], "uv_size": [1, 4]},
								"south": {"uv": [52, 6], "uv_size": [2, 4]},
								"west": {"uv": [60, 58], "uv_size": [1, 4]},
								"up": {"uv": [64, 13], "uv_size": [2, 1]},
								"down": {"uv": [64, 20], "uv_size": [2, -1]}
							}
						},
						{
							"origin": [0.4055, 5.51044, -9.64076],
							"size": [1.59472, 3.85, 0.55],
							"uv": {
								"north": {"uv": [52, 10], "uv_size": [2, 4]},
								"east": {"uv": [61, 0], "uv_size": [1, 4]},
								"south": {"uv": [52, 14], "uv_size": [2, 4]},
								"west": {"uv": [18, 61], "uv_size": [1, 4]},
								"up": {"uv": [22, 64], "uv_size": [2, 1]},
								"down": {"uv": [64, 29], "uv_size": [2, -1]}
							}
						},
						{
							"origin": [-0.72214, 6.63808, -9.64076],
							"size": [3.85, 1.59472, 0.55],
							"pivot": [1.20286, 7.43544, -9.36576],
							"rotation": [0, 0, 45],
							"uv": {
								"north": {"uv": [52, 18], "uv_size": [4, 2]},
								"east": {"uv": [64, 29], "uv_size": [1, 2]},
								"south": {"uv": [52, 38], "uv_size": [4, 2]},
								"west": {"uv": [31, 64], "uv_size": [1, 2]},
								"up": {"uv": [61, 4], "uv_size": [4, 1]},
								"down": {"uv": [61, 6], "uv_size": [4, -1]}
							}
						},
						{
							"origin": [-0.72214, 6.63808, -9.64076],
							"size": [3.85, 1.59472, 0.55],
							"uv": {
								"north": {"uv": [40, 52], "uv_size": [4, 2]},
								"east": {"uv": [32, 64], "uv_size": [1, 2]},
								"south": {"uv": [52, 40], "uv_size": [4, 2]},
								"west": {"uv": [33, 64], "uv_size": [1, 2]},
								"up": {"uv": [61, 20], "uv_size": [4, 1]},
								"down": {"uv": [61, 22], "uv_size": [4, -1]}
							}
						}
					]
				},
				{
					"name": "octagon4",
					"parent": "at4",
					"pivot": [1.20286, 7.43544, -11.56576],
					"rotation": [0, 0, -22.5],
					"cubes": [
						{
							"origin": [0.4055, 5.51044, -11.84076],
							"size": [1.59472, 3.85, 0.55],
							"pivot": [1.20286, 7.43544, -11.56576],
							"rotation": [0, 0, 45],
							"uv": {
								"north": {"uv": [44, 52], "uv_size": [2, 4]},
								"east": {"uv": [19, 61], "uv_size": [1, 4]},
								"south": {"uv": [51, 52], "uv_size": [2, 4]},
								"west": {"uv": [24, 61], "uv_size": [1, 4]},
								"up": {"uv": [64, 31], "uv_size": [2, 1]},
								"down": {"uv": [64, 37], "uv_size": [2, -1]}
							}
						},
						{
							"origin": [0.4055, 5.51044, -11.84076],
							"size": [1.59472, 3.85, 0.55],
							"uv": {
								"north": {"uv": [53, 32], "uv_size": [2, 4]},
								"east": {"uv": [25, 61], "uv_size": [1, 4]},
								"south": {"uv": [46, 53], "uv_size": [2, 4]},
								"west": {"uv": [26, 61], "uv_size": [1, 4]},
								"up": {"uv": [37, 64], "uv_size": [2, 1]},
								"down": {"uv": [64, 38], "uv_size": [2, -1]}
							}
						},
						{
							"origin": [-0.72214, 6.63808, -11.84076],
							"size": [3.85, 1.59472, 0.55],
							"pivot": [1.20286, 7.43544, -11.56576],
							"rotation": [0, 0, 45],
							"uv": {
								"north": {"uv": [52, 42], "uv_size": [4, 2]},
								"east": {"uv": [34, 64], "uv_size": [1, 2]},
								"south": {"uv": [53, 36], "uv_size": [4, 2]},
								"west": {"uv": [64, 38], "uv_size": [1, 2]},
								"up": {"uv": [61, 22], "uv_size": [4, 1]},
								"down": {"uv": [31, 62], "uv_size": [4, -1]}
							}
						},
						{
							"origin": [-0.72214, 6.63808, -11.84076],
							"size": [3.85, 1.59472, 0.55],
							"uv": {
								"north": {"uv": [53, 48], "uv_size": [4, 2]},
								"east": {"uv": [39, 64], "uv_size": [1, 2]},
								"south": {"uv": [53, 50], "uv_size": [4, 2]},
								"west": {"uv": [64, 40], "uv_size": [1, 2]},
								"up": {"uv": [61, 32], "uv_size": [4, 1]},
								"down": {"uv": [61, 34], "uv_size": [4, -1]}
							}
						}
					]
				},
				{
					"name": "octagon5",
					"parent": "at4",
					"pivot": [1.20286, 7.43544, -14.31576],
					"rotation": [0, 0, -22.5],
					"cubes": [
						{
							"origin": [0.4055, 5.51044, -14.59076],
							"size": [1.59472, 3.85, 0.55],
							"pivot": [1.20286, 7.43544, -14.31576],
							"rotation": [0, 0, 45],
							"uv": {
								"north": {"uv": [48, 53], "uv_size": [2, 4]},
								"east": {"uv": [27, 61], "uv_size": [1, 4]},
								"south": {"uv": [53, 52], "uv_size": [2, 4]},
								"west": {"uv": [35, 61], "uv_size": [1, 4]},
								"up": {"uv": [44, 64], "uv_size": [2, 1]},
								"down": {"uv": [64, 46], "uv_size": [2, -1]}
							}
						},
						{
							"origin": [0.4055, 5.51044, -14.59076],
							"size": [1.59472, 3.85, 0.55],
							"uv": {
								"north": {"uv": [54, 6], "uv_size": [2, 4]},
								"east": {"uv": [61, 38], "uv_size": [1, 4]},
								"south": {"uv": [54, 10], "uv_size": [2, 4]},
								"west": {"uv": [40, 61], "uv_size": [1, 4]},
								"up": {"uv": [46, 64], "uv_size": [2, 1]},
								"down": {"uv": [64, 47], "uv_size": [2, -1]}
							}
						},
						{
							"origin": [-0.72214, 6.63808, -14.59076],
							"size": [3.85, 1.59472, 0.55],
							"pivot": [1.20286, 7.43544, -14.31576],
							"rotation": [0, 0, 45],
							"uv": {
								"north": {"uv": [54, 14], "uv_size": [4, 2]},
								"east": {"uv": [64, 47], "uv_size": [1, 2]},
								"south": {"uv": [16, 54], "uv_size": [4, 2]},
								"west": {"uv": [48, 64], "uv_size": [1, 2]},
								"up": {"uv": [61, 34], "uv_size": [4, 1]},
								"down": {"uv": [61, 43], "uv_size": [4, -1]}
							}
						},
						{
							"origin": [-0.72214, 6.63808, -14.59076],
							"size": [3.85, 1.59472, 0.55],
							"uv": {
								"north": {"uv": [54, 16], "uv_size": [4, 2]},
								"east": {"uv": [49, 64], "uv_size": [1, 2]},
								"south": {"uv": [20, 54], "uv_size": [4, 2]},
								"west": {"uv": [50, 64], "uv_size": [1, 2]},
								"up": {"uv": [61, 43], "uv_size": [4, 1]},
								"down": {"uv": [61, 45], "uv_size": [4, -1]}
							}
						}
					]
				},
				{
					"name": "octagon6",
					"parent": "at4",
					"pivot": [1.20286, 7.43544, -15.41576],
					"rotation": [0, 0, -22.5],
					"cubes": [
						{
							"origin": [0.4055, 5.51044, -15.69076],
							"size": [1.59472, 3.85, 0.55],
							"pivot": [1.20286, 7.43544, -15.41576],
							"rotation": [0, 0, 45],
							"uv": {
								"north": {"uv": [38, 54], "uv_size": [2, 4]},
								"east": {"uv": [41, 61], "uv_size": [1, 4]},
								"south": {"uv": [40, 54], "uv_size": [2, 4]},
								"west": {"uv": [42, 61], "uv_size": [1, 4]},
								"up": {"uv": [51, 64], "uv_size": [2, 1]},
								"down": {"uv": [64, 52], "uv_size": [2, -1]}
							}
						},
						{
							"origin": [0.4055, 5.51044, -15.69076],
							"size": [1.59472, 3.85, 0.55],
							"uv": {
								"north": {"uv": [42, 54], "uv_size": [2, 4]},
								"east": {"uv": [43, 61], "uv_size": [1, 4]},
								"south": {"uv": [55, 0], "uv_size": [2, 4]},
								"west": {"uv": [61, 45], "uv_size": [1, 4]},
								"up": {"uv": [64, 52], "uv_size": [2, 1]},
								"down": {"uv": [64, 54], "uv_size": [2, -1]}
							}
						},
						{
							"origin": [-0.72214, 6.63808, -15.69076],
							"size": [3.85, 1.59472, 0.55],
							"pivot": [1.20286, 7.43544, -15.41576],
							"rotation": [0, 0, 45],
							"uv": {
								"north": {"uv": [55, 4], "uv_size": [4, 2]},
								"east": {"uv": [53, 64], "uv_size": [1, 2]},
								"south": {"uv": [55, 20], "uv_size": [4, 2]},
								"west": {"uv": [64, 54], "uv_size": [1, 2]},
								"up": {"uv": [46, 61], "uv_size": [4, 1]},
								"down": {"uv": [61, 50], "uv_size": [4, -1]}
							}
						},
						{
							"origin": [-0.72214, 6.63808, -15.69076],
							"size": [3.85, 1.59472, 0.55],
							"uv": {
								"north": {"uv": [55, 22], "uv_size": [4, 2]},
								"east": {"uv": [64, 56], "uv_size": [1, 2]},
								"south": {"uv": [24, 55], "uv_size": [4, 2]},
								"west": {"uv": [64, 62], "uv_size": [1, 2]},
								"up": {"uv": [50, 61], "uv_size": [4, 1]},
								"down": {"uv": [61, 51], "uv_size": [4, -1]}
							}
						}
					]
				},
				{
					"name": "octagon7",
					"parent": "at4",
					"pivot": [1.20286, 7.43544, -3.59076],
					"rotation": [0, 0, -22.5],
					"cubes": [
						{
							"origin": [0.4055, 5.51044, -3.86576],
							"size": [1.59472, 3.85, 1.2375],
							"pivot": [1.20286, 7.43544, -3.59076],
							"rotation": [0, 0, 45],
							"uv": {
								"north": {"uv": [55, 32], "uv_size": [2, 4]},
								"east": {"uv": [61, 51], "uv_size": [1, 4]},
								"south": {"uv": [55, 44], "uv_size": [2, 4]},
								"west": {"uv": [54, 61], "uv_size": [1, 4]},
								"up": {"uv": [64, 58], "uv_size": [2, 1]},
								"down": {"uv": [63, 65], "uv_size": [2, -1]}
							}
						},
						{
							"origin": [0.4055, 5.51044, -3.86576],
							"size": [1.59472, 3.85, 1.2375],
							"uv": {
								"north": {"uv": [55, 52], "uv_size": [2, 4]},
								"east": {"uv": [55, 61], "uv_size": [1, 4]},
								"south": {"uv": [56, 6], "uv_size": [2, 4]},
								"west": {"uv": [61, 55], "uv_size": [1, 4]},
								"up": {"uv": [65, 1], "uv_size": [2, 1]},
								"down": {"uv": [65, 3], "uv_size": [2, -1]}
							}
						},
						{
							"origin": [0.71737, 9.19155, -3.86576],
							"size": [1.59472, 0.825, 1.2375],
							"pivot": [1.51473, 8.09155, -3.59076],
							"rotation": [0, 0, -15],
							"uv": {
								"north": {"uv": [65, 4], "uv_size": [2, 1]},
								"east": {"uv": [66, 51], "uv_size": [1, 1]},
								"south": {"uv": [65, 5], "uv_size": [2, 1]},
								"west": {"uv": [66, 52], "uv_size": [1, 1]},
								"up": {"uv": [9, 65], "uv_size": [2, 1]},
								"down": {"uv": [11, 66], "uv_size": [2, -1]}
							}
						},
						{
							"origin": [0.24626, 9.36895, -3.86576],
							"size": [1.45722, 0.825, 1.2375],
							"pivot": [0.90612, 8.26895, -3.59076],
							"rotation": [0, 0, 2.5],
							"uv": {
								"north": {"uv": [53, 66], "uv_size": [1, 1]},
								"east": {"uv": [66, 53], "uv_size": [1, 1]},
								"south": {"uv": [66, 54], "uv_size": [1, 1]},
								"west": {"uv": [66, 55], "uv_size": [1, 1]},
								"up": {"uv": [66, 56], "uv_size": [1, 1]},
								"down": {"uv": [66, 58], "uv_size": [1, -1]}
							}
						},
						{
							"origin": [-0.18985, 8.7407, -3.86576],
							"size": [1.45722, 1.375, 1.2375],
							"pivot": [0.47001, 8.1907, -3.59076],
							"rotation": [0, 0, 15],
							"uv": {
								"north": {"uv": [58, 66], "uv_size": [1, 1]},
								"east": {"uv": [66, 58], "uv_size": [1, 1]},
								"south": {"uv": [66, 59], "uv_size": [1, 1]},
								"west": {"uv": [66, 60], "uv_size": [1, 1]},
								"up": {"uv": [66, 61], "uv_size": [1, 1]},
								"down": {"uv": [66, 63], "uv_size": [1, -1]}
							}
						},
						{
							"origin": [-0.72214, 6.63808, -3.86576],
							"size": [3.85, 1.59472, 1.2375],
							"pivot": [1.20286, 7.43544, -3.59076],
							"rotation": [0, 0, 45],
							"uv": {
								"north": {"uv": [56, 10], "uv_size": [4, 2]},
								"east": {"uv": [65, 11], "uv_size": [1, 2]},
								"south": {"uv": [56, 12], "uv_size": [4, 2]},
								"west": {"uv": [18, 65], "uv_size": [1, 2]},
								"up": {"uv": [61, 59], "uv_size": [4, 1]},
								"down": {"uv": [61, 61], "uv_size": [4, -1]}
							}
						},
						{
							"origin": [-0.72214, 6.63808, -3.86576],
							"size": [3.85, 1.59472, 1.2375],
							"uv": {
								"north": {"uv": [16, 56], "uv_size": [4, 2]},
								"east": {"uv": [19, 65], "uv_size": [1, 2]},
								"south": {"uv": [56, 18], "uv_size": [4, 2]},
								"west": {"uv": [65, 20], "uv_size": [1, 2]},
								"up": {"uv": [61, 61], "uv_size": [4, 1]},
								"down": {"uv": [62, 1], "uv_size": [4, -1]}
							}
						}
					]
				},
				{
					"name": "bone2",
					"parent": "at4",
					"pivot": [1.20286, -9.27081, -3.31576],
					"cubes": [
						{
							"origin": [0.18745, 6.19794, -10.74076],
							"size": [1.06831, 3.7125, 24.75],
							"pivot": [1.20286, 7.98544, -4.41576],
							"rotation": [0, 0, -22.5],
							"uv": {
								"north": {"uv": [56, 61], "uv_size": [1, 4]},
								"east": {"uv": [16, 16], "uv_size": [25, 4]},
								"south": {"uv": [57, 61], "uv_size": [1, 4]},
								"west": {"uv": [16, 20], "uv_size": [25, 4]},
								"up": {"uv": [31, 36], "uv_size": [1, 25]},
								"down": {"uv": [32, 61], "uv_size": [1, -25]}
							}
						},
						{
							"origin": [0.13854, 6.15154, -10.3671],
							"size": [1.06832, 3.7125, 1.1],
							"pivot": [0.6727, 8.00779, -9.8171],
							"rotation": [45, 0, -22.5],
							"uv": {
								"north": {"uv": [62, 6], "uv_size": [1, 4]},
								"east": {"uv": [62, 10], "uv_size": [1, 4]},
								"south": {"uv": [62, 14], "uv_size": [1, 4]},
								"west": {"uv": [16, 62], "uv_size": [1, 4]},
								"up": {"uv": [66, 63], "uv_size": [1, 1]},
								"down": {"uv": [64, 67], "uv_size": [1, -1]}
							}
						},
						{
							"origin": [-1.14352, 9.49248, -10.74076],
							"size": [0.41519, 0.1375, 24.75],
							"pivot": [-0.12811, 7.70498, -4.41576],
							"rotation": [0, 0, 45],
							"uv": {
								"north": {"uv": [66, 64], "uv_size": [1, 1]},
								"east": {"uv": [37, 28], "uv_size": [25, 1]},
								"south": {"uv": [65, 66], "uv_size": [1, 1]},
								"west": {"uv": [37, 29], "uv_size": [25, 1]},
								"up": {"uv": [33, 36], "uv_size": [1, 25]},
								"down": {"uv": [34, 61], "uv_size": [1, -25]}
							}
						},
						{
							"origin": [-0.41478, 8.06645, -10.74076],
							"size": [1.28535, 1.375, 24.75],
							"pivot": [0.31384, 8.75395, 1.63424],
							"rotation": [0, 0, -5],
							"uv": {
								"north": {"uv": [66, 65], "uv_size": [1, 1]},
								"east": {"uv": [37, 30], "uv_size": [25, 1]},
								"south": {"uv": [66, 66], "uv_size": [1, 1]},
								"west": {"uv": [37, 31], "uv_size": [25, 1]},
								"up": {"uv": [35, 36], "uv_size": [1, 25]},
								"down": {"uv": [37, 57], "uv_size": [1, -25]}
							}
						},
						{
							"origin": [-1.53632, 8.83498, -7.85326],
							"size": [2.38534, 0.275, 0.4125],
							"pivot": [-0.34365, 8.97248, -7.64701],
							"rotation": [0, -22.5, -5],
							"uv": {
								"north": {"uv": [22, 65], "uv_size": [2, 1]},
								"east": {"uv": [0, 67], "uv_size": [1, 1]},
								"south": {"uv": [65, 22], "uv_size": [2, 1]},
								"west": {"uv": [1, 67], "uv_size": [1, 1]},
								"up": {"uv": [24, 65], "uv_size": [2, 1]},
								"down": {"uv": [26, 66], "uv_size": [2, -1]}
							}
						},
						{
							"origin": [-0.63755, 8.39794, -11.56576],
							"size": [1.89331, 1.1, 2.3375],
							"pivot": [1.20286, 7.98544, -4.41576],
							"rotation": [0, 0, -22.5],
							"uv": {
								"north": {"uv": [65, 29], "uv_size": [2, 1]},
								"east": {"uv": [65, 30], "uv_size": [2, 1]},
								"south": {"uv": [65, 32], "uv_size": [2, 1]},
								"west": {"uv": [65, 33], "uv_size": [2, 1]},
								"up": {"uv": [62, 1], "uv_size": [2, 2]},
								"down": {"uv": [20, 64], "uv_size": [2, -2]}
							}
						},
						{
							"origin": [-1.28611, 8.90473, -10.32826],
							"size": [1.34331, 0.275, 0.825],
							"pivot": [-0.61446, 9.04223, -9.91576],
							"rotation": [0, 45, -22.5],
							"uv": {
								"north": {"uv": [67, 1], "uv_size": [1, 1]},
								"east": {"uv": [2, 67], "uv_size": [1, 1]},
								"south": {"uv": [67, 2], "uv_size": [1, 1]},
								"west": {"uv": [3, 67], "uv_size": [1, 1]},
								"up": {"uv": [4, 67], "uv_size": [1, 1]},
								"down": {"uv": [67, 5], "uv_size": [1, -1]}
							}
						},
						{
							"origin": [-1.28611, 8.76723, -10.60326],
							"size": [1.34331, 0.55, 0.4125],
							"pivot": [-0.61446, 9.04223, -9.91576],
							"rotation": [0, 45, -22.5],
							"uv": {
								"north": {"uv": [5, 67], "uv_size": [1, 1]},
								"east": {"uv": [67, 5], "uv_size": [1, 1]},
								"south": {"uv": [6, 67], "uv_size": [1, 1]},
								"west": {"uv": [67, 6], "uv_size": [1, 1]},
								"up": {"uv": [7, 67], "uv_size": [1, 1]},
								"down": {"uv": [67, 8], "uv_size": [1, -1]}
							}
						}
					]
				},
				{
					"name": "octagon8",
					"parent": "at4",
					"pivot": [1.20286, 7.36669, 17.58424],
					"cubes": [
						{
							"origin": [-0.27796, 3.79169, 15.93424],
							"size": [2.96163, 7.15, 1.7875],
							"pivot": [1.20286, 7.36669, 17.58424],
							"rotation": [0, 0, 45],
							"uv": {
								"north": {"uv": [38, 32], "uv_size": [3, 7]},
								"east": {"uv": [44, 32], "uv_size": [2, 7]},
								"south": {"uv": [38, 39], "uv_size": [3, 7]},
								"west": {"uv": [41, 45], "uv_size": [2, 7]},
								"up": {"uv": [57, 36], "uv_size": [3, 2]},
								"down": {"uv": [57, 56], "uv_size": [3, -2]}
							}
						},
						{
							"origin": [-0.27796, 3.79169, 15.93424],
							"size": [2.96163, 7.15, 1.7875],
							"uv": {
								"north": {"uv": [41, 16], "uv_size": [3, 7]},
								"east": {"uv": [43, 45], "uv_size": [2, 7]},
								"south": {"uv": [41, 32], "uv_size": [3, 7]},
								"west": {"uv": [45, 45], "uv_size": [2, 7]},
								"up": {"uv": [37, 58], "uv_size": [3, 2]},
								"down": {"uv": [58, 40], "uv_size": [3, -2]}
							}
						},
						{
							"origin": [0.27204, 8.0519, 13.75266],
							"size": [1.86163, 3.3, 3.9875],
							"pivot": [1.20286, 7.7769, 17.60266],
							"rotation": [30, 0, 0],
							"uv": {
								"north": {"uv": [18, 58], "uv_size": [2, 3]},
								"east": {"uv": [47, 45], "uv_size": [4, 3]},
								"south": {"uv": [40, 58], "uv_size": [2, 3]},
								"west": {"uv": [48, 6], "uv_size": [4, 3]},
								"up": {"uv": [20, 56], "uv_size": [2, 4]},
								"down": {"uv": [22, 60], "uv_size": [2, -4]}
							}
						},
						{
							"origin": [0.27204, 4.72147, 13.61344],
							"size": [1.86163, 3.3, 3.9875],
							"pivot": [1.20286, 7.36669, 15.0326],
							"rotation": [-30, 0, 90],
							"uv": {
								"north": {"uv": [42, 58], "uv_size": [2, 3]},
								"east": {"uv": [48, 9], "uv_size": [4, 3]},
								"south": {"uv": [58, 56], "uv_size": [2, 3]},
								"west": {"uv": [48, 12], "uv_size": [4, 3]},
								"up": {"uv": [56, 38], "uv_size": [2, 4]},
								"down": {"uv": [44, 60], "uv_size": [2, -4]}
							}
						},
						{
							"origin": [0.27204, 6.71192, 13.61344],
							"size": [1.86163, 3.3, 3.9875],
							"pivot": [1.20286, 7.36669, 15.0326],
							"rotation": [30, 0, -45],
							"uv": {
								"north": {"uv": [59, 0], "uv_size": [2, 3]},
								"east": {"uv": [48, 15], "uv_size": [4, 3]},
								"south": {"uv": [59, 3], "uv_size": [2, 3]},
								"west": {"uv": [16, 48], "uv_size": [4, 3]},
								"up": {"uv": [50, 56], "uv_size": [2, 4]},
								"down": {"uv": [52, 60], "uv_size": [2, -4]}
							}
						},
						{
							"origin": [0.27204, 6.71192, 13.61344],
							"size": [1.86163, 3.3, 3.9875],
							"pivot": [1.20286, 7.36669, 15.0326],
							"rotation": [30, 0, 45],
							"uv": {
								"north": {"uv": [59, 20], "uv_size": [2, 3]},
								"east": {"uv": [48, 18], "uv_size": [4, 3]},
								"south": {"uv": [59, 32], "uv_size": [2, 3]},
								"west": {"uv": [20, 48], "uv_size": [4, 3]},
								"up": {"uv": [54, 56], "uv_size": [2, 4]},
								"down": {"uv": [56, 60], "uv_size": [2, -4]}
							}
						},
						{
							"origin": [0.27204, 4.72147, 13.61344],
							"size": [1.86163, 3.3, 3.9875],
							"pivot": [1.20286, 7.36669, 15.0326],
							"rotation": [-30, 0, -45],
							"uv": {
								"north": {"uv": [59, 40], "uv_size": [2, 3]},
								"east": {"uv": [24, 48], "uv_size": [4, 3]},
								"south": {"uv": [59, 43], "uv_size": [2, 3]},
								"west": {"uv": [48, 38], "uv_size": [4, 3]},
								"up": {"uv": [57, 0], "uv_size": [2, 4]},
								"down": {"uv": [24, 61], "uv_size": [2, -4]}
							}
						},
						{
							"origin": [0.27204, 4.72147, 13.61344],
							"size": [1.86163, 3.3, 3.9875],
							"pivot": [1.20286, 7.36669, 15.0326],
							"rotation": [-30, 0, 45],
							"uv": {
								"north": {"uv": [59, 46], "uv_size": [2, 3]},
								"east": {"uv": [48, 41], "uv_size": [4, 3]},
								"south": {"uv": [59, 49], "uv_size": [2, 3]},
								"west": {"uv": [47, 48], "uv_size": [4, 3]},
								"up": {"uv": [26, 57], "uv_size": [2, 4]},
								"down": {"uv": [57, 36], "uv_size": [2, -4]}
							}
						},
						{
							"origin": [0.27204, 6.71192, 13.61344],
							"size": [1.86163, 3.3, 3.9875],
							"pivot": [1.20286, 7.36669, 15.0326],
							"rotation": [30, 0, 90],
							"uv": {
								"north": {"uv": [58, 59], "uv_size": [2, 3]},
								"east": {"uv": [51, 0], "uv_size": [4, 3]},
								"south": {"uv": [0, 60], "uv_size": [2, 3]},
								"west": {"uv": [51, 3], "uv_size": [4, 3]},
								"up": {"uv": [57, 42], "uv_size": [2, 4]},
								"down": {"uv": [46, 61], "uv_size": [2, -4]}
							}
						},
						{
							"origin": [0.27204, 3.38148, 13.75266],
							"size": [1.86163, 3.3, 3.9875],
							"pivot": [1.20286, 6.95648, 17.60266],
							"rotation": [-30, 0, 0],
							"uv": {
								"north": {"uv": [2, 60], "uv_size": [2, 3]},
								"east": {"uv": [16, 51], "uv_size": [4, 3]},
								"south": {"uv": [4, 60], "uv_size": [2, 3]},
								"west": {"uv": [20, 51], "uv_size": [4, 3]},
								"up": {"uv": [57, 46], "uv_size": [2, 4]},
								"down": {"uv": [48, 61], "uv_size": [2, -4]}
							}
						},
						{
							"origin": [-2.37214, 5.88588, 15.93424],
							"size": [7.15, 2.96163, 1.7875],
							"pivot": [1.20286, 7.36669, 17.58424],
							"rotation": [0, 0, 45],
							"uv": {
								"north": {"uv": [41, 39], "uv_size": [7, 3]},
								"east": {"uv": [6, 60], "uv_size": [2, 3]},
								"south": {"uv": [41, 42], "uv_size": [7, 3]},
								"west": {"uv": [60, 6], "uv_size": [2, 3]},
								"up": {"uv": [44, 22], "uv_size": [7, 2]},
								"down": {"uv": [46, 34], "uv_size": [7, -2]}
							}
						},
						{
							"origin": [-2.37214, 5.88588, 15.93424],
							"size": [7.15, 2.96163, 1.7875],
							"uv": {
								"north": {"uv": [44, 0], "uv_size": [7, 3]},
								"east": {"uv": [8, 60], "uv_size": [2, 3]},
								"south": {"uv": [44, 3], "uv_size": [7, 3]},
								"west": {"uv": [60, 9], "uv_size": [2, 3]},
								"up": {"uv": [46, 34], "uv_size": [7, 2]},
								"down": {"uv": [46, 38], "uv_size": [7, -2]}
							}
						}
					]
				},
				{
					"name": "octagon9",
					"parent": "at4",
					"pivot": [1.20286, 7.50419, -26.41576],
					"cubes": [
						{
							"origin": [0.06377, 4.75419, -27.24076],
							"size": [2.27817, 1.1, 1.5125],
							"pivot": [1.20286, 7.50419, -26.41576],
							"rotation": [0, 0, 45],
							"uv": {
								"north": {"uv": [65, 34], "uv_size": [2, 1]},
								"east": {"uv": [37, 65], "uv_size": [2, 1]},
								"south": {"uv": [65, 38], "uv_size": [2, 1]},
								"west": {"uv": [65, 39], "uv_size": [2, 1]},
								"up": {"uv": [62, 28], "uv_size": [2, 2]},
								"down": {"uv": [62, 32], "uv_size": [2, -2]}
							}
						},
						{
							"origin": [0.06377, 4.75419, -27.24076],
							"size": [2.27817, 1.1, 1.5125],
							"uv": {
								"north": {"uv": [40, 65], "uv_size": [2, 1]},
								"east": {"uv": [65, 40], "uv_size": [2, 1]},
								"south": {"uv": [65, 41], "uv_size": [2, 1]},
								"west": {"uv": [42, 65], "uv_size": [2, 1]},
								"up": {"uv": [31, 62], "uv_size": [2, 2]},
								"down": {"uv": [33, 64], "uv_size": [2, -2]}
							}
						},
						{
							"origin": [0.06377, 9.15419, -27.24076],
							"size": [2.27817, 1.1, 1.5125],
							"inflate": 0.002,
							"pivot": [1.20286, 7.50419, -26.41576],
							"rotation": [0, 0, 45],
							"uv": {
								"north": {"uv": [65, 42], "uv_size": [2, 1]},
								"east": {"uv": [65, 43], "uv_size": [2, 1]},
								"south": {"uv": [44, 65], "uv_size": [2, 1]},
								"west": {"uv": [65, 44], "uv_size": [2, 1]},
								"up": {"uv": [62, 38], "uv_size": [2, 2]},
								"down": {"uv": [62, 42], "uv_size": [2, -2]}
							}
						},
						{
							"origin": [0.06377, 9.15419, -27.24076],
							"size": [2.27817, 1.1, 1.5125],
							"uv": {
								"north": {"uv": [46, 65], "uv_size": [2, 1]},
								"east": {"uv": [65, 47], "uv_size": [2, 1]},
								"south": {"uv": [65, 48], "uv_size": [2, 1]},
								"west": {"uv": [65, 49], "uv_size": [2, 1]},
								"up": {"uv": [62, 45], "uv_size": [2, 2]},
								"down": {"uv": [46, 64], "uv_size": [2, -2]}
							}
						},
						{
							"origin": [2.85286, 6.36511, -27.24076],
							"size": [1.1, 2.27817, 1.5125],
							"pivot": [1.20286, 7.50419, -26.41576],
							"rotation": [0, 0, 45],
							"uv": {
								"north": {"uv": [35, 65], "uv_size": [1, 2]},
								"east": {"uv": [62, 47], "uv_size": [2, 2]},
								"south": {"uv": [51, 65], "uv_size": [1, 2]},
								"west": {"uv": [48, 62], "uv_size": [2, 2]},
								"up": {"uv": [52, 65], "uv_size": [1, 2]},
								"down": {"uv": [54, 67], "uv_size": [1, -2]}
							}
						},
						{
							"origin": [2.85286, 6.36511, -27.24076],
							"size": [1.1, 2.27817, 1.5125],
							"uv": {
								"north": {"uv": [65, 54], "uv_size": [1, 2]},
								"east": {"uv": [50, 62], "uv_size": [2, 2]},
								"south": {"uv": [55, 65], "uv_size": [1, 2]},
								"west": {"uv": [62, 51], "uv_size": [2, 2]},
								"up": {"uv": [56, 65], "uv_size": [1, 2]},
								"down": {"uv": [65, 58], "uv_size": [1, -2]}
							}
						},
						{
							"origin": [-1.54714, 6.36511, -27.24076],
							"size": [1.1, 2.27817, 1.5125],
							"pivot": [1.20286, 7.50419, -26.41576],
							"rotation": [0, 0, 45],
							"uv": {
								"north": {"uv": [57, 65], "uv_size": [1, 2]},
								"east": {"uv": [52, 62], "uv_size": [2, 2]},
								"south": {"uv": [65, 59], "uv_size": [1, 2]},
								"west": {"uv": [62, 53], "uv_size": [2, 2]},
								"up": {"uv": [60, 65], "uv_size": [1, 2]},
								"down": {"uv": [61, 67], "uv_size": [1, -2]}
							}
						},
						{
							"origin": [-1.54714, 6.36511, -27.24076],
							"size": [1.1, 2.27817, 1.5125],
							"uv": {
								"north": {"uv": [65, 61], "uv_size": [1, 2]},
								"east": {"uv": [62, 55], "uv_size": [2, 2]},
								"south": {"uv": [62, 65], "uv_size": [1, 2]},
								"west": {"uv": [62, 57], "uv_size": [2, 2]},
								"up": {"uv": [63, 65], "uv_size": [1, 2]},
								"down": {"uv": [65, 65], "uv_size": [1, -2]}
							}
						}
					]
				},
				{
					"name": "bone3",
					"parent": "at4",
					"pivot": [3.44411, 8.32919, -24.76576],
					"rotation": [0, 0, -17.5],
					"cubes": [
						{
							"origin": [1.91831, 7.50464, -24.76531],
							"size": [1.52535, 0.5491, 3.2991],
							"inflate": 0.001,
							"pivot": [3.44411, 8.32919, -24.76576],
							"rotation": [0, 0, 66.25],
							"uv": {
								"north": {"uv": [65, 50], "uv_size": [2, 1]},
								"east": {"uv": [41, 23], "uv_size": [3, 1]},
								"south": {"uv": [64, 65], "uv_size": [2, 1]},
								"west": {"uv": [48, 21], "uv_size": [3, 1]},
								"up": {"uv": [10, 60], "uv_size": [2, 3]},
								"down": {"uv": [12, 63], "uv_size": [2, -3]}
							}
						},
						{
							"origin": [1.51786, 7.65419, -25.16576],
							"size": [1.0475, 1.02, 4.1],
							"inflate": -0.4,
							"pivot": [3.44411, 8.32919, -24.76576],
							"rotation": [0, 0, 66.25],
							"uv": {
								"north": {"uv": [8, 67], "uv_size": [1, 1]},
								"east": {"uv": [62, 3], "uv_size": [4, 1]},
								"south": {"uv": [67, 8], "uv_size": [1, 1]},
								"west": {"uv": [62, 18], "uv_size": [4, 1]},
								"up": {"uv": [17, 62], "uv_size": [1, 4]},
								"down": {"uv": [58, 66], "uv_size": [1, -4]}
							}
						},
						{
							"origin": [1.51786, 7.24169, -25.44076],
							"size": [2.32625, 1.4325, 1.075],
							"inflate": -0.4,
							"pivot": [3.44411, 8.32919, -24.76576],
							"rotation": [0, 0, 66.25],
							"uv": {
								"north": {"uv": [0, 66], "uv_size": [2, 1]},
								"east": {"uv": [9, 67], "uv_size": [1, 1]},
								"south": {"uv": [66, 0], "uv_size": [2, 1]},
								"west": {"uv": [67, 9], "uv_size": [1, 1]},
								"up": {"uv": [2, 66], "uv_size": [2, 1]},
								"down": {"uv": [66, 4], "uv_size": [2, -1]}
							}
						},
						{
							"origin": [2.79661, 7.65419, -25.16576],
							"size": [1.0475, 1.02, 4.1],
							"inflate": -0.4,
							"pivot": [3.44411, 8.32919, -24.76576],
							"rotation": [0, 0, 66.25],
							"uv": {
								"north": {"uv": [10, 67], "uv_size": [1, 1]},
								"east": {"uv": [59, 62], "uv_size": [4, 1]},
								"south": {"uv": [11, 67], "uv_size": [1, 1]},
								"west": {"uv": [0, 63], "uv_size": [4, 1]},
								"up": {"uv": [4, 63], "uv_size": [1, 4]},
								"down": {"uv": [5, 67], "uv_size": [1, -4]}
							}
						},
						{
							"origin": [1.78081, 7.64214, -21.87781],
							"size": [1.80035, 0.8241, 4.1241],
							"inflate": 0.001,
							"pivot": [3.44411, 8.32919, -21.60326],
							"rotation": [0, 0, 66.25],
							"uv": {
								"north": {"uv": [6, 66], "uv_size": [2, 1]},
								"east": {"uv": [6, 63], "uv_size": [4, 1]},
								"south": {"uv": [8, 66], "uv_size": [2, 1]},
								"west": {"uv": [63, 6], "uv_size": [4, 1]},
								"up": {"uv": [57, 50], "uv_size": [2, 4]},
								"down": {"uv": [58, 10], "uv_size": [2, -4]}
							}
						},
						{
							"origin": [2.05581, 7.54589, -15.00281],
							"size": [2.21285, 0.9616, 4.3991],
							"inflate": 0.001,
							"pivot": [3.99411, 8.50794, -14.45326],
							"rotation": [0, 0, 66.25],
							"uv": {
								"north": {"uv": [10, 66], "uv_size": [2, 1]},
								"east": {"uv": [63, 7], "uv_size": [4, 1]},
								"south": {"uv": [66, 10], "uv_size": [2, 1]},
								"west": {"uv": [63, 8], "uv_size": [4, 1]},
								"up": {"uv": [58, 14], "uv_size": [2, 4]},
								"down": {"uv": [16, 62], "uv_size": [2, -4]}
							}
						},
						{
							"origin": [1.24286, 7.79169, -11.96576],
							"size": [1.0475, 1.02, 3.99],
							"inflate": -0.4,
							"pivot": [3.44411, 8.32919, -11.56576],
							"rotation": [0, 0, 66.25],
							"uv": {
								"north": {"uv": [12, 67], "uv_size": [1, 1]},
								"east": {"uv": [63, 9], "uv_size": [4, 1]},
								"south": {"uv": [67, 12], "uv_size": [1, 1]},
								"west": {"uv": [10, 63], "uv_size": [4, 1]},
								"up": {"uv": [63, 10], "uv_size": [1, 4]},
								"down": {"uv": [14, 67], "uv_size": [1, -4]}
							}
						},
						{
							"origin": [1.64331, 7.64214, -11.56531],
							"size": [2.07535, 0.5491, 3.2991],
							"inflate": 0.001,
							"pivot": [3.44411, 8.32919, -11.56576],
							"rotation": [0, 0, 66.25],
							"uv": {
								"north": {"uv": [66, 11], "uv_size": [2, 1]},
								"east": {"uv": [48, 44], "uv_size": [3, 1]},
								"south": {"uv": [12, 66], "uv_size": [2, 1]},
								"west": {"uv": [52, 20], "uv_size": [3, 1]},
								"up": {"uv": [60, 12], "uv_size": [2, 3]},
								"down": {"uv": [14, 63], "uv_size": [2, -3]}
							}
						},
						{
							"origin": [3.07161, 7.79169, -11.96576],
							"size": [1.0475, 1.02, 3.99],
							"inflate": -0.4,
							"pivot": [3.44411, 8.32919, -11.56576],
							"rotation": [0, 0, 66.25],
							"uv": {
								"north": {"uv": [13, 67], "uv_size": [1, 1]},
								"east": {"uv": [63, 14], "uv_size": [4, 1]},
								"south": {"uv": [67, 13], "uv_size": [1, 1]},
								"west": {"uv": [63, 15], "uv_size": [4, 1]},
								"up": {"uv": [15, 63], "uv_size": [1, 4]},
								"down": {"uv": [59, 67], "uv_size": [1, -4]}
							}
						},
						{
							"origin": [1.24286, 7.73669, -8.91326],
							"size": [2.87625, 1.075, 1.0475],
							"inflate": -0.4,
							"pivot": [3.44411, 8.32919, -11.56576],
							"rotation": [0, 0, 66.25],
							"uv": {
								"north": {"uv": [63, 16], "uv_size": [3, 1]},
								"east": {"uv": [14, 67], "uv_size": [1, 1]},
								"south": {"uv": [63, 17], "uv_size": [3, 1]},
								"west": {"uv": [67, 14], "uv_size": [1, 1]},
								"up": {"uv": [63, 23], "uv_size": [3, 1]},
								"down": {"uv": [63, 36], "uv_size": [3, -1]}
							}
						}
					]
				},
				{
					"name": "bone4",
					"parent": "bone3",
					"pivot": [3.07384, 8.85083, -8.70576],
					"rotation": [0, 0, -25.25],
					"cubes": [
						{
							"origin": [3.76668, 7.8461, -9.10576],
							"size": [1.39125, 2.0925, 0.965],
							"inflate": -0.4,
							"pivot": [4.26086, 9.30773, -8.60017],
							"rotation": [0, 0, 44.75],
							"uv": {
								"north": {"uv": [66, 12], "uv_size": [1, 2]},
								"east": {"uv": [16, 66], "uv_size": [1, 2]},
								"south": {"uv": [66, 16], "uv_size": [1, 2]},
								"west": {"uv": [17, 66], "uv_size": [1, 2]},
								"up": {"uv": [15, 67], "uv_size": [1, 1]},
								"down": {"uv": [67, 16], "uv_size": [1, -1]}
							}
						},
						{
							"origin": [3.76623, 9.08315, -9.10621],
							"size": [0.97965, 1.69465, 0.9659],
							"inflate": -0.401,
							"pivot": [4.26086, 9.30773, -8.60017],
							"rotation": [0, 0, 44.75],
							"uv": {
								"north": {"uv": [66, 18], "uv_size": [1, 2]},
								"east": {"uv": [20, 66], "uv_size": [1, 2]},
								"south": {"uv": [66, 20], "uv_size": [1, 2]},
								"west": {"uv": [21, 66], "uv_size": [1, 2]},
								"up": {"uv": [67, 16], "uv_size": [1, 1]},
								"down": {"uv": [67, 18], "uv_size": [1, -1]}
							}
						},
						{
							"origin": [4.40466, 9.07419, -9.10666],
							"size": [1.11805, 1.2143, 0.9668],
							"inflate": -0.402,
							"pivot": [4.26086, 9.30773, -8.60017],
							"rotation": [0, 0, 0.25],
							"uv": {
								"north": {"uv": [18, 67], "uv_size": [1, 1]},
								"east": {"uv": [67, 18], "uv_size": [1, 1]},
								"south": {"uv": [19, 67], "uv_size": [1, 1]},
								"west": {"uv": [67, 19], "uv_size": [1, 1]},
								"up": {"uv": [67, 20], "uv_size": [1, 1]},
								"down": {"uv": [67, 22], "uv_size": [1, -1]}
							}
						},
						{
							"origin": [4.17873, 9.08315, -9.10621],
							"size": [0.97965, 1.3509, 0.9659],
							"inflate": -0.401,
							"pivot": [4.26086, 9.30773, -8.60017],
							"rotation": [0, 0, 44.75],
							"uv": {
								"north": {"uv": [22, 67], "uv_size": [1, 1]},
								"east": {"uv": [67, 22], "uv_size": [1, 1]},
								"south": {"uv": [23, 67], "uv_size": [1, 1]},
								"west": {"uv": [24, 67], "uv_size": [1, 1]},
								"up": {"uv": [25, 67], "uv_size": [1, 1]},
								"down": {"uv": [26, 68], "uv_size": [1, -1]}
							}
						},
						{
							"origin": [3.90418, 9.3586, -9.10576],
							"size": [1.11625, 1.075, 0.965],
							"inflate": -0.4,
							"pivot": [4.26086, 9.30773, -8.60017],
							"rotation": [0, 0, 44.75],
							"uv": {
								"north": {"uv": [27, 67], "uv_size": [1, 1]},
								"east": {"uv": [67, 29], "uv_size": [1, 1]},
								"south": {"uv": [67, 30], "uv_size": [1, 1]},
								"west": {"uv": [31, 67], "uv_size": [1, 1]},
								"up": {"uv": [32, 67], "uv_size": [1, 1]},
								"down": {"uv": [67, 33], "uv_size": [1, -1]}
							}
						},
						{
							"origin": [3.58793, 8.82215, -9.11036],
							"size": [1.55625, 1.0475, 1.02],
							"inflate": -0.4,
							"pivot": [4.26086, 9.30773, -8.60017],
							"rotation": [-37.5, 0, 44.75],
							"uv": {
								"north": {"uv": [22, 66], "uv_size": [2, 1]},
								"east": {"uv": [33, 67], "uv_size": [1, 1]},
								"south": {"uv": [66, 23], "uv_size": [2, 1]},
								"west": {"uv": [67, 33], "uv_size": [1, 1]},
								"up": {"uv": [24, 66], "uv_size": [2, 1]},
								"down": {"uv": [26, 67], "uv_size": [2, -1]}
							}
						},
						{
							"origin": [3.39842, 7.78736, -9.10531],
							"size": [2.35285, 1.4866, 0.9641],
							"inflate": -0.399,
							"pivot": [4.26086, 9.30773, -8.60017],
							"rotation": [0, 0, 88.25],
							"uv": {
								"north": {"uv": [66, 28], "uv_size": [2, 1]},
								"east": {"uv": [34, 67], "uv_size": [1, 1]},
								"south": {"uv": [31, 66], "uv_size": [2, 1]},
								"west": {"uv": [67, 34], "uv_size": [1, 1]},
								"up": {"uv": [66, 31], "uv_size": [2, 1]},
								"down": {"uv": [33, 67], "uv_size": [2, -1]}
							}
						}
					]
				},
				{
					"name": "camera",
					"pivot": [6, 13.15625, 6.05]
				},
				{
					"name": "positioning",
					"pivot": [0, 0, -8]
				},
				{
					"name": "thirdperson_hand",
					"parent": "positioning",
					"pivot": [0, 4.875, -11.65]
				},
				{
					"name": "ground",
					"parent": "positioning",
					"pivot": [0, 2.1, -7.35]
				},
				{
					"name": "fixed",
					"parent": "positioning",
					"pivot": [-2, 8.1, -6.775],
					"rotation": [0, -90, 0]
				},
				{
					"name": "view",
					"pivot": [0, 0, 0]
				},
				{
					"name": "iron_view",
					"parent": "view",
					"pivot": [3.71094, 10.20625, -3]
				},
				{
					"name": "idle_view",
					"parent": "view",
					"pivot": [6, 11.1563, 0.05]
				},
				{
					"name": "refit_view",
					"parent": "view",
					"pivot": [23, 10, -7],
					"rotation": [0, 90, 0]
				},
				{
					"name": "refit_muzzle_view",
					"parent": "view",
					"pivot": [10, 9, -34],
					"rotation": [0, 120, 0]
				},
				{
					"name": "refit_stock_view",
					"parent": "view",
					"pivot": [10, 9, 4.6],
					"rotation": [0, 90, 0]
				},
				{
					"name": "refit_scope_view",
					"parent": "view",
					"pivot": [8, 12.5, 4.3],
					"rotation": [0, 50, 0]
				},
				{
					"name": "refit_extended_mag_view",
					"parent": "view",
					"pivot": [6, -2, -7],
					"rotation": [0, 90, 35]
				},
				{
					"name": "refit_laser_view",
					"parent": "view",
					"pivot": [7, 10, -11],
					"rotation": [0, 70, 0]
				},
				{
					"name": "refit_grip_view",
					"parent": "view",
					"pivot": [5.8, 5.4, -13],
					"rotation": [0, 90, 0]
				}
			]
		}
	]
}