{
	"format_version": "1.12.0",
	"minecraft:geometry": [
		{
			"description": {
				"identifier": "geometry.mk14",
				"texture_width": 128,
				"texture_height": 128,
				"visible_bounds_width": 6,
				"visible_bounds_height": 5,
				"visible_bounds_offset": [0, -0.5, 0]
			},
			"bones": [
				{
					"name": "root",
					"pivot": [0, 6, 0]
				},
				{
					"name": "mag_and_lefthand",
					"parent": "root",
					"pivot": [0, 0, 0]
				},
				{
					"name": "lefthand",
					"parent": "mag_and_lefthand",
					"pivot": [-6, 19, 4]
				},
				{
					"name": "lefthand_pos",
					"parent": "lefthand",
					"pivot": [0, 8, 4],
					"cubes": [
						{
							"origin": [-8, 8, 2],
							"size": [4, 12, 4],
							"uv": {
								"north": {"uv": [0, 0], "uv_size": [4, 12]},
								"east": {"uv": [4, 0], "uv_size": [4, 12]},
								"south": {"uv": [8, 0], "uv_size": [4, 12]},
								"west": {"uv": [0, 12], "uv_size": [4, 12]},
								"up": {"uv": [16, 34], "uv_size": [4, 4]},
								"down": {"uv": [11, 41], "uv_size": [4, -4]}
							}
						}
					]
				},
				{
					"name": "gun_and_righthand",
					"parent": "root",
					"pivot": [0, 0, 0]
				},
				{
					"name": "righthand",
					"parent": "gun_and_righthand",
					"pivot": [6, 19, 4]
				},
				{
					"name": "righthand_pos",
					"parent": "righthand",
					"pivot": [0, 8, 4],
					"cubes": [
						{
							"origin": [4, 8, 2],
							"size": [4, 12, 4],
							"uv": {
								"north": {"uv": [12, 0], "uv_size": [4, 12]},
								"east": {"uv": [4, 12], "uv_size": [4, 12]},
								"south": {"uv": [8, 12], "uv_size": [4, 12]},
								"west": {"uv": [12, 12], "uv_size": [4, 12]},
								"up": {"uv": [15, 38], "uv_size": [4, 4]},
								"down": {"uv": [11, 48], "uv_size": [4, -4]}
							}
						}
					]
				},
				{
					"name": "M72",
					"parent": "gun_and_righthand",
					"pivot": [0, 6, -1]
				},
				{
					"name": "QG",
					"parent": "M72",
					"pivot": [0, 6, -21.5],
					"rotation": [0, -90, 0],
					"cubes": [
						{
							"origin": [1, 5.25442, -23.3],
							"size": [28.25, 1.49117, 0.5],
							"pivot": [0, 6, -21.5],
							"rotation": [-45, 0, 0],
							"uv": {
								"north": {"uv": [16, 0], "uv_size": [28.5, 1.5]},
								"east": {"uv": [8, 62], "uv_size": [0.5, 1.5]},
								"south": {"uv": [16, 2], "uv_size": [28.5, 1.5]},
								"west": {"uv": [9, 62], "uv_size": [0.5, 1.5]},
								"up": {"uv": [44, 29], "uv_size": [28.5, 0.5]},
								"down": {"uv": [44, 43.5], "uv_size": [28.5, -0.5]}
							}
						},
						{
							"origin": [1, 5.25442, -23.3],
							"size": [28.25, 1.49117, 0.5],
							"uv": {
								"north": {"uv": [16, 4], "uv_size": [28.5, 1.5]},
								"east": {"uv": [10, 62], "uv_size": [0.5, 1.5]},
								"south": {"uv": [16, 6], "uv_size": [28.5, 1.5]},
								"west": {"uv": [11, 62], "uv_size": [0.5, 1.5]},
								"up": {"uv": [44, 44], "uv_size": [28.5, 0.5]},
								"down": {"uv": [45, 0.5], "uv_size": [28.5, -0.5]}
							}
						},
						{
							"origin": [1, 5.25442, -20.2],
							"size": [28.25, 1.49117, 0.5],
							"pivot": [0, 6, -21.5],
							"rotation": [-45, 0, 0],
							"uv": {
								"north": {"uv": [16, 8], "uv_size": [28.5, 1.5]},
								"east": {"uv": [12, 62], "uv_size": [0.5, 1.5]},
								"south": {"uv": [16, 10], "uv_size": [28.5, 1.5]},
								"west": {"uv": [13, 62], "uv_size": [0.5, 1.5]},
								"up": {"uv": [45, 1], "uv_size": [28.5, 0.5]},
								"down": {"uv": [45, 2.5], "uv_size": [28.5, -0.5]}
							}
						},
						{
							"origin": [1, 5.25442, -20.2],
							"size": [28.25, 1.49117, 0.5],
							"uv": {
								"north": {"uv": [16, 12], "uv_size": [28.5, 1.5]},
								"east": {"uv": [14, 62], "uv_size": [0.5, 1.5]},
								"south": {"uv": [16, 14], "uv_size": [28.5, 1.5]},
								"west": {"uv": [15, 62], "uv_size": [0.5, 1.5]},
								"up": {"uv": [45, 3], "uv_size": [28.5, 0.5]},
								"down": {"uv": [45, 4.5], "uv_size": [28.5, -0.5]}
							}
						},
						{
							"origin": [1, 4.2, -22.24558],
							"size": [28.25, 0.5, 1.49117],
							"pivot": [0, 6, -21.5],
							"rotation": [-45, 0, 0],
							"uv": {
								"north": {"uv": [45, 5], "uv_size": [28.5, 0.5]},
								"east": {"uv": [62, 15], "uv_size": [1.5, 0.5]},
								"south": {"uv": [45, 6], "uv_size": [28.5, 0.5]},
								"west": {"uv": [16, 62], "uv_size": [1.5, 0.5]},
								"up": {"uv": [16, 16], "uv_size": [28.5, 1.5]},
								"down": {"uv": [16, 19.5], "uv_size": [28.5, -1.5]}
							}
						},
						{
							"origin": [1, 4.2, -22.24558],
							"size": [28.25, 0.5, 1.49117],
							"uv": {
								"north": {"uv": [45, 7], "uv_size": [28.5, 0.5]},
								"east": {"uv": [62, 16], "uv_size": [1.5, 0.5]},
								"south": {"uv": [45, 8], "uv_size": [28.5, 0.5]},
								"west": {"uv": [62, 17], "uv_size": [1.5, 0.5]},
								"up": {"uv": [16, 20], "uv_size": [28.5, 1.5]},
								"down": {"uv": [16, 23.5], "uv_size": [28.5, -1.5]}
							}
						},
						{
							"origin": [1, 7.3, -22.24558],
							"size": [28.25, 0.5, 1.49117],
							"pivot": [0, 6, -21.5],
							"rotation": [-45, 0, 0],
							"uv": {
								"north": {"uv": [45, 9], "uv_size": [28.5, 0.5]},
								"east": {"uv": [62, 18], "uv_size": [1.5, 0.5]},
								"south": {"uv": [45, 10], "uv_size": [28.5, 0.5]},
								"west": {"uv": [19, 62], "uv_size": [1.5, 0.5]},
								"up": {"uv": [0, 24], "uv_size": [28.5, 1.5]},
								"down": {"uv": [0, 27.5], "uv_size": [28.5, -1.5]}
							}
						},
						{
							"origin": [1, 7.3, -22.24558],
							"size": [28.25, 0.5, 1.49117],
							"uv": {
								"north": {"uv": [45, 11], "uv_size": [28.5, 0.5]},
								"east": {"uv": [62, 19], "uv_size": [1.5, 0.5]},
								"south": {"uv": [45, 12], "uv_size": [28.5, 0.5]},
								"west": {"uv": [62, 20], "uv_size": [1.5, 0.5]},
								"up": {"uv": [0, 28], "uv_size": [28.5, 1.5]},
								"down": {"uv": [29, 25.5], "uv_size": [28.5, -1.5]}
							}
						}
					]
				},
				{
					"name": "octagon3",
					"parent": "QG",
					"pivot": [30, 6, -21.5],
					"rotation": [0, 180, 0],
					"cubes": [
						{
							"origin": [29.5, 5.17157, -23.5],
							"size": [1.25, 1.65685, 4],
							"pivot": [30, 6, -21.5],
							"rotation": [-45, 0, 0],
							"uv": {
								"north": {"uv": [57, 51], "uv_size": [1.5, 1.5]},
								"east": {"uv": [46, 40], "uv_size": [4, 1.5]},
								"south": {"uv": [56, 57], "uv_size": [1.5, 1.5]},
								"west": {"uv": [26, 47], "uv_size": [4, 1.5]},
								"up": {"uv": [30, 47], "uv_size": [1.5, 4]},
								"down": {"uv": [32, 51], "uv_size": [1.5, -4]}
							}
						},
						{
							"origin": [29.5, 5.17157, -23.5],
							"size": [1.25, 1.65685, 4],
							"uv": {
								"north": {"uv": [7, 58], "uv_size": [1.5, 1.5]},
								"east": {"uv": [34, 47], "uv_size": [4, 1.5]},
								"south": {"uv": [9, 58], "uv_size": [1.5, 1.5]},
								"west": {"uv": [38, 47], "uv_size": [4, 1.5]},
								"up": {"uv": [42, 47], "uv_size": [1.5, 4]},
								"down": {"uv": [44, 51], "uv_size": [1.5, -4]}
							}
						},
						{
							"origin": [29.5, 4, -22.32843],
							"size": [1.25, 4, 1.65685],
							"pivot": [30, 6, -21.5],
							"rotation": [-45, 0, 0],
							"uv": {
								"north": {"uv": [47, 45], "uv_size": [1.5, 4]},
								"east": {"uv": [11, 48], "uv_size": [1.5, 4]},
								"south": {"uv": [13, 48], "uv_size": [1.5, 4]},
								"west": {"uv": [15, 48], "uv_size": [1.5, 4]},
								"up": {"uv": [11, 58], "uv_size": [1.5, 1.5]},
								"down": {"uv": [19, 59.5], "uv_size": [1.5, -1.5]}
							}
						},
						{
							"origin": [29.5, 4, -22.32843],
							"size": [1.25, 4, 1.65685],
							"uv": {
								"north": {"uv": [17, 48], "uv_size": [1.5, 4]},
								"east": {"uv": [19, 48], "uv_size": [1.5, 4]},
								"south": {"uv": [26, 49], "uv_size": [1.5, 4]},
								"west": {"uv": [28, 49], "uv_size": [1.5, 4]},
								"up": {"uv": [58, 24], "uv_size": [1.5, 1.5]},
								"down": {"uv": [27, 59.5], "uv_size": [1.5, -1.5]}
							}
						}
					]
				},
				{
					"name": "MJ",
					"parent": "M72",
					"pivot": [0.0004, 9.33566, 3.46804],
					"cubes": [
						{
							"origin": [0.83395, 8.85355, 2.9375],
							"size": [0.125, 0.625, 0.8125],
							"uv": {
								"north": {"uv": [26, 66], "uv_size": [0.5, 0.5]},
								"east": {"uv": [3, 65], "uv_size": [1, 0.5]},
								"south": {"uv": [66, 26], "uv_size": [0.5, 0.5]},
								"west": {"uv": [4, 65], "uv_size": [1, 0.5]},
								"up": {"uv": [5, 65], "uv_size": [0.5, 1]},
								"down": {"uv": [6, 66], "uv_size": [0.5, -1]}
							}
						},
						{
							"origin": [0.55846, 9.89285, 2.9375],
							"size": [0.125, 2.875, 0.8125],
							"uv": {
								"north": {"uv": [31, 60], "uv_size": [0.5, 3]},
								"east": {"uv": [19, 38], "uv_size": [1, 3]},
								"south": {"uv": [32, 60], "uv_size": [0.5, 3]},
								"west": {"uv": [21, 56], "uv_size": [1, 3]},
								"up": {"uv": [11, 65], "uv_size": [0.5, 1]},
								"down": {"uv": [12, 66], "uv_size": [0.5, -1]}
							}
						},
						{
							"origin": [-0.46249, 12.86382, 2.9375],
							"size": [0.92498, 0.125, 0.8125],
							"uv": {
								"north": {"uv": [35, 65], "uv_size": [1, 0.5]},
								"east": {"uv": [65, 35], "uv_size": [1, 0.5]},
								"south": {"uv": [36, 65], "uv_size": [1, 0.5]},
								"west": {"uv": [65, 36], "uv_size": [1, 0.5]},
								"up": {"uv": [2, 62], "uv_size": [1, 1]},
								"down": {"uv": [3, 63], "uv_size": [1, -1]}
							}
						},
						{
							"origin": [1.57978, 11.77861, 2.875],
							"size": [0.125, 0.3125, 0.875],
							"pivot": [0, 11.04039, 2.80469],
							"rotation": [0, 0, -45],
							"uv": {
								"north": {"uv": [66, 53], "uv_size": [0.5, 0.5]},
								"east": {"uv": [65, 28], "uv_size": [1, 0.5]},
								"south": {"uv": [54, 66], "uv_size": [0.5, 0.5]},
								"west": {"uv": [29, 65], "uv_size": [1, 0.5]},
								"up": {"uv": [30, 65], "uv_size": [0.5, 1]},
								"down": {"uv": [31, 66], "uv_size": [0.5, -1]}
							}
						},
						{
							"origin": [-1.70478, 11.77861, 2.875],
							"size": [0.125, 0.3125, 0.875],
							"pivot": [0, 11.04039, 2.80469],
							"rotation": [0, 0, 45],
							"uv": {
								"north": {"uv": [66, 54], "uv_size": [0.5, 0.5]},
								"east": {"uv": [32, 65], "uv_size": [1, 0.5]},
								"south": {"uv": [55, 66], "uv_size": [0.5, 0.5]},
								"west": {"uv": [33, 65], "uv_size": [1, 0.5]},
								"up": {"uv": [34, 65], "uv_size": [0.5, 1]},
								"down": {"uv": [65, 35], "uv_size": [0.5, -1]}
							}
						},
						{
							"origin": [-0.95895, 8.85355, 2.9375],
							"size": [0.125, 0.625, 0.8125],
							"uv": {
								"north": {"uv": [29, 66], "uv_size": [0.5, 0.5]},
								"east": {"uv": [19, 65], "uv_size": [1, 0.5]},
								"south": {"uv": [30, 66], "uv_size": [0.5, 0.5]},
								"west": {"uv": [20, 65], "uv_size": [1, 0.5]},
								"up": {"uv": [21, 65], "uv_size": [0.5, 1]},
								"down": {"uv": [65, 22], "uv_size": [0.5, -1]}
							}
						},
						{
							"origin": [-0.00158, 9.20766, 2.9375],
							"size": [0.125, 0.5625, 0.8125],
							"pivot": [0, 11.04039, 2.80469],
							"rotation": [0, 0, 31.5],
							"uv": {
								"north": {"uv": [28, 66], "uv_size": [0.5, 0.5]},
								"east": {"uv": [15, 65], "uv_size": [1, 0.5]},
								"south": {"uv": [66, 28], "uv_size": [0.5, 0.5]},
								"west": {"uv": [16, 65], "uv_size": [1, 0.5]},
								"up": {"uv": [17, 65], "uv_size": [0.5, 1]},
								"down": {"uv": [18, 66], "uv_size": [0.5, -1]}
							}
						},
						{
							"origin": [-0.68346, 9.89285, 2.9375],
							"size": [0.125, 2.875, 0.8125],
							"uv": {
								"north": {"uv": [33, 60], "uv_size": [0.5, 3]},
								"east": {"uv": [39, 56], "uv_size": [1, 3]},
								"south": {"uv": [34, 60], "uv_size": [0.5, 3]},
								"west": {"uv": [51, 57], "uv_size": [1, 3]},
								"up": {"uv": [13, 65], "uv_size": [0.5, 1]},
								"down": {"uv": [14, 66], "uv_size": [0.5, -1]}
							}
						},
						{
							"origin": [-0.68346, 9.45535, 2.875],
							"size": [1.36692, 2.09375, 0.0625],
							"uv": {
								"north": {"uv": [47, 57], "uv_size": [1.5, 2]},
								"east": {"uv": [44, 61], "uv_size": [0.5, 2]},
								"south": {"uv": [49, 57], "uv_size": [1.5, 2]},
								"west": {"uv": [57, 61], "uv_size": [0.5, 2]},
								"up": {"uv": [59, 63], "uv_size": [1.5, 0.5]},
								"down": {"uv": [61, 63.5], "uv_size": [1.5, -0.5]}
							}
						},
						{
							"origin": [-0.68346, 12.1741, 2.875],
							"size": [1.36692, 0.59375, 0.0625],
							"uv": {
								"north": {"uv": [63, 63], "uv_size": [1.5, 0.5]},
								"east": {"uv": [66, 33], "uv_size": [0.5, 0.5]},
								"south": {"uv": [0, 64], "uv_size": [1.5, 0.5]},
								"west": {"uv": [34, 66], "uv_size": [0.5, 0.5]},
								"up": {"uv": [2, 64], "uv_size": [1.5, 0.5]},
								"down": {"uv": [4, 64.5], "uv_size": [1.5, -0.5]}
							}
						},
						{
							"origin": [-0.46471, 12.39285, 2.875],
							"size": [0.92942, 0.59375, 0.0625],
							"uv": {
								"north": {"uv": [37, 65], "uv_size": [1, 0.5]},
								"east": {"uv": [66, 55], "uv_size": [0.5, 0.5]},
								"south": {"uv": [65, 37], "uv_size": [1, 0.5]},
								"west": {"uv": [56, 66], "uv_size": [0.5, 0.5]},
								"up": {"uv": [38, 65], "uv_size": [1, 0.5]},
								"down": {"uv": [65, 38.5], "uv_size": [1, -0.5]}
							}
						},
						{
							"origin": [-0.52721, 12.70535, 2.875],
							"size": [1.05442, 0.15625, 0.03125],
							"uv": {
								"north": {"uv": [39, 65], "uv_size": [1, 0.5]},
								"east": {"uv": [66, 56], "uv_size": [0.5, 0.5]},
								"south": {"uv": [65, 39], "uv_size": [1, 0.5]},
								"west": {"uv": [57, 66], "uv_size": [0.5, 0.5]},
								"up": {"uv": [40, 65], "uv_size": [1, 0.5]},
								"down": {"uv": [65, 40.5], "uv_size": [1, -0.5]}
							}
						},
						{
							"origin": [-0.68346, 11.51785, 2.875],
							"size": [0.3513, 0.6875, 0.0625],
							"uv": {
								"north": {"uv": [66, 34], "uv_size": [0.5, 0.5]},
								"east": {"uv": [35, 66], "uv_size": [0.5, 0.5]},
								"south": {"uv": [66, 35], "uv_size": [0.5, 0.5]},
								"west": {"uv": [36, 66], "uv_size": [0.5, 0.5]},
								"up": {"uv": [66, 36], "uv_size": [0.5, 0.5]},
								"down": {"uv": [37, 66.5], "uv_size": [0.5, -0.5]}
							}
						},
						{
							"origin": [0.33216, 11.51785, 2.875],
							"size": [0.3513, 0.6875, 0.0625],
							"uv": {
								"north": {"uv": [66, 37], "uv_size": [0.5, 0.5]},
								"east": {"uv": [38, 66], "uv_size": [0.5, 0.5]},
								"south": {"uv": [66, 38], "uv_size": [0.5, 0.5]},
								"west": {"uv": [39, 66], "uv_size": [0.5, 0.5]},
								"up": {"uv": [66, 39], "uv_size": [0.5, 0.5]},
								"down": {"uv": [40, 66.5], "uv_size": [0.5, -0.5]}
							}
						},
						{
							"origin": [0.91461, 11.46168, 2.875],
							"size": [0.30442, 0.3125, 0.0625],
							"pivot": [0, 11.04039, 2.80469],
							"rotation": [0, 0, -45],
							"uv": {
								"north": {"uv": [66, 40], "uv_size": [0.5, 0.5]},
								"east": {"uv": [41, 66], "uv_size": [0.5, 0.5]},
								"south": {"uv": [66, 41], "uv_size": [0.5, 0.5]},
								"west": {"uv": [42, 66], "uv_size": [0.5, 0.5]},
								"up": {"uv": [66, 42], "uv_size": [0.5, 0.5]},
								"down": {"uv": [43, 66.5], "uv_size": [0.5, -0.5]}
							}
						},
						{
							"origin": [0.42847, 11.94782, 2.875],
							"size": [0.30442, 0.3125, 0.0625],
							"pivot": [0, 11.04039, 2.80469],
							"rotation": [0, 0, -45],
							"uv": {
								"north": {"uv": [44, 66], "uv_size": [0.5, 0.5]},
								"east": {"uv": [45, 66], "uv_size": [0.5, 0.5]},
								"south": {"uv": [66, 45], "uv_size": [0.5, 0.5]},
								"west": {"uv": [46, 66], "uv_size": [0.5, 0.5]},
								"up": {"uv": [66, 46], "uv_size": [0.5, 0.5]},
								"down": {"uv": [47, 66.5], "uv_size": [0.5, -0.5]}
							}
						},
						{
							"origin": [0.42847, 10.97555, 2.875],
							"size": [0.30442, 0.3125, 0.0625],
							"pivot": [0, 11.04039, 2.80469],
							"rotation": [0, 0, -45],
							"uv": {
								"north": {"uv": [66, 50], "uv_size": [0.5, 0.5]},
								"east": {"uv": [51, 66], "uv_size": [0.5, 0.5]},
								"south": {"uv": [66, 51], "uv_size": [0.5, 0.5]},
								"west": {"uv": [52, 66], "uv_size": [0.5, 0.5]},
								"up": {"uv": [66, 52], "uv_size": [0.5, 0.5]},
								"down": {"uv": [53, 66.5], "uv_size": [0.5, -0.5]}
							}
						},
						{
							"origin": [-0.05766, 11.46168, 2.875],
							"size": [0.30442, 0.3125, 0.0625],
							"pivot": [0, 11.04039, 2.80469],
							"rotation": [0, 0, -45],
							"uv": {
								"north": {"uv": [66, 47], "uv_size": [0.5, 0.5]},
								"east": {"uv": [48, 66], "uv_size": [0.5, 0.5]},
								"south": {"uv": [66, 48], "uv_size": [0.5, 0.5]},
								"west": {"uv": [49, 66], "uv_size": [0.5, 0.5]},
								"up": {"uv": [66, 49], "uv_size": [0.5, 0.5]},
								"down": {"uv": [50, 66.5], "uv_size": [0.5, -0.5]}
							}
						},
						{
							"origin": [-0.95895, 8.83035, 2.875],
							"size": [1.91789, 0.6482, 0.0625],
							"uv": {
								"north": {"uv": [61, 54], "uv_size": [2, 0.5]},
								"east": {"uv": [66, 30], "uv_size": [0.5, 0.5]},
								"south": {"uv": [58, 61], "uv_size": [2, 0.5]},
								"west": {"uv": [31, 66], "uv_size": [0.5, 0.5]},
								"up": {"uv": [60, 61], "uv_size": [2, 0.5]},
								"down": {"uv": [0, 62.5], "uv_size": [2, -0.5]}
							}
						},
						{
							"origin": [-0.12342, 9.20766, 2.9375],
							"size": [0.125, 0.5625, 0.8125],
							"pivot": [0, 11.04039, 2.80469],
							"rotation": [0, 0, -31.5],
							"uv": {
								"north": {"uv": [27, 66], "uv_size": [0.5, 0.5]},
								"east": {"uv": [7, 65], "uv_size": [1, 0.5]},
								"south": {"uv": [66, 27], "uv_size": [0.5, 0.5]},
								"west": {"uv": [8, 65], "uv_size": [1, 0.5]},
								"up": {"uv": [9, 65], "uv_size": [0.5, 1]},
								"down": {"uv": [10, 66], "uv_size": [0.5, -1]}
							}
						},
						{
							"origin": [-0.99842, 9.20766, 2.875],
							"size": [1, 0.5625, 0.0625],
							"pivot": [0, 11.04039, 2.80469],
							"rotation": [0, 0, -31.5],
							"uv": {
								"north": {"uv": [22, 65], "uv_size": [1, 0.5]},
								"east": {"uv": [66, 31], "uv_size": [0.5, 0.5]},
								"south": {"uv": [65, 22], "uv_size": [1, 0.5]},
								"west": {"uv": [32, 66], "uv_size": [0.5, 0.5]},
								"up": {"uv": [23, 65], "uv_size": [1, 0.5]},
								"down": {"uv": [24, 65.5], "uv_size": [1, -0.5]}
							}
						},
						{
							"origin": [-0.00158, 9.20766, 2.875],
							"size": [1, 0.5625, 0.0625],
							"pivot": [0, 11.04039, 2.80469],
							"rotation": [0, 0, 31.5],
							"uv": {
								"north": {"uv": [65, 24], "uv_size": [1, 0.5]},
								"east": {"uv": [66, 32], "uv_size": [0.5, 0.5]},
								"south": {"uv": [25, 65], "uv_size": [1, 0.5]},
								"west": {"uv": [33, 66], "uv_size": [0.5, 0.5]},
								"up": {"uv": [26, 65], "uv_size": [1, 0.5]},
								"down": {"uv": [27, 65.5], "uv_size": [1, -0.5]}
							}
						}
					]
				},
				{
					"name": "QMJ",
					"parent": "M72",
					"pivot": [0, 8.98125, -18.8125],
					"rotation": [90, 0, 0],
					"cubes": [
						{
							"origin": [-0.8125, 8.7, -19.2],
							"size": [0.125, 0.5, 4.1875],
							"uv": {
								"north": {"uv": [67, 15], "uv_size": [0.5, 0.5]},
								"east": {"uv": [59, 26], "uv_size": [4, 0.5]},
								"south": {"uv": [16, 67], "uv_size": [0.5, 0.5]},
								"west": {"uv": [59, 27], "uv_size": [4, 0.5]},
								"up": {"uv": [21, 59], "uv_size": [0.5, 4]},
								"down": {"uv": [39, 63], "uv_size": [0.5, -4]}
							}
						},
						{
							"origin": [-0.8125, 7.95, -19.2],
							"size": [0.125, 0.75, 0.6875],
							"uv": {
								"north": {"uv": [43, 65], "uv_size": [0.5, 1]},
								"east": {"uv": [44, 65], "uv_size": [0.5, 1]},
								"south": {"uv": [45, 65], "uv_size": [0.5, 1]},
								"west": {"uv": [65, 45], "uv_size": [0.5, 1]},
								"up": {"uv": [67, 16], "uv_size": [0.5, 0.5]},
								"down": {"uv": [17, 67.5], "uv_size": [0.5, -0.5]}
							}
						},
						{
							"origin": [0.6875, 8.7, -19.2],
							"size": [0.125, 0.5, 4.1875],
							"uv": {
								"north": {"uv": [67, 18], "uv_size": [0.5, 0.5]},
								"east": {"uv": [59, 28], "uv_size": [4, 0.5]},
								"south": {"uv": [19, 67], "uv_size": [0.5, 0.5]},
								"west": {"uv": [41, 59], "uv_size": [4, 0.5]},
								"up": {"uv": [45, 59], "uv_size": [0.5, 4]},
								"down": {"uv": [47, 63], "uv_size": [0.5, -4]}
							}
						},
						{
							"origin": [0.6875, 7.95, -19.2],
							"size": [0.125, 0.75, 0.6875],
							"uv": {
								"north": {"uv": [46, 65], "uv_size": [0.5, 1]},
								"east": {"uv": [65, 46], "uv_size": [0.5, 1]},
								"south": {"uv": [47, 65], "uv_size": [0.5, 1]},
								"west": {"uv": [65, 47], "uv_size": [0.5, 1]},
								"up": {"uv": [67, 17], "uv_size": [0.5, 0.5]},
								"down": {"uv": [18, 67.5], "uv_size": [0.5, -0.5]}
							}
						},
						{
							"origin": [-0.8125, 7.48125, -18.98125],
							"size": [1.625, 0.75, 0.1875],
							"pivot": [0, 7.85625, -18.8875],
							"rotation": [90, 0, 0],
							"uv": {
								"north": {"uv": [60, 31], "uv_size": [1.5, 1]},
								"east": {"uv": [48, 65], "uv_size": [0.5, 1]},
								"south": {"uv": [35, 60], "uv_size": [1.5, 1]},
								"west": {"uv": [65, 48], "uv_size": [0.5, 1]},
								"up": {"uv": [6, 64], "uv_size": [1.5, 0.5]},
								"down": {"uv": [8, 64.5], "uv_size": [1.5, -0.5]}
							}
						},
						{
							"origin": [-0.6875, 8.73125, -19.16875],
							"size": [1.375, 0.75, 0.375],
							"pivot": [0, 9.10625, -18.8875],
							"rotation": [90, 0, 0],
							"uv": {
								"north": {"uv": [60, 35], "uv_size": [1.5, 1]},
								"east": {"uv": [49, 65], "uv_size": [0.5, 1]},
								"south": {"uv": [60, 36], "uv_size": [1.5, 1]},
								"west": {"uv": [65, 49], "uv_size": [0.5, 1]},
								"up": {"uv": [10, 64], "uv_size": [1.5, 0.5]},
								"down": {"uv": [12, 64.5], "uv_size": [1.5, -0.5]}
							}
						},
						{
							"origin": [-0.6875, 8.7, -15.2],
							"size": [1.375, 0.5, 0.1875],
							"uv": {
								"north": {"uv": [14, 64], "uv_size": [1.5, 0.5]},
								"east": {"uv": [67, 20], "uv_size": [0.5, 0.5]},
								"south": {"uv": [64, 15], "uv_size": [1.5, 0.5]},
								"west": {"uv": [21, 67], "uv_size": [0.5, 0.5]},
								"up": {"uv": [16, 64], "uv_size": [1.5, 0.5]},
								"down": {"uv": [64, 16.5], "uv_size": [1.5, -0.5]}
							}
						},
						{
							"origin": [-0.0625, 6.16875, -18.35625],
							"size": [0.125, 3.3125, 0.1875],
							"pivot": [0, 9.10625, -18.1375],
							"rotation": [90, 0, 0],
							"uv": {
								"north": {"uv": [59, 49], "uv_size": [0.5, 3.5]},
								"east": {"uv": [50, 59], "uv_size": [0.5, 3.5]},
								"south": {"uv": [56, 59], "uv_size": [0.5, 3.5]},
								"west": {"uv": [59, 56], "uv_size": [0.5, 3.5]},
								"up": {"uv": [67, 19], "uv_size": [0.5, 0.5]},
								"down": {"uv": [20, 67.5], "uv_size": [0.5, -0.5]}
							}
						},
						{
							"origin": [-0.6875, 7.16875, -18.35625],
							"size": [1.375, 0.0625, 0.1875],
							"pivot": [0, 9.10625, -18.1375],
							"rotation": [90, 0, 0],
							"uv": {
								"north": {"uv": [64, 17], "uv_size": [1.5, 0.5]},
								"east": {"uv": [67, 21], "uv_size": [0.5, 0.5]},
								"south": {"uv": [64, 18], "uv_size": [1.5, 0.5]},
								"west": {"uv": [22, 67], "uv_size": [0.5, 0.5]},
								"up": {"uv": [19, 64], "uv_size": [1.5, 0.5]},
								"down": {"uv": [64, 19.5], "uv_size": [1.5, -0.5]}
							}
						},
						{
							"origin": [-0.6875, 6.66875, -18.35625],
							"size": [1.375, 0.0625, 0.1875],
							"pivot": [0, 9.10625, -18.1375],
							"rotation": [90, 0, 0],
							"uv": {
								"north": {"uv": [64, 30], "uv_size": [1.5, 0.5]},
								"east": {"uv": [67, 24], "uv_size": [0.5, 0.5]},
								"south": {"uv": [64, 31], "uv_size": [1.5, 0.5]},
								"west": {"uv": [25, 67], "uv_size": [0.5, 0.5]},
								"up": {"uv": [64, 32], "uv_size": [1.5, 0.5]},
								"down": {"uv": [64, 33.5], "uv_size": [1.5, -0.5]}
							}
						},
						{
							"origin": [-0.6875, 7.91875, -18.35625],
							"size": [1.375, 0.0625, 0.1875],
							"pivot": [0, 9.10625, -18.1375],
							"rotation": [90, 0, 0],
							"uv": {
								"north": {"uv": [64, 20], "uv_size": [1.5, 0.5]},
								"east": {"uv": [67, 22], "uv_size": [0.5, 0.5]},
								"south": {"uv": [22, 64], "uv_size": [1.5, 0.5]},
								"west": {"uv": [23, 67], "uv_size": [0.5, 0.5]},
								"up": {"uv": [64, 23], "uv_size": [1.5, 0.5]},
								"down": {"uv": [24, 64.5], "uv_size": [1.5, -0.5]}
							}
						},
						{
							"origin": [-0.6875, 8.66875, -18.35625],
							"size": [1.375, 0.0625, 0.1875],
							"pivot": [0, 9.10625, -18.1375],
							"rotation": [90, 0, 0],
							"uv": {
								"north": {"uv": [64, 25], "uv_size": [1.5, 0.5]},
								"east": {"uv": [67, 23], "uv_size": [0.5, 0.5]},
								"south": {"uv": [26, 64], "uv_size": [1.5, 0.5]},
								"west": {"uv": [24, 67], "uv_size": [0.5, 0.5]},
								"up": {"uv": [64, 26], "uv_size": [1.5, 0.5]},
								"down": {"uv": [64, 27.5], "uv_size": [1.5, -0.5]}
							}
						}
					]
				},
				{
					"name": "PG",
					"parent": "M72",
					"pivot": [0, 6, 19.25],
					"rotation": [0, -90, 0],
					"cubes": [
						{
							"origin": [-11, 5.27513, 17.5],
							"size": [11, 1.44975, 0.2],
							"pivot": [0, 6, 19.25],
							"rotation": [-45, 0, 0],
							"uv": {
								"north": {"uv": [24, 35], "uv_size": [11, 1.5]},
								"east": {"uv": [62, 21], "uv_size": [0.5, 1.5]},
								"south": {"uv": [35, 35], "uv_size": [11, 1.5]},
								"west": {"uv": [22, 62], "uv_size": [0.5, 1.5]},
								"up": {"uv": [46, 42], "uv_size": [11, 0.5]},
								"down": {"uv": [49, 45.5], "uv_size": [11, -0.5]}
							}
						},
						{
							"origin": [-11, 5.27513, 17.5],
							"size": [11, 1.44975, 0.2],
							"uv": {
								"north": {"uv": [0, 37], "uv_size": [11, 1.5]},
								"east": {"uv": [23, 62], "uv_size": [0.5, 1.5]},
								"south": {"uv": [24, 37], "uv_size": [11, 1.5]},
								"west": {"uv": [24, 62], "uv_size": [0.5, 1.5]},
								"up": {"uv": [49, 46], "uv_size": [11, 0.5]},
								"down": {"uv": [47, 49.5], "uv_size": [11, -0.5]}
							}
						},
						{
							"origin": [-11, 5.27513, 20.8],
							"size": [11, 1.44975, 0.2],
							"pivot": [0, 6, 19.25],
							"rotation": [-45, 0, 0],
							"uv": {
								"north": {"uv": [35, 37], "uv_size": [11, 1.5]},
								"east": {"uv": [25, 62], "uv_size": [0.5, 1.5]},
								"south": {"uv": [0, 39], "uv_size": [11, 1.5]},
								"west": {"uv": [26, 62], "uv_size": [0.5, 1.5]},
								"up": {"uv": [49, 47], "uv_size": [11, 0.5]},
								"down": {"uv": [49, 48.5], "uv_size": [11, -0.5]}
							}
						},
						{
							"origin": [-11, 5.27513, 20.8],
							"size": [11, 1.44975, 0.2],
							"uv": {
								"north": {"uv": [24, 39], "uv_size": [11, 1.5]},
								"east": {"uv": [27, 62], "uv_size": [0.5, 1.5]},
								"south": {"uv": [35, 39], "uv_size": [11, 1.5]},
								"west": {"uv": [28, 62], "uv_size": [0.5, 1.5]},
								"up": {"uv": [50, 19], "uv_size": [11, 0.5]},
								"down": {"uv": [50, 20.5], "uv_size": [11, -0.5]}
							}
						},
						{
							"origin": [-11, 4.25, 18.52513],
							"size": [11, 0.2, 1.44975],
							"pivot": [0, 6, 19.25],
							"rotation": [-45, 0, 0],
							"uv": {
								"north": {"uv": [50, 21], "uv_size": [11, 0.5]},
								"east": {"uv": [62, 23], "uv_size": [1.5, 0.5]},
								"south": {"uv": [50, 22], "uv_size": [11, 0.5]},
								"west": {"uv": [62, 25], "uv_size": [1.5, 0.5]},
								"up": {"uv": [40, 32], "uv_size": [11, 1.5]},
								"down": {"uv": [0, 42.5], "uv_size": [11, -1.5]}
							}
						},
						{
							"origin": [-11, 4.25, 18.52513],
							"size": [11, 0.2, 1.44975],
							"uv": {
								"north": {"uv": [50, 40], "uv_size": [11, 0.5]},
								"east": {"uv": [29, 62], "uv_size": [1.5, 0.5]},
								"south": {"uv": [50, 41], "uv_size": [11, 0.5]},
								"west": {"uv": [62, 30], "uv_size": [1.5, 0.5]},
								"up": {"uv": [24, 41], "uv_size": [11, 1.5]},
								"down": {"uv": [35, 42.5], "uv_size": [11, -1.5]}
							}
						},
						{
							"origin": [-11, 7.55, 18.52513],
							"size": [11, 0.2, 1.44975],
							"pivot": [0, 6, 19.25],
							"rotation": [-45, 0, 0],
							"uv": {
								"north": {"uv": [47, 50], "uv_size": [11, 0.5]},
								"east": {"uv": [62, 31], "uv_size": [1.5, 0.5]},
								"south": {"uv": [30, 51], "uv_size": [11, 0.5]},
								"west": {"uv": [62, 32], "uv_size": [1.5, 0.5]},
								"up": {"uv": [11, 42], "uv_size": [11, 1.5]},
								"down": {"uv": [0, 44.5], "uv_size": [11, -1.5]}
							}
						},
						{
							"origin": [-11, 7.55, 18.52513],
							"size": [11, 0.2, 1.44975],
							"uv": {
								"north": {"uv": [51, 32], "uv_size": [11, 0.5]},
								"east": {"uv": [62, 33], "uv_size": [1.5, 0.5]},
								"south": {"uv": [51, 33], "uv_size": [11, 0.5]},
								"west": {"uv": [62, 34], "uv_size": [1.5, 0.5]},
								"up": {"uv": [22, 43], "uv_size": [11, 1.5]},
								"down": {"uv": [33, 44.5], "uv_size": [11, -1.5]}
							}
						},
						{
							"origin": [-28.25, 8.1125, 18.77513],
							"size": [28, 0.3875, 0.94975],
							"uv": {
								"north": {"uv": [45, 13], "uv_size": [28, 0.5]},
								"east": {"uv": [64, 58], "uv_size": [1, 0.5]},
								"south": {"uv": [45, 14], "uv_size": [28, 0.5]},
								"west": {"uv": [59, 64], "uv_size": [1, 0.5]},
								"up": {"uv": [30, 30], "uv_size": [28, 1]},
								"down": {"uv": [30, 32], "uv_size": [28, -1]}
							}
						},
						{
							"origin": [-0.25, 7.89063, 18.75],
							"size": [0.5625, 0.60938, 1],
							"uv": {
								"north": {"uv": [60, 65], "uv_size": [0.5, 0.5]},
								"east": {"uv": [64, 59], "uv_size": [1, 0.5]},
								"south": {"uv": [65, 60], "uv_size": [0.5, 0.5]},
								"west": {"uv": [60, 64], "uv_size": [1, 0.5]},
								"up": {"uv": [64, 60], "uv_size": [0.5, 1]},
								"down": {"uv": [61, 65], "uv_size": [0.5, -1]}
							}
						},
						{
							"origin": [-6.5, 8.5, 18.25],
							"size": [6.25, 0.25, 2],
							"uv": {
								"north": {"uv": [53, 35], "uv_size": [6.5, 0.5]},
								"east": {"uv": [61, 37], "uv_size": [2, 0.5]},
								"south": {"uv": [53, 36], "uv_size": [6.5, 0.5]},
								"west": {"uv": [61, 38], "uv_size": [2, 0.5]},
								"up": {"uv": [15, 44], "uv_size": [6.5, 2]},
								"down": {"uv": [0, 47], "uv_size": [6.5, -2]}
							}
						},
						{
							"origin": [-6.5, 10, 18.25],
							"size": [6.25, 0.25, 2],
							"uv": {
								"north": {"uv": [54, 17], "uv_size": [6.5, 0.5]},
								"east": {"uv": [61, 39], "uv_size": [2, 0.5]},
								"south": {"uv": [54, 18], "uv_size": [6.5, 0.5]},
								"west": {"uv": [61, 40], "uv_size": [2, 0.5]},
								"up": {"uv": [45, 15], "uv_size": [6.5, 2]},
								"down": {"uv": [45, 19], "uv_size": [6.5, -2]}
							}
						},
						{
							"origin": [-6.5, 8.75, 20.25],
							"size": [6.25, 1.25, 0.25],
							"uv": {
								"north": {"uv": [32, 45], "uv_size": [6.5, 1.5]},
								"east": {"uv": [44, 63], "uv_size": [0.5, 1.5]},
								"south": {"uv": [39, 45], "uv_size": [6.5, 1.5]},
								"west": {"uv": [45, 63], "uv_size": [0.5, 1.5]},
								"up": {"uv": [47, 53], "uv_size": [6.5, 0.5]},
								"down": {"uv": [7, 54.5], "uv_size": [6.5, -0.5]}
							}
						},
						{
							"origin": [-6.5, 8.75, 18],
							"size": [6.25, 1.25, 0.25],
							"uv": {
								"north": {"uv": [15, 46], "uv_size": [6.5, 1.5]},
								"east": {"uv": [63, 45], "uv_size": [0.5, 1.5]},
								"south": {"uv": [46, 35], "uv_size": [6.5, 1.5]},
								"west": {"uv": [47, 63], "uv_size": [0.5, 1.5]},
								"up": {"uv": [54, 15], "uv_size": [6.5, 0.5]},
								"down": {"uv": [54, 16.5], "uv_size": [6.5, -0.5]}
							}
						},
						{
							"origin": [-6.5, 9.94822, 18.125],
							"size": [6.25, 0.35355, 0.25],
							"pivot": [-2.125, 10.125, 18.125],
							"rotation": [-45, 0, 0],
							"uv": {
								"north": {"uv": [27, 54], "uv_size": [6.5, 0.5]},
								"east": {"uv": [61, 65], "uv_size": [0.5, 0.5]},
								"south": {"uv": [47, 54], "uv_size": [6.5, 0.5]},
								"west": {"uv": [65, 61], "uv_size": [0.5, 0.5]},
								"up": {"uv": [54, 53], "uv_size": [6.5, 0.5]},
								"down": {"uv": [54, 54.5], "uv_size": [6.5, -0.5]}
							}
						},
						{
							"origin": [-6.5, -7.11073, 13.13217],
							"size": [6.25, 0.35355, 0.25],
							"pivot": [-2.125, 10.03661, -3.71339],
							"rotation": [45, 0, 0],
							"uv": {
								"north": {"uv": [54, 55], "uv_size": [6, 0.5]},
								"east": {"uv": [62, 65], "uv_size": [0.5, 0.5]},
								"south": {"uv": [7, 56], "uv_size": [6, 0.5]},
								"west": {"uv": [65, 62], "uv_size": [0.5, 0.5]},
								"up": {"uv": [27, 56], "uv_size": [6, 0.5]},
								"down": {"uv": [33, 56.5], "uv_size": [6, -0.5]}
							}
						},
						{
							"origin": [-6.5, -0.85114, 40.57564],
							"size": [6.25, 0.35355, 0.25],
							"pivot": [-2.125, -23.125, 18.125],
							"rotation": [45, 0, 0],
							"uv": {
								"north": {"uv": [7, 55], "uv_size": [6.5, 0.5]},
								"east": {"uv": [64, 65], "uv_size": [0.5, 0.5]},
								"south": {"uv": [27, 55], "uv_size": [6.5, 0.5]},
								"west": {"uv": [65, 64], "uv_size": [0.5, 0.5]},
								"up": {"uv": [55, 34], "uv_size": [6.5, 0.5]},
								"down": {"uv": [47, 55.5], "uv_size": [6.5, -0.5]}
							}
						},
						{
							"origin": [-6.5, 16.20781, -9.31847],
							"size": [6.25, 0.35355, 0.25],
							"pivot": [-2.125, -23.03661, -3.71339],
							"rotation": [-45, 0, 0],
							"uv": {
								"north": {"uv": [47, 56], "uv_size": [6, 0.5]},
								"east": {"uv": [63, 65], "uv_size": [0.5, 0.5]},
								"south": {"uv": [53, 56], "uv_size": [6, 0.5]},
								"west": {"uv": [65, 63], "uv_size": [0.5, 0.5]},
								"up": {"uv": [7, 57], "uv_size": [6, 0.5]},
								"down": {"uv": [27, 57.5], "uv_size": [6, -0.5]}
							}
						}
					]
				},
				{
					"name": "PG1",
					"parent": "PG",
					"pivot": [0, 6, 19.25],
					"rotation": [0, 180, 0],
					"cubes": [
						{
							"origin": [-0.5, 5.21299, 17.35],
							"size": [0.75, 1.57401, 0.3],
							"pivot": [0, 6, 19.25],
							"rotation": [-45, 0, 0],
							"uv": {
								"north": {"uv": [57, 59], "uv_size": [1, 1.5]},
								"east": {"uv": [35, 62], "uv_size": [0.5, 1.5]},
								"south": {"uv": [58, 59], "uv_size": [1, 1.5]},
								"west": {"uv": [62, 35], "uv_size": [0.5, 1.5]},
								"up": {"uv": [35, 64], "uv_size": [1, 0.5]},
								"down": {"uv": [36, 64.5], "uv_size": [1, -0.5]}
							}
						},
						{
							"origin": [-0.5, 5.21299, 17.35],
							"size": [0.75, 1.57401, 0.3],
							"uv": {
								"north": {"uv": [7, 60], "uv_size": [1, 1.5]},
								"east": {"uv": [36, 62], "uv_size": [0.5, 1.5]},
								"south": {"uv": [8, 60], "uv_size": [1, 1.5]},
								"west": {"uv": [42, 62], "uv_size": [0.5, 1.5]},
								"up": {"uv": [64, 36], "uv_size": [1, 0.5]},
								"down": {"uv": [64, 37.5], "uv_size": [1, -0.5]}
							}
						},
						{
							"origin": [-0.5, 5.21299, 20.85],
							"size": [0.75, 1.57401, 0.3],
							"pivot": [0, 6, 19.25],
							"rotation": [-45, 0, 0],
							"uv": {
								"north": {"uv": [9, 60], "uv_size": [1, 1.5]},
								"east": {"uv": [43, 62], "uv_size": [0.5, 1.5]},
								"south": {"uv": [10, 60], "uv_size": [1, 1.5]},
								"west": {"uv": [46, 62], "uv_size": [0.5, 1.5]},
								"up": {"uv": [64, 38], "uv_size": [1, 0.5]},
								"down": {"uv": [39, 64.5], "uv_size": [1, -0.5]}
							}
						},
						{
							"origin": [-0.5, 5.21299, 20.85],
							"size": [0.75, 1.57401, 0.3],
							"uv": {
								"north": {"uv": [11, 60], "uv_size": [1, 1.5]},
								"east": {"uv": [51, 62], "uv_size": [0.5, 1.5]},
								"south": {"uv": [12, 60], "uv_size": [1, 1.5]},
								"west": {"uv": [52, 62], "uv_size": [0.5, 1.5]},
								"up": {"uv": [64, 39], "uv_size": [1, 0.5]},
								"down": {"uv": [40, 64.5], "uv_size": [1, -0.5]}
							}
						},
						{
							"origin": [-0.5, 4.1, 18.46299],
							"size": [0.75, 0.3, 1.57401],
							"pivot": [0, 6, 19.25],
							"rotation": [-45, 0, 0],
							"uv": {
								"north": {"uv": [64, 40], "uv_size": [1, 0.5]},
								"east": {"uv": [62, 41], "uv_size": [1.5, 0.5]},
								"south": {"uv": [64, 41], "uv_size": [1, 0.5]},
								"west": {"uv": [53, 62], "uv_size": [1.5, 0.5]},
								"up": {"uv": [14, 60], "uv_size": [1, 1.5]},
								"down": {"uv": [19, 61.5], "uv_size": [1, -1.5]}
							}
						},
						{
							"origin": [-0.5, 4.1, 18.46299],
							"size": [0.75, 0.3, 1.57401],
							"uv": {
								"north": {"uv": [42, 64], "uv_size": [1, 0.5]},
								"east": {"uv": [58, 62], "uv_size": [1.5, 0.5]},
								"south": {"uv": [43, 64], "uv_size": [1, 0.5]},
								"west": {"uv": [60, 62], "uv_size": [1.5, 0.5]},
								"up": {"uv": [20, 60], "uv_size": [1, 1.5]},
								"down": {"uv": [60, 24.5], "uv_size": [1, -1.5]}
							}
						},
						{
							"origin": [-0.5, 7.6, 18.46299],
							"size": [0.75, 0.3, 1.57401],
							"pivot": [0, 6, 19.25],
							"rotation": [-45, 0, 0],
							"uv": {
								"north": {"uv": [64, 45], "uv_size": [1, 0.5]},
								"east": {"uv": [62, 60], "uv_size": [1.5, 0.5]},
								"south": {"uv": [46, 64], "uv_size": [1, 0.5]},
								"west": {"uv": [62, 61], "uv_size": [1.5, 0.5]},
								"up": {"uv": [27, 60], "uv_size": [1, 1.5]},
								"down": {"uv": [28, 61.5], "uv_size": [1, -1.5]}
							}
						},
						{
							"origin": [-0.5, 7.6, 18.46299],
							"size": [0.75, 0.3, 1.57401],
							"uv": {
								"north": {"uv": [64, 46], "uv_size": [1, 0.5]},
								"east": {"uv": [62, 62], "uv_size": [1.5, 0.5]},
								"south": {"uv": [64, 48], "uv_size": [1, 0.5]},
								"west": {"uv": [0, 63], "uv_size": [1.5, 0.5]},
								"up": {"uv": [29, 60], "uv_size": [1, 1.5]},
								"down": {"uv": [30, 61.5], "uv_size": [1, -1.5]}
							}
						}
					]
				},
				{
					"name": "SJX",
					"parent": "M72",
					"pivot": [2, 6.5, -19],
					"cubes": [
						{
							"origin": [-1.0625, 7.5, -14.5],
							"size": [2.125, 1.75, 9.4375],
							"uv": {
								"north": {"uv": [41, 51], "uv_size": [2, 2]},
								"east": {"uv": [0, 32], "uv_size": [9.5, 2]},
								"south": {"uv": [43, 51], "uv_size": [2, 2]},
								"west": {"uv": [10, 32], "uv_size": [9.5, 2]},
								"up": {"uv": [20, 32], "uv_size": [2, 9.5]},
								"down": {"uv": [22, 41.5], "uv_size": [2, -9.5]}
							}
						},
						{
							"origin": [0.875, 7.5, -19.3125],
							"size": [0.1875, 1.75, 4.8125],
							"uv": {
								"north": {"uv": [4, 62], "uv_size": [0.5, 2]},
								"east": {"uv": [45, 19], "uv_size": [5, 2]},
								"south": {"uv": [5, 62], "uv_size": [0.5, 2]},
								"west": {"uv": [45, 21], "uv_size": [5, 2]},
								"up": {"uv": [52, 57], "uv_size": [0.5, 5]},
								"down": {"uv": [53, 62], "uv_size": [0.5, -5]}
							}
						},
						{
							"origin": [-1.0625, 7.5, -19.3125],
							"size": [0.1875, 1.75, 4.8125],
							"uv": {
								"north": {"uv": [6, 62], "uv_size": [0.5, 2]},
								"east": {"uv": [22, 45], "uv_size": [5, 2]},
								"south": {"uv": [7, 62], "uv_size": [0.5, 2]},
								"west": {"uv": [27, 45], "uv_size": [5, 2]},
								"up": {"uv": [54, 57], "uv_size": [0.5, 5]},
								"down": {"uv": [55, 62], "uv_size": [0.5, -5]}
							}
						},
						{
							"origin": [-1.0625, 7.5, -20],
							"size": [2.125, 1.75, 0.6875],
							"uv": {
								"north": {"uv": [52, 15], "uv_size": [2, 2]},
								"east": {"uv": [61, 20], "uv_size": [0.5, 2]},
								"south": {"uv": [52, 17], "uv_size": [2, 2]},
								"west": {"uv": [61, 22], "uv_size": [0.5, 2]},
								"up": {"uv": [61, 24], "uv_size": [2, 0.5]},
								"down": {"uv": [35, 61.5], "uv_size": [2, -0.5]}
							}
						},
						{
							"origin": [-0.5625, 7.5, -5.0625],
							"size": [1.125, 1.75, 1.0625],
							"uv": {
								"north": {"uv": [35, 58], "uv_size": [1, 2]},
								"east": {"uv": [36, 58], "uv_size": [1, 2]},
								"south": {"uv": [37, 58], "uv_size": [1, 2]},
								"west": {"uv": [38, 58], "uv_size": [1, 2]},
								"up": {"uv": [29, 53], "uv_size": [1, 1]},
								"down": {"uv": [61, 16], "uv_size": [1, -1]}
							}
						},
						{
							"origin": [0.95895, 7.35355, -20],
							"size": [0.25, 1.75, 15],
							"uv": {
								"north": {"uv": [46, 60], "uv_size": [0.5, 2]},
								"east": {"uv": [29, 26], "uv_size": [15, 2]},
								"south": {"uv": [51, 60], "uv_size": [0.5, 2]},
								"west": {"uv": [29, 28], "uv_size": [15, 2]},
								"up": {"uv": [46, 45], "uv_size": [0.5, 15]},
								"down": {"uv": [0, 62], "uv_size": [0.5, -15]}
							}
						},
						{
							"origin": [0.65554, 8.90202, -20],
							"size": [0.43313, 0.20711, 15],
							"pivot": [0.90554, 9.14797, -19],
							"rotation": [0, 0, -45],
							"uv": {
								"north": {"uv": [52, 65], "uv_size": [0.5, 0.5]},
								"east": {"uv": [45, 23], "uv_size": [15, 0.5]},
								"south": {"uv": [65, 52], "uv_size": [0.5, 0.5]},
								"west": {"uv": [46, 37], "uv_size": [15, 0.5]},
								"up": {"uv": [1, 47], "uv_size": [0.5, 15]},
								"down": {"uv": [2, 62], "uv_size": [0.5, -15]}
							}
						},
						{
							"origin": [-1.20895, 7.35355, -20],
							"size": [0.25, 1.75, 15],
							"uv": {
								"north": {"uv": [61, 16], "uv_size": [0.5, 2]},
								"east": {"uv": [0, 30], "uv_size": [15, 2]},
								"south": {"uv": [18, 61], "uv_size": [0.5, 2]},
								"west": {"uv": [15, 30], "uv_size": [15, 2]},
								"up": {"uv": [22, 47], "uv_size": [0.5, 15]},
								"down": {"uv": [23, 62], "uv_size": [0.5, -15]}
							}
						},
						{
							"origin": [-1.08867, 8.90202, -20],
							"size": [0.43313, 0.20711, 15],
							"pivot": [-0.90554, 9.14797, -19],
							"rotation": [0, 0, 45],
							"uv": {
								"north": {"uv": [57, 65], "uv_size": [0.5, 0.5]},
								"east": {"uv": [46, 38], "uv_size": [15, 0.5]},
								"south": {"uv": [65, 57], "uv_size": [0.5, 0.5]},
								"west": {"uv": [46, 39], "uv_size": [15, 0.5]},
								"up": {"uv": [5, 47], "uv_size": [0.5, 15]},
								"down": {"uv": [6, 62], "uv_size": [0.5, -15]}
							}
						},
						{
							"origin": [0.49126, 7.60355, -5.15564],
							"size": [0.5, 1.5, 1.25],
							"pivot": [0.70889, 8.73279, -4.53064],
							"rotation": [0, -22.5, 0],
							"uv": {
								"north": {"uv": [29, 63], "uv_size": [0.5, 1.5]},
								"east": {"uv": [29, 58], "uv_size": [1.5, 1.5]},
								"south": {"uv": [30, 63], "uv_size": [0.5, 1.5]},
								"west": {"uv": [58, 30], "uv_size": [1.5, 1.5]},
								"up": {"uv": [31, 63], "uv_size": [0.5, 1.5]},
								"down": {"uv": [32, 64.5], "uv_size": [0.5, -1.5]}
							}
						},
						{
							"origin": [0.33612, 8.5, -5.0494],
							"size": [0.5, 0.75, 1.1875],
							"pivot": [0.99124, 8.62924, -4.4869],
							"rotation": [0, -22.5, 0],
							"uv": {
								"north": {"uv": [50, 64], "uv_size": [0.5, 1]},
								"east": {"uv": [15, 37], "uv_size": [1, 1]},
								"south": {"uv": [51, 64], "uv_size": [0.5, 1]},
								"west": {"uv": [19, 41], "uv_size": [1, 1]},
								"up": {"uv": [64, 51], "uv_size": [0.5, 1]},
								"down": {"uv": [52, 65], "uv_size": [0.5, -1]}
							}
						},
						{
							"origin": [-0.99126, 7.60355, -5.15564],
							"size": [0.5, 1.5, 1.25],
							"pivot": [-0.70889, 8.73279, -4.53064],
							"rotation": [0, 22.5, 0],
							"uv": {
								"north": {"uv": [63, 35], "uv_size": [0.5, 1.5]},
								"east": {"uv": [31, 58], "uv_size": [1.5, 1.5]},
								"south": {"uv": [37, 63], "uv_size": [0.5, 1.5]},
								"west": {"uv": [33, 58], "uv_size": [1.5, 1.5]},
								"up": {"uv": [63, 37], "uv_size": [0.5, 1.5]},
								"down": {"uv": [38, 64.5], "uv_size": [0.5, -1.5]}
							}
						},
						{
							"origin": [-1.21856, 8.79529, -5.14612],
							"size": [0.43313, 0.20711, 1.25],
							"pivot": [-0.75673, 8.73279, -4.64612],
							"rotation": [16.32495, 15.69986, 47.26579],
							"uv": {
								"north": {"uv": [58, 65], "uv_size": [0.5, 0.5]},
								"east": {"uv": [63, 22], "uv_size": [1.5, 0.5]},
								"south": {"uv": [65, 58], "uv_size": [0.5, 0.5]},
								"west": {"uv": [63, 24], "uv_size": [1.5, 0.5]},
								"up": {"uv": [33, 63], "uv_size": [0.5, 1.5]},
								"down": {"uv": [34, 64.5], "uv_size": [0.5, -1.5]}
							}
						},
						{
							"origin": [-0.83612, 8.5, -5.0494],
							"size": [0.5, 0.75, 1.1875],
							"pivot": [-0.99124, 8.62924, -4.4869],
							"rotation": [0, 22.5, 0],
							"uv": {
								"north": {"uv": [64, 52], "uv_size": [0.5, 1]},
								"east": {"uv": [61, 18], "uv_size": [1, 1]},
								"south": {"uv": [55, 64], "uv_size": [0.5, 1]},
								"west": {"uv": [61, 19], "uv_size": [1, 1]},
								"up": {"uv": [64, 55], "uv_size": [0.5, 1]},
								"down": {"uv": [56, 65], "uv_size": [0.5, -1]}
							}
						},
						{
							"origin": [0.78543, 8.79529, -5.14612],
							"size": [0.43313, 0.20711, 1.25],
							"pivot": [0.75673, 8.73279, -4.64612],
							"rotation": [16.32495, -15.69986, -47.26579],
							"uv": {
								"north": {"uv": [56, 65], "uv_size": [0.5, 0.5]},
								"east": {"uv": [19, 63], "uv_size": [1.5, 0.5]},
								"south": {"uv": [65, 56], "uv_size": [0.5, 0.5]},
								"west": {"uv": [63, 21], "uv_size": [1.5, 0.5]},
								"up": {"uv": [21, 63], "uv_size": [0.5, 1.5]},
								"down": {"uv": [63, 27.5], "uv_size": [0.5, -1.5]}
							}
						},
						{
							"origin": [1.09304, 6.90202, -20],
							"size": [0.43313, 0.95711, 15],
							"pivot": [1.34304, 7.14797, -19],
							"rotation": [0, 0, -45],
							"uv": {
								"north": {"uv": [49, 64], "uv_size": [0.5, 1]},
								"east": {"uv": [40, 34], "uv_size": [15, 1]},
								"south": {"uv": [64, 49], "uv_size": [0.5, 1]},
								"west": {"uv": [44, 26], "uv_size": [15, 1]},
								"up": {"uv": [3, 47], "uv_size": [0.5, 15]},
								"down": {"uv": [4, 62], "uv_size": [0.5, -15]}
							}
						},
						{
							"origin": [-1.52617, 6.90202, -20],
							"size": [0.43313, 0.95711, 15],
							"pivot": [-1.34304, 7.14797, -19],
							"rotation": [0, 0, 45],
							"uv": {
								"north": {"uv": [64, 56], "uv_size": [0.5, 1]},
								"east": {"uv": [44, 27], "uv_size": [15, 1]},
								"south": {"uv": [57, 64], "uv_size": [0.5, 1]},
								"west": {"uv": [44, 28], "uv_size": [15, 1]},
								"up": {"uv": [24, 47], "uv_size": [0.5, 15]},
								"down": {"uv": [25, 62], "uv_size": [0.5, -15]}
							}
						},
						{
							"origin": [-0.5, 8.92943, -6.74688],
							"size": [1, 0.625, 0.625],
							"uv": {
								"north": {"uv": [72.5, 20], "uv_size": [2, 1.5]},
								"east": {"uv": [70.5, 20.5], "uv_size": [2, 1.5]},
								"south": {"uv": [72.5, 22], "uv_size": [2, 1.5]},
								"west": {"uv": [72.5, 21], "uv_size": [2, 1.5]},
								"up": {"uv": [72.5, 19.5], "uv_size": [2, 2]},
								"down": {"uv": [71, 21.5], "uv_size": [2, -2]}
							}
						}
					]
				},
				{
					"name": "BJ",
					"parent": "SJX",
					"pivot": [0, 10.22352, 0.36841],
					"cubes": [
						{
							"origin": [-0.5, 8.5, -2],
							"size": [1, 1.6875, 2.5625],
							"uv": {
								"north": {"uv": [72, 21], "uv_size": [2, 1.5]},
								"east": {"uv": [72.5, 21.5], "uv_size": [2, 1.5]},
								"south": {"uv": [72, 23], "uv_size": [2, 1.5]},
								"west": {"uv": [73, 21.5], "uv_size": [2, 1.5]},
								"up": {"uv": [70.5, 20.5], "uv_size": [2, 2]},
								"down": {"uv": [70.5, 23], "uv_size": [2, -2]}
							}
						},
						{
							"origin": [-0.5, 9.9043, -1.47842],
							"size": [1, 0.75, 1.9375],
							"pivot": [0, 10.2793, -0.79092],
							"rotation": [-13.5, 0, 0],
							"uv": {
								"north": {"uv": [43, 53], "uv_size": [2, 1.5]},
								"east": {"uv": [19, 54], "uv_size": [2, 1.5]},
								"south": {"uv": [43, 55], "uv_size": [2, 1.5]},
								"west": {"uv": [55, 51], "uv_size": [2, 1.5]},
								"up": {"uv": [67.5, 16], "uv_size": [2, 2]},
								"down": {"uv": [30, 54], "uv_size": [2, -2]}
							}
						},
						{
							"origin": [-0.5, 9.85491, -1.97857],
							"size": [1, 0.75, 0.375],
							"pivot": [0, 10.22991, -2.04107],
							"rotation": [45, 0, 0],
							"uv": {
								"north": {"uv": [43, 53], "uv_size": [2, 1.5]},
								"east": {"uv": [19, 54], "uv_size": [2, 1.5]},
								"south": {"uv": [43, 55], "uv_size": [2, 1.5]},
								"west": {"uv": [55, 51], "uv_size": [2, 1.5]},
								"up": {"uv": [71, 21.5], "uv_size": [2, 2]},
								"down": {"uv": [30, 54], "uv_size": [2, -2]}
							}
						},
						{
							"origin": [-0.5, 10.17943, -1.99688],
							"size": [1, 0.625, 0.625],
							"uv": {
								"north": {"uv": [72.5, 20], "uv_size": [2, 1.5]},
								"east": {"uv": [70.5, 20.5], "uv_size": [2, 1.5]},
								"south": {"uv": [72.5, 22], "uv_size": [2, 1.5]},
								"west": {"uv": [72.5, 21], "uv_size": [2, 1.5]},
								"up": {"uv": [72.5, 19.5], "uv_size": [2, 2]},
								"down": {"uv": [71, 21.5], "uv_size": [2, -2]}
							}
						},
						{
							"origin": [-0.5, 9.84753, -2.92484],
							"size": [1, 0.75, 1.125],
							"pivot": [0, 10.22253, -1.98734],
							"rotation": [67.5, 0, 0],
							"uv": {
								"north": {"uv": [43, 53], "uv_size": [2, 1.5]},
								"east": {"uv": [19, 54], "uv_size": [2, 1.5]},
								"south": {"uv": [43, 55], "uv_size": [2, 1.5]},
								"west": {"uv": [55, 51], "uv_size": [2, 1.5]},
								"up": {"uv": [69.5, 19], "uv_size": [2, 2]},
								"down": {"uv": [30, 54], "uv_size": [2, -2]}
							}
						},
						{
							"origin": [-0.5, 8.2682, 0.83677],
							"size": [1, 0.67747, 0.41328],
							"pivot": [0, 8.2682, -1.94448],
							"rotation": [22.5, 0, 0],
							"uv": {
								"north": {"uv": [72.5, 21], "uv_size": [2, 1.5]},
								"east": {"uv": [71, 22.5], "uv_size": [2, 1.5]},
								"south": {"uv": [72.5, 23], "uv_size": [2, 1.5]},
								"west": {"uv": [72, 21.5], "uv_size": [2, 1.5]},
								"up": {"uv": [71, 20.5], "uv_size": [2, 2]},
								"down": {"uv": [73.5, 24.5], "uv_size": [2, -2]}
							}
						},
						{
							"origin": [-0.5, 9.87977, 0.14966],
							"size": [1, 0.3331, 0.41128],
							"pivot": [0, 10.22352, 0.36841],
							"rotation": [45, 0, 0],
							"uv": {
								"north": {"uv": [71, 21.5], "uv_size": [2, 1.5]},
								"east": {"uv": [72, 22], "uv_size": [2, 1.5]},
								"south": {"uv": [71, 23.5], "uv_size": [2, 1.5]},
								"west": {"uv": [71.5, 22], "uv_size": [2, 1.5]},
								"up": {"uv": [72, 20], "uv_size": [2, 2]},
								"down": {"uv": [70.5, 24.5], "uv_size": [2, -2]}
							}
						}
					]
				},
				{
					"name": "SJXPG",
					"parent": "SJX",
					"pivot": [2, 7.25, -11.25],
					"cubes": [
						{
							"origin": [-0.875, 8.5, -4.5],
							"size": [1.75, 1.25, 1.75],
							"uv": {
								"north": {"uv": [43, 53], "uv_size": [2, 1.5]},
								"east": {"uv": [19, 54], "uv_size": [2, 1.5]},
								"south": {"uv": [43, 55], "uv_size": [2, 1.5]},
								"west": {"uv": [55, 51], "uv_size": [2, 1.5]},
								"up": {"uv": [19, 52], "uv_size": [2, 2]},
								"down": {"uv": [30, 54], "uv_size": [2, -2]}
							}
						},
						{
							"origin": [-0.875, 8.5, -2.75],
							"size": [0.3125, 1.25, 3.75],
							"uv": {
								"north": {"uv": [43, 53], "uv_size": [2, 1.5]},
								"east": {"uv": [19, 54], "uv_size": [2, 1.5]},
								"south": {"uv": [43, 55], "uv_size": [2, 1.5]},
								"west": {"uv": [55, 51], "uv_size": [2, 1.5]},
								"up": {"uv": [19, 52], "uv_size": [2, 2]},
								"down": {"uv": [30, 54], "uv_size": [2, -2]}
							}
						},
						{
							"origin": [0.5625, 8.5, -2.75],
							"size": [0.3125, 1.25, 3.75],
							"uv": {
								"north": {"uv": [28, 64], "uv_size": [0.5, 1.5]},
								"east": {"uv": [34, 49], "uv_size": [4, 1.5]},
								"south": {"uv": [64, 34], "uv_size": [0.5, 1.5]},
								"west": {"uv": [38, 49], "uv_size": [4, 1.5]},
								"up": {"uv": [48, 59], "uv_size": [0.5, 4]},
								"down": {"uv": [49, 63], "uv_size": [0.5, -4]}
							}
						},
						{
							"origin": [-0.875, 8.5, 1],
							"size": [1.75, 1.25, 0.5],
							"uv": {
								"north": {"uv": [43, 53], "uv_size": [2, 1.5]},
								"east": {"uv": [19, 54], "uv_size": [2, 1.5]},
								"south": {"uv": [43, 55], "uv_size": [2, 1.5]},
								"west": {"uv": [55, 51], "uv_size": [2, 1.5]},
								"up": {"uv": [19, 52], "uv_size": [2, 2]},
								"down": {"uv": [30, 54], "uv_size": [2, -2]}
							}
						},
						{
							"origin": [-0.52145, 8.5625, 1],
							"size": [1.04289, 1.04105, 1.75],
							"uv": {
								"north": {"uv": [26, 61], "uv_size": [1, 1]},
								"east": {"uv": [11, 41], "uv_size": [2, 1]},
								"south": {"uv": [61, 41], "uv_size": [1, 1]},
								"west": {"uv": [13, 41], "uv_size": [2, 1]},
								"up": {"uv": [58, 49], "uv_size": [1, 2]},
								"down": {"uv": [58, 59], "uv_size": [1, -2]}
							}
						},
						{
							"origin": [-0.82322, 7.5, -4.6875],
							"size": [1.64645, 0.42678, 7.8125],
							"uv": {
								"north": {"uv": [63, 42], "uv_size": [1.5, 0.5]},
								"east": {"uv": [32, 52], "uv_size": [8, 0.5]},
								"south": {"uv": [63, 47], "uv_size": [1.5, 0.5]},
								"west": {"uv": [47, 52], "uv_size": [8, 0.5]},
								"up": {"uv": [7, 45], "uv_size": [1.5, 8]},
								"down": {"uv": [9, 53], "uv_size": [1.5, -8]}
							}
						},
						{
							"origin": [0.52145, 7.35355, -4.5],
							"size": [0.5, 2.25, 7.25],
							"uv": {
								"north": {"uv": [37, 60], "uv_size": [0.5, 2.5]},
								"east": {"uv": [24, 32], "uv_size": [7.5, 2.5]},
								"south": {"uv": [38, 60], "uv_size": [0.5, 2.5]},
								"west": {"uv": [32, 32], "uv_size": [7.5, 2.5]},
								"up": {"uv": [16, 53], "uv_size": [0.5, 7.5]},
								"down": {"uv": [17, 60.5], "uv_size": [0.5, -7.5]}
							}
						},
						{
							"origin": [0.46804, 9.40202, -4.5],
							"size": [0.43313, 0.20711, 5.75],
							"pivot": [0.71804, 9.64797, -11.25],
							"rotation": [0, 0, -45],
							"uv": {
								"north": {"uv": [53, 65], "uv_size": [0.5, 0.5]},
								"east": {"uv": [34, 54], "uv_size": [6, 0.5]},
								"south": {"uv": [65, 53], "uv_size": [0.5, 0.5]},
								"west": {"uv": [34, 55], "uv_size": [6, 0.5]},
								"up": {"uv": [41, 53], "uv_size": [0.5, 6]},
								"down": {"uv": [42, 59], "uv_size": [0.5, -6]}
							}
						},
						{
							"origin": [-1.02145, 7.35355, -4.5],
							"size": [0.5, 2.25, 7.25],
							"uv": {
								"north": {"uv": [40, 60], "uv_size": [0.5, 2.5]},
								"east": {"uv": [0, 34], "uv_size": [7.5, 2.5]},
								"south": {"uv": [41, 60], "uv_size": [0.5, 2.5]},
								"west": {"uv": [8, 34], "uv_size": [7.5, 2.5]},
								"up": {"uv": [18, 53], "uv_size": [0.5, 7.5]},
								"down": {"uv": [26, 60.5], "uv_size": [0.5, -7.5]}
							}
						},
						{
							"origin": [-0.90117, 9.40202, -4.5],
							"size": [0.43313, 0.20711, 5.75],
							"pivot": [-0.71804, 9.64797, -11.25],
							"rotation": [0, 0, 45],
							"uv": {
								"north": {"uv": [65, 65], "uv_size": [0.5, 0.5]},
								"east": {"uv": [33, 57], "uv_size": [6, 0.5]},
								"south": {"uv": [0, 66], "uv_size": [0.5, 0.5]},
								"west": {"uv": [57, 42], "uv_size": [6, 0.5]},
								"up": {"uv": [14, 54], "uv_size": [0.5, 6]},
								"down": {"uv": [13, 62], "uv_size": [0.5, -6]}
							}
						},
						{
							"origin": [0.59304, 7.15202, -5],
							"size": [0.43313, 0.70711, 8.125],
							"pivot": [0.84304, 7.64797, -11.25],
							"rotation": [0, 0, -45],
							"uv": {
								"north": {"uv": [54, 65], "uv_size": [0.5, 0.5]},
								"east": {"uv": [47, 51], "uv_size": [8, 0.5]},
								"south": {"uv": [65, 54], "uv_size": [0.5, 0.5]},
								"west": {"uv": [11, 52], "uv_size": [8, 0.5]},
								"up": {"uv": [21, 48], "uv_size": [0.5, 8]},
								"down": {"uv": [45, 59], "uv_size": [0.5, -8]}
							}
						},
						{
							"origin": [-1.02617, 7.15202, -5],
							"size": [0.43313, 0.70711, 8.125],
							"pivot": [-0.84304, 7.64797, -11.25],
							"rotation": [0, 0, 45],
							"uv": {
								"north": {"uv": [66, 57], "uv_size": [0.5, 0.5]},
								"east": {"uv": [7, 53], "uv_size": [8, 0.5]},
								"south": {"uv": [58, 66], "uv_size": [0.5, 0.5]},
								"west": {"uv": [32, 53], "uv_size": [8, 0.5]},
								"up": {"uv": [40, 52], "uv_size": [0.5, 8]},
								"down": {"uv": [15, 61], "uv_size": [0.5, -8]}
							}
						},
						{
							"origin": [-0.00279, 7.8764, -5.43027],
							"size": [0.43313, 0.70711, 1.25],
							"pivot": [0.21377, 8.22995, -1.55527],
							"rotation": [22.5, 0, -45],
							"uv": {
								"north": {"uv": [55, 65], "uv_size": [0.5, 0.5]},
								"east": {"uv": [2, 63], "uv_size": [1.5, 0.5]},
								"south": {"uv": [65, 55], "uv_size": [0.5, 0.5]},
								"west": {"uv": [16, 63], "uv_size": [1.5, 0.5]},
								"up": {"uv": [55, 62], "uv_size": [0.5, 1.5]},
								"down": {"uv": [18, 64.5], "uv_size": [0.5, -1.5]}
							}
						},
						{
							"origin": [-0.43034, 7.8764, -5.43027],
							"size": [0.43313, 0.70711, 1.25],
							"pivot": [-0.21377, 8.22995, -1.55527],
							"rotation": [22.5, 0, 45],
							"uv": {
								"north": {"uv": [59, 65], "uv_size": [0.5, 0.5]},
								"east": {"uv": [63, 28], "uv_size": [1.5, 0.5]},
								"south": {"uv": [65, 59], "uv_size": [0.5, 0.5]},
								"west": {"uv": [39, 63], "uv_size": [1.5, 0.5]},
								"up": {"uv": [63, 39], "uv_size": [0.5, 1.5]},
								"down": {"uv": [41, 64.5], "uv_size": [0.5, -1.5]}
							}
						},
						{
							"origin": [0.95895, 8.85355, 1.25],
							"size": [0.125, 0.75, 1.5625],
							"uv": {
								"north": {"uv": [64, 61], "uv_size": [0.5, 1]},
								"east": {"uv": [22, 42], "uv_size": [1.5, 1]},
								"south": {"uv": [62, 64], "uv_size": [0.5, 1]},
								"west": {"uv": [27, 53], "uv_size": [1.5, 1]},
								"up": {"uv": [48, 63], "uv_size": [0.5, 1.5]},
								"down": {"uv": [63, 49.5], "uv_size": [0.5, -1.5]}
							}
						},
						{
							"origin": [0.95895, 8.85355, 2.8125],
							"size": [0.125, 0.5, 0.875],
							"uv": {
								"north": {"uv": [5, 66], "uv_size": [0.5, 0.5]},
								"east": {"uv": [64, 64], "uv_size": [1, 0.5]},
								"south": {"uv": [6, 66], "uv_size": [0.5, 0.5]},
								"west": {"uv": [0, 65], "uv_size": [1, 0.5]},
								"up": {"uv": [1, 65], "uv_size": [0.5, 1]},
								"down": {"uv": [2, 66], "uv_size": [0.5, -1]}
							}
						},
						{
							"origin": [0.95895, 8.97855, 3.5625],
							"size": [0.125, 0.5625, 0.25],
							"uv": {
								"north": {"uv": [7, 66], "uv_size": [0.5, 0.5]},
								"east": {"uv": [8, 66], "uv_size": [0.5, 0.5]},
								"south": {"uv": [9, 66], "uv_size": [0.5, 0.5]},
								"west": {"uv": [10, 66], "uv_size": [0.5, 0.5]},
								"up": {"uv": [11, 66], "uv_size": [0.5, 0.5]},
								"down": {"uv": [12, 66.5], "uv_size": [0.5, -0.5]}
							}
						},
						{
							"origin": [0.95895, 9.16605, 3.1875],
							"size": [0.125, 0.5, 0.5],
							"uv": {
								"north": {"uv": [20, 66], "uv_size": [0.5, 0.5]},
								"east": {"uv": [66, 20], "uv_size": [0.5, 0.5]},
								"south": {"uv": [21, 66], "uv_size": [0.5, 0.5]},
								"west": {"uv": [66, 21], "uv_size": [0.5, 0.5]},
								"up": {"uv": [22, 66], "uv_size": [0.5, 0.5]},
								"down": {"uv": [66, 22.5], "uv_size": [0.5, -0.5]}
							}
						},
						{
							"origin": [0.95895, 8.86428, 3.66161],
							"size": [0.125, 0.17678, 0.125],
							"pivot": [1.02145, 8.97855, 3.72411],
							"rotation": [-45, 0, 0],
							"uv": {
								"north": {"uv": [17, 66], "uv_size": [0.5, 0.5]},
								"east": {"uv": [66, 17], "uv_size": [0.5, 0.5]},
								"south": {"uv": [18, 66], "uv_size": [0.5, 0.5]},
								"west": {"uv": [66, 18], "uv_size": [0.5, 0.5]},
								"up": {"uv": [19, 66], "uv_size": [0.5, 0.5]},
								"down": {"uv": [66, 19.5], "uv_size": [0.5, -0.5]}
							}
						},
						{
							"origin": [0.95895, 9.42678, 3.66161],
							"size": [0.125, 0.17678, 0.125],
							"pivot": [1.02145, 9.54105, 3.72411],
							"rotation": [-135, 0, 0],
							"uv": {
								"north": {"uv": [23, 66], "uv_size": [0.5, 0.5]},
								"east": {"uv": [66, 23], "uv_size": [0.5, 0.5]},
								"south": {"uv": [24, 66], "uv_size": [0.5, 0.5]},
								"west": {"uv": [66, 24], "uv_size": [0.5, 0.5]},
								"up": {"uv": [25, 66], "uv_size": [0.5, 0.5]},
								"down": {"uv": [66, 25.5], "uv_size": [0.5, -0.5]}
							}
						},
						{
							"origin": [0.95895, 9.27589, 2.84911],
							"size": [0.125, 0.25, 0.5],
							"pivot": [1.02145, 9.40089, 3.09911],
							"rotation": [45, 0, 0],
							"uv": {
								"north": {"uv": [13, 66], "uv_size": [0.5, 0.5]},
								"east": {"uv": [14, 66], "uv_size": [0.5, 0.5]},
								"south": {"uv": [15, 66], "uv_size": [0.5, 0.5]},
								"west": {"uv": [66, 15], "uv_size": [0.5, 0.5]},
								"up": {"uv": [16, 66], "uv_size": [0.5, 0.5]},
								"down": {"uv": [66, 16.5], "uv_size": [0.5, -0.5]}
							}
						},
						{
							"origin": [-1.08395, 8.86428, 3.66161],
							"size": [0.125, 0.17678, 0.125],
							"pivot": [-1.02145, 8.97855, 3.72411],
							"rotation": [-45, 0, 0],
							"uv": {
								"north": {"uv": [10, 67], "uv_size": [0.5, 0.5]},
								"east": {"uv": [11, 67], "uv_size": [0.5, 0.5]},
								"south": {"uv": [12, 67], "uv_size": [0.5, 0.5]},
								"west": {"uv": [13, 67], "uv_size": [0.5, 0.5]},
								"up": {"uv": [14, 67], "uv_size": [0.5, 0.5]},
								"down": {"uv": [15, 67.5], "uv_size": [0.5, -0.5]}
							}
						},
						{
							"origin": [-1.08395, 8.97855, 3.5625],
							"size": [0.125, 0.5625, 0.25],
							"uv": {
								"north": {"uv": [4, 67], "uv_size": [0.5, 0.5]},
								"east": {"uv": [5, 67], "uv_size": [0.5, 0.5]},
								"south": {"uv": [6, 67], "uv_size": [0.5, 0.5]},
								"west": {"uv": [7, 67], "uv_size": [0.5, 0.5]},
								"up": {"uv": [8, 67], "uv_size": [0.5, 0.5]},
								"down": {"uv": [9, 67.5], "uv_size": [0.5, -0.5]}
							}
						},
						{
							"origin": [-1.08395, 9.42678, 3.66161],
							"size": [0.125, 0.17678, 0.125],
							"pivot": [-1.02145, 9.54105, 3.72411],
							"rotation": [-135, 0, 0],
							"uv": {
								"north": {"uv": [66, 65], "uv_size": [0.5, 0.5]},
								"east": {"uv": [66, 66], "uv_size": [0.5, 0.5]},
								"south": {"uv": [0, 67], "uv_size": [0.5, 0.5]},
								"west": {"uv": [1, 67], "uv_size": [0.5, 0.5]},
								"up": {"uv": [2, 67], "uv_size": [0.5, 0.5]},
								"down": {"uv": [3, 67.5], "uv_size": [0.5, -0.5]}
							}
						},
						{
							"origin": [-1.08395, 9.16605, 3.1875],
							"size": [0.125, 0.5, 0.5],
							"uv": {
								"north": {"uv": [66, 62], "uv_size": [0.5, 0.5]},
								"east": {"uv": [63, 66], "uv_size": [0.5, 0.5]},
								"south": {"uv": [66, 63], "uv_size": [0.5, 0.5]},
								"west": {"uv": [64, 66], "uv_size": [0.5, 0.5]},
								"up": {"uv": [66, 64], "uv_size": [0.5, 0.5]},
								"down": {"uv": [65, 66.5], "uv_size": [0.5, -0.5]}
							}
						},
						{
							"origin": [-1.08395, 8.85355, 2.8125],
							"size": [0.125, 0.5, 0.875],
							"uv": {
								"north": {"uv": [66, 61], "uv_size": [0.5, 0.5]},
								"east": {"uv": [41, 65], "uv_size": [1, 0.5]},
								"south": {"uv": [62, 66], "uv_size": [0.5, 0.5]},
								"west": {"uv": [65, 41], "uv_size": [1, 0.5]},
								"up": {"uv": [42, 65], "uv_size": [0.5, 1]},
								"down": {"uv": [65, 43], "uv_size": [0.5, -1]}
							}
						},
						{
							"origin": [-1.14645, 9.04105, 2.26563],
							"size": [2.3125, 0.3125, 0.29688],
							"uv": {
								"north": {"uv": [42, 60], "uv_size": [2.5, 0.5]},
								"east": {"uv": [67, 25], "uv_size": [0.5, 0.5]},
								"south": {"uv": [60, 45], "uv_size": [2.5, 0.5]},
								"west": {"uv": [26, 67], "uv_size": [0.5, 0.5]},
								"up": {"uv": [60, 46], "uv_size": [2.5, 0.5]},
								"down": {"uv": [60, 47.5], "uv_size": [2.5, -0.5]}
							}
						},
						{
							"origin": [-1.14645, 9.10355, 3.39063],
							"size": [2.3125, 0.125, 0.10938],
							"pivot": [0.0098, 9.16605, 3.44531],
							"rotation": [-45, 0, 0],
							"uv": {
								"north": {"uv": [60, 52], "uv_size": [2.5, 0.5]},
								"east": {"uv": [67, 27], "uv_size": [0.5, 0.5]},
								"south": {"uv": [60, 55], "uv_size": [2.5, 0.5]},
								"west": {"uv": [28, 67], "uv_size": [0.5, 0.5]},
								"up": {"uv": [60, 56], "uv_size": [2.5, 0.5]},
								"down": {"uv": [60, 57.5], "uv_size": [2.5, -0.5]}
							}
						},
						{
							"origin": [0.54105, 9.23614, 2.94554],
							"size": [0.0625, 0.125, 0.73438],
							"pivot": [0.5723, 9.29864, 3.31273],
							"rotation": [-45.24614, -5.29571, 5.31847],
							"uv": {
								"north": {"uv": [67, 28], "uv_size": [0.5, 0.5]},
								"east": {"uv": [29, 67], "uv_size": [0.5, 0.5]},
								"south": {"uv": [30, 67], "uv_size": [0.5, 0.5]},
								"west": {"uv": [67, 30], "uv_size": [0.5, 0.5]},
								"up": {"uv": [31, 67], "uv_size": [0.5, 0.5]},
								"down": {"uv": [67, 31.5], "uv_size": [0.5, -0.5]}
							}
						},
						{
							"origin": [-0.52145, 8.86114, 2.94554],
							"size": [0.0625, 0.125, 0.73438],
							"pivot": [-0.4902, 8.92364, 3.31273],
							"rotation": [39.75386, -5.29571, 5.31847],
							"uv": {
								"north": {"uv": [33, 67], "uv_size": [0.5, 0.5]},
								"east": {"uv": [67, 33], "uv_size": [0.5, 0.5]},
								"south": {"uv": [34, 67], "uv_size": [0.5, 0.5]},
								"west": {"uv": [67, 34], "uv_size": [0.5, 0.5]},
								"up": {"uv": [35, 67], "uv_size": [0.5, 0.5]},
								"down": {"uv": [67, 35.5], "uv_size": [0.5, -0.5]}
							}
						},
						{
							"origin": [-0.52145, 8.97855, 3.26563],
							"size": [1.0625, 0.375, 0.35938],
							"pivot": [-0.1152, 9.16605, 3.44531],
							"rotation": [-45, 0, 0],
							"uv": {
								"north": {"uv": [50, 65], "uv_size": [1, 0.5]},
								"east": {"uv": [32, 67], "uv_size": [0.5, 0.5]},
								"south": {"uv": [65, 50], "uv_size": [1, 0.5]},
								"west": {"uv": [67, 32], "uv_size": [0.5, 0.5]},
								"up": {"uv": [51, 65], "uv_size": [1, 0.5]},
								"down": {"uv": [65, 51.5], "uv_size": [1, -0.5]}
							}
						},
						{
							"origin": [-1.14645, 9.04105, 1.51563],
							"size": [2.3125, 0.3125, 0.29688],
							"uv": {
								"north": {"uv": [60, 48], "uv_size": [2.5, 0.5]},
								"east": {"uv": [67, 26], "uv_size": [0.5, 0.5]},
								"south": {"uv": [60, 49], "uv_size": [2.5, 0.5]},
								"west": {"uv": [27, 67], "uv_size": [0.5, 0.5]},
								"up": {"uv": [60, 50], "uv_size": [2.5, 0.5]},
								"down": {"uv": [60, 51.5], "uv_size": [2.5, -0.5]}
							}
						},
						{
							"origin": [-1.27145, 8.66605, -18.98437],
							"size": [2.5625, 0.3125, 0.29688],
							"uv": {
								"north": {"uv": [60, 58], "uv_size": [2.5, 0.5]},
								"east": {"uv": [36, 67], "uv_size": [0.5, 0.5]},
								"south": {"uv": [59, 60], "uv_size": [2.5, 0.5]},
								"west": {"uv": [67, 36], "uv_size": [0.5, 0.5]},
								"up": {"uv": [60, 59], "uv_size": [2.5, 0.5]},
								"down": {"uv": [15, 61.5], "uv_size": [2.5, -0.5]}
							}
						},
						{
							"origin": [-1.08395, 9.27589, 2.84911],
							"size": [0.125, 0.25, 0.5],
							"pivot": [-1.02145, 9.40089, 3.09911],
							"rotation": [45, 0, 0],
							"uv": {
								"north": {"uv": [66, 58], "uv_size": [0.5, 0.5]},
								"east": {"uv": [59, 66], "uv_size": [0.5, 0.5]},
								"south": {"uv": [66, 59], "uv_size": [0.5, 0.5]},
								"west": {"uv": [60, 66], "uv_size": [0.5, 0.5]},
								"up": {"uv": [66, 60], "uv_size": [0.5, 0.5]},
								"down": {"uv": [61, 66.5], "uv_size": [0.5, -0.5]}
							}
						},
						{
							"origin": [0.88886, 9.52275, 1.25],
							"size": [0.125, 0.25, 1.5625],
							"pivot": [0.95136, 9.64775, 1.90625],
							"rotation": [0, 0, -45],
							"uv": {
								"north": {"uv": [1, 66], "uv_size": [0.5, 0.5]},
								"east": {"uv": [49, 63], "uv_size": [1.5, 0.5]},
								"south": {"uv": [2, 66], "uv_size": [0.5, 0.5]},
								"west": {"uv": [63, 50], "uv_size": [1.5, 0.5]},
								"up": {"uv": [63, 51], "uv_size": [0.5, 1.5]},
								"down": {"uv": [53, 64.5], "uv_size": [0.5, -1.5]}
							}
						},
						{
							"origin": [-0.90717, 9.6875, 1.25],
							"size": [1.81434, 0.09283, 1.5625],
							"uv": {
								"north": {"uv": [42, 61], "uv_size": [2, 0.5]},
								"east": {"uv": [63, 53], "uv_size": [1.5, 0.5]},
								"south": {"uv": [61, 53], "uv_size": [2, 0.5]},
								"west": {"uv": [63, 54], "uv_size": [1.5, 0.5]},
								"up": {"uv": [19, 56], "uv_size": [2, 1.5]},
								"down": {"uv": [43, 58.5], "uv_size": [2, -1.5]}
							}
						},
						{
							"origin": [-1.08395, 8.85355, 1.25],
							"size": [0.125, 0.75, 1.5625],
							"uv": {
								"north": {"uv": [64, 62], "uv_size": [0.5, 1]},
								"east": {"uv": [60, 25], "uv_size": [1.5, 1]},
								"south": {"uv": [63, 64], "uv_size": [0.5, 1]},
								"west": {"uv": [60, 30], "uv_size": [1.5, 1]},
								"up": {"uv": [54, 63], "uv_size": [0.5, 1.5]},
								"down": {"uv": [63, 56.5], "uv_size": [0.5, -1.5]}
							}
						},
						{
							"origin": [-1.01386, 9.52275, 1.25],
							"size": [0.125, 0.25, 1.5625],
							"pivot": [-0.95136, 9.64775, 1.90625],
							"rotation": [0, 0, 45],
							"uv": {
								"north": {"uv": [3, 66], "uv_size": [0.5, 0.5]},
								"east": {"uv": [56, 63], "uv_size": [1.5, 0.5]},
								"south": {"uv": [4, 66], "uv_size": [0.5, 0.5]},
								"west": {"uv": [63, 57], "uv_size": [1.5, 0.5]},
								"up": {"uv": [58, 63], "uv_size": [0.5, 1.5]},
								"down": {"uv": [63, 59.5], "uv_size": [0.5, -1.5]}
							}
						}
					]
				},
				{
					"name": "positioning2",
					"parent": "M72",
					"pivot": [0, 6.05625, -21.35]
				},
				{
					"name": "muzzle_flash",
					"parent": "positioning2",
					"pivot": [0, 6.05625, -24.35]
				},
				{
					"name": "scope_pos",
					"parent": "positioning2",
					"pivot": [0, 7.53125, 7]
				},
				{
					"name": "laser_pos",
					"parent": "positioning2",
					"pivot": [0, 7.05625, -8.25]
				},
				{
					"name": "grip_pos",
					"parent": "positioning2",
					"pivot": [0, 3.65625, -1]
				},
				{
					"name": "muzzle_pos",
					"parent": "positioning2",
					"pivot": [0, 6.05625, -21.975]
				},
				{
					"name": "shell",
					"parent": "positioning2",
					"pivot": [-0.125, 6.30625, 5.975]
				},
				{
					"name": "constraint",
					"parent": "M72",
					"pivot": [0, 11.8875, 6.425]
				},
				{
					"name": "positioning",
					"pivot": [-2, 12.0625, 2]
				},
				{
					"name": "thirdperson_hand",
					"parent": "positioning",
					"pivot": [-2, 3.6125, 1.6]
				},
				{
					"name": "ground",
					"parent": "positioning",
					"pivot": [-2, 3.0625, 0]
				},
				{
					"name": "fixed",
					"parent": "positioning",
					"pivot": [3.3, 6.0375, 2.125],
					"rotation": [0, 90, 0]
				},
				{
					"name": "camera",
					"pivot": [4.75, 10, 11]
				},
				{
					"name": "view",
					"pivot": [0, 0, 0]
				},
				{
					"name": "iron_view",
					"parent": "view",
					"pivot": [0, 12.07815, 11.5]
				},
				{
					"name": "idle_view",
					"parent": "view",
					"pivot": [4.5875, 10.925, 10.46875]
				},
				{
					"name": "refit_view",
					"parent": "view",
					"pivot": [-23, 6.2, 0],
					"rotation": [0, -90, 0]
				},
				{
					"name": "refit_grip_view",
					"parent": "view",
					"pivot": [-10.325, 4.3, -2.775],
					"rotation": [0, -90, 0]
				},
				{
					"name": "refit_muzzle_view",
					"parent": "view",
					"pivot": [-11, 7.3, -29.15],
					"rotation": [0, -90, 0]
				},
				{
					"name": "refit_scope_view",
					"parent": "view",
					"pivot": [-6.85, 10, 11.225],
					"rotation": [0, -50, 0]
				},
				{
					"name": "refit_laser_view",
					"parent": "view",
					"pivot": [-7, 9.5, -13.55],
					"rotation": [0, -125, 0]
				},
				{
					"name": "refit_extended_mag_view",
					"parent": "view",
					"pivot": [-10, 2.05, 4.1],
					"rotation": [0, -90, 0]
				}
			]
		}
	]
}