{
	"format_version": "1.8.0",
	"animations": {
		"static_idle": {
			"animation_length": 0.0417,
			"bones": {
				"constraint": {
					"rotation": [0.2, 0.2, 0.2],
					"position": [0.4, 0.2, 0.4]
				},
				"lefthand": {
					"rotation": [94.78442, 23.19373, 29.48848],
					"position": [7, -10, -24],
					"scale": [1, 1.5, 1]
				},
				"righthand": {
					"rotation": [85, 0, 0],
					"position": [-6, -13.17051, -13.09477],
					"scale": [1, 1.5, 1]
				}
			}
		},
		"reload_tactical": {
			"animation_length": 2,
			"bones": {
				"DX": {
					"rotation": [0, 0, 0],
					"position": [0, 0, 0]
				},
				"constraint": {
					"rotation": [0.2, 0.2, 0.2],
					"position": [0.2, 0.2, 0.2]
				},
				"root": {
					"rotation": {
						"0.0": [0, 0, 0],
						"0.1667": {
							"pre": [-9.25304, -28.59397, -48.72402],
							"post": [-9.25304, -28.59397, -48.72402],
							"lerp_mode": "catmullrom"
						},
						"0.5417": {
							"post": [-32.88138, -45.08343, -50.26029],
							"lerp_mode": "catmullrom"
						},
						"1.25": {
							"post": [-32.88138, -45.08343, -50.26029],
							"lerp_mode": "catmullrom"
						},
						"1.5": {
							"post": [-32.59485, -44.58377, -51.61184],
							"lerp_mode": "catmullrom"
						},
						"1.8333": {
							"post": [2.5, 0, 0],
							"lerp_mode": "catmullrom"
						},
						"2.0": [0, 0, 0]
					},
					"position": {
						"0.0": [0, 0, 0],
						"0.3333": {
							"pre": [0.15223, 0.74193, -2.69919],
							"post": [0.15223, 0.74193, -2.69919],
							"lerp_mode": "catmullrom"
						},
						"1.5": {
							"post": [-0.1241, -0.02699, -1.89805],
							"lerp_mode": "catmullrom"
						},
						"1.7083": {
							"post": [0, 0, -2],
							"lerp_mode": "catmullrom"
						},
						"2.0": [0, 0, 0]
					}
				},
				"lefthand": {
					"rotation": {
						"0.0": [94.78, 23.19, 29.49],
						"0.125": [94.78, 23.19, 29.49],
						"0.25": [74.78, 23.19, 29.49],
						"1.5417": [74.78, 23.19, 29.49],
						"1.7083": [94.78, 23.19, 29.49]
					},
					"position": {
						"0.0": [7, -10, -24],
						"0.125": [7, -10, -24],
						"0.25": [5.92675, -12.3489, -18.40261],
						"1.5417": [5.92675, -12.3489, -18.40261],
						"1.7083": [7, -10, -24]
					},
					"scale": {
						"0.0": [1, 1.5, 1],
						"1.7083": [1, 1.5, 1]
					}
				},
				"righthand": {
					"rotation": [85, 0, 0],
					"position": [-6, -13.17051, -13.09477],
					"scale": [1, 1.5, 1]
				},
				"mag_and_lefthand": {
					"rotation": {
						"0.0": [0, 0, 0],
						"0.3333": [0, 0, 0],
						"0.4167": [-7.5, 0, 0],
						"1.1667": [-17.68, 0, 0],
						"1.5833": [0, 0, 0],
						"1.9583": [0, 0, 0]
					},
					"position": {
						"0.0": [0, 0, 0],
						"0.3333": [0, 0, 0],
						"0.4167": [-0.33, -1.84842, -1.25433],
						"1.1667": [8, -4.70475, 17.80393],
						"1.375": [4, -5.53411, 3.34469],
						"1.5833": [0, 0, 0],
						"1.9583": [0, 0, 0]
					}
				}
			}
		},
		"reload_empty": {
			"animation_length": 3,
			"bones": {
				"DX": {
					"rotation": [0, 0, 0],
					"position": [0, 0, 0]
				},
				"constraint": {
					"rotation": [0.2, 0.2, 0.2],
					"position": [0.2, 0.2, 0.2]
				},
				"root": {
					"rotation": {
						"0.0": [0, 0, 0],
						"0.25": {
							"pre": [-19.62463, -29.67316, -52.48286],
							"post": [-19.62463, -29.67316, -52.48286],
							"lerp_mode": "catmullrom"
						},
						"0.4167": {
							"post": [-18.22745, -29.63074, -49.04821],
							"lerp_mode": "catmullrom"
						},
						"0.5833": {
							"post": [-19.62463, -29.67316, -52.48286],
							"lerp_mode": "catmullrom"
						},
						"1.25": {
							"post": [-19.62463, -29.67316, -52.48286],
							"lerp_mode": "catmullrom"
						},
						"1.375": {
							"post": [-28.06685, -37.76852, -54.11002],
							"lerp_mode": "catmullrom"
						},
						"1.625": {
							"post": [-30.38564, -38.44868, -46.68086],
							"lerp_mode": "catmullrom"
						},
						"1.875": {
							"post": [-21.39819, 20.87293, 25.7697],
							"lerp_mode": "catmullrom"
						},
						"2.4167": {
							"post": [-31.17307, 28.63477, 27.45934],
							"lerp_mode": "catmullrom"
						},
						"2.625": {
							"post": [-21.39819, 20.87293, 25.7697],
							"lerp_mode": "catmullrom"
						},
						"3.0": [0, 0, 0]
					},
					"position": {
						"0.0": {
							"post": [0, 0, 0],
							"lerp_mode": "catmullrom"
						},
						"0.4167": {
							"post": [0.15371, -0.11242, -0.3889],
							"lerp_mode": "catmullrom"
						},
						"1.625": {
							"post": [0, 0, -2],
							"lerp_mode": "catmullrom"
						},
						"1.875": {
							"post": [2.52435, -1.21867, -3.06889],
							"lerp_mode": "catmullrom"
						},
						"2.1667": {
							"post": [2.52435, -1.21867, -3.06889],
							"lerp_mode": "catmullrom"
						},
						"2.4167": {
							"post": [2.77029, -2.51676, -1.56808],
							"lerp_mode": "catmullrom"
						},
						"2.625": {
							"post": [2.52435, -1.21867, -3.06889],
							"lerp_mode": "catmullrom"
						},
						"3.0": {
							"post": [0, 0, 0],
							"lerp_mode": "catmullrom"
						}
					}
				},
				"lefthand": {
					"rotation": {
						"0.0": {
							"post": [94.78, 23.19, 29.49],
							"lerp_mode": "catmullrom"
						},
						"0.125": {
							"post": [94.78, 23.19, 29.49],
							"lerp_mode": "catmullrom"
						},
						"0.25": {
							"post": [74.78, 23.19, 29.49],
							"lerp_mode": "catmullrom"
						},
						"1.625": {
							"post": [74.78, 23.19, 29.49],
							"lerp_mode": "catmullrom"
						},
						"1.7917": {
							"post": [94.78, 23.19, 29.49],
							"lerp_mode": "catmullrom"
						}
					},
					"position": {
						"0.0": [7, -10, -24],
						"0.125": [7, -10, -24],
						"0.25": [5.92675, -12.3489, -18.40261],
						"1.625": [5.92675, -12.3489, -18.40261],
						"1.7917": [7, -10, -24]
					},
					"scale": {
						"0.0": [1, 1.5, 1],
						"1.7917": [1, 1.5, 1]
					}
				},
				"righthand": {
					"rotation": {
						"0.0": {
							"post": [85, 0, 0],
							"lerp_mode": "catmullrom"
						},
						"1.625": {
							"post": [85, 0, 0],
							"lerp_mode": "catmullrom"
						},
						"2.0417": {
							"post": [84.59039, -22.40972, 2.06754],
							"lerp_mode": "catmullrom"
						},
						"2.5": {
							"post": [85, 0, 0],
							"lerp_mode": "catmullrom"
						}
					},
					"position": {
						"0.0": {
							"post": [-6, -13.17051, -13.09477],
							"lerp_mode": "catmullrom"
						},
						"1.625": {
							"post": [-6, -13.17051, -13.09477],
							"lerp_mode": "catmullrom"
						},
						"2.0417": {
							"post": [-8.5, -10.48036, -20.88525],
							"lerp_mode": "catmullrom"
						},
						"2.1667": {
							"post": [-7.80029, -10.78827, -17.36645],
							"lerp_mode": "catmullrom"
						},
						"2.5": {
							"post": [-6, -13.17051, -13.09477],
							"lerp_mode": "catmullrom"
						}
					},
					"scale": {
						"0.0": [1, 1.5, 1],
						"1.625": [1, 1.5, 1],
						"2.5": [1, 1.5, 1]
					}
				},
				"mag_and_lefthand": {
					"rotation": {
						"0.0": [0, 0, 0],
						"0.375": [0, 0, 0],
						"0.4583": [-7.5, 0, 0],
						"1.3333": [-7.5, 0, 0],
						"1.4583": [0, 0, 0],
						"1.5833": [0, 0, 0]
					},
					"position": {
						"0.0": [0, 0, 0],
						"0.375": [0, 0, 0],
						"0.4583": [-0.33, -1.84842, -1.25433],
						"0.875": [-2, -18.47364, 17.74048],
						"1.3333": [-0.33, -1.84842, -1.25433],
						"1.4583": [0, 0, 0],
						"1.5833": [0, 0, 0]
					}
				},
				"QJ": {
					"rotation": {
						"0.0": [0, 0, 0],
						"2.0833": [0, 0, 0],
						"2.25": [0, 0, 0],
						"2.375": [0, 0, 0]
					},
					"position": {
						"0.0": [0, 0, 0],
						"2.0833": {
							"pre": [0, 0, 0],
							"post": [0, 0, 0],
							"lerp_mode": "catmullrom"
						},
						"2.25": {
							"post": [0, 0, 3.5],
							"lerp_mode": "catmullrom"
						},
						"2.375": {
							"post": [0, 0, 0],
							"lerp_mode": "catmullrom"
						}
					}
				}
			}
		},
		"shoot": {
			"loop": true,
			"animation_length": 0.25,
			"bones": {
				"DX": {
					"position": {
						"0.0": [0, 0, 0],
						"0.0417": [0, -0.01, 0],
						"0.0833": [0, -0.03, 0],
						"0.125": [0, -0.04, 0]
					}
				},
				"QT": {
					"rotation": [0, 0, 0],
					"position": [0, 0, 0]
				},
				"constraint": {
					"rotation": [0, 0, 0],
					"position": [0, 0, 0]
				},
				"root": {
					"rotation": {
						"0.0": {
							"post": [0, 0, 0],
							"lerp_mode": "catmullrom"
						},
						"0.125": {
							"post": [-2.5, 0, 0],
							"lerp_mode": "catmullrom"
						},
						"0.25": {
							"post": [0, 0, 0],
							"lerp_mode": "catmullrom"
						}
					},
					"position": {
						"0.0": {
							"post": [0, 0, 0],
							"lerp_mode": "catmullrom"
						},
						"0.125": {
							"post": [0, 0, 2],
							"lerp_mode": "catmullrom"
						},
						"0.25": {
							"post": [0, 0, 0],
							"lerp_mode": "catmullrom"
						}
					}
				},
				"QJ": {
					"position": {
						"0.0": [0, 0, 0],
						"0.125": [0, 0, 1.75],
						"0.25": [0, 0, 3.5]
					}
				}
			}
		},
		"put_away": {
			"animation_length": 0.6667,
			"bones": {
				"constraint": {
					"rotation": [0.2, 0.2, 0.2],
					"position": [0.2, 0.2, 0.2]
				},
				"QT": {
					"rotation": {
						"0.0": {
							"post": [0, 0, 0],
							"lerp_mode": "catmullrom"
						},
						"0.125": {
							"post": [0, 105, 0],
							"lerp_mode": "catmullrom"
						},
						"0.25": {
							"post": [0, 90, 0],
							"lerp_mode": "catmullrom"
						},
						"0.5": {
							"post": [0, 180, 0],
							"lerp_mode": "catmullrom"
						}
					},
					"position": [0, 0, 0]
				},
				"BX": {
					"rotation": {
						"0.0": [0, 0, 0],
						"0.0417": [0, 0, 0],
						"0.0833": [0, 0, 0],
						"0.125": [0, 0, 0],
						"0.1667": [0, 0, 0],
						"0.2083": [0, 0, 0],
						"0.25": [0, 0, 0],
						"0.2917": [-5.83, 0, 0],
						"0.3333": [-11.67, 0, 0],
						"0.375": [-17.5, 0, 0]
					},
					"position": [0, 0, 0]
				},
				"root": {
					"rotation": {
						"0.0": {
							"post": [0, 0, 0],
							"lerp_mode": "catmullrom"
						},
						"0.2083": {
							"post": [0, 0, 30],
							"lerp_mode": "catmullrom"
						},
						"0.375": {
							"post": [1.50933, -23.18433, 29.31997],
							"lerp_mode": "catmullrom"
						},
						"0.6667": {
							"post": [34.6582, -69.81524, 21.30062],
							"lerp_mode": "catmullrom"
						}
					},
					"position": {
						"0.0": {
							"post": [0, 0, 0],
							"lerp_mode": "catmullrom"
						},
						"0.4583": {
							"post": [-5.10717, 1.5164, -1.54304],
							"lerp_mode": "catmullrom"
						},
						"0.6667": {
							"post": [0, -5, 0],
							"lerp_mode": "catmullrom"
						}
					}
				},
				"lefthand": {
					"rotation": {
						"0.0": {
							"post": [94.78, 23.19, 29.49],
							"lerp_mode": "catmullrom"
						},
						"0.5": {
							"post": [129.81865, 53.03741, 33.46334],
							"lerp_mode": "catmullrom"
						},
						"0.6667": {
							"post": [120.52953, 40.71293, 20.83332],
							"lerp_mode": "catmullrom"
						}
					},
					"position": {
						"0.0": {
							"post": [7, -10, -24],
							"lerp_mode": "catmullrom"
						},
						"0.2917": {
							"post": [17.12205, -14.19272, -11.31279],
							"lerp_mode": "catmullrom"
						},
						"0.5": {
							"post": [8.8314, -10.48553, -18.53692],
							"lerp_mode": "catmullrom"
						},
						"0.6667": {
							"post": [8.91704, -10.6068, -19.42004],
							"lerp_mode": "catmullrom"
						}
					},
					"scale": [1, 1.5, 1]
				},
				"righthand": {
					"rotation": {
						"0.0": [85, 0, 0],
						"0.5": [84.48615, 24.89837, -2.3273],
						"0.6667": [83.23267, 42.30053, -4.56615]
					},
					"position": {
						"0.0": [-6, -13.17051, -13.09477],
						"0.6667": [-5.44778, -13.30673, -11.5377]
					},
					"scale": [1, 1.5, 1]
				}
			}
		},
		"draw": {
			"animation_length": 0.5833,
			"bones": {
				"constraint": {
					"rotation": [0.2, 0.2, 0.2],
					"position": [0.2, 0.2, 0.2]
				},
				"QT": {
					"rotation": {
						"0.0": [0, 180, 0],
						"0.0417": [0, 172.5, 0],
						"0.1667": [0, 94.09, 0],
						"0.375": [0, 0, 0]
					},
					"position": [0, 0, 0]
				},
				"BX": {
					"rotation": {
						"0.0": [-17.5, 0, 0],
						"0.2083": [0, 0, 0]
					},
					"position": [0, 0, 0]
				},
				"root": {
					"rotation": {
						"0.0": {
							"post": [23.91466, -61.04975, 33.07206],
							"lerp_mode": "catmullrom"
						},
						"0.3333": {
							"post": [-2.05587, -13.89788, 7.5288],
							"lerp_mode": "catmullrom"
						},
						"0.4583": {
							"post": [0, 0, 0],
							"lerp_mode": "catmullrom"
						}
					},
					"position": {
						"0.0": {
							"post": [3.37394, -10.15796, -0.65846],
							"lerp_mode": "catmullrom"
						},
						"0.125": {
							"post": [1.2322, -1.48443, -4.87195],
							"lerp_mode": "catmullrom"
						},
						"0.4583": {
							"post": [0, 0, 0],
							"lerp_mode": "catmullrom"
						}
					}
				},
				"lefthand": {
					"rotation": {
						"0.0": [127.77528, 55.51578, 34.02566],
						"0.5833": [94.78442, 23.19373, 29.48848]
					},
					"position": {
						"0.0": [8.91296, -10.6032, -19.41996],
						"0.0833": [13.03045, -12.69999, -18.79513],
						"0.2083": [16.7559, -13.72133, -8.1653],
						"0.375": [7.10524, -9.30806, -2.4011],
						"0.4583": [10.25045, -11.45999, -14.77513],
						"0.5833": [7, -10, -24]
					},
					"scale": [1, 1.5, 1]
				},
				"righthand": {
					"rotation": {
						"0.0": [82.04273, 24.78834, -3.354],
						"0.3333": [85, 0, 0],
						"0.5": [85, 0, 0]
					},
					"position": {
						"0.0": [-5.65583, -12.43873, -11.19425],
						"0.3333": [-6, -12, -15],
						"0.5": [-6, -13.17051, -13.09477]
					},
					"scale": [1, 1.5, 1]
				}
			}
		},
		"inspect": {
			"animation_length": 7.375,
			"bones": {
				"constraint": {
					"rotation": [0.2, 0.2, 0.2],
					"position": [0.4, 0.2, 0.4]
				},
				"lefthand": {
					"rotation": {
						"0.0": [94.78442, 23.19373, 29.48848],
						"0.25": [87.32582, 53.04086, 33.46581],
						"1.0": [87.32582, 53.04086, 33.46581],
						"2.2083": [102.54845, 23.44192, 3.00215],
						"2.7083": [123.94908, 45.25513, 9.7852],
						"5.8333": [117.15209, 31.59588, 0.81512],
						"6.4167": [94.78442, 23.19373, 29.48848],
						"7.375": [94.78442, 23.19373, 29.48848]
					},
					"position": {
						"0.0": [7, -10, -24],
						"0.25": [5.25418, -12.43824, -24.08416],
						"1.0": [5.25418, -12.43824, -24.08416],
						"2.7083": [6.56537, -12.29142, -23.58227],
						"5.8333": [7, -10, -24],
						"7.375": [7, -10, -24]
					},
					"scale": {
						"0.0": [1, 1.5, 1],
						"7.375": [1, 1.5, 1]
					}
				},
				"righthand": {
					"rotation": {
						"0.0": [85, 0, 0],
						"0.5": [68.01461, 31.89034, -5.41545],
						"1.0": [68.01461, 31.89034, -5.41545],
						"1.9583": [75.33411, -11.57361, 6.75688],
						"6.2083": [85, 0, 0]
					},
					"position": {
						"0.0": [-6, -13.17051, -13.09477],
						"1.9583": [-6, -13.17051, -13.09477],
						"3.2083": [-8.07498, -11.26439, -20.47296],
						"3.5417": [-8.63442, -11.16361, -17.67766],
						"4.6667": [-8.63442, -11.16361, -17.67766],
						"4.8333": [-8.07498, -11.26439, -20.47296],
						"5.0": [-8.63442, -11.16361, -17.67766],
						"5.1667": [-8.07498, -11.26439, -20.47296],
						"5.3333": [-8.63442, -11.16361, -17.67766],
						"5.8333": [-8.63442, -11.16361, -17.67766],
						"6.2083": [-6, -13.17051, -13.09477]
					},
					"scale": {
						"0.0": [1, 1.5, 1],
						"6.2083": [1, 1.5, 1]
					}
				},
				"root": {
					"rotation": {
						"0.0": [0, 0, 0],
						"0.5": {
							"pre": [35.26439, -30, -54.73561],
							"post": [35.26439, -30, -54.73561],
							"lerp_mode": "catmullrom"
						},
						"1.0": {
							"post": [35.26, -30, -54.74],
							"lerp_mode": "catmullrom"
						},
						"1.9583": {
							"post": [4.9712, -2.39, 36.6408],
							"lerp_mode": "catmullrom"
						},
						"2.9583": {
							"post": [-30.05829, 2.15508, 50.93942],
							"lerp_mode": "catmullrom"
						},
						"3.9167": {
							"post": [-32.61948, 24.41405, 54.91671],
							"lerp_mode": "catmullrom"
						},
						"4.8333": {
							"post": [-32.61948, 24.41405, 54.91671],
							"lerp_mode": "catmullrom"
						},
						"5.3333": {
							"post": [-36.17049, 23.77495, 47.42913],
							"lerp_mode": "catmullrom"
						},
						"5.9583": {
							"post": [-32.61948, 24.41405, 54.91671],
							"lerp_mode": "catmullrom"
						},
						"6.7083": [0, 0, 0]
					},
					"position": {
						"0.0": [0, 0, 0],
						"0.2083": {
							"pre": [-0.5065, 1.71943, -4.38145],
							"post": [-0.5065, 1.71943, -4.38145],
							"lerp_mode": "catmullrom"
						},
						"0.5": {
							"post": [0.09217, 0.03352, -3.92618],
							"lerp_mode": "catmullrom"
						},
						"1.0": {
							"post": [0.09, 0.03, -3.93],
							"lerp_mode": "catmullrom"
						},
						"3.9167": {
							"post": [-0.34605, -0.37961, -3.13384],
							"lerp_mode": "catmullrom"
						},
						"4.8333": {
							"post": [0.0584, 0.02973, -4.13559],
							"lerp_mode": "catmullrom"
						},
						"5.0": {
							"post": [0.26316, -0.26193, -3.89834],
							"lerp_mode": "catmullrom"
						},
						"5.1667": {
							"post": [0.16309, -0.04022, -4.1268],
							"lerp_mode": "catmullrom"
						},
						"5.3333": {
							"post": [0.22497, -0.24109, -3.92099],
							"lerp_mode": "catmullrom"
						},
						"5.75": {
							"post": [0.22497, -0.24109, -3.92099],
							"lerp_mode": "catmullrom"
						},
						"5.9583": {
							"post": [0.05791, 0.04433, -4.16984],
							"lerp_mode": "catmullrom"
						},
						"6.7083": [0, 0, 0]
					}
				},
				"QJ": {
					"rotation": [0, 0, 0],
					"position": {
						"3.2083": [0, 0, 0],
						"3.5417": [0, 0, 3],
						"4.6667": [0, 0, 3],
						"4.8333": [0, 0, 0],
						"5.0": [0, 0, 3],
						"5.1667": [0, 0, 0],
						"5.3333": [0, 0, 3],
						"5.7917": [0, 0, 3],
						"5.9583": [0, 0, 0]
					}
				},
				"762x5": {
					"rotation": [0, 0, 0],
					"position": {
						"3.2083": [0, 0, 0],
						"3.5417": [0, 0, 2.3125],
						"4.6667": [0, 0, 2.3125],
						"4.8333": [0, 0, 0],
						"5.0": [0, 0, 2.3125],
						"5.1667": [0, 0, 0],
						"5.3333": [0, 0, 2.3125],
						"5.7917": [0, 0, 2.3125],
						"5.9583": [0, 0, 0]
					}
				}
			}
		},
		"inspect_empty": {
			"animation_length": 8.625,
			"bones": {
				"constraint": {
					"rotation": [0.2, 0.2, 0.2],
					"position": [0.4, 0.2, 0.4]
				},
				"lefthand": {
					"rotation": {
						"0.0": [94.78442, 23.19373, 29.48848],
						"0.25": [87.32582, 53.04086, 33.46581],
						"1.0": [87.32582, 53.04086, 33.46581],
						"1.5": [139.82582, 53.04086, 33.46581],
						"2.0": [139.82582, 53.04086, 33.46581],
						"3.25": [102.54845, 23.44192, 3.00215],
						"3.75": [123.94908, 45.25513, 9.7852],
						"7.0417": [117.15209, 31.59588, 0.81512],
						"8.4167": [94.78442, 23.19373, 29.48848]
					},
					"position": {
						"0.0": [7, -10, -24],
						"0.25": [5.25418, -12.43824, -24.08416],
						"1.0": [5.25418, -12.43824, -24.08416],
						"3.75": [6.56537, -12.29142, -23.58227],
						"8.4167": [7, -10, -24]
					},
					"scale": [1, 1.5, 1]
				},
				"righthand": {
					"rotation": {
						"0.0": [85, 0, 0],
						"0.5": [68.01461, 31.89034, -5.41545],
						"1.0": [68.01461, 31.89034, -5.41545],
						"1.5": [103.01461, 31.89034, -5.41545],
						"2.0": [103.01461, 31.89034, -5.41545],
						"2.5": [73.01461, 31.89034, -5.41545],
						"3.25": [74.29068, -23.6408, 10.1863],
						"8.3333": [85, 0, 0]
					},
					"position": {
						"0.0": [-6, -13.17051, -13.09477],
						"2.5": [-7.25238, -11.97274, -14.9122],
						"2.875": [-4.06661, -13.42884, -10.03786],
						"3.125": [-5.34479, -7.8672, -11.2359],
						"3.25": [-7.2075, -6.2516, -10.60193],
						"3.75": [-5.48053, 1.56264, -15.71276],
						"4.25": [-8.83815, -10.76537, -21.24358],
						"4.5833": [-8.59352, -11.11234, -16.945],
						"5.7083": [-8.59352, -11.11234, -16.945],
						"5.875": [-8.83815, -10.76537, -21.24358],
						"6.0417": [-8.59352, -11.11234, -16.945],
						"6.2083": [-8.83815, -10.76537, -21.24358],
						"6.375": [-8.59352, -11.11234, -16.945],
						"6.5833": [-8.59352, -11.11234, -16.945],
						"6.75": [-8.59352, -11.11234, -16.945],
						"7.3333": [-7.51362, -0.64702, -12.65128],
						"7.5833": [-7.37048, -7.36873, -10.69062],
						"7.75": [-7.37048, -7.36873, -10.69062],
						"8.0833": [-8.63162, -13.2358, -12.23079],
						"8.3333": [-6, -13.17051, -13.09477]
					},
					"scale": [1, 1.5, 1]
				},
				"root": {
					"rotation": {
						"0.0": [0, 0, 0],
						"0.5": {
							"pre": [35.26439, -30, -54.73561],
							"post": [35.26439, -30, -54.73561],
							"lerp_mode": "catmullrom"
						},
						"1.0": {
							"post": [35.26, -30, -54.74],
							"lerp_mode": "catmullrom"
						},
						"1.5": {
							"post": [-35.26293, -29.99642, 54.72829],
							"lerp_mode": "catmullrom"
						},
						"2.25": {
							"post": [-35.26293, -29.99642, 54.72829],
							"lerp_mode": "catmullrom"
						},
						"3.0": {
							"post": [4.9712, -2.39, 36.6408],
							"lerp_mode": "catmullrom"
						},
						"4.0": {
							"post": [-30.05829, 2.15508, 50.93942],
							"lerp_mode": "catmullrom"
						},
						"4.9583": {
							"post": [-32.61948, 24.41405, 54.91671],
							"lerp_mode": "catmullrom"
						},
						"5.875": {
							"post": [-32.61948, 24.41405, 54.91671],
							"lerp_mode": "catmullrom"
						},
						"6.375": {
							"post": [-36.17049, 23.77495, 47.42913],
							"lerp_mode": "catmullrom"
						},
						"7.0": {
							"post": [-32.61948, 24.41405, 54.91671],
							"lerp_mode": "catmullrom"
						},
						"8.125": {
							"post": [-29.19022, -3.90214, 38.80659],
							"lerp_mode": "catmullrom"
						},
						"8.625": [0, 0, 0]
					},
					"position": {
						"0.0": [0, 0, 0],
						"0.2083": {
							"pre": [-0.5065, 1.71943, -4.38145],
							"post": [-0.5065, 1.71943, -4.38145],
							"lerp_mode": "catmullrom"
						},
						"0.5": {
							"post": [0.09217, 0.03352, -3.92618],
							"lerp_mode": "catmullrom"
						},
						"1.0": {
							"post": [0.09, 0.03, -3.93],
							"lerp_mode": "catmullrom"
						},
						"4.9583": {
							"post": [-0.34605, -0.37961, -3.13384],
							"lerp_mode": "catmullrom"
						},
						"5.875": {
							"post": [0.0584, 0.02973, -4.13559],
							"lerp_mode": "catmullrom"
						},
						"6.0417": {
							"post": [0.26316, -0.26193, -3.89834],
							"lerp_mode": "catmullrom"
						},
						"6.2083": {
							"post": [0.16309, -0.04022, -4.1268],
							"lerp_mode": "catmullrom"
						},
						"6.375": {
							"post": [0.22497, -0.24109, -3.92099],
							"lerp_mode": "catmullrom"
						},
						"6.7917": {
							"post": [0.22497, -0.24109, -3.92099],
							"lerp_mode": "catmullrom"
						},
						"7.0": {
							"post": [0.05791, 0.04433, -4.16984],
							"lerp_mode": "catmullrom"
						},
						"8.625": [0, 0, 0]
					}
				},
				"FCG": {
					"rotation": {
						"3.0833": {
							"pre": [0, 0, 0],
							"post": [0, 0, 0],
							"lerp_mode": "catmullrom"
						},
						"3.75": {
							"post": [67.5, 0, 0],
							"lerp_mode": "catmullrom"
						},
						"4.0": {
							"post": [45, 0, 0],
							"lerp_mode": "catmullrom"
						},
						"5.5": {
							"post": [45, 0, 0],
							"lerp_mode": "catmullrom"
						},
						"5.9167": {
							"post": [52.38, 0, 0],
							"lerp_mode": "catmullrom"
						},
						"6.375": {
							"post": [47.24, 0, 0],
							"lerp_mode": "catmullrom"
						},
						"7.3333": {
							"post": [45, 0, 0],
							"lerp_mode": "catmullrom"
						},
						"7.5833": {
							"post": [0, 0, 0],
							"lerp_mode": "catmullrom"
						}
					},
					"position": [0, 0, 0]
				},
				"QJ": {
					"rotation": [0, 0, 0],
					"position": {
						"4.25": [0, 0, 0],
						"4.5833": [0, 0, 3],
						"5.7083": [0, 0, 3],
						"5.875": [0, 0, 0],
						"6.0417": [0, 0, 3],
						"6.2083": [0, 0, 0],
						"6.375": [0, 0, 3],
						"6.8333": [0, 0, 3],
						"7.0": [0, 0, 0]
					}
				},
				"762x5": {
					"rotation": [0, 0, 0],
					"position": {
						"4.25": [0, 0, 0],
						"4.5833": [0, 0, 2.3125],
						"5.7083": [0, 0, 2.3125],
						"5.875": [0, 0, 0],
						"6.0417": [0, 0, 2.3125],
						"6.2083": [0, 0, 0],
						"6.375": [0, 0, 2.3125],
						"6.8333": [0, 0, 2.3125],
						"7.0": [0, 0, 0]
					},
					"scale": 0
				},
				"FCG1": {
					"rotation": [0, 0, 0],
					"position": {
						"3.0833": [0, 0, 0],
						"3.75": [0, 0, 0.5],
						"7.3333": [0, 0, 0.5],
						"7.5833": [0, 0, 0]
					}
				},
				"762x2": {
					"scale": 0
				},
				"762x4": {
					"scale": 0
				},
				"762x3": {
					"scale": 0
				}
			}
		}
	}
}