{
	"format_version": "1.8.0",
	"animations": {
		"static_idle": {
			"loop": true,
			"bones": {
				"righthand": {
					"rotation": [100.03742, 4.92385, -179.12962],
					"position": [-6.8, -14.2, 7.4],
					"scale": [1, 1.5, 1]
				},
				"lefthand": {
					"rotation": [90.4533, -389.73135, -129.57361],
					"position": [7.4, -11.7, -8.5],
					"scale": [1, 1.5, 1]
				},
				"constraint": {
					"rotation": [1.2, 1.8, 0.3],
					"position": [0.1, 0.5, 0.3]
				},
				"safety": {
					"rotation": [0, 0, 0]
				}
			}
		},
		"static_auto": {
			"loop": true,
			"animation_length": 0.0417,
			"bones": {
				"safety3": {
					"rotation": [-5, 0, 0]
				},
				"safety": {
					"rotation": [-202.5, 0, 0]
				},
				"constraint": {
					"rotation": [1.2, 1.2, 1.2],
					"position": [0.1, 0.5, 1]
				}
			}
		},
		"static_semi": {
			"loop": true,
			"animation_length": 0.0417,
			"bones": {
				"safety3": {
					"rotation": [0, 0, 0]
				},
				"safety": {
					"rotation": [0, 0, 0]
				},
				"constraint": {
					"rotation": [1.2, 1.2, 1.2],
					"position": [0.1, 0.5, 1]
				}
			}
		},
		"draw": {
			"animation_length": 0.85,
			"bones": {
				"righthand": {
					"rotation": {
						"0.25": [100.72722, -2.77836, -170.38597],
						"0.4": [100.03742, 4.92385, -179.12962],
						"0.45": [100.03742, 4.92385, -179.12962]
					},
					"position": {
						"0.15": [-10.07, -17.7, 6.73],
						"0.25": [-8.5, -14.2, 6.4],
						"0.4": [-6.6, -14.2, 6.7],
						"0.45": [-6.8, -14.2, 7.4]
					},
					"scale": [1, 1.5, 1]
				},
				"lefthand": {
					"rotation": {
						"0.0": {
							"post": [57.22217, -380.03796, -110.23468],
							"lerp_mode": "catmullrom"
						},
						"0.3": {
							"post": [87.47896, -394.73118, -129.62168],
							"lerp_mode": "catmullrom"
						},
						"0.4": {
							"post": [90.96448, -392.23059, -129.59584],
							"lerp_mode": "catmullrom"
						},
						"0.55": {
							"post": [90.45, -389.73, -129.57],
							"lerp_mode": "catmullrom"
						}
					},
					"position": {
						"0.0": [7.4, -13.2, -8.5],
						"0.3": [7.4, -11.7, -8.5]
					},
					"scale": [1, 1.5, 1]
				},
				"root": {
					"rotation": {
						"0.0": [22.5, -22.5, 32.5],
						"0.1": {
							"pre": [16.81, -14.77, 27.74],
							"post": [16.81, -14.77, 27.74],
							"lerp_mode": "catmullrom"
						},
						"0.2": {
							"post": [10.38725, -13.74806, 10.06185],
							"lerp_mode": "catmullrom"
						},
						"0.3": {
							"post": [-0.89045, 2.45614, 7.08983],
							"lerp_mode": "catmullrom"
						},
						"0.45": [1.10685, 1.42586, -1.99731],
						"0.5": {
							"pre": [0.39065, 0.294, 2.28025],
							"post": [0.39065, 0.294, 2.28025],
							"lerp_mode": "catmullrom"
						},
						"0.55": {
							"post": [0.03946, 0.20234, -1.89002],
							"lerp_mode": "catmullrom"
						},
						"0.65": {
							"post": [0.03, 0.12, 0.67],
							"lerp_mode": "catmullrom"
						},
						"0.85": [0, 0, 0]
					},
					"position": {
						"0.0": {
							"post": [-5, -14, 0],
							"lerp_mode": "catmullrom"
						},
						"0.15": {
							"post": [-3.79, -7.23, -0.38],
							"lerp_mode": "catmullrom"
						},
						"0.3": {
							"post": [-0.3, -0.4, -0.6],
							"lerp_mode": "catmullrom"
						},
						"0.5": {
							"post": [0.01, -0.3, 0.5],
							"lerp_mode": "catmullrom"
						},
						"0.6": [-0.01, -0.07, -0.32],
						"0.75": {
							"pre": [0, 0, 0],
							"post": [0, 0, 0],
							"lerp_mode": "catmullrom"
						}
					}
				},
				"camera": {
					"rotation": {
						"0.0": {
							"post": [0, 0, 0],
							"lerp_mode": "catmullrom"
						},
						"0.1": {
							"post": [0.55, -0.05, 0.1],
							"lerp_mode": "catmullrom"
						},
						"0.2": {
							"post": [1.1, -0.3, 0.7],
							"lerp_mode": "catmullrom"
						},
						"0.4": {
							"post": [0.7, -0.2, 0.3],
							"lerp_mode": "catmullrom"
						},
						"0.5": {
							"post": [-0.1, 0, 0.4],
							"lerp_mode": "catmullrom"
						},
						"0.55": {
							"post": [0.2, 0.1, -0.3],
							"lerp_mode": "catmullrom"
						},
						"0.65": {
							"post": [0, 0, 0.1],
							"lerp_mode": "catmullrom"
						},
						"0.75": {
							"post": [0, 0, 0],
							"lerp_mode": "catmullrom"
						}
					}
				},
				"constraint": {
					"rotation": [1.2, 1.2, 1.2],
					"position": [0.1, 0.5, 1]
				}
			},
			"sound_effects": {
				"0.05": {
					"effect": "ar_akilo_drop"
				},
				"0.4": {
					"effect": "ar_akilo_raise_shoulder"
				}
			}
		},
		"put_away": {
			"loop": "hold_on_last_frame",
			"animation_length": 0.5667,
			"bones": {
				"righthand": {
					"rotation": [100.03742, 4.92385, -179.12962],
					"position": [-6.8, -14.2, 7.4],
					"scale": [1, 1.5, 1]
				},
				"lefthand": {
					"rotation": {
						"0.0": {
							"post": [90.45, -389.73, -129.57],
							"lerp_mode": "catmullrom"
						},
						"0.0333": {
							"post": [125.75034, -383.89569, -174.5993],
							"lerp_mode": "catmullrom"
						},
						"0.1333": {
							"post": [150.15385, -361.21748, -224.0276],
							"lerp_mode": "catmullrom"
						}
					},
					"position": {
						"0.0": {
							"post": [7.4, -11.7, -8.5],
							"lerp_mode": "catmullrom"
						},
						"0.0333": {
							"post": [8.565, -10.835, -5.85],
							"lerp_mode": "catmullrom"
						},
						"0.1333": {
							"post": [8.825, -8.4, -3.1],
							"lerp_mode": "catmullrom"
						}
					},
					"scale": {
						"0.0": {
							"post": [1, 1.5, 1],
							"lerp_mode": "catmullrom"
						}
					}
				},
				"root": {
					"rotation": {
						"0.0": {
							"post": [0, 0, 0],
							"lerp_mode": "catmullrom"
						},
						"0.0667": {
							"post": [-0.64, -3.66, -2.19],
							"lerp_mode": "catmullrom"
						},
						"0.1667": {
							"post": [1.8, -12.38, 1.96],
							"lerp_mode": "catmullrom"
						},
						"0.3": {
							"post": [6.24, -23.59, 10.25],
							"lerp_mode": "catmullrom"
						},
						"0.4333": {
							"post": [11.63972, -43.66226, 20.28897],
							"lerp_mode": "catmullrom"
						},
						"0.5667": {
							"post": [15.16328, -62.05346, 26.17398],
							"lerp_mode": "catmullrom"
						}
					},
					"position": {
						"0.0": {
							"post": [0, 0, 0],
							"lerp_mode": "catmullrom"
						},
						"0.0667": {
							"post": [-0.45, -0.49, 0.28],
							"lerp_mode": "catmullrom"
						},
						"0.1667": {
							"post": [-0.67, -1.47, 0.34],
							"lerp_mode": "catmullrom"
						},
						"0.3": {
							"post": [-0.435, -2.62, 0.06],
							"lerp_mode": "catmullrom"
						},
						"0.4333": {
							"post": [0.92, -4.65, -0.335],
							"lerp_mode": "catmullrom"
						},
						"0.6": {
							"post": [4.125, -6.925, -0.35],
							"lerp_mode": "catmullrom"
						}
					}
				},
				"camera": {
					"rotation": {
						"0.0": {
							"post": [0, 0, 0],
							"lerp_mode": "catmullrom"
						},
						"0.1333": {
							"post": [0.3, 0, -0.125],
							"lerp_mode": "catmullrom"
						},
						"0.2333": {
							"post": [0.64, 0, 0.3],
							"lerp_mode": "catmullrom"
						},
						"0.3667": {
							"post": [0.5, 0, 0.15],
							"lerp_mode": "catmullrom"
						},
						"0.5333": {
							"post": [0, 0, 0],
							"lerp_mode": "catmullrom"
						}
					}
				},
				"constraint": {
					"rotation": [1.2, 1.2, 1.2],
					"position": [0.1, 0.5, 1]
				}
			}
		},
		"switch_auto": {
			"animation_length": 0.65,
			"bones": {
				"righthand": {
					"rotation": {
						"0.0": [100.03742, 4.92385, -179.12962],
						"0.05": [96.07, 8.95, -179.05],
						"0.1": [94.65, 8.89, -175.34],
						"0.15": [91.79, 8.77, -167.92],
						"0.2": [94.85, 9.01, -173.99],
						"0.25": [94.43, 9.18, -189.18],
						"0.3": [94.71, 9.14, -187.49],
						"0.35": [95.25, 9.07, -184.11],
						"0.4": [95.53, 9.03, -182.43],
						"0.45": [100.03742, 4.92385, -179.12962]
					},
					"position": {
						"0.0": [-6.8, -14.2, 7.4],
						"0.05": [-6.5, -14.3, 8.3],
						"0.1": [-6.5, -14.06, 8.43],
						"0.3": [-6.5, -13.57, 8.7],
						"0.45": [-6.8, -14.2, 7.4]
					},
					"scale": {
						"0.0": [1, 1.5, 1],
						"0.45": [1, 1.5, 1]
					}
				},
				"lefthand": {
					"rotation": [90.4533, -389.73135, -129.57361],
					"position": [7.4, -11.7, -8.5],
					"scale": [1, 1.5, 1]
				},
				"root": {
					"rotation": {
						"0.0": {
							"post": [0, 0, 0],
							"lerp_mode": "catmullrom"
						},
						"0.15": {
							"post": [0.28216, 0.05234, 2.07432],
							"lerp_mode": "catmullrom"
						},
						"0.2": {
							"post": [0.69414, -0.0304, 4.44177],
							"lerp_mode": "catmullrom"
						},
						"0.35": {
							"post": [0.28039, -0.03598, 4.00032],
							"lerp_mode": "catmullrom"
						},
						"0.5": {
							"post": [0.24991, 0.00654, -0.19374],
							"lerp_mode": "catmullrom"
						},
						"0.65": {
							"post": [0, 0, 0],
							"lerp_mode": "catmullrom"
						}
					},
					"position": {
						"0.0": {
							"post": [0, 0, 0],
							"lerp_mode": "catmullrom"
						},
						"0.15": {
							"post": [0, -0.20625, 0.275],
							"lerp_mode": "catmullrom"
						},
						"0.25": {
							"post": [0, -0.21125, 0.275],
							"lerp_mode": "catmullrom"
						},
						"0.35": {
							"post": [0, -0.1625, 0.825],
							"lerp_mode": "catmullrom"
						},
						"0.5": {
							"post": [0, -0.25625, -0.05625],
							"lerp_mode": "catmullrom"
						},
						"0.65": {
							"post": [0, 0, 0],
							"lerp_mode": "catmullrom"
						}
					}
				},
				"camera": {
					"rotation": {
						"0.15": [0, 0, 0],
						"0.25": [0, 0, 0.39375],
						"0.35": [0, 0, -0.26875],
						"0.45": [0, 0, 0.15],
						"0.55": [0, 0, 0]
					}
				},
				"safety": {
					"rotation": {
						"0.3": [0, 0, 0],
						"0.4": [-135, 0, 0]
					}
				}
			}
		},
		"switch_semi": {
			"animation_length": 0.65,
			"bones": {
				"righthand": {
					"rotation": {
						"0.0": [100.03742, 4.92385, -179.12962],
						"0.05": [96.07, 8.95, -179.05],
						"0.1": [94.65, 8.89, -175.34],
						"0.15": [91.79, 8.77, -167.92],
						"0.2": [94.85, 9.01, -173.99],
						"0.25": [94.43, 9.18, -189.18],
						"0.3": [94.71, 9.14, -187.49],
						"0.35": [95.25, 9.07, -184.11],
						"0.4": [95.53, 9.03, -182.43],
						"0.45": [100.03742, 4.92385, -179.12962]
					},
					"position": {
						"0.0": [-6.8, -14.2, 7.4],
						"0.05": [-6.5, -14.3, 8.3],
						"0.1": [-6.5, -14.06, 8.43],
						"0.3": [-6.5, -13.57, 8.7],
						"0.45": [-6.8, -14.2, 7.4]
					},
					"scale": {
						"0.0": [1, 1.5, 1],
						"0.45": [1, 1.5, 1]
					}
				},
				"lefthand": {
					"rotation": [90.4533, -389.73135, -129.57361],
					"position": [7.4, -11.7, -8.5],
					"scale": [1, 1.5, 1]
				},
				"root": {
					"rotation": {
						"0.0": {
							"post": [0, 0, 0],
							"lerp_mode": "catmullrom"
						},
						"0.15": {
							"post": [-0.66784, 0.05234, 4.99932],
							"lerp_mode": "catmullrom"
						},
						"0.2": {
							"post": [-0.22777, 0.0063, 3.04672],
							"lerp_mode": "catmullrom"
						},
						"0.25": {
							"post": [0.69688, -0.07047, -0.58262],
							"lerp_mode": "catmullrom"
						},
						"0.35": {
							"post": [0.8328, -0.04949, 0.00048],
							"lerp_mode": "catmullrom"
						},
						"0.5": {
							"post": [0.25, 0, 1],
							"lerp_mode": "catmullrom"
						},
						"0.65": {
							"post": [0, 0, 0],
							"lerp_mode": "catmullrom"
						}
					},
					"position": {
						"0.0": {
							"post": [0, 0, 0],
							"lerp_mode": "catmullrom"
						},
						"0.15": {
							"post": [0, -0.3, -0.45],
							"lerp_mode": "catmullrom"
						},
						"0.25": {
							"post": [0, -0.38, -0.425],
							"lerp_mode": "catmullrom"
						},
						"0.3": {
							"post": [0, -0.455, -0.5],
							"lerp_mode": "catmullrom"
						},
						"0.35": {
							"post": [0, -0.43125, -0.55],
							"lerp_mode": "catmullrom"
						},
						"0.5": {
							"post": [0, -0.025, -0.3625],
							"lerp_mode": "catmullrom"
						},
						"0.65": {
							"post": [0, 0, 0],
							"lerp_mode": "catmullrom"
						}
					}
				},
				"safety3": {
					"rotation": {
						"0.0": [-5, 0, 0],
						"0.15": [-5, 0, 0],
						"0.25": [0, 0, 0]
					}
				},
				"camera": {
					"rotation": {
						"0.1": [0, 0, 0],
						"0.2": [0, 0, 0.39375],
						"0.3": [0, 0, -0.26875],
						"0.4": [0, 0, 0.15],
						"0.5": [0, 0, 0]
					}
				},
				"safety": {
					"rotation": {
						"0.0": [-135, 0, 0],
						"0.1": [-94.5, 0, 0],
						"0.25": [0, 0, 0],
						"0.4": [0, 0, 0]
					}
				}
			}
		},
		"reload_tactical": {
			"animation_length": 2.4,
			"bones": {
				"righthand": {
					"rotation": [100.03742, 4.92385, -179.12962],
					"position": [-6.8, -14.2, 7.4],
					"scale": [1, 1.5, 1]
				},
				"lefthand": {
					"rotation": {
						"0.0": [90.4533, -389.73135, -129.57361],
						"0.2": [115.86294, -369.66693, -226.54105],
						"0.25": [125.86, -369.67, -226.54],
						"0.35": [124.6961, -372.30642, -225.49724],
						"0.4": [128.31734, -369.84622, -228.71128],
						"0.45": [138.38718, -356.86335, -225.22772],
						"0.5": [120.39, -356.86, -225.23],
						"0.6": [126.09169, -372.96193, -233.33241],
						"0.7": [134.09, -372.96, -233.33],
						"1.05": [129.58369, -371.05809, -235.70211],
						"1.15": [102.80277, -370.9337, -231.62718],
						"1.2": [121.67748, -352.38944, -227.45689],
						"1.3": [122.80147, -343.92535, -222.01407],
						"1.35": [125.56293, -344.59461, -209.92823],
						"1.45": [129.56, -344.59, -209.93],
						"1.5": [138.56, -344.59, -209.93],
						"1.55": [111.69207, -355.85215, -211.18316],
						"1.6": [113.69, -355.85, -211.18],
						"1.7": [115.79932, -356.8725, -209.45764],
						"1.75": [115.8, -356.87, -209.46],
						"1.8": [101.17115, -377.16947, -166.95326],
						"1.9": [85.95657, -385.69387, -122.07969],
						"2.0": [86.45, -389.73, -129.57],
						"2.15": [90.46793, -392.73125, -129.60181],
						"2.25": [90.45, -389.73, -129.57]
					},
					"position": {
						"0.0": [7.4, -11.7, -8.5],
						"0.1": [7.18, -15.45, -5.05],
						"0.2": [7.15781, -13.6, 3.4],
						"0.35": [7.34609, -13.8, 3.4],
						"0.4": [7.94609, -15.2, -1.6],
						"0.45": [7.94609, -15.2, -3],
						"0.5": [10.14609, -20.5, -6.6],
						"0.6": [11.04609, -31.5, -4.18047],
						"0.7": [11.04609, -39.6, 6.3],
						"1.05": [12.66563, -42.1, 4.4],
						"1.15": [10.56563, -17.3, 5.2],
						"1.2": [10.36563, -16.2, 2.4],
						"1.3": [9.36563, -15.2, 2.4],
						"1.35": [7.76563, -15.58438, 0.08828],
						"1.4": [7.66563, -15.68437, 0.98828],
						"1.45": [7.66563, -15.98437, -0.21172],
						"1.55": [7.76563, -15.28437, 2.68828],
						"1.7": [7.25781, -17.3, -1.8],
						"1.75": [7.25781, -17.1, -1.6],
						"1.85": [8.25781, -14.1, -7.87],
						"1.9": [7.25781, -13.5, -7.9],
						"2.0": [7.4, -11.7, -8.5],
						"2.2": [7.4, -11.7, -8.5]
					},
					"scale": [1, 1.5, 1]
				},
				"root": {
					"rotation": {
						"0.0": {
							"post": [0, 0, 0],
							"lerp_mode": "catmullrom"
						},
						"0.1": {
							"post": [-16.8607, -2.17183, -17.42214],
							"lerp_mode": "catmullrom"
						},
						"0.2": [-21.03635, -6.99173, -24.54773],
						"0.25": [-21.68509, -9.19879, -30.29289],
						"0.35": {
							"pre": [-23.93272, -10.51486, -33.0996],
							"post": [-23.93272, -10.51486, -33.0996],
							"lerp_mode": "catmullrom"
						},
						"0.4": {
							"post": [-23.81561, -13.22652, -38.32369],
							"lerp_mode": "catmullrom"
						},
						"0.45": {
							"post": [-26.69287, -9.36623, -34.22797],
							"lerp_mode": "catmullrom"
						},
						"0.5": {
							"post": [-25.15112, -9.31861, -35.22725],
							"lerp_mode": "catmullrom"
						},
						"0.55": {
							"post": [-23.482, -9.71513, -31.74076],
							"lerp_mode": "catmullrom"
						},
						"0.65": {
							"post": [-24.04248, -10.9831, -36.08938],
							"lerp_mode": "catmullrom"
						},
						"0.75": {
							"post": [-25.08352, -11.46197, -36.0843],
							"lerp_mode": "catmullrom"
						},
						"1.0": {
							"post": [-23.60274, -10.26838, -37.0199],
							"lerp_mode": "catmullrom"
						},
						"1.15": {
							"post": [-21.0807, -11.8337, -45.71759],
							"lerp_mode": "catmullrom"
						},
						"1.25": {
							"post": [-21.84032, -10.82795, -42.43734],
							"lerp_mode": "catmullrom"
						},
						"1.4": {
							"post": [-23.01767, -9.06284, -39.21257],
							"lerp_mode": "catmullrom"
						},
						"1.5": {
							"post": [-25.01344, -9.03083, -37.22696],
							"lerp_mode": "catmullrom"
						},
						"1.55": {
							"post": [-20.36166, -4.28486, -25.96993],
							"lerp_mode": "catmullrom"
						},
						"1.6": {
							"post": [-19.37742, -7.45234, -35.75689],
							"lerp_mode": "catmullrom"
						},
						"1.65": {
							"post": [-22.53365, -4.9836, -29.93511],
							"lerp_mode": "catmullrom"
						},
						"1.8": {
							"post": [-21.63107, -2.58391, -10.24857],
							"lerp_mode": "catmullrom"
						},
						"1.95": {
							"post": [-0.50159, -1.43852, 5.92117],
							"lerp_mode": "catmullrom"
						},
						"2.05": [1.99513, -0.13948, 3.99757],
						"2.15": {
							"pre": [1, 0, -2],
							"post": [1, 0, -2],
							"lerp_mode": "catmullrom"
						},
						"2.2": {
							"post": [0.99985, -0.01745, 0],
							"lerp_mode": "catmullrom"
						},
						"2.35": {
							"post": [0, 0, 0],
							"lerp_mode": "catmullrom"
						}
					},
					"position": {
						"0.0": {
							"post": [0, 0, 0],
							"lerp_mode": "catmullrom"
						},
						"0.1": {
							"post": [0.2, -0.28, 1.31],
							"lerp_mode": "catmullrom"
						},
						"0.2": {
							"post": [-0.6, -0.8, 2.1],
							"lerp_mode": "catmullrom"
						},
						"0.25": {
							"post": [-0.6, -0.9, 2.1],
							"lerp_mode": "catmullrom"
						},
						"0.35": {
							"post": [-0.6, -0.7, 2.1],
							"lerp_mode": "catmullrom"
						},
						"0.4": {
							"post": [-0.7, -0.7, 2.1],
							"lerp_mode": "catmullrom"
						},
						"0.45": {
							"post": [-0.33, -0.91, 2.1],
							"lerp_mode": "catmullrom"
						},
						"0.5": {
							"post": [-0.2, -0.7, 2.1],
							"lerp_mode": "catmullrom"
						},
						"0.65": {
							"post": [-0.6, -0.6, 2.1],
							"lerp_mode": "catmullrom"
						},
						"0.8": {
							"post": [-1.045, -1.075, 2.1],
							"lerp_mode": "catmullrom"
						},
						"0.95": {
							"post": [-1.125, -1.075, 2.1],
							"lerp_mode": "catmullrom"
						},
						"1.1": {
							"post": [-1.11, -0.92, 2.1],
							"lerp_mode": "catmullrom"
						},
						"1.25": {
							"post": [-0.9, -0.7, 2.1],
							"lerp_mode": "catmullrom"
						},
						"1.35": {
							"post": [-0.85, -0.6, 2.1],
							"lerp_mode": "catmullrom"
						},
						"1.45": {
							"post": [-0.825, -0.5, 2.1],
							"lerp_mode": "catmullrom"
						},
						"1.5": {
							"post": [-0.925, -0.5, 2.1],
							"lerp_mode": "catmullrom"
						},
						"1.6": [-0.725, -0.8, 2.1],
						"1.75": {
							"pre": [-1, -0.8, 2.65],
							"post": [-1, -0.8, 2.65],
							"lerp_mode": "catmullrom"
						},
						"1.9": {
							"post": [-1, -2.2, 3.2],
							"lerp_mode": "catmullrom"
						},
						"2.05": {
							"post": [0, -0.5, -0.5],
							"lerp_mode": "catmullrom"
						},
						"2.15": {
							"post": [0, -0.1, 0.5],
							"lerp_mode": "catmullrom"
						},
						"2.25": {
							"post": [0, -0.09, -0.07],
							"lerp_mode": "catmullrom"
						},
						"2.3": {
							"post": [0, -0.06, -0.19],
							"lerp_mode": "catmullrom"
						},
						"2.4": {
							"post": [0, 0, 0],
							"lerp_mode": "catmullrom"
						}
					}
				},
				"mag_and_bullet": {
					"rotation": {
						"0.35": [0, 0, 0],
						"0.4": [-1.99878, -0.06978, -1.99878],
						"0.45": [-18.00078, -0.18928, -10.04084],
						"0.5": [-30.21098, -4.88201, -35.06163],
						"0.6": [-16.41579, 9.6013, -39.02549],
						"0.7": [-17.30246, 7.85816, -44.83918],
						"1.05": [-17.3, 7.86, -44.84],
						"1.15": [27.02932, 7.27156, -34.76939],
						"1.2": [-9.91205, 0, -26.17873],
						"1.3": [-16.50045, 0, -13.72416],
						"1.35": [-26, 0, 0],
						"1.4": [-24.5, 0, 0],
						"1.45": [-22.5, 0, 0],
						"1.5": [-25.25, 0, 0],
						"1.55": [0, 0, 0]
					},
					"position": {
						"0.35": [0, 0, 0],
						"0.4": [0, -0.3, -0.1],
						"0.45": [0.3, -0.6, -0.6],
						"0.5": [1.4, -6.7, -5.4],
						"0.6": [2.5, -16.8, -2.60625],
						"0.7": [2.5, -25.8, 8.2],
						"1.05": [2.5, -25.8, 8.2],
						"1.15": [1.1, -4.8, -0.1],
						"1.2": [1.1, -2, -0.1],
						"1.3": [0.4, 0, 0.6],
						"1.35": [0.1, 0, 0.5],
						"1.4": [0.1, 0, 0.3],
						"1.45": [0.1, 0, 0.3],
						"1.5": [0.05, 0.5, -0.25],
						"1.55": [0, 0, 0]
					}
				},
				"additional_magazine": {
					"position": [0, -3, 32]
				},
				"magrelease": {
					"rotation": {
						"0.25": [0, 0, 0],
						"0.3": [-20, 0, 0],
						"0.45": [-20, 0, 0],
						"0.55": [0, 0, 0],
						"1.5": [0, 0, 0],
						"1.55": [-20, 0, 0],
						"1.65": [0, 0, 0]
					}
				},
				"constraint": {
					"rotation": {
						"0.0": [0.6, 1.2, 1.2],
						"2.25": [0, 0, 0],
						"2.4": [1.2, 1.2, 1.2]
					},
					"position": {
						"0.0": [0.1, 0.5, 1],
						"2.25": [0.02, 0.02, 0.02],
						"2.4": [0.1, 0.5, 1]
					}
				},
				"camera": {
					"rotation": {
						"0.0": {
							"post": [0, 0, 0],
							"lerp_mode": "catmullrom"
						},
						"0.15": {
							"post": [1, 0.05, -0.5],
							"lerp_mode": "catmullrom"
						},
						"0.4": {
							"post": [0.8, 0.375, -1.2],
							"lerp_mode": "catmullrom"
						},
						"0.45": {
							"post": [1.6, 0.25, -0.625],
							"lerp_mode": "catmullrom"
						},
						"0.55": {
							"post": [1.075, 0.125, -1.575],
							"lerp_mode": "catmullrom"
						},
						"0.7": {
							"post": [1.2, -0.125, -0.95],
							"lerp_mode": "catmullrom"
						},
						"0.9": {
							"post": [1, -0.175, -1.2],
							"lerp_mode": "catmullrom"
						},
						"1.15": {
							"post": [1.3, -0.1, -1.475],
							"lerp_mode": "catmullrom"
						},
						"1.35": {
							"post": [0.94, 0.59, -1.475],
							"lerp_mode": "catmullrom"
						},
						"1.45": {
							"post": [0.7, 0.625, -1.375],
							"lerp_mode": "catmullrom"
						},
						"1.5": {
							"post": [0.75, 0.63, -1.2],
							"lerp_mode": "catmullrom"
						},
						"1.55": {
							"post": [1.5, 0.625, -0.475],
							"lerp_mode": "catmullrom"
						},
						"1.65": {
							"post": [1.1, 0.625, -1.675],
							"lerp_mode": "catmullrom"
						},
						"1.8": {
							"post": [0.875, 0.325, -1.2],
							"lerp_mode": "catmullrom"
						},
						"1.95": {
							"post": [1.35, -0.15, -1.2],
							"lerp_mode": "catmullrom"
						},
						"2.1": {
							"post": [-0.105, 0, -0.8],
							"lerp_mode": "catmullrom"
						},
						"2.15": {
							"post": [0.2, 0.05, -0.25],
							"lerp_mode": "catmullrom"
						},
						"2.25": {
							"post": [-0.075, 0, -0.65],
							"lerp_mode": "catmullrom"
						},
						"2.35": {
							"post": [0, 0, 0],
							"lerp_mode": "catmullrom"
						}
					}
				},
				"bullet": {
					"scale": {
						"0.0": [0, 0, 0],
						"0.95": {
							"pre": [0, 0, 0],
							"post": [1, 1, 1]
						}
					}
				}
			},
			"sound_effects": {
				"0.0": {
					"effect": "tacz:ak47/ak47_reload_raise_shoulder"
				},
				"0.35": {
					"effect": "tacz:ak47/ak47_reload_magout"
				},
				"0.9": {
					"effect": "tacz:ak47/ak47_reload_mvt"
				},
				"1.4": {
					"effect": "tacz:ak47/ak47_reload_magin"
				},
				"1.5": {
					"effect": "tacz:ak47/ak47_reload_mvt2"
				},
				"2.05": {
					"effect": "tacz:ak47/ak47_reload_shoulder"
				}
			}
		},
		"reload_empty": {
			"animation_length": 3.05,
			"bones": {
				"righthand": {
					"rotation": [100.03742, 4.92385, -179.12962],
					"position": [-6.8, -14.2, 7.4],
					"scale": [1, 1.5, 1]
				},
				"lefthand": {
					"rotation": {
						"0.0": [90.4533, -389.73135, -129.57361],
						"0.2": [115.86294, -369.66693, -226.54105],
						"0.25": [125.86, -369.67, -226.54],
						"0.35": [124.6961, -372.30642, -225.49724],
						"0.4": [128.31734, -369.84622, -228.71128],
						"0.45": [138.38718, -356.86335, -225.22772],
						"0.5": [120.39, -356.86, -225.23],
						"0.6": [126.09169, -372.96193, -233.33241],
						"0.7": [134.09, -372.96, -233.33],
						"1.05": [129.58369, -371.05809, -235.70211],
						"1.15": [102.80277, -370.9337, -231.62718],
						"1.2": [121.67748, -352.38944, -227.45689],
						"1.3": [122.80147, -343.92535, -222.01407],
						"1.35": [125.56293, -344.59461, -209.92823],
						"1.45": [129.56, -344.59, -209.93],
						"1.5": [138.56, -344.59, -209.93],
						"1.55": [111.69207, -355.85215, -211.18316],
						"1.95": [123.85662, -385.95755, -212.41803],
						"2.35": [90.4533, -389.73135, -129.57361]
					},
					"position": {
						"0.0": [7.4, -11.7, -8.5],
						"0.1": [7.18, -15.45, -5.05],
						"0.2": [7.15781, -13.6, 3.4],
						"0.35": [7.34609, -13.8, 3.4],
						"0.4": [7.94609, -15.2, -1.6],
						"0.45": [7.94609, -15.2, -3],
						"0.5": [10.14609, -20.5, -6.6],
						"0.6": [11.04609, -31.5, -4.18047],
						"0.7": [11.04609, -39.6, 6.3],
						"1.05": [12.66563, -42.1, 4.4],
						"1.15": [10.56563, -17.3, 5.2],
						"1.2": [10.36563, -16.2, 2.4],
						"1.3": [9.36563, -15.2, 2.4],
						"1.35": [7.76563, -15.58438, 0.08828],
						"1.4": [7.66563, -15.68437, 0.98828],
						"1.45": [7.66563, -15.98437, -0.21172],
						"1.55": [7.76563, -15.28437, 2.68828],
						"1.7": [8.37, -16.91, 2.83],
						"1.9": [8.55, -13.14, 4.92],
						"1.95": [8.6, -14.15, 5.69],
						"2.0": [8.65, -13.16, 6.45],
						"2.15": [8.84, -11.81, -7.01],
						"2.35": [7.4, -11.7, -8.5]
					},
					"scale": {
						"0.0": [1, 1.5, 1],
						"2.35": [1, 1.5, 1]
					}
				},
				"root": {
					"rotation": {
						"0.0": {
							"post": [0, 0, 0],
							"lerp_mode": "catmullrom"
						},
						"0.1": {
							"post": [-16.8607, -2.17183, -17.42214],
							"lerp_mode": "catmullrom"
						},
						"0.2": [-21.03635, -6.99173, -24.54773],
						"0.25": [-21.68509, -9.19879, -30.29289],
						"0.35": {
							"pre": [-23.93272, -10.51486, -33.0996],
							"post": [-23.93272, -10.51486, -33.0996],
							"lerp_mode": "catmullrom"
						},
						"0.4": {
							"post": [-23.81561, -13.22652, -38.32369],
							"lerp_mode": "catmullrom"
						},
						"0.45": {
							"post": [-26.69287, -9.36623, -34.22797],
							"lerp_mode": "catmullrom"
						},
						"0.5": {
							"post": [-25.15112, -9.31861, -35.22725],
							"lerp_mode": "catmullrom"
						},
						"0.55": {
							"post": [-23.482, -9.71513, -31.74076],
							"lerp_mode": "catmullrom"
						},
						"0.65": {
							"post": [-24.04248, -10.9831, -36.08938],
							"lerp_mode": "catmullrom"
						},
						"0.75": {
							"post": [-25.08352, -11.46197, -36.0843],
							"lerp_mode": "catmullrom"
						},
						"1.0": {
							"post": [-23.60274, -10.26838, -37.0199],
							"lerp_mode": "catmullrom"
						},
						"1.15": {
							"post": [-21.0807, -11.8337, -45.71759],
							"lerp_mode": "catmullrom"
						},
						"1.25": {
							"post": [-21.84032, -10.82795, -42.43734],
							"lerp_mode": "catmullrom"
						},
						"1.4": {
							"post": [-23.01767, -9.06284, -39.21257],
							"lerp_mode": "catmullrom"
						},
						"1.5": {
							"post": [-25.01344, -9.03083, -37.22696],
							"lerp_mode": "catmullrom"
						},
						"1.55": {
							"post": [-20.36166, -4.28486, -25.96993],
							"lerp_mode": "catmullrom"
						},
						"1.6": {
							"post": [-19.37742, -7.45234, -35.75689],
							"lerp_mode": "catmullrom"
						},
						"1.65": {
							"post": [-22.53365, -4.9836, -29.93511],
							"lerp_mode": "catmullrom"
						},
						"1.8": {
							"post": [-23.01767, -9.06284, -39.21257],
							"lerp_mode": "catmullrom"
						},
						"1.9": {
							"post": [-25.01344, -9.03083, -37.22696],
							"lerp_mode": "catmullrom"
						},
						"1.95": {
							"post": [-20.36166, -4.28486, -25.96993],
							"lerp_mode": "catmullrom"
						},
						"2.0": {
							"post": [-19.37742, -7.45234, -35.75689],
							"lerp_mode": "catmullrom"
						},
						"2.05": {
							"post": [-22.53365, -4.9836, -29.93511],
							"lerp_mode": "catmullrom"
						},
						"2.2": {
							"post": [-21.63107, -2.58391, -10.24857],
							"lerp_mode": "catmullrom"
						},
						"2.35": {
							"post": [-0.50159, -1.43852, 5.92117],
							"lerp_mode": "catmullrom"
						},
						"2.45": [1.99513, -0.13948, 3.99757],
						"2.55": {
							"pre": [1, 0, -2],
							"post": [1, 0, -2],
							"lerp_mode": "catmullrom"
						},
						"2.6": {
							"post": [0.99985, -0.01745, 0],
							"lerp_mode": "catmullrom"
						},
						"2.75": {
							"post": [0, 0, 0],
							"lerp_mode": "catmullrom"
						}
					},
					"position": {
						"0.0": {
							"post": [0, 0, 0],
							"lerp_mode": "catmullrom"
						},
						"0.1": {
							"post": [0.2, -0.28, 1.31],
							"lerp_mode": "catmullrom"
						},
						"0.2": {
							"post": [-0.6, -0.8, 2.1],
							"lerp_mode": "catmullrom"
						},
						"0.25": {
							"post": [-0.6, -0.9, 2.1],
							"lerp_mode": "catmullrom"
						},
						"0.35": {
							"post": [-0.6, -0.7, 2.1],
							"lerp_mode": "catmullrom"
						},
						"0.4": {
							"post": [-0.7, -0.7, 2.1],
							"lerp_mode": "catmullrom"
						},
						"0.45": {
							"post": [-0.33, -0.91, 2.1],
							"lerp_mode": "catmullrom"
						},
						"0.5": {
							"post": [-0.2, -0.7, 2.1],
							"lerp_mode": "catmullrom"
						},
						"0.65": {
							"post": [-0.6, -0.6, 2.1],
							"lerp_mode": "catmullrom"
						},
						"0.8": {
							"post": [-1.045, -1.075, 2.1],
							"lerp_mode": "catmullrom"
						},
						"0.95": {
							"post": [-1.125, -1.075, 2.1],
							"lerp_mode": "catmullrom"
						},
						"1.1": {
							"post": [-1.11, -0.92, 2.1],
							"lerp_mode": "catmullrom"
						},
						"1.25": {
							"post": [-0.9, -0.7, 2.1],
							"lerp_mode": "catmullrom"
						},
						"1.35": {
							"post": [-0.85, -0.6, 2.1],
							"lerp_mode": "catmullrom"
						},
						"1.45": {
							"post": [-0.825, -0.5, 2.1],
							"lerp_mode": "catmullrom"
						},
						"1.5": {
							"post": [-0.925, -0.5, 2.1],
							"lerp_mode": "catmullrom"
						},
						"1.6": [-0.725, -0.8, 2.1],
						"1.75": {
							"pre": [-1, -0.8, 2.65],
							"post": [-1, -0.8, 2.65],
							"lerp_mode": "catmullrom"
						},
						"1.85": {
							"post": [-0.825, -0.5, 2.1],
							"lerp_mode": "catmullrom"
						},
						"1.9": {
							"post": [-0.925, -0.5, 2.1],
							"lerp_mode": "catmullrom"
						},
						"2.0": [-0.725, -0.8, 2.1],
						"2.15": {
							"pre": [-1, -0.8, 2.65],
							"post": [-1, -0.8, 2.65],
							"lerp_mode": "catmullrom"
						},
						"2.3": {
							"post": [-1, -2.2, 3.2],
							"lerp_mode": "catmullrom"
						},
						"2.45": {
							"post": [0, -0.5, -0.5],
							"lerp_mode": "catmullrom"
						},
						"2.55": {
							"post": [0, -0.1, 0.5],
							"lerp_mode": "catmullrom"
						},
						"2.65": {
							"post": [0, -0.09, -0.07],
							"lerp_mode": "catmullrom"
						},
						"2.7": {
							"post": [0, -0.06, -0.19],
							"lerp_mode": "catmullrom"
						},
						"2.8": {
							"post": [0, 0, 0],
							"lerp_mode": "catmullrom"
						}
					}
				},
				"mag_and_bullet": {
					"rotation": {
						"0.35": [0, 0, 0],
						"0.4": [-1.99878, -0.06978, -1.99878],
						"0.45": [-18.00078, -0.18928, -10.04084],
						"0.5": [-30.21098, -4.88201, -35.06163],
						"0.6": [-16.41579, 9.6013, -39.02549],
						"0.7": [-17.30246, 7.85816, -44.83918],
						"1.05": [-17.3, 7.86, -44.84],
						"1.15": [27.02932, 7.27156, -34.76939],
						"1.2": [-9.91205, 0, -26.17873],
						"1.3": [-16.50045, 0, -13.72416],
						"1.35": [-26, 0, 0],
						"1.4": [-24.5, 0, 0],
						"1.45": [-22.5, 0, 0],
						"1.5": [-25.25, 0, 0],
						"1.55": [0, 0, 0]
					},
					"position": {
						"0.35": [0, 0, 0],
						"0.4": [0, -0.3, -0.1],
						"0.45": [0.3, -0.6, -0.6],
						"0.5": [1.4, -6.7, -5.4],
						"0.6": [2.5, -16.8, -2.60625],
						"0.7": [2.5, -25.8, 8.2],
						"1.05": [2.5, -25.8, 8.2],
						"1.15": [1.1, -4.8, -0.1],
						"1.2": [1.1, -2, -0.1],
						"1.3": [0.4, 0, 0.6],
						"1.35": [0.1, 0, 0.5],
						"1.4": [0.1, 0, 0.3],
						"1.45": [0.1, 0, 0.3],
						"1.5": [0.05, 0.5, -0.25],
						"1.55": [0, 0, 0]
					}
				},
				"bolt": {
					"position": {
						"0.0": [0, 0, 3],
						"2.05": [0, 0, 3],
						"2.1": [0, 0, 0]
					}
				},
				"constraint": {
					"rotation": {
						"0.0": [0.6, 1.2, 1.2],
						"2.9": [0, 0, 0],
						"3.05": [1.2, 1.2, 1.2]
					},
					"position": {
						"0.0": [0.1, 0.5, 1],
						"2.9": [0.02, 0.02, 0.02],
						"3.05": [0.1, 0.5, 1]
					}
				},
				"camera": {
					"rotation": {
						"0.0": {
							"post": [0, 0, 0],
							"lerp_mode": "catmullrom"
						},
						"0.2": {
							"post": [0.75, 0.3, -0.275],
							"lerp_mode": "catmullrom"
						},
						"0.4": {
							"post": [1.155, 0.55, -0.6],
							"lerp_mode": "catmullrom"
						},
						"0.5": {
							"post": [0.955, 0.55, -0.75],
							"lerp_mode": "catmullrom"
						},
						"0.55": {
							"post": [0.285, 0.075, -0.125],
							"lerp_mode": "catmullrom"
						},
						"0.65": {
							"post": [0.19, -0.125, -1.075],
							"lerp_mode": "catmullrom"
						},
						"0.75": {
							"post": [0.675, -0.1, -0.7],
							"lerp_mode": "catmullrom"
						},
						"0.85": {
							"post": [0.735, 0, -0.75],
							"lerp_mode": "catmullrom"
						},
						"1.0": {
							"post": [0.62, 0.27, -0.77],
							"lerp_mode": "catmullrom"
						},
						"1.15": {
							"post": [0.19, 0.42, -0.725],
							"lerp_mode": "catmullrom"
						},
						"1.2": {
							"post": [0.19, 0.5, -0.25],
							"lerp_mode": "catmullrom"
						},
						"1.25": {
							"post": [0.74, 0.5, -1.225],
							"lerp_mode": "catmullrom"
						},
						"1.35": {
							"post": [0.415, 0.5, -0.75],
							"lerp_mode": "catmullrom"
						},
						"1.5": {
							"post": [0.91, 0.5, -0.815],
							"lerp_mode": "catmullrom"
						},
						"1.6": {
							"post": [1.245, 0.5, -0.675],
							"lerp_mode": "catmullrom"
						},
						"1.75": {
							"post": [1, 0.34, -0.025],
							"lerp_mode": "catmullrom"
						},
						"1.9": {
							"post": [0.75, -0.275, 0.425],
							"lerp_mode": "catmullrom"
						},
						"2.05": {
							"post": [0.79, -0.4, 0.5],
							"lerp_mode": "catmullrom"
						},
						"2.1": {
							"post": [0.475, -0.3, 0],
							"lerp_mode": "catmullrom"
						},
						"2.2": {
							"post": [0.83, -0.3, 0.5],
							"lerp_mode": "catmullrom"
						},
						"2.25": {
							"post": [0.9, -0.4, 1.25],
							"lerp_mode": "catmullrom"
						},
						"2.3": {
							"post": [1.46, -0.4, -0.15],
							"lerp_mode": "catmullrom"
						},
						"2.4": {
							"post": [1.15, -0.4, 0.625],
							"lerp_mode": "catmullrom"
						},
						"2.5": {
							"post": [1.23, -0.4, 0.425],
							"lerp_mode": "catmullrom"
						},
						"2.75": {
							"post": [-0.2, 0, -0.15],
							"lerp_mode": "catmullrom"
						},
						"2.8": {
							"post": [-0.04, 0, 0.42],
							"lerp_mode": "catmullrom"
						},
						"2.85": {
							"post": [0.125, 0, -0.075],
							"lerp_mode": "catmullrom"
						},
						"2.95": {
							"post": [0, 0, 0.07031],
							"lerp_mode": "catmullrom"
						},
						"3.05": {
							"post": [0, 0, 0],
							"lerp_mode": "catmullrom"
						}
					}
				}
			},
			"sound_effects": {
				"0.0": {
					"effect": "tacz:ak47/ak47_reload_raise_shoulder"
				},
				"0.35": {
					"effect": "tacz:ak47/ak47_reload_magout"
				},
				"0.9": {
					"effect": "tacz:ak47/ak47_reload_mvt"
				},
				"1.4": {
					"effect": "tacz:ak47/ak47_reload_magin"
				},
				"1.5": {
					"effect": "tacz:ak47/ak47_reload_mvt2"
				},
				"2.05": {
					"effect": "tacz:ak47/ak47_reload_shoulder"
				}
			}
		},
		"inspect": {
			"animation_length": 7.7,
			"bones": {
				"righthand": {
					"rotation": [100.03742, 4.92385, -179.12962],
					"position": [-6.8, -14.2, 7.4],
					"scale": [1, 1.5, 1]
				},
				"lefthand": {
					"rotation": {
						"0.0": [90.4533, -389.73135, -129.57361],
						"0.15": [108.12763, -408.44328, -187.84224],
						"0.3": [99.03115, -410.32616, -175.88398],
						"1.5": [99.03, -410.33, -175.88],
						"1.55": [100.84, -403.04, -181.84],
						"1.6": [103.46, -392.64, -190.33],
						"1.65": [106.31, -382.34, -198.62],
						"1.75": [115.56394, -355.23367, -219.6111],
						"1.85": [125.38208, -355.81641, -216.65153],
						"1.95": [123.85876, -356.5603, -214.79789],
						"2.05": [119.40098, -373.78197, -208.72665],
						"2.1": [111.80256, -366.89223, -195.46899],
						"2.25": [104.97284, -355.46758, -191.74261],
						"2.4": [110.05473, -355.63742, -191.11203],
						"2.75": [110.05473, -355.63742, -191.11203],
						"2.9": [108.49, -354.88, -191.9],
						"3.0": [109.1233, -358.76128, -180.52526],
						"4.0": [109.1233, -358.76128, -180.52526],
						"4.1": [115.79932, -356.8725, -209.45764],
						"4.75": [115.79932, -356.8725, -209.45764],
						"4.95": [111.59, -376.59, -161.53],
						"5.3": [69.4533, -389.73135, -129.57361],
						"7.2": [90.4533, -389.73135, -129.57361]
					},
					"position": {
						"0.0": [7.4, -11.7, -8.5],
						"0.15": [14.3, -27.8, -3.8],
						"0.3": [9.9, -45.2, 22.9],
						"1.5": [9.9, -45.2, 22.9],
						"1.55": [8.99, -36.38, 15.62],
						"1.6": [8.09, -27.57, 8.33],
						"1.65": [7.18, -18.75, 1.05],
						"1.75": [7.35, -13.5, 1.5],
						"1.95": [7.35, -13.5, 1.5],
						"2.05": [7.35, -13.975, 1.9],
						"2.25": [7.31, -13.92, 2.255],
						"2.9": [7.31, -13.92, 2.255],
						"3.0": [8.54, -13.78, 1.4],
						"4.0": [8.54, -13.78, 1.4],
						"4.1": [7.65, -14.1, 1.725],
						"4.75": [7.65, -14.1, 1.725],
						"4.9": [7.91, -15.06, -4.48],
						"5.3": [9.89, -11.21, -1.35],
						"5.45": [9.76, -11.27, 3.14],
						"5.8": [9.76, -11.27, 2.985],
						"5.9": [9.76, -11.27, 3.0625],
						"6.0": [9.76, -11.27, 2.945],
						"6.15": [9.76, -10.9575, 3.01],
						"6.25": [9.76, -11.37, 3.05],
						"6.3": [9.76, -11.27, 3.0775],
						"6.35": [9.76, -11.27, 3.2],
						"6.4": [9.76, -11.27, 3.14],
						"6.45": [9.34, -11.48, -1.04],
						"7.2": [7.4, -11.7, -8.5]
					},
					"scale": {
						"0.0": [1, 1.5, 1],
						"7.2": [1, 1.5, 1]
					}
				},
				"root": {
					"rotation": {
						"0.0": [0, 0, 0],
						"0.15": {
							"pre": [-3.95432, -0.35524, -7.5593],
							"post": [-3.95432, -0.35524, -7.5593],
							"lerp_mode": "catmullrom"
						},
						"0.3": {
							"post": [-18.77487, -14.73938, -42.6554],
							"lerp_mode": "catmullrom"
						},
						"0.45": {
							"post": [-21.52657, -15.87239, -40.05886],
							"lerp_mode": "catmullrom"
						},
						"0.6": {
							"post": [-20.25861, -16.23715, -41.02775],
							"lerp_mode": "catmullrom"
						},
						"0.9": {
							"post": [-20.53075, -15.90496, -40.04584],
							"lerp_mode": "catmullrom"
						},
						"1.05": {
							"post": [-20.31, -15.97, -40.25],
							"lerp_mode": "catmullrom"
						},
						"1.15": {
							"post": [-19.50129, -18.05893, -44.38906],
							"lerp_mode": "catmullrom"
						},
						"1.3": {
							"post": [-19.4, -17.79, -43.96],
							"lerp_mode": "catmullrom"
						},
						"1.5": {
							"post": [-19.4, -17.79, -43.96],
							"lerp_mode": "catmullrom"
						},
						"1.65": {
							"post": [-15.98698, -18.90273, -47.17888],
							"lerp_mode": "catmullrom"
						},
						"1.8": [-21.03635, -12.51673, -24.54773],
						"1.85": [-21.68509, -14.72379, -30.29289],
						"1.95": {
							"pre": [-23.93272, -16.03986, -33.0996],
							"post": [-23.93272, -16.03986, -33.0996],
							"lerp_mode": "catmullrom"
						},
						"2.0": {
							"post": [-23.93272, -16.03986, -33.0996],
							"lerp_mode": "catmullrom"
						},
						"2.05": {
							"post": [-23.81561, -18.75152, -38.32369],
							"lerp_mode": "catmullrom"
						},
						"2.15": {
							"post": [-26.69287, -14.89123, -34.22797],
							"lerp_mode": "catmullrom"
						},
						"2.25": {
							"post": [-25.15112, -14.84361, -35.22725],
							"lerp_mode": "catmullrom"
						},
						"2.4": {
							"post": [-25.65312, -11.93302, -33.22913],
							"lerp_mode": "catmullrom"
						},
						"2.6": {
							"post": [-26.01609, -11.05842, -29.41804],
							"lerp_mode": "catmullrom"
						},
						"2.9": {
							"post": [-26.01964, -11.08992, -32.35272],
							"lerp_mode": "catmullrom"
						},
						"3.35": {
							"post": [-26.1, -10.91, -32.005],
							"lerp_mode": "catmullrom"
						},
						"3.95": {
							"post": [-25.75645, -10.60384, -32.73238],
							"lerp_mode": "catmullrom"
						},
						"4.1": {
							"post": [-22.18, -10.23376, -28.68011],
							"lerp_mode": "catmullrom"
						},
						"4.25": {
							"post": [-21.84032, -16.35295, -42.43734],
							"lerp_mode": "catmullrom"
						},
						"4.4": {
							"post": [-23.01767, -14.58784, -39.21257],
							"lerp_mode": "catmullrom"
						},
						"4.5": {
							"post": [-25.01344, -14.55583, -37.22696],
							"lerp_mode": "catmullrom"
						},
						"4.55": {
							"post": [-20.36166, -9.80986, -25.96993],
							"lerp_mode": "catmullrom"
						},
						"4.6": {
							"post": [-19.37742, -12.97734, -35.75689],
							"lerp_mode": "catmullrom"
						},
						"4.65": {
							"post": [-22.53365, -10.5086, -29.93511],
							"lerp_mode": "catmullrom"
						},
						"4.75": {
							"post": [-22.35954, -11.69417, -32.98666],
							"lerp_mode": "catmullrom"
						},
						"4.9": {
							"post": [-24.36432, -1.6775, -11.65337],
							"lerp_mode": "catmullrom"
						},
						"5.05": {
							"post": [-23.46652, 12.24383, 43.25953],
							"lerp_mode": "catmullrom"
						},
						"5.1": {
							"post": [-25.38254, 14.43725, 52.36102],
							"lerp_mode": "catmullrom"
						},
						"5.25": {
							"post": [-29.00682, 14.71279, 56.6102],
							"lerp_mode": "catmullrom"
						},
						"5.35": {
							"post": [-29.89, 14.81, 57.05],
							"lerp_mode": "catmullrom"
						},
						"5.45": {
							"post": [-31.3227, 15.39962, 56.65147],
							"lerp_mode": "catmullrom"
						},
						"5.65": {
							"post": [-30.7885, 14.41418, 55.14586],
							"lerp_mode": "catmullrom"
						},
						"5.95": {
							"post": [-30.6349, 15.48634, 57.33607],
							"lerp_mode": "catmullrom"
						},
						"6.25": {
							"post": [-31.25052, 14.70508, 55.68418],
							"lerp_mode": "catmullrom"
						},
						"6.4": {
							"post": [-31.42, 14.31, 55.95],
							"lerp_mode": "catmullrom"
						},
						"6.45": {
							"post": [-32.27246, 11.64382, 51.59711],
							"lerp_mode": "catmullrom"
						},
						"6.6": {
							"post": [-33.57435, 5.33191, 38.61791],
							"lerp_mode": "catmullrom"
						},
						"6.65": {
							"post": [-33.55149, 4.73793, 39.59721],
							"lerp_mode": "catmullrom"
						},
						"6.7": {
							"post": [-33.05832, 2.24831, 33.01816],
							"lerp_mode": "catmullrom"
						},
						"6.85": {
							"post": [-26.67396, -0.07821, 27.51275],
							"lerp_mode": "catmullrom"
						},
						"6.95": {
							"post": [-11.69726, 0.58548, 26.88017],
							"lerp_mode": "catmullrom"
						},
						"7.1": {
							"post": [-4.92613, 0.4648, 9.54116],
							"lerp_mode": "catmullrom"
						},
						"7.2": {
							"post": [0, 0, -3],
							"lerp_mode": "catmullrom"
						},
						"7.25": [3.00046, -0.05235, 0.39954],
						"7.35": [0, 0, 1.64],
						"7.45": [0, 0, 0],
						"7.6": [0, 0, 0]
					},
					"position": {
						"0.0": [0, 0, 0],
						"0.15": {
							"pre": [-0.3, -0.65, 0],
							"post": [-0.3, -0.65, 0],
							"lerp_mode": "catmullrom"
						},
						"0.3": {
							"post": [-0.6, 0.8, -0.4],
							"lerp_mode": "catmullrom"
						},
						"0.4": {
							"post": [-0.6, 1.2, -0.3],
							"lerp_mode": "catmullrom"
						},
						"0.5": {
							"post": [-0.6, 1.185, -0.29],
							"lerp_mode": "catmullrom"
						},
						"0.7": {
							"post": [-0.6, 1.325, -0.3],
							"lerp_mode": "catmullrom"
						},
						"0.9": {
							"post": [-0.6, 1.455, -0.3],
							"lerp_mode": "catmullrom"
						},
						"1.15": {
							"post": [-0.6, 1.73, -0.3],
							"lerp_mode": "catmullrom"
						},
						"1.4": {
							"post": [-0.6, 1.73, -0.3],
							"lerp_mode": "catmullrom"
						},
						"1.5": {
							"post": [-0.6, 1.45, -0.3],
							"lerp_mode": "catmullrom"
						},
						"1.65": {
							"post": [-0.45, -1.39, 0.5],
							"lerp_mode": "catmullrom"
						},
						"1.8": {
							"post": [0.7, -0.8, 2.1],
							"lerp_mode": "catmullrom"
						},
						"1.85": {
							"post": [0.7, -0.9, 2.1],
							"lerp_mode": "catmullrom"
						},
						"1.95": {
							"post": [0.7, -0.7, 2.1],
							"lerp_mode": "catmullrom"
						},
						"2.0": {
							"post": [0.85, -0.7, 2.1],
							"lerp_mode": "catmullrom"
						},
						"2.05": {
							"post": [1, -0.7, 2.1],
							"lerp_mode": "catmullrom"
						},
						"2.1": {
							"post": [0.97, -0.91, 2.1],
							"lerp_mode": "catmullrom"
						},
						"2.2": {
							"post": [-0.05, -1.1, 2.1],
							"lerp_mode": "catmullrom"
						},
						"2.25": {
							"post": [-0.275, -1.4, 2.1],
							"lerp_mode": "catmullrom"
						},
						"2.35": {
							"post": [-0.2, -1.6, 2.1],
							"lerp_mode": "catmullrom"
						},
						"2.5": {
							"post": [-0.125, -1.5, 2.1],
							"lerp_mode": "catmullrom"
						},
						"2.85": {
							"post": [-0.4, -1.4, 2.1],
							"lerp_mode": "catmullrom"
						},
						"4.0": {
							"post": [-0.4, -1.5, 2.1],
							"lerp_mode": "catmullrom"
						},
						"4.15": {
							"post": [0.39, -0.92, 2.1],
							"lerp_mode": "catmullrom"
						},
						"4.25": {
							"post": [0.4, -0.7, 2.1],
							"lerp_mode": "catmullrom"
						},
						"4.35": {
							"post": [0.3, -0.6, 2.1],
							"lerp_mode": "catmullrom"
						},
						"4.45": {
							"post": [0.3, -0.5, 2.1],
							"lerp_mode": "catmullrom"
						},
						"4.5": {
							"post": [0.2, -0.5, 2.1],
							"lerp_mode": "catmullrom"
						},
						"4.6": [0.3, -0.8, 2.1],
						"4.75": {
							"pre": [0.3, -1.42969, 2.1],
							"post": [0.3, -1.42969, 2.1],
							"lerp_mode": "catmullrom"
						},
						"4.9": [0.7, -3.56016, 1.5],
						"5.05": [1.425, -3.76328, 0.64141],
						"5.2": {
							"pre": [1.87422, -3.19297, 0.30938],
							"post": [1.87422, -3.19297, 0.30938],
							"lerp_mode": "catmullrom"
						},
						"5.35": {
							"post": [2.02656, -3.34531, 0.68047],
							"lerp_mode": "catmullrom"
						},
						"5.45": {
							"post": [2.02656, -3.96641, 1.22516],
							"lerp_mode": "catmullrom"
						},
						"5.55": {
							"post": [1.9975, -4.26297, 1.14094],
							"lerp_mode": "catmullrom"
						},
						"5.8": {
							"post": [1.81, -4.12625, 1.26938],
							"lerp_mode": "catmullrom"
						},
						"6.15": {
							"post": [1.83, -3.89797, 1.35781],
							"lerp_mode": "catmullrom"
						},
						"6.4": {
							"post": [1.84, -3.84469, 1.24359],
							"lerp_mode": "catmullrom"
						},
						"6.45": {
							"post": [1.84, -4.38109, 1.23],
							"lerp_mode": "catmullrom"
						},
						"6.5": {
							"post": [1.84, -4.13719, 1.23359],
							"lerp_mode": "catmullrom"
						},
						"6.6": {
							"post": [1.84, -4.565, 1.23859],
							"lerp_mode": "catmullrom"
						},
						"6.65": {
							"post": [1.86, -5.83234, 1.23],
							"lerp_mode": "catmullrom"
						},
						"6.7": {
							"post": [1.88, -5.31109, 1.21],
							"lerp_mode": "catmullrom"
						},
						"6.8": {
							"post": [1.81, -5.70562, 0.44],
							"lerp_mode": "catmullrom"
						},
						"6.9": {
							"post": [1.6, -5.25031, -1.06],
							"lerp_mode": "catmullrom"
						},
						"7.0": {
							"post": [1.08, -4.20469, -4.00109],
							"lerp_mode": "catmullrom"
						},
						"7.1": {
							"post": [0.52, -1.23, -4.04109],
							"lerp_mode": "catmullrom"
						},
						"7.2": {
							"post": [0, -0.3, 0.95],
							"lerp_mode": "catmullrom"
						},
						"7.3": [0, 0.02, -0.14],
						"7.4": [0, 0.12, 0.08],
						"7.55": [0, 0, 0]
					}
				},
				"additional_magazine": {
					"scale": {
						"7.65": {
							"pre": [0, 0, 0],
							"post": [1, 1, 1]
						}
					}
				},
				"lefthand_and_mag": {
					"rotation": {
						"1.85": [0, 0, 0],
						"1.95": [-14.49878, -0.06978, -1.99878],
						"2.05": [-18.00078, -0.18928, -10.04084],
						"2.1": {
							"pre": [-30.21098, -4.88201, -35.06163],
							"post": [-30.21098, -4.88201, -35.06163],
							"lerp_mode": "catmullrom"
						},
						"2.2": {
							"post": [-15.17264, 2.84131, -37.15509],
							"lerp_mode": "catmullrom"
						},
						"2.3": {
							"post": [-14.91804, 6.51545, -35.03527],
							"lerp_mode": "catmullrom"
						},
						"2.45": {
							"post": [-15.1737, 8.07226, -29.196],
							"lerp_mode": "catmullrom"
						},
						"2.8": {
							"post": [-14.99245, 6.66867, -26.72066],
							"lerp_mode": "catmullrom"
						},
						"2.9": {
							"post": [-15.16384, 1.04881, -9.1727],
							"lerp_mode": "catmullrom"
						},
						"3.05": {
							"post": [5.57279, 13.80254, 51.68818],
							"lerp_mode": "catmullrom"
						},
						"3.15": {
							"post": [12.39392, 23.87067, 73.5731],
							"lerp_mode": "catmullrom"
						},
						"3.3": {
							"post": [10.62198, 24.66829, 69.27027],
							"lerp_mode": "catmullrom"
						},
						"3.4": {
							"post": [10.16633, 24.85041, 68.18683],
							"lerp_mode": "catmullrom"
						},
						"3.5": {
							"post": [9.71201, 25.02264, 67.10375],
							"lerp_mode": "catmullrom"
						},
						"3.85": [10.8, 25.61, 67.345],
						"3.95": [11.07064, 24.47878, 61.87432],
						"4.05": {
							"pre": [11.4566, 9.13844, -19.76362],
							"post": [11.4566, 9.13844, -19.76362],
							"lerp_mode": "catmullrom"
						},
						"4.15": [27.02932, 7.27156, -34.76939],
						"4.2": [-9.91205, 0, -26.17873],
						"4.3": [-16.50045, 0, -13.72416],
						"4.35": [-26, 0, 0],
						"4.4": [-24.5, 0, 0],
						"4.45": [-22.5, 0, 0],
						"4.5": [-25.25, 0, 0],
						"4.55": [0, 0, 0]
					},
					"position": {
						"1.85": [0, 0, 0],
						"1.95": [0, -0.3, -2.1],
						"2.05": [0.3, -0.6, -2.6],
						"2.1": {
							"pre": [1.4, -6.7, -5.4],
							"post": [1.4, -6.7, -5.4],
							"lerp_mode": "catmullrom"
						},
						"2.2": {
							"post": [2.60106, -7.37564, -1.50788],
							"lerp_mode": "catmullrom"
						},
						"2.35": {
							"post": [4.19814, -4.01898, 1.38632],
							"lerp_mode": "catmullrom"
						},
						"2.45": {
							"post": [4.90996, -1.98517, 2.02353],
							"lerp_mode": "catmullrom"
						},
						"2.6": {
							"post": [5.13462, -1.70756, 1.84998],
							"lerp_mode": "catmullrom"
						},
						"2.8": {
							"post": [4.95, -2.2, 1.9],
							"lerp_mode": "catmullrom"
						},
						"2.9": {
							"post": [4.75, -2.2, 2.4],
							"lerp_mode": "catmullrom"
						},
						"2.95": {
							"post": [5.46, -2.73, 2.16],
							"lerp_mode": "catmullrom"
						},
						"3.05": {
							"post": [8.15, -4.1, 1.3],
							"lerp_mode": "catmullrom"
						},
						"3.15": {
							"post": [8.55, -4.9, 0.1],
							"lerp_mode": "catmullrom"
						},
						"3.3": {
							"post": [8.45, -4.6, 0.2],
							"lerp_mode": "catmullrom"
						},
						"3.4": {
							"post": [8.35, -4.6, 0.2],
							"lerp_mode": "catmullrom"
						},
						"3.5": {
							"post": [8.35, -4.6, 0.2],
							"lerp_mode": "catmullrom"
						},
						"3.85": [8.165, -4.55, -0.05],
						"3.95": [7.675, -4.7, 0],
						"4.05": {
							"pre": [0.97, -6.63, 1.31],
							"post": [0.97, -6.63, 1.31],
							"lerp_mode": "catmullrom"
						},
						"4.15": [1.1, -4.8, -0.1],
						"4.2": [1.1, -2, -2.1],
						"4.3": [0.4, -1, -2.4],
						"4.35": [0.1, -1, -2.5],
						"4.4": [0.1, -1, -2.7],
						"4.45": [0.1, -1, -2.7],
						"4.5": [0.05, -0.5, -3.25],
						"4.55": [0, 0, 0]
					}
				},
				"magrelease": {
					"rotation": {
						"1.7": [0, 0, 0],
						"1.75": [-20, 0, 0],
						"2.2": [-20, 0, 0],
						"2.25": [0, 0, 0],
						"4.5": [0, 0, 0],
						"4.55": [-20, 0, 0],
						"4.65": [0, 0, 0]
					}
				},
				"bullet_in_barrel": {
					"position": {
						"5.3": [0, 0.075, 0],
						"5.5": {
							"pre": [0, 0.075, 2],
							"post": [0, 0.075, 2],
							"lerp_mode": "catmullrom"
						},
						"5.65": {
							"post": [0, 0.075, 2.25],
							"lerp_mode": "catmullrom"
						},
						"5.9": {
							"post": [0, 0.075, 2.17],
							"lerp_mode": "catmullrom"
						},
						"6.15": [0, 0.075, 2.19938],
						"6.4": [0, 0.075, 2],
						"6.45": {
							"pre": [0, 0.075, 0],
							"post": [0, 0.075, 0],
							"lerp_mode": "catmullrom"
						}
					}
				},
				"bolt": {
					"position": {
						"5.35": [0, 0, 0],
						"5.5": {
							"pre": [0, 0, 2],
							"post": [0, 0, 2],
							"lerp_mode": "catmullrom"
						},
						"5.65": {
							"post": [0, 0, 2.25],
							"lerp_mode": "catmullrom"
						},
						"5.9": {
							"post": [0, 0, 2.17],
							"lerp_mode": "catmullrom"
						},
						"6.15": [0, 0, 2.19938],
						"6.4": [0, 0, 2],
						"6.45": {
							"pre": [0, 0, 0],
							"post": [0, 0, 0],
							"lerp_mode": "catmullrom"
						}
					}
				},
				"camera": {
					"rotation": {
						"0.0": {
							"post": [0, 0, 0],
							"lerp_mode": "catmullrom"
						},
						"0.15": {
							"post": [1.72, 0.5, -0.45],
							"lerp_mode": "catmullrom"
						},
						"0.35": {
							"post": [3.175, 0.8, -1.1],
							"lerp_mode": "catmullrom"
						},
						"0.55": {
							"post": [3.125, 0.8, -1.1],
							"lerp_mode": "catmullrom"
						},
						"0.75": {
							"post": [3.585, 0.8, -1.1],
							"lerp_mode": "catmullrom"
						},
						"1.0": {
							"post": [5.295, 1.625, -1.55],
							"lerp_mode": "catmullrom"
						},
						"1.15": {
							"post": [7.335, 2.7, -1.55],
							"lerp_mode": "catmullrom"
						},
						"1.4": {
							"post": [8.425, 3.1, -1.55],
							"lerp_mode": "catmullrom"
						},
						"1.7": {
							"post": [2.7, 1.7, -1.55],
							"lerp_mode": "catmullrom"
						},
						"1.85": {
							"post": [0.9, 0.8, -1.1],
							"lerp_mode": "catmullrom"
						},
						"2.05": {
							"post": [1, 0.5, -1.1],
							"lerp_mode": "catmullrom"
						},
						"2.1": {
							"post": [1.5, -0.3, 1.2],
							"lerp_mode": "catmullrom"
						},
						"2.2": {
							"post": [0.7, -0.5, -2.95],
							"lerp_mode": "catmullrom"
						},
						"2.3": {
							"post": [0.9, -0.8, -1.1],
							"lerp_mode": "catmullrom"
						},
						"2.5": {
							"post": [2.3, -1.6, -1.55],
							"lerp_mode": "catmullrom"
						},
						"2.7": {
							"post": [3, -2, -1.55],
							"lerp_mode": "catmullrom"
						},
						"2.9": {
							"post": [3.09, -2, -1.55],
							"lerp_mode": "catmullrom"
						},
						"3.15": {
							"post": [3.2, -4.1, -2.125],
							"lerp_mode": "catmullrom"
						},
						"3.4": {
							"post": [3.11, -4.8, -2.125],
							"lerp_mode": "catmullrom"
						},
						"3.7": {
							"post": [3, -4.8, -2.125],
							"lerp_mode": "catmullrom"
						},
						"4.0": {
							"post": [2.6, -4.5, -2.125],
							"lerp_mode": "catmullrom"
						},
						"4.25": {
							"post": [0.8, 0.2, -2],
							"lerp_mode": "catmullrom"
						},
						"4.5": {
							"post": [0.4, 0.8, -1.55],
							"lerp_mode": "catmullrom"
						},
						"4.55": {
							"post": [1.5, 0.8, 0.02344],
							"lerp_mode": "catmullrom"
						},
						"4.65": {
							"post": [0.7, 0.8, -2.32578],
							"lerp_mode": "catmullrom"
						},
						"4.75": {
							"post": [1.1, 0.8, -1.2],
							"lerp_mode": "catmullrom"
						},
						"4.9": {
							"post": [1.3, 0, -1.55],
							"lerp_mode": "catmullrom"
						},
						"5.1": {
							"post": [3.1, -0.4, -1.55],
							"lerp_mode": "catmullrom"
						},
						"5.35": {
							"post": [3.5, -0.5, -1.55],
							"lerp_mode": "catmullrom"
						},
						"5.45": {
							"post": [4.71, -0.5, -1.52],
							"lerp_mode": "catmullrom"
						},
						"5.6": {
							"post": [3.79, -0.49, -1.47],
							"lerp_mode": "catmullrom"
						},
						"5.85": {
							"post": [4.22, -0.46, -1.35],
							"lerp_mode": "catmullrom"
						},
						"6.3": {
							"post": [3.85, -0.4, -1.1],
							"lerp_mode": "catmullrom"
						},
						"6.4": {
							"post": [3.27031, -0.41, -1.06],
							"lerp_mode": "catmullrom"
						},
						"6.45": {
							"post": [3.72688, -0.42, -0.43672],
							"lerp_mode": "catmullrom"
						},
						"6.55": {
							"post": [2.48891, -0.43, -1.10766],
							"lerp_mode": "catmullrom"
						},
						"6.6": {
							"post": [2.37781, -0.43, -0.99],
							"lerp_mode": "catmullrom"
						},
						"6.65": {
							"post": [3.26875, -0.4, -1.025],
							"lerp_mode": "catmullrom"
						},
						"6.7": {
							"post": [2.08391, -0.42, -0.26672],
							"lerp_mode": "catmullrom"
						},
						"6.75": {
							"post": [1.65266, -0.44609, -1.79547],
							"lerp_mode": "catmullrom"
						},
						"6.85": {
							"post": [2.54953, -0.40234, -0.88672],
							"lerp_mode": "catmullrom"
						},
						"6.95": {
							"post": [2.92234, -0.25734, 0.51859],
							"lerp_mode": "catmullrom"
						},
						"7.05": {
							"post": [1.97109, -0.1775, 0.57359],
							"lerp_mode": "catmullrom"
						},
						"7.15": {
							"post": [0.03, 0, 0],
							"lerp_mode": "catmullrom"
						},
						"7.2": {
							"post": [-0.15, 0, 1.6],
							"lerp_mode": "catmullrom"
						},
						"7.3": {
							"post": [0.05, 0, -0.63984],
							"lerp_mode": "catmullrom"
						},
						"7.45": {
							"post": [0, 0, 0.09375],
							"lerp_mode": "catmullrom"
						},
						"7.7": {
							"post": [0, 0, 0],
							"lerp_mode": "catmullrom"
						}
					}
				},
				"bullet": {
					"scale": {
						"0.0": [0, 0, 0],
						"7.35": {
							"pre": [0, 0, 0],
							"post": [1, 1, 1]
						}
					}
				},
				"pullhandle": {
					"position": {
						"5.3": [0, 0, 0],
						"5.5": [0, 0, 4],
						"6.4": [0, 0, 4],
						"6.45": [0, 0, 0]
					}
				},
				"constraint": {
					"rotation": [1.2, 1.2, 1.2],
					"position": [0.1, 0.5, 1]
				}
			},
			"sound_effects": {
				"0.0": {
					"effect": "tacz:ak47/ak47_inspect_up"
				},
				"1.65": {
					"effect": "tacz:ak47/ak47_inspect_raise_grab"
				},
				"1.75": {
					"effect": "tacz:ak47/ak47_inspect_magout"
				},
				"2.6": {
					"effect": "tacz:ak47/ak47_inspect_mvt"
				},
				"4.05": {
					"effect": "tacz:ak47/ak47_inspect_magbump"
				},
				"4.4": {
					"effect": "tacz:ak47/ak47_inspect_magin"
				},
				"4.7": {
					"effect": "tacz:ak47/ak47_inspect_turn"
				},
				"5.15": {
					"effect": "tacz:ak47/ak47_inspect_pull"
				},
				"6.25": {
					"effect": "tacz:ak47/ak47_inspect_magbump"
				},
				"6.3": {
					"effect": "tacz:ak47/ak47_inspect_release"
				},
				"6.65": {
					"effect": "tacz:ak47/ak47_inspect_hit"
				},
				"6.9": {
					"effect": "tacz:ak47/ak47_inspect_over"
				}
			}
		},
		"inspect_empty": {
			"animation_length": 8.15,
			"bones": {
				"righthand": {
					"rotation": [100.03742, 4.92385, -179.12962],
					"position": {
						"0.0": [-6.8, -14.2, 7.4],
						"4.9": {
							"pre": [-6.8, -14.2, 7.51],
							"post": [-6.8, -14.2, 7.51],
							"lerp_mode": "catmullrom"
						},
						"4.95": {
							"post": [-7.8, -14.2, 7.16],
							"lerp_mode": "catmullrom"
						},
						"5.0": {
							"post": [-8.6, -14.2, 6.81],
							"lerp_mode": "catmullrom"
						},
						"5.05": {
							"post": [-8.15, -15.2, 6.46],
							"lerp_mode": "catmullrom"
						},
						"5.1": {
							"post": [-7.7, -14.87, 5.11],
							"lerp_mode": "catmullrom"
						},
						"5.2": {
							"post": [-6.8, -14.2, 5.4],
							"lerp_mode": "catmullrom"
						},
						"6.75": {
							"post": [-6.8, -14.2, 5.4],
							"lerp_mode": "catmullrom"
						},
						"6.9": {
							"post": [-7.8, -14.7, 6.07],
							"lerp_mode": "catmullrom"
						},
						"7.0": {
							"post": [-6.8, -14.2, 7.4],
							"lerp_mode": "catmullrom"
						}
					},
					"scale": [1, 1.5, 1]
				},
				"lefthand": {
					"rotation": {
						"0.0": [90.4533, -389.73135, -129.57361],
						"0.15": [108.12763, -408.44328, -187.84224],
						"0.3": [99.03115, -410.32616, -175.88398],
						"1.5": [99.03, -410.33, -175.88],
						"1.65": {
							"pre": [106.30663, -382.34318, -198.62383],
							"post": [106.30663, -382.34318, -198.62383],
							"lerp_mode": "catmullrom"
						},
						"1.75": [115.56394, -355.23367, -219.6111],
						"1.85": [125.38208, -355.81641, -216.65153],
						"1.95": [123.85876, -356.5603, -214.79789],
						"2.05": [119.40098, -373.78197, -208.72665],
						"2.1": [111.80256, -366.89223, -195.46899],
						"2.25": [104.97284, -355.46758, -191.74261],
						"2.4": [110.05473, -355.63742, -191.11203],
						"2.75": [110.05473, -355.63742, -191.11203],
						"2.9": [108.49, -354.88, -191.9],
						"3.0": [109.1233, -358.76128, -180.52526],
						"4.0": [109.1233, -358.76128, -180.52526],
						"4.1": [115.79932, -356.8725, -209.45764],
						"4.75": [115.79932, -356.8725, -209.45764],
						"4.95": [111.59, -376.59, -161.53],
						"5.05": [72.4533, -389.73135, -129.57361],
						"5.3": [69.4533, -389.73135, -129.57361],
						"7.4": [71.4533, -389.73135, -129.57361],
						"7.55": [90.4533, -389.73135, -129.57361]
					},
					"position": {
						"0.0": [7.4, -11.7, -8.5],
						"0.15": [14.3, -27.8, -3.8],
						"0.3": [9.9, -45.2, 22.9],
						"1.5": [9.9, -45.2, 22.9],
						"1.65": [7.18, -18.75, 1.05],
						"1.75": [7.35, -13.5, 3.5],
						"1.95": [7.35, -13.5, 1.5],
						"2.05": [7.35, -13.975, 1.9],
						"2.25": [7.31, -13.92, 2.255],
						"2.9": [7.31, -13.92, 2.255],
						"3.0": [8.54, -13.78, 1.4],
						"4.0": [8.54, -13.78, 1.4],
						"4.1": [7.65, -14.1, 1.725],
						"4.75": [8.54, -13.78, 3.4],
						"4.9": [7.91, -12.06, 1.52],
						"5.05": [10.1, -11.1, -0.5],
						"5.3": [9.89, -11.21, -1.35],
						"5.45": [9.76, -11.27, 5.14],
						"5.5": [9.72, -11.29, -1.13],
						"5.75": [9.51, -11.4, -2.1],
						"5.9": [9.38, -11.46, 5.32],
						"5.95": [9.34, -11.48, -1.04],
						"6.2": [9.13, -11.59, -2.33],
						"6.25": [9.09, -11.61, 5.41],
						"7.0": [9.13, -11.59, 4.67],
						"7.05": [9.89, -11.21, -1.35],
						"7.4": [8.1, -12.1, -8.5],
						"7.55": [7.4, -11.7, -8.5]
					},
					"scale": [1, 1.5, 1]
				},
				"root": {
					"rotation": {
						"0.0": [0, 0, 0],
						"0.15": {
							"pre": [-3.95432, -0.35524, -7.5593],
							"post": [-3.95432, -0.35524, -7.5593],
							"lerp_mode": "catmullrom"
						},
						"0.3": {
							"post": [-18.77487, -14.73938, -42.6554],
							"lerp_mode": "catmullrom"
						},
						"0.45": {
							"post": [-21.52657, -15.87239, -40.05886],
							"lerp_mode": "catmullrom"
						},
						"0.6": {
							"post": [-20.25861, -16.23715, -41.02775],
							"lerp_mode": "catmullrom"
						},
						"0.9": {
							"post": [-20.53075, -15.90496, -40.04584],
							"lerp_mode": "catmullrom"
						},
						"1.05": {
							"post": [-20.31, -15.97, -40.25],
							"lerp_mode": "catmullrom"
						},
						"1.15": {
							"post": [-19.50129, -18.05893, -44.38906],
							"lerp_mode": "catmullrom"
						},
						"1.3": {
							"post": [-19.4, -17.79, -43.96],
							"lerp_mode": "catmullrom"
						},
						"1.5": {
							"post": [-19.4, -17.79, -43.96],
							"lerp_mode": "catmullrom"
						},
						"1.65": {
							"post": [-15.98698, -18.90273, -47.17888],
							"lerp_mode": "catmullrom"
						},
						"1.8": [-21.03635, -12.51673, -24.54773],
						"1.85": [-21.68509, -14.72379, -30.29289],
						"1.95": {
							"pre": [-23.93272, -16.03986, -33.0996],
							"post": [-23.93272, -16.03986, -33.0996],
							"lerp_mode": "catmullrom"
						},
						"2.0": {
							"post": [-23.93272, -16.03986, -33.0996],
							"lerp_mode": "catmullrom"
						},
						"2.05": {
							"post": [-23.81561, -18.75152, -38.32369],
							"lerp_mode": "catmullrom"
						},
						"2.15": {
							"post": [-26.69287, -14.89123, -34.22797],
							"lerp_mode": "catmullrom"
						},
						"2.25": {
							"post": [-25.15112, -14.84361, -35.22725],
							"lerp_mode": "catmullrom"
						},
						"2.4": {
							"post": [-25.65312, -11.93302, -33.22913],
							"lerp_mode": "catmullrom"
						},
						"2.6": {
							"post": [-26.01609, -11.05842, -29.41804],
							"lerp_mode": "catmullrom"
						},
						"2.9": {
							"post": [-26.01964, -11.08992, -32.35272],
							"lerp_mode": "catmullrom"
						},
						"3.35": {
							"post": [-26.1, -10.91, -32.005],
							"lerp_mode": "catmullrom"
						},
						"3.95": {
							"post": [-25.75645, -10.60384, -32.73238],
							"lerp_mode": "catmullrom"
						},
						"4.1": {
							"post": [-22.18, -10.23376, -28.68011],
							"lerp_mode": "catmullrom"
						},
						"4.25": {
							"post": [-21.84032, -16.35295, -42.43734],
							"lerp_mode": "catmullrom"
						},
						"4.4": {
							"post": [-23.01767, -14.58784, -39.21257],
							"lerp_mode": "catmullrom"
						},
						"4.5": {
							"post": [-25.01344, -14.55583, -37.22696],
							"lerp_mode": "catmullrom"
						},
						"4.55": {
							"post": [-20.36166, -9.80986, -25.96993],
							"lerp_mode": "catmullrom"
						},
						"4.6": {
							"post": [-19.37742, -12.97734, -35.75689],
							"lerp_mode": "catmullrom"
						},
						"4.65": {
							"post": [-22.53365, -10.5086, -29.93511],
							"lerp_mode": "catmullrom"
						},
						"4.75": {
							"post": [-22.35954, -11.69417, -32.98666],
							"lerp_mode": "catmullrom"
						},
						"4.9": {
							"post": [-24.36432, -1.6775, -11.65337],
							"lerp_mode": "catmullrom"
						},
						"5.05": {
							"post": [-30.82396, 5.89931, 29.90214],
							"lerp_mode": "catmullrom"
						},
						"5.25": {
							"post": [-29.00682, 14.71279, 56.6102],
							"lerp_mode": "catmullrom"
						},
						"5.35": {
							"post": [-30.4, 15.1, 56.95],
							"lerp_mode": "catmullrom"
						},
						"5.45": {
							"post": [-32.15386, 16.10981, 56.10868],
							"lerp_mode": "catmullrom"
						},
						"5.55": {
							"post": [-31.17, 15.45922, 55.32031],
							"lerp_mode": "catmullrom"
						},
						"5.6": {
							"post": [-30.61444, 15.19513, 56.34767],
							"lerp_mode": "catmullrom"
						},
						"5.7": {
							"post": [-30.7885, 13.53527, 54.71617],
							"lerp_mode": "catmullrom"
						},
						"5.9": {
							"post": [-31.18538, 14.3728, 55.0601],
							"lerp_mode": "catmullrom"
						},
						"5.95": {
							"post": [-31.59402, 13.3132, 53.29907],
							"lerp_mode": "catmullrom"
						},
						"6.05": {
							"post": [-30.98, 15.86484, 56.56922],
							"lerp_mode": "catmullrom"
						},
						"6.2": {
							"post": [-31.14, 14.87531, 56.16922],
							"lerp_mode": "catmullrom"
						},
						"6.25": {
							"post": [-33.28804, 14.46676, 53.2836],
							"lerp_mode": "catmullrom"
						},
						"6.35": {
							"post": [-32.19121, 16.7447, 57.18099],
							"lerp_mode": "catmullrom"
						},
						"6.5": {
							"post": [-32.30569, 15.26776, 55.5787],
							"lerp_mode": "catmullrom"
						},
						"6.7": {
							"post": [-32.40064, 14.88483, 55.71537],
							"lerp_mode": "catmullrom"
						},
						"7.05": {
							"post": [-31.42, 14.31, 55.95],
							"lerp_mode": "catmullrom"
						},
						"7.1": {
							"post": [-32.46753, 10.07345, 50.50098],
							"lerp_mode": "catmullrom"
						},
						"7.3": {
							"post": [-26.67396, -0.07821, 27.51275],
							"lerp_mode": "catmullrom"
						},
						"7.4": {
							"post": [-11.69726, 0.58548, 26.88017],
							"lerp_mode": "catmullrom"
						},
						"7.55": {
							"post": [-4.92613, 0.4648, 9.54116],
							"lerp_mode": "catmullrom"
						},
						"7.65": {
							"post": [0, 0, -3],
							"lerp_mode": "catmullrom"
						},
						"7.7": [3.00046, -0.05235, 0.39954],
						"7.8": [0, 0, 1.64],
						"7.9": [0, 0, 0],
						"8.05": [0, 0, 0]
					},
					"position": {
						"0.0": [0, 0, 0],
						"0.15": {
							"pre": [-0.3, -0.65, 0],
							"post": [-0.3, -0.65, 0],
							"lerp_mode": "catmullrom"
						},
						"0.3": {
							"post": [-0.6, 0.8, -0.4],
							"lerp_mode": "catmullrom"
						},
						"0.4": {
							"post": [-0.6, 1.2, -0.3],
							"lerp_mode": "catmullrom"
						},
						"0.5": {
							"post": [-0.6, 1.185, -0.29],
							"lerp_mode": "catmullrom"
						},
						"0.7": {
							"post": [-0.6, 1.325, -0.3],
							"lerp_mode": "catmullrom"
						},
						"0.9": {
							"post": [-0.6, 1.455, -0.3],
							"lerp_mode": "catmullrom"
						},
						"1.15": {
							"post": [-0.6, 1.73, -0.3],
							"lerp_mode": "catmullrom"
						},
						"1.4": {
							"post": [-0.6, 1.73, -0.3],
							"lerp_mode": "catmullrom"
						},
						"1.5": {
							"post": [-0.6, 1.45, -0.3],
							"lerp_mode": "catmullrom"
						},
						"1.65": {
							"post": [-0.45, -1.39, 0.5],
							"lerp_mode": "catmullrom"
						},
						"1.8": {
							"post": [0.7, -0.8, 2.1],
							"lerp_mode": "catmullrom"
						},
						"1.85": {
							"post": [0.7, -0.9, 2.1],
							"lerp_mode": "catmullrom"
						},
						"1.95": {
							"post": [0.7, -0.7, 2.1],
							"lerp_mode": "catmullrom"
						},
						"2.0": {
							"post": [0.85, -0.7, 2.1],
							"lerp_mode": "catmullrom"
						},
						"2.05": {
							"post": [1, -0.7, 2.1],
							"lerp_mode": "catmullrom"
						},
						"2.1": {
							"post": [0.97, -0.91, 2.1],
							"lerp_mode": "catmullrom"
						},
						"2.2": {
							"post": [-0.05, -1.1, 2.1],
							"lerp_mode": "catmullrom"
						},
						"2.25": {
							"post": [-0.275, -1.4, 2.1],
							"lerp_mode": "catmullrom"
						},
						"2.35": {
							"post": [-0.2, -1.6, 2.1],
							"lerp_mode": "catmullrom"
						},
						"2.5": {
							"post": [-0.125, -1.5, 2.1],
							"lerp_mode": "catmullrom"
						},
						"2.85": {
							"post": [-0.4, -1.4, 2.1],
							"lerp_mode": "catmullrom"
						},
						"4.0": {
							"post": [-0.4, -1.5, 2.1],
							"lerp_mode": "catmullrom"
						},
						"4.15": {
							"post": [0.39, -0.92, 2.1],
							"lerp_mode": "catmullrom"
						},
						"4.25": {
							"post": [0.4, -0.7, 2.1],
							"lerp_mode": "catmullrom"
						},
						"4.35": {
							"post": [0.3, -0.6, 2.1],
							"lerp_mode": "catmullrom"
						},
						"4.45": {
							"post": [0.3, -0.5, 2.1],
							"lerp_mode": "catmullrom"
						},
						"4.5": {
							"post": [0.2, -0.5, 2.1],
							"lerp_mode": "catmullrom"
						},
						"4.6": [0.3, -0.8, 2.1],
						"4.75": {
							"pre": [0.3, -1.42969, 2.1],
							"post": [0.3, -1.42969, 2.1],
							"lerp_mode": "catmullrom"
						},
						"4.9": [0.7, -3.56016, 1.5],
						"5.05": [1.425, -3.76328, 0.11641],
						"5.2": {
							"pre": [1.87422, -3.46641, 0.30938],
							"post": [1.87422, -3.46641, 0.30938],
							"lerp_mode": "catmullrom"
						},
						"5.35": {
							"post": [2.02656, -3.73593, 0.29375],
							"lerp_mode": "catmullrom"
						},
						"5.4": {
							"post": [2.04, -4.12656, 0.43703],
							"lerp_mode": "catmullrom"
						},
						"5.45": {
							"post": [2.02656, -4.3375, 0.48688],
							"lerp_mode": "catmullrom"
						},
						"5.55": {
							"post": [2.38422, -4.2825, 0.52766],
							"lerp_mode": "catmullrom"
						},
						"5.65": {
							"post": [2.24734, -4.15062, 0.72422],
							"lerp_mode": "catmullrom"
						},
						"5.75": {
							"post": [1.95, -4.37156, 0.96],
							"lerp_mode": "catmullrom"
						},
						"5.8": {
							"post": [1.94281, -4.6614, 1.05454],
							"lerp_mode": "catmullrom"
						},
						"5.9": {
							"post": [1.71328, -4.86266, 1.07],
							"lerp_mode": "catmullrom"
						},
						"5.95": {
							"post": [1.87532, -4.71094, 0.99453],
							"lerp_mode": "catmullrom"
						},
						"6.05": {
							"post": [1.89, -4.67844, 0.98],
							"lerp_mode": "catmullrom"
						},
						"6.2": {
							"post": [1.74, -4.36, 1.39],
							"lerp_mode": "catmullrom"
						},
						"6.25": {
							"post": [1.78078, -4.6636, 1.36],
							"lerp_mode": "catmullrom"
						},
						"6.35": {
							"post": [1.82, -4.31891, 1.28],
							"lerp_mode": "catmullrom"
						},
						"6.5": {
							"post": [1.70516, -4.28953, 1.2],
							"lerp_mode": "catmullrom"
						},
						"6.85": {
							"post": [1.78, -3.98547, 1.23],
							"lerp_mode": "catmullrom"
						},
						"7.05": {
							"post": [1.84, -3.84469, 1.24359],
							"lerp_mode": "catmullrom"
						},
						"7.1": {
							"post": [1.84, -4.38109, 1.23],
							"lerp_mode": "catmullrom"
						},
						"7.15": {
							"post": [1.84, -4.13719, 1.23359],
							"lerp_mode": "catmullrom"
						},
						"7.25": {
							"post": [1.81, -5.70562, 0.44],
							"lerp_mode": "catmullrom"
						},
						"7.35": {
							"post": [1.6, -5.25031, -1.06],
							"lerp_mode": "catmullrom"
						},
						"7.45": {
							"post": [1.08, -4.20469, -4.00109],
							"lerp_mode": "catmullrom"
						},
						"7.55": {
							"post": [0.52, -1.23, -4.04109],
							"lerp_mode": "catmullrom"
						},
						"7.65": {
							"post": [0, -0.3, 0.95],
							"lerp_mode": "catmullrom"
						},
						"7.75": [0, 0.02, -0.14],
						"7.85": [0, 0.12, 0.08],
						"8.0": [0, 0, 0]
					}
				},
				"additional_magazine": {
					"scale": {
						"0.0": [0, 0, 0],
						"2.2": [0, 0, 0],
						"7.3": [0, 0, 0],
						"8.05": {
							"pre": [0, 0, 0],
							"post": [1, 1, 1]
						}
					}
				},
				"lefthand_and_mag": {
					"rotation": {
						"1.85": [0, 0, 0],
						"1.95": [-14.49878, -0.06978, -1.99878],
						"2.05": [-18.00078, -0.18928, -10.04084],
						"2.1": {
							"pre": [-30.21098, -4.88201, -35.06163],
							"post": [-30.21098, -4.88201, -35.06163],
							"lerp_mode": "catmullrom"
						},
						"2.2": {
							"post": [-15.17264, 2.84131, -37.15509],
							"lerp_mode": "catmullrom"
						},
						"2.3": {
							"post": [-14.91804, 6.51545, -35.03527],
							"lerp_mode": "catmullrom"
						},
						"2.45": {
							"post": [-15.1737, 8.07226, -29.196],
							"lerp_mode": "catmullrom"
						},
						"2.8": {
							"post": [-14.99245, 6.66867, -26.72066],
							"lerp_mode": "catmullrom"
						},
						"2.9": {
							"post": [-15.16384, 1.04881, -9.1727],
							"lerp_mode": "catmullrom"
						},
						"3.05": {
							"post": [5.57279, 13.80254, 51.68818],
							"lerp_mode": "catmullrom"
						},
						"3.15": {
							"post": [12.39392, 23.87067, 73.5731],
							"lerp_mode": "catmullrom"
						},
						"3.3": {
							"post": [10.62198, 24.66829, 69.27027],
							"lerp_mode": "catmullrom"
						},
						"3.4": {
							"post": [10.16633, 24.85041, 68.18683],
							"lerp_mode": "catmullrom"
						},
						"3.5": {
							"post": [9.71201, 25.02264, 67.10375],
							"lerp_mode": "catmullrom"
						},
						"3.85": [10.8, 25.61, 67.345],
						"3.95": [11.07064, 24.47878, 61.87432],
						"4.05": {
							"pre": [11.4566, 9.13844, -19.76362],
							"post": [11.4566, 9.13844, -19.76362],
							"lerp_mode": "catmullrom"
						},
						"4.15": [27.02932, 7.27156, -34.76939],
						"4.2": [-9.91205, 0, -26.17873],
						"4.3": [-16.50045, 0, -13.72416],
						"4.35": [-26, 0, 0],
						"4.4": [-24.5, 0, 0],
						"4.45": [-22.5, 0, 0],
						"4.5": [-25.25, 0, 0],
						"4.55": [0, 0, 0]
					},
					"position": {
						"1.85": [0, 0, 0],
						"1.95": [0, -0.3, -0.1],
						"2.05": [0.3, -0.6, -0.6],
						"2.1": {
							"pre": [1.4, -6.7, -5.4],
							"post": [1.4, -6.7, -5.4],
							"lerp_mode": "catmullrom"
						},
						"2.2": {
							"post": [2.60106, -7.37564, -1.50788],
							"lerp_mode": "catmullrom"
						},
						"2.35": {
							"post": [4.19814, -4.01898, 1.38632],
							"lerp_mode": "catmullrom"
						},
						"2.45": {
							"post": [4.90996, -1.98517, 2.02353],
							"lerp_mode": "catmullrom"
						},
						"2.6": {
							"post": [5.13462, -1.70756, 1.84998],
							"lerp_mode": "catmullrom"
						},
						"2.8": {
							"post": [4.95, -2.2, 1.9],
							"lerp_mode": "catmullrom"
						},
						"2.9": {
							"post": [4.75, -2.2, 2.4],
							"lerp_mode": "catmullrom"
						},
						"2.95": {
							"post": [5.46, -2.73, 2.16],
							"lerp_mode": "catmullrom"
						},
						"3.05": {
							"post": [8.15, -4.1, 1.3],
							"lerp_mode": "catmullrom"
						},
						"3.15": {
							"post": [8.55, -4.9, 0.1],
							"lerp_mode": "catmullrom"
						},
						"3.3": {
							"post": [8.45, -4.6, 0.2],
							"lerp_mode": "catmullrom"
						},
						"3.4": {
							"post": [8.35, -4.6, 0.2],
							"lerp_mode": "catmullrom"
						},
						"3.5": {
							"post": [8.35, -4.6, 0.2],
							"lerp_mode": "catmullrom"
						},
						"3.85": [8.165, -4.55, -0.05],
						"3.95": [7.675, -4.7, 0],
						"4.05": {
							"pre": [0.97, -6.63, 1.31],
							"post": [0.97, -6.63, 1.31],
							"lerp_mode": "catmullrom"
						},
						"4.15": [1.1, -4.8, -0.1],
						"4.2": [1.1, -2, -0.1],
						"4.3": [0.4, -1, -0.4],
						"4.35": [0.1, -1, -0.5],
						"4.4": [0.1, -1, -0.7],
						"4.45": [0.1, -1, -0.7],
						"4.5": [0.05, -0.5, -0.25],
						"4.55": [0, 0, 0]
					}
				},
				"magrelease": {
					"rotation": {
						"1.7": [0, 0, 0],
						"1.75": [-20, 0, 0],
						"2.2": [-20, 0, 0],
						"2.25": [0, 0, 0],
						"4.5": [0, 0, 0],
						"4.55": [-20, 0, 0],
						"4.65": [0, 0, 0]
					}
				},
				"bolt": {
					"position": {
						"0.0": [0, 0, 4],
						"5.35": [0, 0, 3.07],
						"5.45": [0, 0, 5.075],
						"5.5": [0, 0, 4.675],
						"5.55": [0, 0, 0],
						"5.6": [0, 0, 0.1],
						"5.65": [0, 0, 0],
						"5.75": [0, 0, 0],
						"5.85": [0, 0, 4.675],
						"5.9": [0, 0, 4.675],
						"5.95": [0, 0, 0],
						"6.05": [0, 0, 0.1],
						"6.1": [0, 0, 0],
						"6.2": [0, 0, 0],
						"6.25": [0, 0, 5.675],
						"7.05": [0, 0, 2.925],
						"7.1": [0, 0, 3]
					}
				},
				"camera": {
					"rotation": {
						"0.0": {
							"post": [0, 0, 0],
							"lerp_mode": "catmullrom"
						},
						"0.15": {
							"post": [1.72, 0.5, -0.45],
							"lerp_mode": "catmullrom"
						},
						"0.35": {
							"post": [3.175, 0.8, -1.1],
							"lerp_mode": "catmullrom"
						},
						"0.55": {
							"post": [3.125, 0.8, -1.1],
							"lerp_mode": "catmullrom"
						},
						"0.75": {
							"post": [3.585, 0.8, -1.1],
							"lerp_mode": "catmullrom"
						},
						"1.0": {
							"post": [5.295, 1.625, -1.55],
							"lerp_mode": "catmullrom"
						},
						"1.15": {
							"post": [7.335, 2.7, -1.55],
							"lerp_mode": "catmullrom"
						},
						"1.4": {
							"post": [8.425, 3.1, -1.55],
							"lerp_mode": "catmullrom"
						},
						"1.7": {
							"post": [2.7, 1.7, -1.55],
							"lerp_mode": "catmullrom"
						},
						"1.85": {
							"post": [0.9, 0.8, -1.1],
							"lerp_mode": "catmullrom"
						},
						"2.05": {
							"post": [1, 0.5, -1.1],
							"lerp_mode": "catmullrom"
						},
						"2.1": {
							"post": [1.5, -0.3, 1.2],
							"lerp_mode": "catmullrom"
						},
						"2.2": {
							"post": [0.7, -0.5, -2.95],
							"lerp_mode": "catmullrom"
						},
						"2.3": {
							"post": [0.9, -0.8, -1.1],
							"lerp_mode": "catmullrom"
						},
						"2.5": {
							"post": [2.3, -1.6, -1.55],
							"lerp_mode": "catmullrom"
						},
						"2.7": {
							"post": [3, -2, -1.55],
							"lerp_mode": "catmullrom"
						},
						"2.9": {
							"post": [3.09, -2, -1.55],
							"lerp_mode": "catmullrom"
						},
						"3.15": {
							"post": [3.2, -4.1, -2.125],
							"lerp_mode": "catmullrom"
						},
						"3.4": {
							"post": [3.11, -4.8, -2.125],
							"lerp_mode": "catmullrom"
						},
						"3.7": {
							"post": [3, -4.8, -2.125],
							"lerp_mode": "catmullrom"
						},
						"4.0": {
							"post": [2.6, -4.5, -2.125],
							"lerp_mode": "catmullrom"
						},
						"4.25": {
							"post": [0.8, 0.2, -2],
							"lerp_mode": "catmullrom"
						},
						"4.5": {
							"post": [0.4, 0.8, -1.55],
							"lerp_mode": "catmullrom"
						},
						"4.55": {
							"post": [1.5, 0.8, 0.02344],
							"lerp_mode": "catmullrom"
						},
						"4.65": {
							"post": [0.7, 0.8, -2.32578],
							"lerp_mode": "catmullrom"
						},
						"4.75": {
							"post": [1.1, 0.8, -1.2],
							"lerp_mode": "catmullrom"
						},
						"4.9": {
							"post": [1.3, 0, -1.55],
							"lerp_mode": "catmullrom"
						},
						"5.1": {
							"post": [3.1, -0.4, -1.55],
							"lerp_mode": "catmullrom"
						},
						"5.35": {
							"post": [3.5, -0.5, -1.55],
							"lerp_mode": "catmullrom"
						},
						"5.45": {
							"post": [2.97172, -0.5, -2.06297],
							"lerp_mode": "catmullrom"
						},
						"5.5": {
							"post": [3.19, -0.49, -0.80859],
							"lerp_mode": "catmullrom"
						},
						"5.55": {
							"post": [4.16625, -0.49, -1.78687],
							"lerp_mode": "catmullrom"
						},
						"5.65": {
							"post": [4.67016, -0.49, -1.05547],
							"lerp_mode": "catmullrom"
						},
						"5.75": {
							"post": [4.03, -0.48, -1.41],
							"lerp_mode": "catmullrom"
						},
						"5.85": {
							"post": [3.32156, -0.46, -1.84219],
							"lerp_mode": "catmullrom"
						},
						"5.9": {
							"post": [3.46, -0.45, -0.68937],
							"lerp_mode": "catmullrom"
						},
						"5.95": {
							"post": [4.465, -0.45, -1.74531],
							"lerp_mode": "catmullrom"
						},
						"6.1": {
							"post": [4.46609, -0.43, -1.22],
							"lerp_mode": "catmullrom"
						},
						"6.25": {
							"post": [3.7, -0.4, -1.57531],
							"lerp_mode": "catmullrom"
						},
						"6.3": {
							"post": [4.75625, -0.4, -0.60781],
							"lerp_mode": "catmullrom"
						},
						"6.4": {
							"post": [3.5625, -0.4, -1.68984],
							"lerp_mode": "catmullrom"
						},
						"6.55": {
							"post": [3.96859, -0.4, -0.91469],
							"lerp_mode": "catmullrom"
						},
						"6.75": {
							"post": [3.44828, -0.4, -1.26844],
							"lerp_mode": "catmullrom"
						},
						"6.9": {
							"post": [3.1125, -0.4, -1.13],
							"lerp_mode": "catmullrom"
						},
						"7.05": {
							"post": [3.27031, -0.41, -1.06],
							"lerp_mode": "catmullrom"
						},
						"7.1": {
							"post": [4.13704, -0.42, -0.13984],
							"lerp_mode": "catmullrom"
						},
						"7.2": {
							"post": [3.07313, -0.42, -0.85844],
							"lerp_mode": "catmullrom"
						},
						"7.3": {
							"post": [2.54953, -0.40234, -0.88672],
							"lerp_mode": "catmullrom"
						},
						"7.4": {
							"post": [2.92234, -0.25734, 0.51859],
							"lerp_mode": "catmullrom"
						},
						"7.5": {
							"post": [1.97109, -0.1775, 0.57359],
							"lerp_mode": "catmullrom"
						},
						"7.6": {
							"post": [0.03, 0, 0],
							"lerp_mode": "catmullrom"
						},
						"7.65": {
							"post": [-0.15, 0, 1.6],
							"lerp_mode": "catmullrom"
						},
						"7.75": {
							"post": [0.05, 0, -0.63984],
							"lerp_mode": "catmullrom"
						},
						"7.9": {
							"post": [0, 0, 0.09375],
							"lerp_mode": "catmullrom"
						},
						"8.15": {
							"post": [0, 0, 0],
							"lerp_mode": "catmullrom"
						}
					}
				},
				"bullet": {
					"scale": {
						"0.0": [0, 0, 0],
						"7.8": {
							"pre": [0, 0, 0],
							"post": [1, 1, 1]
						}
					}
				},
				"mag_and_bullet": {
					"position": {
						"0.0": [0, 0, 0],
						"0.9": [0, 0, 0.1],
						"1.85": [0, 0, 0.29],
						"1.95": [0, 0, -2.24],
						"2.0": [0, 0, -2],
						"4.6": [0, 0, 0]
					}
				},
				"pullhandle": {
					"position": {
						"4.95": [0, 0, 0],
						"5.35": [0, 0, 0],
						"5.45": [0, 0, 5],
						"5.5": [0, 0, 0],
						"5.75": [0, 0, 0],
						"5.9": [0, 0, 4],
						"5.95": [0, 0, 0],
						"6.2": [0, 0, 0],
						"6.25": [0, 0, 4],
						"7.0": [0, 0, 4],
						"7.05": [0, 0, 0]
					}
				},
				"constraint": {
					"rotation": [1.2, 1.2, 1.2],
					"position": [0.1, 0.5, 1]
				}
			},
			"sound_effects": {
				"0.0": {
					"effect": "tacz:ak47/ak47_inspect_up"
				},
				"1.65": {
					"effect": "tacz:ak47/ak47_inspect_raise_grab"
				},
				"1.75": {
					"effect": "tacz:ak47/ak47_inspect_magout"
				},
				"2.6": {
					"effect": "tacz:ak47/ak47_inspect_mvt"
				},
				"4.05": {
					"effect": "tacz:ak47/ak47_inspect_magbump"
				},
				"4.4": {
					"effect": "tacz:ak47/ak47_inspect_magin"
				},
				"4.7": {
					"effect": "tacz:ak47/ak47_inspect_turn"
				},
				"5.25": {
					"effect": "tacz:ak47/ak47_inspect_empty_chamber"
				},
				"6.8": {
					"effect": "tacz:ak47/ak47_inspect_empty_release"
				},
				"7.3": {
					"effect": "tacz:ak47/ak47_inspect_over"
				}
			}
		},
		"shoot": {
			"loop": true,
			"animation_length": 0.7667,
			"bones": {
				"root": {
					"rotation": {
						"0.0": {
							"post": [0, 0, 0],
							"lerp_mode": "catmullrom"
						},
						"0.0167": {
							"post": [-1.74688, 0, -1.125],
							"lerp_mode": "catmullrom"
						},
						"0.05": {
							"post": [-1.46953, 0, 1.3],
							"lerp_mode": "catmullrom"
						},
						"0.1333": {
							"post": [0.13047, 0, -0.815],
							"lerp_mode": "catmullrom"
						},
						"0.1833": {
							"post": [-0.125, 0, 0.48281],
							"lerp_mode": "catmullrom"
						},
						"0.25": {
							"post": [0.01641, 0.00036, -0.76172],
							"lerp_mode": "catmullrom"
						},
						"0.35": {
							"post": [0.3, 0, 0.175],
							"lerp_mode": "catmullrom"
						},
						"0.45": {
							"post": [0.37485, -0.36189, -0.1543],
							"lerp_mode": "catmullrom"
						},
						"0.5667": {
							"post": [0.24996, -0.05436, 0.27499],
							"lerp_mode": "catmullrom"
						},
						"0.7167": {
							"post": [-0.01, 0, -0.03],
							"lerp_mode": "catmullrom"
						},
						"0.8333": {
							"post": [0, 0, 0],
							"lerp_mode": "catmullrom"
						}
					},
					"position": {
						"0.0": {
							"post": [0, 0, 0],
							"lerp_mode": "catmullrom"
						},
						"0.0167": {
							"post": [0, -0.06875, 1.55234],
							"lerp_mode": "catmullrom"
						},
						"0.1167": {
							"post": [0, -0.05469, 1.39406],
							"lerp_mode": "catmullrom"
						},
						"0.1833": {
							"post": [0, -0.15156, -0.09609],
							"lerp_mode": "catmullrom"
						},
						"0.3": {
							"post": [0, -0.075, 0.05703],
							"lerp_mode": "catmullrom"
						},
						"0.4": {
							"post": [0, -0.06, 0.02],
							"lerp_mode": "catmullrom"
						},
						"0.5167": {
							"post": [0, 0, 0],
							"lerp_mode": "catmullrom"
						},
						"0.6333": {
							"post": [0, 0, 0],
							"lerp_mode": "catmullrom"
						},
						"0.7667": {
							"post": [0, 0, 0],
							"lerp_mode": "catmullrom"
						}
					}
				},
				"bolt": {
					"position": {
						"0.0167": [0, 0, 0],
						"0.05": [0, 0, 5],
						"0.0833": [0, 0, 0],
						"0.1": [0, 0, 0.3],
						"0.1167": [0, 0, 0],
						"0.15": [0, 0, 0.1],
						"0.1833": [0, 0, 0]
					}
				},
				"constraint": {
					"rotation": {
						"0.15": [0.5, 1.2, 1.2],
						"0.2333": [0.1, 0.1, 0.1],
						"0.3333": [0, 0, 0]
					},
					"position": {
						"0.15": [0.1, 0.2, 1],
						"0.2333": [0.1, 0, 0.1],
						"0.3333": [0, 0, 0]
					}
				},
				"additional_magazine": {
					"scale": 1
				},
				"camera": {
					"rotation": {
						"0.0": {
							"post": [0, 0, 0],
							"lerp_mode": "catmullrom"
						},
						"0.0167": {
							"post": [0, 0, 0],
							"lerp_mode": "catmullrom"
						},
						"0.0333": {
							"post": [0, 0, 1.025],
							"lerp_mode": "catmullrom"
						},
						"0.05": {
							"post": [0, 0, -0.7],
							"lerp_mode": "catmullrom"
						},
						"0.0833": {
							"post": [0, 0, 0.6],
							"lerp_mode": "catmullrom"
						},
						"0.1333": {
							"post": [0, 0, -0.3],
							"lerp_mode": "catmullrom"
						},
						"0.2": {
							"post": [0, 0, 0.35],
							"lerp_mode": "catmullrom"
						},
						"0.2833": {
							"post": [0, 0, -0.15],
							"lerp_mode": "catmullrom"
						},
						"0.3833": {
							"post": [0, 0, 0],
							"lerp_mode": "catmullrom"
						}
					}
				}
			}
		}
	}
}