{
	"format_version": "1.8.0",
	"animations": {
		"static_idle": {
			"animation_length": 0.1,
			"bones": {
				"lefthand": {
					"rotation": [87.78608, -46.85425, -158.59964],
					"position": [7.04784, -16.40179, 1.94678],
					"scale": [1, 1.5, 1]
				},
				"righthand": {
					"rotation": [95.0274, 5.97708, -179.47516],
					"position": [-6.97538, -18.53414, 14.7436],
					"scale": [1, 1.5, 1]
				},
				"constraint": {
					"rotation": [0.1, 0.1, 0.1],
					"position": [0.1, 0.1, 0.1]
				},
				"root": {
					"rotation": [0, 0, 0],
					"position": [0, 0, 0],
					"scale": 1
				},
				"jj": {
					"rotation": [0, 0, 0],
					"position": [0, 0, 0]
				},
				"bullet_in_mag2": {
					"rotation": [0, 0, 0],
					"position": [0, -32, 0],
					"scale": [0, 0, 1]
				},
				"dlzd5": {
					"rotation": [0, 0, 0],
					"position": [0, 0, 0]
				}
			}
		},
		"static_bolt_caught": {
			"animation_length": 0.1,
			"bones": {
				"lefthand": {
					"rotation": [87.78608, -46.85425, -158.59964],
					"position": [7.04784, -16.40179, 1.94678],
					"scale": [1, 1.5, 1]
				},
				"righthand": {
					"rotation": [95.0274, 5.97708, -179.47516],
					"position": [-6.97538, -18.53414, 14.7436],
					"scale": [1, 1.5, 1]
				},
				"root": {
					"rotation": [0, 0, 0],
					"position": [0, 0, 0],
					"scale": 1
				},
				"constraint": {
					"rotation": [0.1, 0.1, 0.1],
					"position": [0.1, 0.1, 0.1]
				},
				"camera": {
					"rotation": [0, 0, 0],
					"position": [0, 0, 0]
				},
				"bullet_in_mag2": {
					"rotation": [0, 0, 0],
					"position": [0, -32, 0],
					"scale": [0, 0, 1]
				}
			}
		},
		"draw": {
			"animation_length": 0.8333,
			"bones": {
				"lefthand": {
					"rotation": {
						"0.0": [110.28608, -46.85425, -158.59964],
						"0.8": [87.78608, -46.85425, -158.59964]
					},
					"position": {
						"0.0": [6.58, -7.51, 3.72],
						"0.1": {
							"pre": [6.58, -6.51, 3.72],
							"post": [6.58, -6.51, 3.72],
							"lerp_mode": "catmullrom"
						},
						"0.1333": {
							"post": [6.58, -5.51, 3.72],
							"lerp_mode": "catmullrom"
						},
						"0.3": {
							"post": [10.47, -13.46, 3.62],
							"lerp_mode": "catmullrom"
						},
						"0.4333": {
							"post": [7.04784, -22.40179, 1.94678],
							"lerp_mode": "catmullrom"
						},
						"0.5": {
							"post": [6.83, -17.96, 1.84],
							"lerp_mode": "catmullrom"
						},
						"0.5667": [7.04784, -16.40179, 1.94678],
						"0.8": [7.04784, -16.40179, 1.94678]
					},
					"scale": {
						"0.0": [1, 1.5, 1],
						"0.8": [1, 1.5, 1]
					}
				},
				"righthand": {
					"rotation": {
						"0.0": [95.0274, 5.97708, -179.47516],
						"0.4333": [95.0274, 5.97708, -179.47516]
					},
					"position": {
						"0.0": [-6.95, -17.1, 9.825],
						"0.4333": [-6.97538, -18.53414, 14.7436]
					},
					"scale": {
						"0.0": [1, 1.5, 1],
						"0.4333": [1, 1.5, 1]
					}
				},
				"root": {
					"rotation": {
						"0.0": {
							"post": [29.0527, -20.43663, -0.34828],
							"lerp_mode": "catmullrom"
						},
						"0.1667": {
							"post": [-2.11861, -3.67275, 12.52095],
							"lerp_mode": "catmullrom"
						},
						"0.3333": {
							"post": [-9.35453, -1.47247, 6.10117],
							"lerp_mode": "catmullrom"
						},
						"0.4333": [-5, 0, 0],
						"0.5667": {
							"pre": [5.04544, -0.10457, 0.82333],
							"post": [5.04544, -0.10457, 0.82333],
							"lerp_mode": "catmullrom"
						},
						"0.7": [-0.065, -0.44, -0.27],
						"0.8": [0, 0, 0]
					},
					"position": {
						"0.0": {
							"post": [0, -12, 2],
							"lerp_mode": "catmullrom"
						},
						"0.1667": {
							"post": [-0.14, -2.41, -0.195],
							"lerp_mode": "catmullrom"
						},
						"0.2333": {
							"post": [-0.22, -0.29, -1.425],
							"lerp_mode": "catmullrom"
						},
						"0.3333": {
							"post": [-0.125, 0.365, -4.975],
							"lerp_mode": "catmullrom"
						},
						"0.4333": [0, -1.5, 0],
						"0.5667": [0, -0.905, 0.38],
						"0.7333": {
							"pre": [-0.025, 0, 0.05],
							"post": [-0.025, 0, 0.05],
							"lerp_mode": "catmullrom"
						}
					},
					"scale": 1
				},
				"camera": {
					"rotation": {
						"0.0": {
							"post": [0, 0, 0],
							"lerp_mode": "catmullrom"
						},
						"0.2": {
							"post": [1.00016, 0.00436, 0.75027],
							"lerp_mode": "catmullrom"
						},
						"0.4333": {
							"post": [0, 0, -0.75],
							"lerp_mode": "catmullrom"
						},
						"0.5333": {
							"post": [0, 0, 0],
							"lerp_mode": "catmullrom"
						},
						"0.6333": {
							"post": [0, 0, -0.3],
							"lerp_mode": "catmullrom"
						},
						"0.7333": {
							"post": [0, 0, 0],
							"lerp_mode": "catmullrom"
						}
					}
				},
				"bullet_in_mag2": {
					"rotation": [0, 0, 0],
					"position": [0, -32, 0],
					"scale": [0, 0, 1]
				},
				"dlzd5": {
					"rotation": {
						"0.0": [0, 0, 0],
						"0.3333": [0, -27.5, 0],
						"0.5333": [0, 10.71, 0],
						"0.6333": [0, 0, 0],
						"0.7333": [0, -5, 0],
						"0.8": [0, 0, 0]
					},
					"position": [0, 0, 0]
				},
				"constraint": {
					"rotation": [0.1, 0.1, 0.1],
					"position": [0.1, 0.1, 0.1]
				},
				"jj": {
					"rotation": {
						"0.0": [0, 0, 0],
						"0.2333": [0, 0, 22.5],
						"0.4": [0, 0, -29.12],
						"0.5667": [0, 0, 14.68],
						"0.6667": [0, 0, 0.17],
						"0.7333": [0, 0, -4.91],
						"0.8": [0, 0, 0]
					},
					"position": {
						"0.0": [0, 0, 0],
						"0.8": [0, 0, 0]
					}
				},
				"tb": {
					"rotation": {
						"0.0": [135, 0, 0],
						"0.1333": [126.25, 0, 0],
						"0.3667": [0, 0, 0],
						"0.4333": {
							"pre": [37.32, 0, 0],
							"post": [37.32, 0, 0],
							"lerp_mode": "catmullrom"
						},
						"0.5": {
							"post": [0.83, 0, 0],
							"lerp_mode": "catmullrom"
						},
						"0.5667": {
							"post": [12.97, 0, 0],
							"lerp_mode": "catmullrom"
						},
						"0.6333": {
							"post": [-8.53, 0, 0],
							"lerp_mode": "catmullrom"
						},
						"0.7333": [0, 0, 0]
					},
					"position": {
						"0.0": [0, 0, 0],
						"0.7333": [0, 0, 0]
					}
				},
				"dlzd15": {
					"rotation": {
						"0.0": [0, 0, 0],
						"0.3333": [0, -27.5, 0],
						"0.5333": [0, 10.71, 0],
						"0.6333": [0, 0, 0],
						"0.7333": [0, -5, 0],
						"0.8": [0, 0, 0]
					},
					"position": [0, 0, 0]
				}
			},
			"sound_effects": {
				"0.0": {
					"effect": "tacz:sks/sks_raise"
				}
			}
		},
		"put_away": {
			"animation_length": 0.4667,
			"bones": {
				"lefthand": {
					"rotation": {
						"0.0": [87.78608, -46.85425, -158.59964],
						"0.0667": [127.67152, -14.70086, -183.17363],
						"0.1333": [148.34013, 7.13088, -207.53996]
					},
					"position": {
						"0.0": [7.04784, -16.40179, 1.94678],
						"0.1333": [8.805, -12.2, -4.57]
					},
					"scale": [1, 1.5, 1]
				},
				"righthand": {
					"rotation": [95.0274, 5.97708, -179.47516],
					"position": [-6.97538, -18.53414, 14.7436],
					"scale": [1, 1.5, 1]
				},
				"root": {
					"rotation": {
						"0.0": [0, 0, 0],
						"0.0667": {
							"pre": [-0.51171, -3.6801, -4.19401],
							"post": [-0.51171, -3.6801, -4.19401],
							"lerp_mode": "catmullrom"
						},
						"0.1667": {
							"post": [4.36882, -11.73179, -10.29382],
							"lerp_mode": "catmullrom"
						},
						"0.2667": {
							"post": [16.99835, -17.70783, -19.61271],
							"lerp_mode": "catmullrom"
						},
						"0.3333": {
							"post": [22.5, -27.4, -9.02],
							"lerp_mode": "catmullrom"
						},
						"0.4333": {
							"post": [38.74, -37.82, -13.36],
							"lerp_mode": "catmullrom"
						}
					},
					"position": {
						"0.0": [0, 0, 0],
						"0.0667": {
							"pre": [-0.45, -0.49, 0.28],
							"post": [-0.45, -0.49, 0.28],
							"lerp_mode": "catmullrom"
						},
						"0.1667": {
							"post": [-0.67, -1.47, 0.34],
							"lerp_mode": "catmullrom"
						},
						"0.2667": {
							"post": [-0.435, -3.245, 0.06],
							"lerp_mode": "catmullrom"
						},
						"0.3333": {
							"post": [0.22, -5.38, -0.15],
							"lerp_mode": "catmullrom"
						},
						"0.4333": {
							"post": [1.49, -9.585, -0.36],
							"lerp_mode": "catmullrom"
						}
					},
					"scale": 1
				},
				"camera": {
					"rotation": {
						"0.0": {
							"post": [0, 0, 0],
							"lerp_mode": "catmullrom"
						},
						"0.1": {
							"post": [0.3, 0, -0.125],
							"lerp_mode": "catmullrom"
						},
						"0.2667": {
							"post": [0.64, 0, 0.3],
							"lerp_mode": "catmullrom"
						},
						"0.3333": {
							"post": [0.5, 0, 0.15],
							"lerp_mode": "catmullrom"
						},
						"0.4333": {
							"post": [0, 0, 0],
							"lerp_mode": "catmullrom"
						}
					}
				},
				"constraint": {
					"rotation": [0.1, 0.1, 0.1],
					"position": [0.1, 0.1, 0.1]
				},
				"jj": {
					"rotation": [0, 0, 0],
					"position": [0, 0, 0]
				}
			},
			"sound_effects": {
				"0.0": {
					"effect": "tacz:sks/sks_drop"
				}
			}
		},
		"reload_tactical": {
			"animation_length": 6.1333,
			"bones": {
				"lefthand": {
					"rotation": {
						"0.0": [87.78608, -46.85425, -158.59964],
						"1.7": {
							"pre": [70.29, -46.85, -158.6],
							"post": [70.29, -46.85, -158.6],
							"lerp_mode": "catmullrom"
						},
						"2.9667": {
							"post": [70.28608, -46.85425, -158.59964],
							"lerp_mode": "catmullrom"
						},
						"3.5": {
							"post": [79.68443, -46.87963, -191.75781],
							"lerp_mode": "catmullrom"
						},
						"4.2333": {
							"post": [79.68443, -46.87963, -191.75781],
							"lerp_mode": "catmullrom"
						},
						"5.9667": [87.78608, -46.85425, -158.59964]
					},
					"position": {
						"0.0": [7.04784, -16.40179, 1.94678],
						"0.6": {
							"pre": [7.47, -19.72, 3.63],
							"post": [7.47, -19.72, 3.63],
							"lerp_mode": "catmullrom"
						},
						"1.0333": {
							"post": [7.02, -17.12, 5.57],
							"lerp_mode": "catmullrom"
						},
						"1.3333": {
							"post": [7.02, -17.12, 5.57],
							"lerp_mode": "catmullrom"
						},
						"1.7": {
							"post": [8.86, -16.07, 11.79],
							"lerp_mode": "catmullrom"
						},
						"1.9": {
							"post": [9.92, -13.75, 12.67],
							"lerp_mode": "catmullrom"
						},
						"2.2667": {
							"post": [14.6, -19.22, 13.27],
							"lerp_mode": "catmullrom"
						},
						"2.4": {
							"post": [17.16, -24.05, 12.6],
							"lerp_mode": "catmullrom"
						},
						"3.2333": {
							"post": [16.66, -23.55, 12.6],
							"lerp_mode": "catmullrom"
						},
						"3.5": {
							"post": [11.27, -10.56, 12.6],
							"lerp_mode": "catmullrom"
						},
						"3.8": {
							"post": [10.37, -10.79, 12.6],
							"lerp_mode": "catmullrom"
						},
						"3.9333": {
							"post": [7.74, -11.12, 12.6],
							"lerp_mode": "catmullrom"
						},
						"4.1": {
							"post": [7.64, -12.23, 12.6],
							"lerp_mode": "catmullrom"
						},
						"4.2333": {
							"post": [7.64, -12.98, 12.6],
							"lerp_mode": "catmullrom"
						},
						"4.3667": {
							"post": [7.64, -12.23, 12.6],
							"lerp_mode": "catmullrom"
						},
						"4.5667": {
							"post": [12.11, -14, 7.82],
							"lerp_mode": "catmullrom"
						},
						"4.7333": {
							"post": [7.47, -19.72, 3.63],
							"lerp_mode": "catmullrom"
						},
						"5.9667": [7.04784, -16.40179, 1.94678]
					},
					"scale": {
						"0.0": [1, 1.5, 1],
						"5.9667": [1, 1.5, 1]
					}
				},
				"righthand": {
					"rotation": {
						"0.5": [95.0274, 5.97708, -179.47516],
						"0.6333": [96.37868, 38.32678, -176.03421],
						"0.9667": [118.58357, 31.2619, -176.78568],
						"4.9": [118.58357, 31.2619, -176.78568],
						"5.9667": [95.0274, 5.97708, -179.47516]
					},
					"position": {
						"0.5": [-6.97538, -18.53414, 14.7436],
						"0.6333": [-8.98, -15.53, 14.74],
						"0.8": [-7.8, -11.8, 17.74],
						"0.9667": [-8.45, -5.63, 11.48],
						"1.2667": [-8.26, -12.27, 15.89],
						"1.3": [-6.24, -18.37, 15.87],
						"4.6667": [-6.24, -18.37, 15.87],
						"4.7667": [-10.19, -12.05, 13.99],
						"4.9": [-8.45, -3.63, 11.48],
						"5.1667": [-6.97538, -11.53414, 16.7436],
						"5.9667": [-6.97538, -18.53414, 14.7436]
					},
					"scale": {
						"0.0": [1, 1.5, 1],
						"5.9667": [1, 1.5, 1]
					}
				},
				"root": {
					"rotation": {
						"0.0": {
							"post": [0, 0, 0],
							"lerp_mode": "catmullrom"
						},
						"0.3": {
							"post": [-5.07587, -7.06393, 1.28781],
							"lerp_mode": "catmullrom"
						},
						"0.5333": {
							"post": [-13.01601, -14.64974, 2.95074],
							"lerp_mode": "catmullrom"
						},
						"1.0333": {
							"post": [-9.00969, -13.30057, 2.24651],
							"lerp_mode": "catmullrom"
						},
						"1.2667": [-1.92447, -7.02592, 16.57477],
						"1.7333": {
							"pre": [-1.61474, -7.10313, 14.05684],
							"post": [-1.61474, -7.10313, 14.05684],
							"lerp_mode": "catmullrom"
						},
						"2.1667": {
							"post": [0.39537, -6.10627, 14.07497],
							"lerp_mode": "catmullrom"
						},
						"2.5667": {
							"post": [-1.67821, -8.14842, 14.34493],
							"lerp_mode": "catmullrom"
						},
						"3.0": {
							"post": [-3.82966, -6.20992, 14.7007],
							"lerp_mode": "catmullrom"
						},
						"3.4333": {
							"post": [-2.83007, -9.22353, 15.51493],
							"lerp_mode": "catmullrom"
						},
						"4.0333": {
							"post": [-5.42, -6.66, 16.1],
							"lerp_mode": "catmullrom"
						},
						"4.5667": {
							"post": [-11.2259, -10.12751, 16.25706],
							"lerp_mode": "catmullrom"
						},
						"5.0333": {
							"post": [-0.81165, -7.10612, 16.78317],
							"lerp_mode": "catmullrom"
						},
						"5.3667": {
							"post": [-4.14332, -6.64831, 12.63097],
							"lerp_mode": "catmullrom"
						},
						"5.6667": {
							"post": [-1.92447, -7.02592, 16.57477],
							"lerp_mode": "catmullrom"
						},
						"5.8667": {
							"post": [0, 0, -5],
							"lerp_mode": "catmullrom"
						},
						"6.1": [0, 0, 0]
					},
					"position": {
						"0.0": {
							"post": [0, 0, 0],
							"lerp_mode": "catmullrom"
						},
						"0.0667": {
							"post": [0, 0.5, -2.79],
							"lerp_mode": "catmullrom"
						},
						"0.1333": {
							"post": [0, 0.91, -3.1],
							"lerp_mode": "catmullrom"
						},
						"0.3": {
							"post": [0, 0.5, -2.79],
							"lerp_mode": "catmullrom"
						},
						"0.8333": {
							"post": [1.99, 0.83, -5.42],
							"lerp_mode": "catmullrom"
						},
						"1.0667": {
							"post": [1.75, 0.11, -2.4],
							"lerp_mode": "catmullrom"
						},
						"1.3667": {
							"post": [0, -1.82, -6.54],
							"lerp_mode": "catmullrom"
						},
						"1.5333": {
							"post": [-0.03, -1.61, -6.44],
							"lerp_mode": "catmullrom"
						},
						"5.6667": {
							"post": [0, -1.82, -6.54],
							"lerp_mode": "catmullrom"
						},
						"5.8667": {
							"post": [0, -0.75, -2.75],
							"lerp_mode": "catmullrom"
						},
						"6.1": [0, 0, 0]
					},
					"scale": {
						"0.0": [1, 1, 1],
						"6.1": [1, 1, 1]
					}
				},
				"camera": {
					"rotation": {
						"0.0": {
							"post": [0, 0, 0],
							"lerp_mode": "catmullrom"
						},
						"0.1333": {
							"post": [0.39, 0, -0.45],
							"lerp_mode": "catmullrom"
						},
						"0.3333": {
							"post": [1.725, 0.05, -0.75],
							"lerp_mode": "catmullrom"
						},
						"0.5": {
							"post": [1.47, -0.02, -0.85],
							"lerp_mode": "catmullrom"
						},
						"0.5667": {
							"post": [1.755, -0.05, -1.2],
							"lerp_mode": "catmullrom"
						},
						"0.6667": {
							"post": [0.79, -0.07, -0.585],
							"lerp_mode": "catmullrom"
						},
						"0.8": {
							"post": [1.195, -0.09, -1.205],
							"lerp_mode": "catmullrom"
						},
						"0.9667": {
							"post": [1.14, -0.12, -0.86],
							"lerp_mode": "catmullrom"
						},
						"1.1": {
							"post": [1.345, -0.12, -1.025],
							"lerp_mode": "catmullrom"
						},
						"1.3667": {
							"post": [0.375, 0.075, -1.2],
							"lerp_mode": "catmullrom"
						},
						"1.8333": {
							"post": [0.29, 0.11, -1.29],
							"lerp_mode": "catmullrom"
						},
						"1.9": {
							"post": [1.07, 0.11, -0.76],
							"lerp_mode": "catmullrom"
						},
						"2.0": {
							"post": [0.42, 0.11, -1.485],
							"lerp_mode": "catmullrom"
						},
						"2.1": {
							"post": [0.565, 0.08, -0.775],
							"lerp_mode": "catmullrom"
						},
						"2.2": {
							"post": [0.25, 0.04, -0.61],
							"lerp_mode": "catmullrom"
						},
						"2.3": {
							"post": [-0.225, 0, 0.125],
							"lerp_mode": "catmullrom"
						},
						"2.3667": {
							"post": [-0.35, 0, 0.2],
							"lerp_mode": "catmullrom"
						},
						"2.4667": {
							"post": [0.25, 0, -0.25],
							"lerp_mode": "catmullrom"
						},
						"2.5667": {
							"post": [-0.075, 0, 0.075],
							"lerp_mode": "catmullrom"
						},
						"3.1333": {
							"post": [0.01, 0.05, 0.5],
							"lerp_mode": "catmullrom"
						},
						"3.2667": {
							"post": [0.04, 0.06, -0.72],
							"lerp_mode": "catmullrom"
						},
						"3.8667": {
							"post": [0.29, 0.11, -1.29],
							"lerp_mode": "catmullrom"
						},
						"3.9333": {
							"post": [1.07, 0.11, -0.76],
							"lerp_mode": "catmullrom"
						},
						"4.0333": {
							"post": [0.42, 0.11, -1.485],
							"lerp_mode": "catmullrom"
						},
						"4.1333": {
							"post": [0.565, 0.08, -0.775],
							"lerp_mode": "catmullrom"
						},
						"4.2333": {
							"post": [0.25, 0.04, -0.61],
							"lerp_mode": "catmullrom"
						},
						"4.3333": {
							"post": [-0.225, 0, 0.125],
							"lerp_mode": "catmullrom"
						},
						"4.4": {
							"post": [-0.35, 0, 0.2],
							"lerp_mode": "catmullrom"
						},
						"4.5": {
							"post": [0.25, 0, -0.25],
							"lerp_mode": "catmullrom"
						},
						"4.6": {
							"post": [-0.075, 0, 0.075],
							"lerp_mode": "catmullrom"
						},
						"5.3": {
							"post": [0.29, 0.11, -1.29],
							"lerp_mode": "catmullrom"
						},
						"5.3667": {
							"post": [1.07, 0.11, -0.76],
							"lerp_mode": "catmullrom"
						},
						"5.4667": {
							"post": [0.42, 0.11, -1.485],
							"lerp_mode": "catmullrom"
						},
						"5.5667": {
							"post": [0.565, 0.08, -0.775],
							"lerp_mode": "catmullrom"
						},
						"5.6667": {
							"post": [0.25, 0.04, -0.61],
							"lerp_mode": "catmullrom"
						},
						"5.7667": {
							"post": [-0.225, 0, 0.125],
							"lerp_mode": "catmullrom"
						},
						"5.8333": {
							"post": [-0.35, 0, 0.2],
							"lerp_mode": "catmullrom"
						},
						"5.9333": {
							"post": [0.25, 0, -0.25],
							"lerp_mode": "catmullrom"
						},
						"6.0333": {
							"post": [-0.075, 0, 0.075],
							"lerp_mode": "catmullrom"
						}
					}
				},
				"bullet_in_mag2": {
					"rotation": [0, 0, 0],
					"position": [0, -32, 0],
					"scale": [0, 0, 1]
				},
				"dlzd2": {
					"rotation": {
						"0.0": [0, 0, 0],
						"1.7": [0, 0, 0],
						"4.0667": [0, 0, 0],
						"4.1": [0, 0, 0],
						"6.0667": [0, 0, 0],
						"6.1": [0, 0, 0]
					}
				},
				"dlzd4": {
					"rotation": {
						"1.7": [0, 0, 0],
						"1.8667": [0, -45, 0],
						"3.5333": [0, 0, 0],
						"4.1": [0, 0, 0],
						"6.1": [0, 0, 0]
					},
					"position": {
						"1.7": [0, 0, 0],
						"3.5333": [0, 0, 0],
						"4.1": [0, 0, 0],
						"6.1": [0, 0, 0]
					}
				},
				"dlzd5": {
					"rotation": {
						"0.0": [0, 0, 0],
						"2.0": [0, -22.5, 0],
						"4.1": [0, 0, 0],
						"6.1": [0, 0, 0]
					},
					"position": {
						"0.0": [0, 0, 0],
						"2.0": [0, 0, 0.25],
						"3.5333": [0, 0, 0]
					}
				},
				"constraint": {
					"rotation": [0.8, 0.8, 0.8],
					"position": [0.8, 0.8, 0.8]
				},
				"jj": {
					"rotation": {
						"0.0": [0, 0, 0],
						"0.5667": {
							"pre": [0, 0, 45],
							"post": [0, 0, 45],
							"lerp_mode": "catmullrom"
						},
						"1.0667": {
							"post": [0, 0, -3.5],
							"lerp_mode": "catmullrom"
						},
						"1.4667": {
							"post": [0, 0, 14.26],
							"lerp_mode": "catmullrom"
						},
						"2.1333": {
							"post": [0, 0, -24.26],
							"lerp_mode": "catmullrom"
						},
						"2.5667": {
							"post": [-0.00569, 0.00328, 10.95872],
							"lerp_mode": "catmullrom"
						},
						"3.0": {
							"post": [0, 0, -24.26],
							"lerp_mode": "catmullrom"
						},
						"3.4": {
							"post": [0.08923, 0.01175, -16.71178],
							"lerp_mode": "catmullrom"
						},
						"3.8": {
							"post": [0.17644, -0.03088, 0.4529],
							"lerp_mode": "catmullrom"
						},
						"4.2333": {
							"post": [0.27, 0, 0],
							"lerp_mode": "catmullrom"
						},
						"4.6333": {
							"post": [0, 0, 25.74],
							"lerp_mode": "catmullrom"
						},
						"4.9667": {
							"post": [0, 0, -6.67],
							"lerp_mode": "catmullrom"
						},
						"5.3": {
							"post": [0, 0, 6.23],
							"lerp_mode": "catmullrom"
						},
						"5.6": {
							"post": [0, 0, -17.12],
							"lerp_mode": "catmullrom"
						},
						"6.1": [0, 0, 0]
					},
					"position": {
						"0.0": [0, 0, 0],
						"6.1": [0, 0, 0]
					}
				},
				"jxg": {
					"rotation": {
						"0.8": [0, 0, 0],
						"0.9667": [-90, 0, 0],
						"1.0333": [-86.29, 0, 0],
						"1.0667": [-90, 0, 0],
						"3.0333": [-90, 0, 0],
						"4.9": [-90, 0, 0],
						"5.1667": [0, 0, 0],
						"5.9667": [0, 0, 0]
					},
					"position": {
						"0.8": [0, 0, 0],
						"5.9667": [0, 0, 0]
					}
				},
				"bullet_in_mag": {
					"rotation": {
						"0.0": [0, 0, 0],
						"2.0": [0, 0, 0],
						"2.2": [0, 0, 55],
						"4.1": {
							"pre": [0, 0, 0],
							"post": [0, 0, 0],
							"lerp_mode": "catmullrom"
						},
						"4.2667": {
							"post": [0, 0, 0],
							"lerp_mode": "catmullrom"
						},
						"6.1": [0, 0, 0]
					},
					"position": {
						"0.0": [0, 0, 0],
						"2.0": [0, 0, 0],
						"2.2": [2.5, -0.06, 0],
						"2.4": [8.5, -10.06, 0],
						"3.2333": {
							"pre": [8.5, -10.06, 0],
							"post": [8.5, -10.06, 0],
							"lerp_mode": "catmullrom"
						},
						"3.5": {
							"post": [3.5, 0.69, 0],
							"lerp_mode": "catmullrom"
						},
						"3.6333": {
							"post": [2.805, 1.835, 0],
							"lerp_mode": "catmullrom"
						},
						"3.7": {
							"post": [3.01, 1.29, 0],
							"lerp_mode": "catmullrom"
						},
						"3.8": {
							"post": [2.75, 0.69, 0],
							"lerp_mode": "catmullrom"
						},
						"3.9333": {
							"post": [0.37, 0.6, 0],
							"lerp_mode": "catmullrom"
						},
						"4.1": {
							"post": [0, 0, 0],
							"lerp_mode": "catmullrom"
						},
						"6.1": [0, 0, 0]
					}
				},
				"dlzd22": {
					"rotation": {
						"0.0": [0, 0, 0],
						"1.7": [0, 0, 0],
						"4.0667": [0, 0, 0],
						"4.1": [0, 0, 0],
						"6.0667": [0, 0, 0],
						"6.1": [0, 0, 0]
					}
				},
				"dlzd14": {
					"rotation": {
						"1.6667": [0, 0, 0],
						"1.8333": [0, -45, 0],
						"3.5": [0, 0, 0],
						"4.0667": [0, 0, 0],
						"6.0667": [0, 0, 0]
					},
					"position": {
						"1.6667": [0, 0, 0],
						"3.5": [0, 0, 0],
						"4.0667": [0, 0, 0],
						"6.0667": [0, 0, 0]
					}
				},
				"dlzd15": {
					"rotation": {
						"0.0": [0, 0, 0],
						"2.0": [0, -22.5, 0],
						"4.1": [0, 0, 0],
						"6.1": [0, 0, 0]
					},
					"position": {
						"0.0": [0, 0, 0],
						"2.0": [0, 0, 0.25],
						"3.5333": [0, 0, 0]
					}
				}
			},
			"sound_effects": {
				"0.0333": {
					"effect": "gunreloadingdesigned_09"
				},
				"1.8": {
					"effect": "gunmechanismstrong_09"
				},
				"2.6667": {
					"effect": "gearsteps_08"
				},
				"3.4667": {
					"effect": "gunmechanismstrong_02"
				},
				"4.8333": {
					"effect": "insertrefill4"
				}
			}
		},
		"reload_empty": {
			"animation_length": 7,
			"bones": {
				"lefthand": {
					"rotation": {
						"0.0": [87.78608, -46.85425, -158.59964],
						"2.9667": {
							"pre": [70.28608, -46.85425, -158.59964],
							"post": [70.28608, -46.85425, -158.59964],
							"lerp_mode": "catmullrom"
						},
						"3.5": {
							"post": [79.68443, -46.87963, -191.75781],
							"lerp_mode": "catmullrom"
						},
						"4.2333": {
							"post": [79.68443, -46.87963, -191.75781],
							"lerp_mode": "catmullrom"
						},
						"6.8667": [87.78608, -46.85425, -158.59964]
					},
					"position": {
						"0.0": [7.04784, -16.40179, 1.94678],
						"0.6": {
							"pre": [7.47, -19.72, 3.63],
							"post": [7.47, -19.72, 3.63],
							"lerp_mode": "catmullrom"
						},
						"1.5": {
							"post": [7.02, -17.12, 5.57],
							"lerp_mode": "catmullrom"
						},
						"1.9333": {
							"post": [14.6, -19.22, 13.27],
							"lerp_mode": "catmullrom"
						},
						"2.0667": {
							"post": [17.16, -24.05, 12.6],
							"lerp_mode": "catmullrom"
						},
						"3.2333": {
							"post": [16.66, -23.55, 12.6],
							"lerp_mode": "catmullrom"
						},
						"3.5": {
							"post": [11.27, -10.56, 12.6],
							"lerp_mode": "catmullrom"
						},
						"3.8": {
							"post": [10.37, -10.79, 12.6],
							"lerp_mode": "catmullrom"
						},
						"3.9333": {
							"post": [7.74, -11.12, 12.6],
							"lerp_mode": "catmullrom"
						},
						"4.1": {
							"post": [7.64, -12.23, 12.6],
							"lerp_mode": "catmullrom"
						},
						"4.2333": {
							"post": [7.64, -12.98, 12.6],
							"lerp_mode": "catmullrom"
						},
						"4.3667": {
							"post": [7.64, -12.23, 12.6],
							"lerp_mode": "catmullrom"
						},
						"4.5667": {
							"post": [12.11, -14, 7.82],
							"lerp_mode": "catmullrom"
						},
						"4.7333": {
							"post": [7.47, -19.72, 3.63],
							"lerp_mode": "catmullrom"
						},
						"6.8667": [7.04784, -16.40179, 1.94678]
					},
					"scale": {
						"0.0": [1, 1.5, 1],
						"6.8667": [1, 1.5, 1]
					}
				},
				"righthand": {
					"rotation": {
						"0.5": [95.0274, 5.97708, -179.47516],
						"0.6333": [96.37868, 38.32678, -176.03421],
						"0.9667": [118.58357, 31.2619, -176.78568],
						"1.4667": [95.0274, 5.97708, -179.47516],
						"4.9": [118.58357, 31.2619, -176.78568],
						"5.8667": [144.16349, 19.92023, -161.29935],
						"6.0667": [144.16349, 19.92023, -161.29935],
						"6.4": [144.16349, 19.92023, -161.29935],
						"6.8667": [95.0274, 5.97708, -179.47516]
					},
					"position": {
						"0.5": [-6.97538, -18.53414, 14.7436],
						"0.6333": [-8.98, -15.53, 14.74],
						"0.8": [-7.8, -11.8, 17.74],
						"0.9667": [-8.45, -5.63, 11.48],
						"1.2667": [-8.26, -12.27, 15.89],
						"1.4667": [-6.97538, -18.53414, 14.7436],
						"4.6667": [-6.97538, -18.53414, 14.7436],
						"4.9": [-8.45, -3.63, 11.48],
						"5.1667": [-6.97538, -11.53414, 16.7436],
						"5.8667": [-11.22538, -15.53414, 9.2436],
						"6.0667": [-9.21, -16.96, 16.85],
						"6.4": [-11.22538, -15.53414, 9.2436],
						"6.8667": [-6.97538, -18.53414, 14.7436]
					},
					"scale": {
						"0.0": [1, 1.5, 1],
						"6.8667": [1, 1.5, 1]
					}
				},
				"root": {
					"rotation": {
						"0.0": {
							"post": [0, 0, 0],
							"lerp_mode": "catmullrom"
						},
						"0.3": {
							"post": [-5.07587, -7.06393, 1.28781],
							"lerp_mode": "catmullrom"
						},
						"0.5333": {
							"post": [-13.01601, -14.64974, 2.95074],
							"lerp_mode": "catmullrom"
						},
						"1.0333": {
							"post": [-9.00969, -13.30057, 2.24651],
							"lerp_mode": "catmullrom"
						},
						"1.2667": [-1.92447, -7.02592, 16.57477],
						"1.7333": {
							"pre": [-1.61474, -7.10313, 14.05684],
							"post": [-1.61474, -7.10313, 14.05684],
							"lerp_mode": "catmullrom"
						},
						"2.1667": {
							"post": [0.39537, -6.10627, 14.07497],
							"lerp_mode": "catmullrom"
						},
						"2.5667": {
							"post": [-1.67821, -8.14842, 14.34493],
							"lerp_mode": "catmullrom"
						},
						"3.0": {
							"post": [-3.82966, -6.20992, 14.7007],
							"lerp_mode": "catmullrom"
						},
						"3.4333": {
							"post": [-2.83007, -9.22353, 15.51493],
							"lerp_mode": "catmullrom"
						},
						"4.0333": {
							"post": [-5.42, -6.66, 16.1],
							"lerp_mode": "catmullrom"
						},
						"4.5667": {
							"post": [-11.2259, -10.12751, 16.25706],
							"lerp_mode": "catmullrom"
						},
						"5.0333": {
							"post": [-0.81165, -7.10612, 16.78317],
							"lerp_mode": "catmullrom"
						},
						"5.3667": {
							"post": [-4.14332, -6.64831, 12.63097],
							"lerp_mode": "catmullrom"
						},
						"5.6667": {
							"post": [-4.47332, -5.75372, 39.18152],
							"lerp_mode": "catmullrom"
						},
						"6.1667": {
							"post": [-7.13992, 5.28542, 28.85705],
							"lerp_mode": "catmullrom"
						},
						"6.4667": {
							"post": [-7.10952, 0.32398, 29.47774],
							"lerp_mode": "catmullrom"
						},
						"6.7667": {
							"post": [-4.12236, 3.32582, 11.91088],
							"lerp_mode": "catmullrom"
						},
						"6.9": [-1.25, 0, 1.25],
						"7.0": [0, 0, 0]
					},
					"position": {
						"0.0": {
							"post": [0, 0, 0],
							"lerp_mode": "catmullrom"
						},
						"0.0667": {
							"post": [0, 0.5, -2.79],
							"lerp_mode": "catmullrom"
						},
						"0.1333": {
							"post": [0, 0.91, -3.1],
							"lerp_mode": "catmullrom"
						},
						"0.3": {
							"post": [0, 0.5, -2.79],
							"lerp_mode": "catmullrom"
						},
						"0.8333": {
							"post": [1.99, 0.83, -5.42],
							"lerp_mode": "catmullrom"
						},
						"1.0667": {
							"post": [1.75, 0.11, -2.4],
							"lerp_mode": "catmullrom"
						},
						"1.3667": {
							"post": [0, -1.82, -6.54],
							"lerp_mode": "catmullrom"
						},
						"1.5333": {
							"post": [-0.03, -1.61, -6.44],
							"lerp_mode": "catmullrom"
						},
						"5.6667": {
							"post": [0, -1.82, -8.04],
							"lerp_mode": "catmullrom"
						},
						"6.1667": {
							"post": [-2, -0.75, -2.75],
							"lerp_mode": "catmullrom"
						},
						"6.4667": {
							"post": [0, -1.82, -8.04],
							"lerp_mode": "catmullrom"
						},
						"6.7667": [0, 0, 0],
						"7.0": [0, 0, 0]
					},
					"scale": {
						"0.0": [1, 1, 1],
						"7.0": [1, 1, 1]
					}
				},
				"camera": {
					"rotation": {
						"0.0": {
							"post": [0, 0, 0],
							"lerp_mode": "catmullrom"
						},
						"0.1333": {
							"post": [0.39, 0, -0.45],
							"lerp_mode": "catmullrom"
						},
						"0.3333": {
							"post": [1.725, 0.05, -0.75],
							"lerp_mode": "catmullrom"
						},
						"0.5": {
							"post": [1.47, -0.02, -0.85],
							"lerp_mode": "catmullrom"
						},
						"0.5667": {
							"post": [1.755, -0.05, -1.2],
							"lerp_mode": "catmullrom"
						},
						"0.6667": {
							"post": [0.79, -0.07, -0.585],
							"lerp_mode": "catmullrom"
						},
						"0.8": {
							"post": [1.195, -0.09, -1.205],
							"lerp_mode": "catmullrom"
						},
						"0.9667": {
							"post": [1.14, -0.12, -0.86],
							"lerp_mode": "catmullrom"
						},
						"1.1": {
							"post": [1.345, -0.12, -1.025],
							"lerp_mode": "catmullrom"
						},
						"1.3667": {
							"post": [0.375, 0.075, -1.2],
							"lerp_mode": "catmullrom"
						},
						"1.8333": {
							"post": [0.29, 0.11, -1.29],
							"lerp_mode": "catmullrom"
						},
						"1.9": {
							"post": [1.07, 0.11, -0.76],
							"lerp_mode": "catmullrom"
						},
						"2.0": {
							"post": [0.42, 0.11, -1.485],
							"lerp_mode": "catmullrom"
						},
						"2.1": {
							"post": [0.565, 0.08, -0.775],
							"lerp_mode": "catmullrom"
						},
						"2.2": {
							"post": [0.25, 0.04, -0.61],
							"lerp_mode": "catmullrom"
						},
						"2.3": {
							"post": [-0.225, 0, 0.125],
							"lerp_mode": "catmullrom"
						},
						"2.3667": {
							"post": [-0.35, 0, 0.2],
							"lerp_mode": "catmullrom"
						},
						"2.4667": {
							"post": [0.25, 0, -0.25],
							"lerp_mode": "catmullrom"
						},
						"2.5667": {
							"post": [-0.075, 0, 0.075],
							"lerp_mode": "catmullrom"
						},
						"3.1333": {
							"post": [0.01, 0.05, 0.5],
							"lerp_mode": "catmullrom"
						},
						"3.2667": {
							"post": [0.04, 0.06, -0.72],
							"lerp_mode": "catmullrom"
						},
						"3.8667": {
							"post": [0.29, 0.11, -1.29],
							"lerp_mode": "catmullrom"
						},
						"3.9333": {
							"post": [1.07, 0.11, -0.76],
							"lerp_mode": "catmullrom"
						},
						"4.0333": {
							"post": [0.42, 0.11, -1.485],
							"lerp_mode": "catmullrom"
						},
						"4.1333": {
							"post": [0.565, 0.08, -0.775],
							"lerp_mode": "catmullrom"
						},
						"4.2333": {
							"post": [0.25, 0.04, -0.61],
							"lerp_mode": "catmullrom"
						},
						"4.3333": {
							"post": [-0.225, 0, 0.125],
							"lerp_mode": "catmullrom"
						},
						"4.4": {
							"post": [-0.35, 0, 0.2],
							"lerp_mode": "catmullrom"
						},
						"4.5": {
							"post": [0.25, 0, -0.25],
							"lerp_mode": "catmullrom"
						},
						"4.6": {
							"post": [-0.075, 0, 0.075],
							"lerp_mode": "catmullrom"
						},
						"5.4": {
							"post": [0.29, 0.11, -1.29],
							"lerp_mode": "catmullrom"
						},
						"5.4667": {
							"post": [1.07, 0.11, -0.76],
							"lerp_mode": "catmullrom"
						},
						"5.5667": {
							"post": [0.42, 0.11, -1.485],
							"lerp_mode": "catmullrom"
						},
						"5.6667": {
							"post": [0.565, 0.08, -0.775],
							"lerp_mode": "catmullrom"
						},
						"5.7667": {
							"post": [0.25, 0.04, -0.61],
							"lerp_mode": "catmullrom"
						},
						"5.8667": {
							"post": [-0.225, 0, 0.125],
							"lerp_mode": "catmullrom"
						},
						"5.9333": {
							"post": [-0.35, 0, 0.2],
							"lerp_mode": "catmullrom"
						},
						"6.0333": {
							"post": [0.25, 0, -0.25],
							"lerp_mode": "catmullrom"
						},
						"6.2333": {
							"post": [0.29, 0.11, -1.29],
							"lerp_mode": "catmullrom"
						},
						"6.5": {
							"post": [0.565, 0.08, -0.775],
							"lerp_mode": "catmullrom"
						},
						"6.8667": {
							"post": [0, 0, 0],
							"lerp_mode": "catmullrom"
						}
					},
					"position": [0, 0, 0]
				},
				"bullet_in_mag2": {
					"rotation": {
						"0.0": [0, 0, 0],
						"0.0333": [0, 0, 0],
						"2.8333": [0, 0, 0],
						"4.1": {
							"pre": [0, 0, 0],
							"post": [0, 0, 0],
							"lerp_mode": "catmullrom"
						},
						"4.2667": [0, 0, 0],
						"6.9667": [0, 0, 0],
						"7.0": [0, 0, 0]
					},
					"position": {
						"0.0": [0, -32, 0],
						"0.0333": [0, -32, 0],
						"2.8333": [0, -32, 0],
						"3.2333": {
							"pre": [8.5, -10.06, 0],
							"post": [8.5, -10.06, 0],
							"lerp_mode": "catmullrom"
						},
						"3.5": {
							"post": [3.5, 0.69, 0],
							"lerp_mode": "catmullrom"
						},
						"3.6333": {
							"post": [2.805, 1.835, 0],
							"lerp_mode": "catmullrom"
						},
						"3.7": {
							"post": [3.01, 1.29, 0],
							"lerp_mode": "catmullrom"
						},
						"3.8": {
							"post": [2.75, 0.69, 0],
							"lerp_mode": "catmullrom"
						},
						"3.9333": {
							"post": [0.37, 0.6, 0],
							"lerp_mode": "catmullrom"
						},
						"4.1": [0, 0, 0],
						"6.9667": [0, 0, 0],
						"7.0": [0, -32, 0]
					},
					"scale": {
						"0.0": [0, 0, 1],
						"0.0333": [1, 1, 1],
						"6.9667": [1, 1, 1],
						"7.0": [0, 0, 1]
					}
				},
				"dlzd2": {
					"rotation": {
						"0.0": [0, 0, 0],
						"1.7": [0, -15, 0],
						"1.8333": [0, -37.5, 0],
						"4.0667": [0, 0, 0],
						"4.1": [0, 0, 0],
						"4.2667": [0, 0, 0],
						"6.9667": [0, 0, 0],
						"7.0": [0, 0, 0]
					}
				},
				"dlzd4": {
					"rotation": {
						"1.7": [0, 0, 0],
						"1.8667": [0, -45, 0],
						"3.5333": [0, 0, 0],
						"4.1": [0, 0, 0],
						"7.0": [0, 0, 0]
					},
					"position": {
						"1.7": [0, 0, 0],
						"3.5333": [0, 0, 0],
						"4.1": [0, 0, 0],
						"7.0": [0, 0, 0]
					}
				},
				"dlzd5": {
					"rotation": {
						"0.0": [0, 0, 0],
						"2.0": [0, -22.5, 0],
						"4.1": [0, 0, 0],
						"7.0": [0, 0, 0]
					},
					"position": {
						"0.0": [0, 0, 0],
						"2.0": [0, 0, 0.25],
						"3.5333": [0, 0, 0]
					}
				},
				"constraint": {
					"rotation": [0.8, 0.8, 0.8],
					"position": [0.8, 0.8, 0.8]
				},
				"jj": {
					"rotation": {
						"0.0": [0, 0, 0],
						"0.5667": {
							"pre": [0, 0, 45],
							"post": [0, 0, 45],
							"lerp_mode": "catmullrom"
						},
						"1.0667": {
							"post": [0, 0, -3.5],
							"lerp_mode": "catmullrom"
						},
						"1.4667": {
							"post": [0, 0, 14.26],
							"lerp_mode": "catmullrom"
						},
						"3.1": {
							"post": [0, 0, -9.26],
							"lerp_mode": "catmullrom"
						},
						"3.5333": {
							"post": [-0.00569, 0.00328, 10.95872],
							"lerp_mode": "catmullrom"
						},
						"3.9667": {
							"post": [0, 0, -24.26],
							"lerp_mode": "catmullrom"
						},
						"4.3667": {
							"post": [0.08923, 0.01175, -16.71178],
							"lerp_mode": "catmullrom"
						},
						"4.7667": {
							"post": [0.17644, -0.03088, 0.4529],
							"lerp_mode": "catmullrom"
						},
						"5.2": {
							"post": [0.27, 0, 0],
							"lerp_mode": "catmullrom"
						},
						"5.6": {
							"post": [0, 0, -19.26],
							"lerp_mode": "catmullrom"
						},
						"5.9333": {
							"post": [0, 0, -6.67],
							"lerp_mode": "catmullrom"
						},
						"6.2667": {
							"post": [0, 0, -38.77],
							"lerp_mode": "catmullrom"
						},
						"6.5667": {
							"post": [0, 0, -17.12],
							"lerp_mode": "catmullrom"
						},
						"6.9667": [0, 0, 0]
					},
					"position": {
						"0.0": [0, 0, 0],
						"6.9667": [0, 0, 0]
					}
				},
				"jxg": {
					"rotation": {
						"0.8": [0, 0, 0],
						"0.9667": [-90, 0, 0],
						"1.0333": [-86.29, 0, 0],
						"1.0667": [-90, 0, 0],
						"3.0333": [-90, 0, 0],
						"4.9": [-90, 0, 0],
						"5.1667": [0, 0, 0],
						"6.8667": [0, 0, 0]
					},
					"position": {
						"0.8": [0, 0, 0],
						"6.8667": [0, 0, 0]
					}
				},
				"ljb": {
					"position": {
						"0.0": [0, 0, 0],
						"5.8667": [0, 0, 0],
						"6.0667": [0, 0, -6],
						"6.2": [0, 0, -6],
						"6.3667": [0, 0, 0]
					}
				}
			},
			"sound_effects": {
				"0.0333": {
					"effect": "gunreloadingdesigned_09"
				},
				"2.0333": {
					"effect": "gunmechanismstrong_09"
				},
				"3.3333": {
					"effect": "gearsteps_08"
				},
				"4.0667": {
					"effect": "gunmechanismstrong_02"
				},
				"5.0667": {
					"effect": "loading5"
				},
				"5.5667": {
					"effect": "gunreloadingdesigned_01"
				}
			}
		},
		"shoot": {
			"animation_length": 0.6667,
			"bones": {
				"root": {
					"rotation": {
						"0.0": [0, 0, 0],
						"0.0333": [0.25, 0.03, -6.5],
						"0.0667": [-2.75, 0.01, 4],
						"0.1": [-2.16, -0.12, -1.41],
						"0.1333": [-1.63, -0.03, -0.64],
						"0.1667": [-1, 0.07, 0.75],
						"0.2": [-0.49, 0.06, 0.78],
						"0.2333": [0.05, 0.02, 0.51],
						"0.2667": [0.37, 0, 0.25],
						"0.3": [0.36, -0.01, 0.12],
						"0.3333": [0.19, -0.01, -0.01],
						"0.3667": [-0.02, 0, -0.12],
						"0.4": [-0.13, 0, -0.18],
						"0.4333": [-0.12, 0, -0.17],
						"0.4667": [-0.03, 0, -0.12],
						"0.5": [0.07, 0, -0.05],
						"0.5333": [0.13, 0, 0],
						"0.5667": [0.12, 0, 0.01],
						"0.6": [0.08, 0, 0.01],
						"0.6333": [0.03, 0, 0],
						"0.6667": [0, 0, 0]
					},
					"position": {
						"0.0": [0, 0, 0],
						"0.0333": [0, -0.3, 1.65],
						"0.0667": [0, 0.08, 1.46],
						"0.1": [0, 0.09, 0.54],
						"0.1333": [0, 0.04, -0.32],
						"0.1667": [0, 0.01, -0.39],
						"0.2": [0, -0.03, -0.22],
						"0.2333": [0, -0.06, -0.07],
						"0.2667": [0, -0.07, -0.04],
						"0.3": [0, -0.07, 0],
						"0.3333": [0, -0.07, 0.02],
						"0.3667": [0, -0.06, 0.03],
						"0.4": [0, -0.05, 0.03],
						"0.4333": [0, -0.04, 0.03],
						"0.4667": [0, -0.02, 0.02],
						"0.5": [0, -0.01, 0.01],
						"0.5333": [0, 0, 0],
						"0.5667": [0, 0, 0],
						"0.6": [0, 0, 0],
						"0.6333": [0, 0, 0],
						"0.6667": [0, 0, 0]
					}
				},
				"camera": {
					"rotation": {
						"0.0": [0, 0, 0],
						"0.0333": [0, 0, 1.1],
						"0.0667": [0, 0, -0.75],
						"0.1": [0, 0, 0.76],
						"0.1333": [0, 0, -0.39],
						"0.1667": [0, 0, 0.28],
						"0.2": [0, 0, 0.14],
						"0.2333": [0, 0, -0.07],
						"0.2667": [0, 0, -0.06],
						"0.3": [0, 0, 0]
					},
					"position": [0, 0, -7]
				},
				"bullet_in_mag2": {
					"rotation": [0, 0, 0],
					"position": [0, -32, 0],
					"scale": [0, 0, 1]
				},
				"jj": {
					"rotation": {
						"0.0": [0, 0, 0],
						"0.0333": {
							"pre": [0, 0, 25],
							"post": [0, 0, 25],
							"lerp_mode": "catmullrom"
						},
						"0.1": {
							"post": [0, 0, -10.29],
							"lerp_mode": "catmullrom"
						},
						"0.4333": {
							"post": [0, 0, 8.84],
							"lerp_mode": "catmullrom"
						},
						"0.6667": [0, 0, 0]
					},
					"position": {
						"0.0": [0, 0, 0],
						"0.6667": [0, 0, 0]
					},
					"scale": {
						"0.0": [1, 1, 1],
						"0.6667": [1, 1, 1]
					}
				},
				"tb": {
					"rotation": {
						"0.0": [0, 0, 0],
						"0.0333": [0, 0, 0],
						"0.0667": [0, 0, 0],
						"0.1": [22.5, 0, 0],
						"0.1333": [45, 0, 0],
						"0.1667": [51.25, 0, 0],
						"0.2": [57.5, 0, 0],
						"0.2333": [40.01, 0, 0],
						"0.2667": [22.5, 0, 0],
						"0.3": [-12.5, 0, 0],
						"0.3333": [22.5, 0, 0],
						"0.3667": [-2.5, 0, 0],
						"0.4": [0, 0, 0]
					},
					"position": {
						"0.0": [0, 0, 0],
						"0.0333": [0, 0, 0],
						"0.0667": [0, 0, 0],
						"0.1": [0, 0, 0],
						"0.1333": [0, 0, 0],
						"0.1667": [0, 0, 0],
						"0.2": [0, 0, 0],
						"0.2333": [0, 0, 0],
						"0.2667": [0, 0, 0],
						"0.3": [0, 0, 0],
						"0.3333": [0, 0, 0],
						"0.3667": [0, 0, 0],
						"0.4": [0, 0, 0]
					}
				},
				"constraint": {
					"rotation": [0.1, 0.1, 0.1],
					"position": [0.1, 0.1, 0.1]
				},
				"bullet_in_mag": {
					"rotation": [0, 0, 0],
					"position": [0, 0, 0]
				}
			}
		},
		"inspect": {
			"animation_length": 5.3667,
			"bones": {
				"root": {
					"rotation": {
						"0.0": {
							"post": [0, 0, 0],
							"lerp_mode": "catmullrom"
						},
						"0.3333": {
							"post": [0, 0, 0],
							"lerp_mode": "catmullrom"
						},
						"0.5333": {
							"post": [-0.6639, -11.73507, -20.44582],
							"lerp_mode": "catmullrom"
						},
						"0.7": {
							"post": [-2.50452, -15.11836, -15.64961],
							"lerp_mode": "catmullrom"
						},
						"1.0667": {
							"post": [-2.39872, -19.03133, -17.3245],
							"lerp_mode": "catmullrom"
						},
						"1.4333": {
							"post": [-2.53682, -17.61594, -15.53502],
							"lerp_mode": "catmullrom"
						},
						"1.9333": {
							"post": [-7.34536, -17.5765, -2.1171],
							"lerp_mode": "catmullrom"
						},
						"2.3333": {
							"post": [-8.84568, -14.64191, 12.91166],
							"lerp_mode": "catmullrom"
						},
						"2.5667": {
							"post": [-5.30991, 8.24282, 52.15936],
							"lerp_mode": "catmullrom"
						},
						"2.7333": {
							"post": [-4.09667, 10.38891, 55.41026],
							"lerp_mode": "catmullrom"
						},
						"2.9": {
							"post": [-4.199, 9.38899, 55.64099],
							"lerp_mode": "catmullrom"
						},
						"3.0333": {
							"post": [-5.84478, 9.53104, 55.57627],
							"lerp_mode": "catmullrom"
						},
						"3.2667": {
							"post": [-5.54855, 11.18277, 54.68572],
							"lerp_mode": "catmullrom"
						},
						"3.8667": {
							"post": [-6.21397, 10.98436, 52.0407],
							"lerp_mode": "catmullrom"
						},
						"4.4333": {
							"post": [-5.30991, 8.24282, 52.15936],
							"lerp_mode": "catmullrom"
						},
						"4.6667": {
							"post": [0, 0, 0],
							"lerp_mode": "catmullrom"
						},
						"4.9333": {
							"post": [0.22166, -0.39517, 1.08974],
							"lerp_mode": "catmullrom"
						},
						"5.2667": {
							"post": [0, 0, 0],
							"lerp_mode": "catmullrom"
						}
					},
					"position": {
						"0.0": {
							"post": [0, 0, 0],
							"lerp_mode": "catmullrom"
						},
						"0.3333": {
							"post": [0.47, 0, -1.47],
							"lerp_mode": "catmullrom"
						},
						"0.5333": {
							"post": [5, 0, -3],
							"lerp_mode": "catmullrom"
						},
						"0.7": {
							"post": [6.07, -0.49, -2.94],
							"lerp_mode": "catmullrom"
						},
						"0.8667": {
							"post": [6.72, 0.19, -3.02],
							"lerp_mode": "catmullrom"
						},
						"1.4333": {
							"post": [7, 0, -3],
							"lerp_mode": "catmullrom"
						},
						"2.3333": {
							"post": [4, 0, -2],
							"lerp_mode": "catmullrom"
						},
						"2.5667": {
							"post": [0.75, -1.5, -7],
							"lerp_mode": "catmullrom"
						},
						"2.8": {
							"post": [0, 0, -7],
							"lerp_mode": "catmullrom"
						},
						"3.8667": {
							"post": [0, 0, -7],
							"lerp_mode": "catmullrom"
						},
						"4.6667": {
							"post": [0, 0, 0],
							"lerp_mode": "catmullrom"
						},
						"5.2667": {
							"post": [0, 0, 0],
							"lerp_mode": "catmullrom"
						}
					}
				},
				"lefthand": {
					"rotation": {
						"0.0": [87.78608, -46.85425, -158.59964],
						"2.2667": [87.78608, -46.85425, -158.59964],
						"2.7333": [84.88926, -43.0392, -176.53179],
						"3.4": [85.76773, -28.08804, -178.02932],
						"4.1333": [84.88926, -43.0392, -176.53179],
						"4.6": [87.78608, -46.85425, -158.59964],
						"5.3667": [87.78608, -46.85425, -158.59964]
					},
					"position": {
						"0.0": [7.04784, -17.40179, 1.94678],
						"5.3667": [7.04784, -17.40179, 1.94678]
					},
					"scale": {
						"0.0": [1, 1.5, 1],
						"5.3667": [1, 1.5, 1]
					}
				},
				"righthand": {
					"rotation": {
						"0.0": [95.0274, 5.97708, -179.47516],
						"5.3667": [95.0274, 5.97708, -179.47516]
					},
					"position": {
						"0.0": [-6.97538, -18.53414, 14.7436],
						"5.3667": [-6.97538, -18.53414, 14.7436]
					},
					"scale": {
						"0.0": [1, 1.5, 1],
						"5.3667": [1, 1.5, 1]
					}
				},
				"jj": {
					"rotation": {
						"0.0": [0, 0, 0],
						"0.3667": [0, 0, 0],
						"0.7": {
							"pre": [-35, 0, 0],
							"post": [-35, 0, 0],
							"lerp_mode": "catmullrom"
						},
						"1.1": {
							"post": [10, 0, 0],
							"lerp_mode": "catmullrom"
						},
						"1.5": {
							"post": [-20, 0, 0],
							"lerp_mode": "catmullrom"
						},
						"1.6667": {
							"post": [-25, 0, 0],
							"lerp_mode": "catmullrom"
						},
						"1.8": {
							"post": [-15, 0, 0],
							"lerp_mode": "catmullrom"
						},
						"1.9333": {
							"post": [2.98, 0, 0],
							"lerp_mode": "catmullrom"
						},
						"2.3": {
							"post": [20.48, 0, 0],
							"lerp_mode": "catmullrom"
						},
						"2.6": {
							"post": [-24.21, 0, 0],
							"lerp_mode": "catmullrom"
						},
						"3.1": {
							"post": [83.67, 0, 0],
							"lerp_mode": "catmullrom"
						},
						"3.4667": {
							"post": [0.1, 0, 0],
							"lerp_mode": "catmullrom"
						},
						"3.8333": {
							"post": [69.83, 0, 0],
							"lerp_mode": "catmullrom"
						},
						"4.1667": {
							"post": [30.15, 0, 0],
							"lerp_mode": "catmullrom"
						},
						"4.5": {
							"post": [35.15, 0, 0],
							"lerp_mode": "catmullrom"
						},
						"4.7667": {
							"post": [-16.36, 0, 0],
							"lerp_mode": "catmullrom"
						},
						"5.0667": {
							"post": [14.67, 0, 0],
							"lerp_mode": "catmullrom"
						},
						"5.3667": {
							"post": [-12.38, 0, 0],
							"lerp_mode": "catmullrom"
						}
					},
					"position": {
						"0.0": [0, 0, 0],
						"0.3667": [0, 0, 0],
						"5.3667": [0, 0, 0]
					},
					"scale": {
						"0.0": [1, 1, 1],
						"0.3667": [1, 1, 1],
						"5.3667": [1, 1, 1]
					}
				},
				"constraint": {
					"rotation": [0.2, 0.2, 0.2],
					"position": [0.2, 0.2, 0.2],
					"scale": 1
				},
				"camera": {
					"rotation": {
						"0.0": {
							"post": [0, 0, 0],
							"lerp_mode": "catmullrom"
						},
						"0.1": {
							"post": [0.51, 2.09, 0.25],
							"lerp_mode": "catmullrom"
						},
						"0.5": {
							"post": [15, 5, 0],
							"lerp_mode": "catmullrom"
						},
						"0.8667": {
							"post": [15, 5, 0],
							"lerp_mode": "catmullrom"
						},
						"1.5": {
							"post": [5, -5, 0],
							"lerp_mode": "catmullrom"
						},
						"1.9667": {
							"post": [5, -5, 0],
							"lerp_mode": "catmullrom"
						},
						"2.4": {
							"post": [15.68, 1.83, -0.32],
							"lerp_mode": "catmullrom"
						},
						"2.6": {
							"post": [15.93, 2.86, 0.25],
							"lerp_mode": "catmullrom"
						},
						"2.8333": {
							"post": [14.92, 3.87, -0.26],
							"lerp_mode": "catmullrom"
						},
						"3.7333": {
							"post": [10, 7.5, 0],
							"lerp_mode": "catmullrom"
						},
						"4.3333": {
							"post": [2.5, 7.5, 0],
							"lerp_mode": "catmullrom"
						},
						"4.5333": {
							"post": [0.51, 2.09, 0.25],
							"lerp_mode": "catmullrom"
						},
						"4.6333": {
							"post": [0.28, 1.34, -0.1255],
							"lerp_mode": "catmullrom"
						},
						"4.7333": {
							"post": [0.16, 0.78, -1.11],
							"lerp_mode": "catmullrom"
						},
						"5.3": {
							"post": [0, 0, 0],
							"lerp_mode": "catmullrom"
						}
					}
				}
			},
			"sound_effects": {
				"0.3": {
					"effect": "ejectionbullet5"
				},
				"2.2333": {
					"effect": "ejectionbullet4"
				},
				"2.4": {
					"effect": "ejectionbullet5"
				}
			}
		}
	}
}