{
	"format_version": "1.8.0",
	"animations": {
		"static_idle": {
			"loop": true,
			"animation_length": 0.0417,
			"bones": {
				"root": {
					"rotation": [0, 0, 0],
					"position": [0, 0, 0],
					"scale": 1
				},
				"lefthand": {
					"rotation": [-335.5531, 0, -59.0355],
					"position": [7, -13, -17],
					"scale": [1, 2, 1]
				},
				"constraint": {
					"rotation": [0.3, 0.3, 0.3],
					"position": [0.3, 0.3, 0.3],
					"scale": 1
				},
				"righthand": {
					"rotation": [2.81685, -1.97459, 43.40557],
					"position": [-6.2127, -10.18467, -4.91371],
					"scale": [1, 2, 1]
				},
				"M72": {
					"rotation": [0, 0, 0],
					"position": [0, 0, 0],
					"scale": 1
				},
				"camera": {
					"rotation": [0, 0, 0],
					"position": [0, 0, 0]
				}
			}
		},
		"draw": {
			"animation_length": 1.0833,
			"bones": {
				"root": {
					"rotation": {
						"0.0": {
							"post": [22.5, -42.5, 27.5],
							"lerp_mode": "catmullrom"
						},
						"0.1667": {
							"post": [25, -40, 32.5],
							"lerp_mode": "catmullrom"
						},
						"0.2917": {
							"post": [27.05, -42.11, 29.63],
							"lerp_mode": "catmullrom"
						},
						"0.3333": {
							"post": [27.5, -42.5, 27.5],
							"lerp_mode": "catmullrom"
						},
						"0.375": {
							"post": [28.23, -42.37, 30.37],
							"lerp_mode": "catmullrom"
						},
						"0.5": {
							"post": [27.5, -40, 27.5],
							"lerp_mode": "catmullrom"
						},
						"0.6667": {
							"post": [7.5, -40, 27.5],
							"lerp_mode": "catmullrom"
						},
						"1.0833": [0, 0, 0]
					},
					"position": {
						"0.0": [7.89301, -10.14886, -9.83382],
						"0.3333": {
							"pre": [2.40833, -1.56859, -0.73014],
							"post": [2.40833, -1.56859, -0.73014],
							"lerp_mode": "catmullrom"
						},
						"0.5417": {
							"post": [4, -5, -3],
							"lerp_mode": "catmullrom"
						},
						"0.75": {
							"post": [4, -5, -3],
							"lerp_mode": "catmullrom"
						},
						"1.0833": [0, 0, 0]
					},
					"scale": {
						"0.0": [1, 1, 1],
						"1.0833": [1, 1, 1]
					}
				},
				"lefthand": {
					"rotation": {
						"0.0": [-233.55528, -52.12123, -235.82949],
						"1.0833": [-335.55309, 0.59794, -59.03552]
					},
					"position": {
						"0.0": [7.03489, -14.10828, -9.1687],
						"1.0833": [7.62069, -13.50002, -17.99782]
					},
					"scale": [1, 2, 1]
				},
				"gun_and_righthand": {
					"rotation": [0, 0, 0],
					"position": [0, 0, 0],
					"scale": 1
				},
				"constraint": {
					"rotation": {
						"0.0": [0.3, 0.3, 0.3],
						"1.0833": [0.3, 0.3, 0.3]
					},
					"position": {
						"0.0": [0.3, 0.3, 0.3],
						"1.0833": [0.3, 0.3, 0.3]
					},
					"scale": {
						"0.0": [1, 1, 1],
						"1.0833": [1, 1, 1]
					}
				},
				"righthand": {
					"rotation": {
						"0.0": {
							"post": [79.58346, 49.90613, 14.49585],
							"lerp_mode": "catmullrom"
						},
						"0.125": {
							"post": [79.58, 49.91, 14.5],
							"lerp_mode": "catmullrom"
						},
						"1.0": [6.98689, -0.68466, 54.24705],
						"1.0833": [2.81685, -1.97459, 43.40557]
					},
					"position": {
						"0.0": {
							"post": [-4.70936, -15.51058, 6.61762],
							"lerp_mode": "catmullrom"
						},
						"0.125": {
							"post": [-4.70936, -15.51058, 6.61762],
							"lerp_mode": "catmullrom"
						},
						"0.3333": {
							"post": [-4.30896, -14.10359, 15.79582],
							"lerp_mode": "catmullrom"
						},
						"0.4583": {
							"post": [-4.30896, -14.10359, 15.79582],
							"lerp_mode": "catmullrom"
						},
						"0.625": {
							"post": [-11.66398, -14.35301, 7.68257],
							"lerp_mode": "catmullrom"
						},
						"0.9167": {
							"post": [-9.34019, -6.41239, -4.23729],
							"lerp_mode": "catmullrom"
						},
						"1.0": [-6.95763, -9.51769, -4.89912],
						"1.0833": [-6.2127, -10.18467, -4.91371]
					},
					"scale": {
						"0.0": [1, 2, 1],
						"1.0833": [1, 2, 1]
					}
				},
				"camera": {
					"rotation": {
						"0.0": {
							"post": [0, 0, 0],
							"lerp_mode": "catmullrom"
						},
						"0.125": {
							"post": [1, 0, 1],
							"lerp_mode": "catmullrom"
						},
						"0.2917": {
							"post": [2, 2, 1],
							"lerp_mode": "catmullrom"
						},
						"0.375": {
							"post": [1, 3, 2],
							"lerp_mode": "catmullrom"
						},
						"1.0833": {
							"post": [0, 0, 0],
							"lerp_mode": "catmullrom"
						}
					},
					"position": {
						"0.0": {
							"post": [0, 0, 0],
							"lerp_mode": "catmullrom"
						}
					},
					"scale": 1
				},
				"M72": {
					"rotation": {
						"0.0": [0, 0, 0],
						"1.0833": [0, 0, 0]
					},
					"position": {
						"0.0": [0, 0, 0],
						"1.0833": [0, 0, 0]
					},
					"scale": {
						"0.0": [1, 1, 1],
						"1.0833": [1, 1, 1]
					}
				},
				"MJ": {
					"rotation": {
						"0.0": [-90, 0, 0],
						"0.2083": [-90, 0, 0],
						"0.2917": [0, 0, 0]
					},
					"position": {
						"0.0": [0, 0, 0],
						"0.2083": [0, 0, 0]
					}
				},
				"QMJ": {
					"rotation": {
						"0.0": [-90, 0, 0],
						"0.1667": [-22.5, 0, 0],
						"0.2083": [0, 0, 0]
					},
					"position": [0, 0, 0]
				},
				"PG": {
					"rotation": [0, 0, 0],
					"position": {
						"0.0": [0, 0, -10],
						"0.125": [0, 0, -10],
						"0.3333": [0, 0, 0]
					}
				}
			}
		},
		"put_away": {
			"animation_length": 0.75,
			"bones": {
				"root": {
					"rotation": {
						"0.0": [0, 0, 0],
						"0.25": [9.45078, 4.67519, -39.32191],
						"0.5": [16.0928, 11.86682, -55.01387],
						"0.75": [16.0928, 11.86682, -55.01387]
					},
					"position": {
						"0.0": [0, 0, 0],
						"0.25": [-9, -4, -3],
						"0.5": [-7.5, -8.5, -6],
						"0.75": [0, -18, -9]
					},
					"scale": 1
				},
				"lefthand": {
					"rotation": {
						"0.0": [-335.5531, 0, -59.0355],
						"0.25": [-337.00412, -8.55295, -38.40796],
						"0.5": [-341.75971, -16.57325, -16.84386]
					},
					"position": {
						"0.0": [7, -13, -17],
						"0.25": [7.39349, -13.5637, -4.29613],
						"0.5": [9.07337, -16.01961, -4.64144]
					},
					"scale": [1, 2, 1]
				},
				"gun_and_righthand": {
					"rotation": [0, 0, 0],
					"position": [0, 0, 0],
					"scale": 1
				},
				"constraint": {
					"rotation": [0.3, 0.3, 0.3],
					"position": [0.3, 0.3, 0.3],
					"scale": 1
				},
				"righthand": {
					"rotation": [2.81685, -1.97459, 43.40557],
					"position": [-6.2127, -10.18467, -4.91371],
					"scale": [1, 2, 1]
				},
				"camera": {
					"rotation": {
						"0.0": [0, 0, 0],
						"0.3333": {
							"pre": [7.5, 5, 2.5],
							"post": [7.5, 5, 2.5],
							"lerp_mode": "catmullrom"
						},
						"0.75": {
							"post": [2.5, 0.5, -0.5],
							"lerp_mode": "catmullrom"
						}
					},
					"position": [0, 0, 0],
					"scale": 1
				},
				"M72": {
					"rotation": {
						"0.0": [0, 0, 0],
						"0.5": [0, 0, 0]
					},
					"position": {
						"0.0": [0, 0, 0],
						"0.5": [0, 0, 0]
					},
					"scale": {
						"0.0": [1, 1, 1],
						"0.5": [1, 1, 1]
					}
				}
			}
		},
		"reload_empty": {
			"animation_length": 3,
			"bones": {
				"root": {
					"rotation": {
						"0.0": [0, 0, 0],
						"0.25": [9.45078, 4.67519, -39.32191],
						"0.5": [16.0928, 11.86682, -55.01387],
						"0.75": [16.0928, 11.86682, -55.01387],
						"1.2917": [16.0928, 11.86682, -55.01387],
						"1.5417": {
							"pre": [22.5, -42.5, 27.5],
							"post": [22.5, -42.5, 27.5],
							"lerp_mode": "catmullrom"
						},
						"1.7083": {
							"post": [25, -40, 32.5],
							"lerp_mode": "catmullrom"
						},
						"1.8333": {
							"post": [27.05, -42.11, 29.63],
							"lerp_mode": "catmullrom"
						},
						"1.875": {
							"post": [27.5, -42.5, 27.5],
							"lerp_mode": "catmullrom"
						},
						"1.9167": {
							"post": [28.23, -42.37, 30.37],
							"lerp_mode": "catmullrom"
						},
						"2.0417": {
							"post": [27.5, -40, 27.5],
							"lerp_mode": "catmullrom"
						},
						"2.2083": {
							"post": [7.5, -40, 27.5],
							"lerp_mode": "catmullrom"
						},
						"2.625": [0, 0, 0],
						"3.0": [0, 0, 0]
					},
					"position": {
						"0.0": [0, 0, 0],
						"0.25": [-9, -4, -3],
						"0.5": [-7.5, -8.5, -6],
						"0.75": [0, -34, -9],
						"1.2917": [0, -34, -9],
						"1.5417": [7.89301, -14.14886, -9.83382],
						"1.875": {
							"pre": [2.40833, -1.56859, -0.73014],
							"post": [2.40833, -1.56859, -0.73014],
							"lerp_mode": "catmullrom"
						},
						"2.0833": {
							"post": [4, -5, -3],
							"lerp_mode": "catmullrom"
						},
						"2.2917": {
							"post": [4, -5, -3],
							"lerp_mode": "catmullrom"
						},
						"2.625": [0, 0, 0],
						"3.0": [0, 0, 0]
					},
					"scale": {
						"0.0": [1, 1, 1],
						"1.5417": [1, 1, 1],
						"2.625": [1, 1, 1],
						"3.0": [1, 1, 1]
					}
				},
				"lefthand": {
					"rotation": {
						"0.0": [-335.5531, 0, -59.0355],
						"0.25": [-337.00412, -8.55295, -38.40796],
						"0.5": [-341.75971, -16.57325, -16.84386],
						"1.2917": [-341.75971, -16.57325, -16.84386],
						"1.5417": [-233.55528, -52.12123, -235.82949],
						"2.625": [-335.55309, 0.59794, -59.03552],
						"3.0": [-335.55309, 0.59794, -59.03552]
					},
					"position": {
						"0.0": [7, -13, -17],
						"0.25": [7.39349, -13.5637, -4.29613],
						"0.5": [9.07337, -16.01961, -4.64144],
						"1.2917": [9.07337, -16.01961, -4.64144],
						"1.5417": [7.03489, -14.10828, -9.1687],
						"2.625": [7.62069, -13.50002, -17.99782],
						"3.0": [7.62069, -13.50002, -17.99782]
					},
					"scale": {
						"0.0": [1, 2, 1],
						"1.5417": [1, 2, 1],
						"3.0": [1, 2, 1]
					}
				},
				"mk14": {
					"relative_to": {
						"rotation": "entity"
					},
					"rotation": [0, 0, 0.01]
				},
				"constraint": {
					"rotation": {
						"0.0": [0.3, 0.3, 0.3],
						"1.5417": [0.3, 0.3, 0.3],
						"2.625": [0.3, 0.3, 0.3],
						"3.0": [0.3, 0.3, 0.3]
					},
					"position": {
						"0.0": [0.3, 1, 0.3],
						"1.5417": [0.3, 1, 0.3],
						"2.625": [0.3, 0.3, 0.3],
						"3.0": [0.3, 0.3, 0.3]
					},
					"scale": {
						"0.0": [1, 1, 1],
						"1.5417": [1, 1, 1],
						"2.625": [1, 1, 1],
						"3.0": [1, 1, 1]
					}
				},
				"righthand": {
					"rotation": {
						"0.0": [2.81685, -1.97459, 43.40557],
						"1.5417": {
							"pre": [79.58346, 49.90613, 14.49585],
							"post": [79.58346, 49.90613, 14.49585],
							"lerp_mode": "catmullrom"
						},
						"1.6667": {
							"post": [79.58, 49.91, 14.5],
							"lerp_mode": "catmullrom"
						},
						"2.5417": [6.98689, -0.68466, 54.24705],
						"2.625": [2.81685, -1.97459, 43.40557],
						"3.0": [2.81685, -1.97459, 43.40557]
					},
					"position": {
						"0.0": [-6.2127, -10.18467, -4.91371],
						"0.75": [-9.8653, -8.15787, 0.21528],
						"1.5417": {
							"pre": [-4.70936, -15.51058, 6.61762],
							"post": [-4.70936, -15.51058, 6.61762],
							"lerp_mode": "catmullrom"
						},
						"1.6667": {
							"post": [-4.70936, -15.51058, 6.61762],
							"lerp_mode": "catmullrom"
						},
						"1.875": {
							"post": [-4.30896, -14.10359, 15.79582],
							"lerp_mode": "catmullrom"
						},
						"2.0": {
							"post": [-4.30896, -14.10359, 15.79582],
							"lerp_mode": "catmullrom"
						},
						"2.1667": {
							"post": [-11.66398, -14.35301, 7.68257],
							"lerp_mode": "catmullrom"
						},
						"2.4583": {
							"post": [-9.34019, -6.41239, -4.23729],
							"lerp_mode": "catmullrom"
						},
						"2.5417": [-6.95763, -9.51769, -4.89912],
						"2.625": [-6.2127, -10.18467, -4.91371],
						"3.0": [-6.2127, -10.18467, -4.91371]
					},
					"scale": {
						"0.0": [1, 2, 1],
						"1.5417": [1, 2, 1],
						"2.625": [1, 2, 1],
						"3.0": [1, 2, 1]
					}
				},
				"camera": {
					"rotation": {
						"0.0": [0, 0, 0],
						"0.3333": {
							"pre": [7.5, 5, 2.5],
							"post": [7.5, 5, 2.5],
							"lerp_mode": "catmullrom"
						},
						"0.75": {
							"post": [2.5, 0.5, -0.5],
							"lerp_mode": "catmullrom"
						},
						"1.5417": {
							"post": [0, 0, 0],
							"lerp_mode": "catmullrom"
						},
						"1.6667": {
							"post": [1, 0, 1],
							"lerp_mode": "catmullrom"
						},
						"1.8333": {
							"post": [2, 2, 1],
							"lerp_mode": "catmullrom"
						},
						"1.9167": {
							"post": [1, 3, 2],
							"lerp_mode": "catmullrom"
						},
						"2.625": [0, 0, 0],
						"3.0": [0, 0, 0]
					},
					"position": {
						"0.0": [0, 0, 0],
						"1.5417": {
							"pre": [0, 0, 0],
							"post": [0, 0, 0],
							"lerp_mode": "catmullrom"
						},
						"2.625": [0, 0, 0],
						"3.0": [0, 0, 0]
					},
					"scale": {
						"0.0": [1, 1, 1],
						"1.5417": [1, 1, 1],
						"2.625": [1, 1, 1]
					}
				},
				"M72": {
					"rotation": {
						"0.0": [0, 0, 0],
						"0.5": [0, 0, 0],
						"1.5417": [0, 0, 0],
						"2.625": [0, 0, 0],
						"3.0": [0, 0, 0]
					},
					"position": {
						"0.0": [0, 0, 0],
						"0.5": [0, 0, 0],
						"1.5417": [0, 0, 0],
						"2.625": [0, 0, 0],
						"3.0": [0, 0, 0]
					},
					"scale": {
						"0.0": [1, 1, 1],
						"0.5": [1, 1, 1],
						"1.5417": [1, 1, 1],
						"2.625": [1, 1, 1],
						"3.0": [1, 1, 1]
					}
				},
				"MJ": {
					"rotation": {
						"0.0": [0, 0, 0],
						"0.875": [0, 0, 0],
						"1.5417": [-90, 0, 0],
						"1.75": [-90, 0, 0],
						"1.8333": [0, 0, 0]
					},
					"position": {
						"1.5417": [0, 0, 0],
						"1.75": [0, 0, 0]
					}
				},
				"QMJ": {
					"rotation": {
						"0.0": [0, 0, 0],
						"1.3333": [0, 0, 0],
						"1.375": [-90, 0, 0],
						"1.5417": [-90, 0, 0],
						"1.7083": [-22.5, 0, 0],
						"1.75": [0, 0, 0]
					},
					"position": [0, 0, 0]
				},
				"PG": {
					"rotation": [0, 0, 0],
					"position": {
						"0.0": [0, 0, 0],
						"1.3333": [0, 0, 0],
						"1.375": [0, 0, -10],
						"1.5417": [0, 0, -10],
						"1.6667": [0, 0, -10],
						"1.875": [0, 0, 0]
					}
				}
			},
			"sound_effects": {
				"1.4583": {
					"effect": "m72_reload_tactical"
				}
			}
		},
		"reload_tactical": {
			"animation_length": 3,
			"bones": {
				"root": {
					"rotation": {
						"0.0": [0, 0, 0],
						"0.25": [9.45078, 4.67519, -39.32191],
						"0.5": [16.0928, 11.86682, -55.01387],
						"0.75": [16.0928, 11.86682, -55.01387],
						"1.2917": [16.0928, 11.86682, -55.01387],
						"1.5417": {
							"pre": [22.5, -42.5, 27.5],
							"post": [22.5, -42.5, 27.5],
							"lerp_mode": "catmullrom"
						},
						"1.7083": {
							"post": [25, -40, 32.5],
							"lerp_mode": "catmullrom"
						},
						"1.8333": {
							"post": [27.05, -42.11, 29.63],
							"lerp_mode": "catmullrom"
						},
						"1.875": {
							"post": [27.5, -42.5, 27.5],
							"lerp_mode": "catmullrom"
						},
						"1.9167": {
							"post": [28.23, -42.37, 30.37],
							"lerp_mode": "catmullrom"
						},
						"2.0417": {
							"post": [27.5, -40, 27.5],
							"lerp_mode": "catmullrom"
						},
						"2.2083": {
							"post": [7.5, -40, 27.5],
							"lerp_mode": "catmullrom"
						},
						"2.625": [0, 0, 0],
						"3.0": [0, 0, 0]
					},
					"position": {
						"0.0": [0, 0, 0],
						"0.25": [-9, -4, -3],
						"0.5": [-7.5, -8.5, -6],
						"0.75": [0, -34, -9],
						"1.2917": [0, -34, -9],
						"1.5417": [7.89301, -14.14886, -9.83382],
						"1.875": {
							"pre": [2.40833, -1.56859, -0.73014],
							"post": [2.40833, -1.56859, -0.73014],
							"lerp_mode": "catmullrom"
						},
						"2.0833": {
							"post": [4, -5, -3],
							"lerp_mode": "catmullrom"
						},
						"2.2917": {
							"post": [4, -5, -3],
							"lerp_mode": "catmullrom"
						},
						"2.625": [0, 0, 0],
						"3.0": [0, 0, 0]
					},
					"scale": {
						"0.0": [1, 1, 1],
						"1.5417": [1, 1, 1],
						"2.625": [1, 1, 1],
						"3.0": [1, 1, 1]
					}
				},
				"lefthand": {
					"rotation": {
						"0.0": [-335.5531, 0, -59.0355],
						"0.25": [-337.00412, -8.55295, -38.40796],
						"0.5": [-341.75971, -16.57325, -16.84386],
						"1.2917": [-341.75971, -16.57325, -16.84386],
						"1.5417": [-233.55528, -52.12123, -235.82949],
						"2.625": [-335.55309, 0.59794, -59.03552],
						"3.0": [-335.55309, 0.59794, -59.03552]
					},
					"position": {
						"0.0": [7, -13, -17],
						"0.25": [7.39349, -13.5637, -4.29613],
						"0.5": [9.07337, -16.01961, -4.64144],
						"1.2917": [9.07337, -16.01961, -4.64144],
						"1.5417": [7.03489, -14.10828, -9.1687],
						"2.625": [7.62069, -13.50002, -17.99782],
						"3.0": [7.62069, -13.50002, -17.99782]
					},
					"scale": {
						"0.0": [1, 2, 1],
						"1.5417": [1, 2, 1],
						"3.0": [1, 2, 1]
					}
				},
				"mk14": {
					"relative_to": {
						"rotation": "entity"
					},
					"rotation": [0, 0, 0.01]
				},
				"constraint": {
					"rotation": {
						"0.0": [0.3, 0.3, 0.3],
						"1.5417": [0.3, 0.3, 0.3],
						"2.625": [0.3, 0.3, 0.3],
						"3.0": [0.3, 0.3, 0.3]
					},
					"position": {
						"0.0": [0.3, 1, 0.3],
						"1.5417": [0.3, 1, 0.3],
						"2.625": [0.3, 0.3, 0.3],
						"3.0": [0.3, 0.3, 0.3]
					},
					"scale": {
						"0.0": [1, 1, 1],
						"1.5417": [1, 1, 1],
						"2.625": [1, 1, 1],
						"3.0": [1, 1, 1]
					}
				},
				"righthand": {
					"rotation": {
						"0.0": [2.81685, -1.97459, 43.40557],
						"1.5417": {
							"pre": [79.58346, 49.90613, 14.49585],
							"post": [79.58346, 49.90613, 14.49585],
							"lerp_mode": "catmullrom"
						},
						"1.6667": {
							"post": [79.58, 49.91, 14.5],
							"lerp_mode": "catmullrom"
						},
						"2.5417": [6.98689, -0.68466, 54.24705],
						"2.625": [2.81685, -1.97459, 43.40557],
						"3.0": [2.81685, -1.97459, 43.40557]
					},
					"position": {
						"0.0": [-6.2127, -10.18467, -4.91371],
						"0.75": [-9.8653, -8.15787, 0.21528],
						"1.5417": {
							"pre": [-4.70936, -15.51058, 6.61762],
							"post": [-4.70936, -15.51058, 6.61762],
							"lerp_mode": "catmullrom"
						},
						"1.6667": {
							"post": [-4.70936, -15.51058, 6.61762],
							"lerp_mode": "catmullrom"
						},
						"1.875": {
							"post": [-4.30896, -14.10359, 15.79582],
							"lerp_mode": "catmullrom"
						},
						"2.0": {
							"post": [-4.30896, -14.10359, 15.79582],
							"lerp_mode": "catmullrom"
						},
						"2.1667": {
							"post": [-11.66398, -14.35301, 7.68257],
							"lerp_mode": "catmullrom"
						},
						"2.4583": {
							"post": [-9.34019, -6.41239, -4.23729],
							"lerp_mode": "catmullrom"
						},
						"2.5417": [-6.95763, -9.51769, -4.89912],
						"2.625": [-6.2127, -10.18467, -4.91371],
						"3.0": [-6.2127, -10.18467, -4.91371]
					},
					"scale": {
						"0.0": [1, 2, 1],
						"1.5417": [1, 2, 1],
						"2.625": [1, 2, 1],
						"3.0": [1, 2, 1]
					}
				},
				"camera": {
					"rotation": {
						"0.0": [0, 0, 0],
						"0.3333": {
							"pre": [7.5, 5, 2.5],
							"post": [7.5, 5, 2.5],
							"lerp_mode": "catmullrom"
						},
						"0.75": {
							"post": [2.5, 0.5, -0.5],
							"lerp_mode": "catmullrom"
						},
						"1.5417": {
							"post": [0, 0, 0],
							"lerp_mode": "catmullrom"
						},
						"1.6667": {
							"post": [1, 0, 1],
							"lerp_mode": "catmullrom"
						},
						"1.8333": {
							"post": [2, 2, 1],
							"lerp_mode": "catmullrom"
						},
						"1.9167": {
							"post": [1, 3, 2],
							"lerp_mode": "catmullrom"
						},
						"2.625": [0, 0, 0],
						"3.0": [0, 0, 0]
					},
					"position": {
						"0.0": [0, 0, 0],
						"1.5417": {
							"pre": [0, 0, 0],
							"post": [0, 0, 0],
							"lerp_mode": "catmullrom"
						},
						"2.625": [0, 0, 0],
						"3.0": [0, 0, 0]
					},
					"scale": {
						"0.0": [1, 1, 1],
						"1.5417": [1, 1, 1],
						"2.625": [1, 1, 1]
					}
				},
				"M72": {
					"rotation": {
						"0.0": [0, 0, 0],
						"0.5": [0, 0, 0],
						"1.5417": [0, 0, 0],
						"2.625": [0, 0, 0],
						"3.0": [0, 0, 0]
					},
					"position": {
						"0.0": [0, 0, 0],
						"0.5": [0, 0, 0],
						"1.5417": [0, 0, 0],
						"2.625": [0, 0, 0],
						"3.0": [0, 0, 0]
					},
					"scale": {
						"0.0": [1, 1, 1],
						"0.5": [1, 1, 1],
						"1.5417": [1, 1, 1],
						"2.625": [1, 1, 1],
						"3.0": [1, 1, 1]
					}
				},
				"MJ": {
					"rotation": {
						"0.0": [0, 0, 0],
						"0.875": [0, 0, 0],
						"1.5417": [-90, 0, 0],
						"1.75": [-90, 0, 0],
						"1.8333": [0, 0, 0]
					},
					"position": {
						"1.5417": [0, 0, 0],
						"1.75": [0, 0, 0]
					}
				},
				"QMJ": {
					"rotation": {
						"0.0": [0, 0, 0],
						"1.3333": [0, 0, 0],
						"1.375": [-90, 0, 0],
						"1.5417": [-90, 0, 0],
						"1.7083": [-22.5, 0, 0],
						"1.75": [0, 0, 0]
					},
					"position": [0, 0, 0]
				},
				"PG": {
					"rotation": [0, 0, 0],
					"position": {
						"0.0": [0, 0, 0],
						"1.3333": [0, 0, 0],
						"1.375": [0, 0, -10],
						"1.5417": [0, 0, -10],
						"1.6667": [0, 0, -10],
						"1.875": [0, 0, 0]
					}
				}
			},
			"sound_effects": {
				"0.0": {
					"effect": "m72_reload_tactical"
				}
			}
		},
		"shoot": {
			"animation_length": 0.4167,
			"bones": {
				"root": {
					"rotation": {
						"0.0": [0, 0, 0],
						"0.125": [-1.84303, 3.09886, 2.89777],
						"0.2083": [-0.81293, 1.3141, 1.24153],
						"0.4167": [0, 0, 0]
					},
					"position": {
						"0.0": [0, 0, 0],
						"0.125": [0, 0, 2],
						"0.4167": [0, 0, 0]
					},
					"scale": {
						"0.0": [1, 1, 1],
						"0.4167": [1, 1, 1]
					}
				}
			}
		},
		"static_bolt_caught": {
			"loop": true,
			"bones": {
				"root": {
					"rotation": [0, 0, 0],
					"position": [0, 0, 0],
					"scale": 1
				},
				"lefthand": {
					"rotation": [-335.5531, 0, -59.0355],
					"position": [7, -13, -17],
					"scale": [1, 2, 1]
				},
				"righthand": {
					"rotation": [2.81685, -1.97459, 43.40557],
					"position": [-6.2127, -10.18467, -4.91371],
					"scale": [1, 2, 1]
				},
				"M72": {
					"rotation": [0, 0, 0],
					"position": [0, 0, 0],
					"scale": 1
				},
				"constraint": {
					"rotation": [0.3, 0.3, 0.3],
					"position": [0.3, 0.3, 0.3],
					"scale": 1
				},
				"camera": {
					"rotation": [0, 0, 0],
					"position": [0, 0, 0]
				}
			}
		}
	}
}