{
	"format_version": "1.8.0",
	"animations": {
		"static_idle": {
			"animation_length": 0.0667,
			"bones": {
				"lefthand": {
					"rotation": [87.78608, -46.85425, -158.59964],
					"position": [7.04784, -17.40179, 1.94678],
					"scale": [1, 1.5, 1]
				},
				"righthand": {
					"rotation": [95.0274, 5.97708, -179.47516],
					"position": [-6.97538, -18.53414, 14.7436],
					"scale": [1, 1.5, 1]
				},
				"root": {
					"rotation": [0, 0, 0],
					"position": [0, 0, 0],
					"scale": 1
				},
				"bone31": {
					"rotation": [0, 0, 0],
					"position": [0, 0, 0],
					"scale": [0, 0, 1]
				},
				"constraint": {
					"rotation": [0.2, 0.2, 0.2],
					"position": [0.2, 0.2, 0.2],
					"scale": 1
				},
				"camera": {
					"position": [0, 0, -4]
				}
			}
		},
		"static_bolt_caught": {
			"animation_length": 0.2917,
			"bones": {
				"lefthand": {
					"rotation": [87.78608, -46.85425, -158.59964],
					"position": [7.04784, -17.40179, 1.94678],
					"scale": [1, 1.5, 1]
				},
				"righthand": {
					"rotation": [95.0274, 5.97708, -179.47516],
					"position": [-6.97538, -18.53414, 14.7436],
					"scale": [1, 1.5, 1]
				},
				"root": {
					"rotation": [0, 0, 0],
					"position": [0, 0, 0],
					"scale": 1
				},
				"bullet_in_magz": {
					"rotation": [0, 0, 0],
					"position": [0, 0, 0],
					"scale": [1, 1, 1]
				},
				"bone31": {
					"rotation": [0, 0, 0],
					"position": [0, 0, 0],
					"scale": [0, 0, 1]
				},
				"bullet_in_mag2": {
					"scale": [0, 0, 1]
				},
				"bone18": {
					"rotation": [0, 0, 0],
					"position": [0, 0, 0],
					"scale": [0, 0, 1]
				},
				"constraint": {
					"rotation": [0.2, 0.2, 0.2],
					"position": [0.2, 0.2, 0.2],
					"scale": 1
				},
				"bone29": {
					"rotation": [-22.5, 0, 0]
				},
				"fjqj": {
					"position": [0, 0, -5]
				}
			}
		},
		"draw": {
			"animation_length": 0.8,
			"bones": {
				"lefthand": {
					"rotation": {
						"0.0": [110.28608, -46.85425, -158.59964],
						"0.8": [87.78608, -46.85425, -158.59964]
					},
					"position": {
						"0.0": [6.58, -14.51, 3.72],
						"0.1": {
							"pre": [6.58, -15.51, 3.72],
							"post": [6.58, -15.51, 3.72],
							"lerp_mode": "catmullrom"
						},
						"0.1333": {
							"post": [6.58, -15.51, 3.72],
							"lerp_mode": "catmullrom"
						},
						"0.3": {
							"post": [8.47, -15.46, 3.62],
							"lerp_mode": "catmullrom"
						},
						"0.4333": {
							"post": [7.04784, -22.40179, 1.94678],
							"lerp_mode": "catmullrom"
						},
						"0.5": {
							"post": [6.83, -17.96, 1.84],
							"lerp_mode": "catmullrom"
						},
						"0.5667": [7.04784, -16.40179, 1.94678],
						"0.8": [7.04784, -17.40179, 1.94678]
					},
					"scale": {
						"0.0": [1, 1.5, 1],
						"0.8": [1, 1.5, 1]
					}
				},
				"righthand": {
					"rotation": {
						"0.0": [95.0274, 5.97708, -179.47516],
						"0.4333": [95.0274, 5.97708, -179.47516]
					},
					"position": {
						"0.0": [-6.95, -17.1, 9.825],
						"0.4333": [-6.97538, -18.53414, 14.7436]
					},
					"scale": {
						"0.0": [1, 1.5, 1],
						"0.4333": [1, 1.5, 1]
					}
				},
				"root": {
					"rotation": {
						"0.0": {
							"post": [29.0527, -20.43663, -0.34828],
							"lerp_mode": "catmullrom"
						},
						"0.1667": {
							"post": [-2.11861, -3.67275, 12.52095],
							"lerp_mode": "catmullrom"
						},
						"0.3333": {
							"post": [-9.35453, -1.47247, 6.10117],
							"lerp_mode": "catmullrom"
						},
						"0.4333": [-5, 0, 0],
						"0.5667": {
							"pre": [5.04544, -0.10457, 0.82333],
							"post": [5.04544, -0.10457, 0.82333],
							"lerp_mode": "catmullrom"
						},
						"0.7": [-0.065, -0.44, -0.27],
						"0.8": [0, 0, 0]
					},
					"position": {
						"0.0": {
							"post": [0, -12, 2],
							"lerp_mode": "catmullrom"
						},
						"0.1667": {
							"post": [-0.14, -2.41, -0.195],
							"lerp_mode": "catmullrom"
						},
						"0.2333": {
							"post": [-0.22, -0.29, -1.425],
							"lerp_mode": "catmullrom"
						},
						"0.3333": {
							"post": [-0.125, 0.365, -4.975],
							"lerp_mode": "catmullrom"
						},
						"0.4333": [0, -1.5, 0],
						"0.5667": [0, -0.905, 0.38],
						"0.7333": {
							"pre": [-0.025, 0, 0.05],
							"post": [-0.025, 0, 0.05],
							"lerp_mode": "catmullrom"
						}
					},
					"scale": 1
				},
				"camera": {
					"rotation": {
						"0.0": {
							"post": [0, 0, 0],
							"lerp_mode": "catmullrom"
						},
						"0.2": {
							"post": [1.00016, 0.00436, 0.75027],
							"lerp_mode": "catmullrom"
						},
						"0.4333": {
							"post": [0, 0, -0.75],
							"lerp_mode": "catmullrom"
						},
						"0.5333": {
							"post": [0, 0, 0],
							"lerp_mode": "catmullrom"
						},
						"0.6333": {
							"post": [0, 0, -0.3],
							"lerp_mode": "catmullrom"
						},
						"0.7333": {
							"post": [0, 0, 0],
							"lerp_mode": "catmullrom"
						}
					}
				},
				"bone31": {
					"rotation": [0, 0, 0],
					"position": [0, 0, 0],
					"scale": [0, 0, 1]
				},
				"jj": {
					"rotation": {
						"0.0": {
							"post": [0, 0, 0],
							"lerp_mode": "catmullrom"
						},
						"0.1333": {
							"post": [-35, 0, 0],
							"lerp_mode": "catmullrom"
						},
						"0.4": {
							"post": [22.5, 0, 0],
							"lerp_mode": "catmullrom"
						},
						"0.5667": {
							"post": [-10, 0, 0],
							"lerp_mode": "catmullrom"
						},
						"0.7": {
							"post": [-2.5, 0, 0],
							"lerp_mode": "catmullrom"
						},
						"0.7667": {
							"post": [2.5, 0, 0],
							"lerp_mode": "catmullrom"
						}
					},
					"position": {
						"0.0": [0, 0, 0],
						"0.8": [0, 0, 0]
					}
				},
				"constraint": {
					"rotation": [0.2, 0.2, 0.2],
					"position": [0.2, 0.2, 0.2],
					"scale": 1
				}
			},
			"sound_effects": {
				"0.0": {
					"effect": "tacz:sks/sks_raise"
				}
			}
		},
		"put_away": {
			"animation_length": 0.4667,
			"bones": {
				"lefthand": {
					"rotation": {
						"0.0": [87.78608, -46.85425, -158.59964],
						"0.0667": [127.67152, -14.70086, -183.17363],
						"0.1333": [148.34013, 7.13088, -207.53996]
					},
					"position": {
						"0.0": [7.04784, -17.40179, 1.94678],
						"0.1333": [8.805, -15.2, 0.43]
					},
					"scale": [1, 1.5, 1]
				},
				"righthand": {
					"rotation": [95.0274, 5.97708, -179.47516],
					"position": [-6.97538, -18.53414, 14.7436],
					"scale": [1, 1.5, 1]
				},
				"root": {
					"rotation": {
						"0.0": [0, 0, 0],
						"0.0667": {
							"pre": [-0.51171, -3.6801, -4.19401],
							"post": [-0.51171, -3.6801, -4.19401],
							"lerp_mode": "catmullrom"
						},
						"0.1667": {
							"post": [4.36882, -11.73179, -10.29382],
							"lerp_mode": "catmullrom"
						},
						"0.2667": {
							"post": [16.99835, -17.70783, -19.61271],
							"lerp_mode": "catmullrom"
						},
						"0.3333": {
							"post": [22.5, -27.4, -9.02],
							"lerp_mode": "catmullrom"
						},
						"0.4333": {
							"post": [38.74, -37.82, -13.36],
							"lerp_mode": "catmullrom"
						}
					},
					"position": {
						"0.0": [0, 0, 0],
						"0.0667": {
							"pre": [-0.45, -0.49, 0.28],
							"post": [-0.45, -0.49, 0.28],
							"lerp_mode": "catmullrom"
						},
						"0.1667": {
							"post": [-0.67, -1.47, 0.34],
							"lerp_mode": "catmullrom"
						},
						"0.2667": {
							"post": [-0.435, -3.245, 0.06],
							"lerp_mode": "catmullrom"
						},
						"0.3333": {
							"post": [0.22, -5.38, -0.15],
							"lerp_mode": "catmullrom"
						},
						"0.4333": {
							"post": [1.49, -9.585, -0.36],
							"lerp_mode": "catmullrom"
						}
					},
					"scale": 1
				},
				"camera": {
					"rotation": {
						"0.0": {
							"post": [0, 0, 0],
							"lerp_mode": "catmullrom"
						},
						"0.1": {
							"post": [0.3, 0, -0.125],
							"lerp_mode": "catmullrom"
						},
						"0.2667": {
							"post": [0.64, 0, 0.3],
							"lerp_mode": "catmullrom"
						},
						"0.3333": {
							"post": [0.5, 0, 0.15],
							"lerp_mode": "catmullrom"
						},
						"0.4333": {
							"post": [0, 0, 0],
							"lerp_mode": "catmullrom"
						}
					}
				},
				"bone31": {
					"rotation": [0, 0, 0],
					"position": [0, 0, 0],
					"scale": [0, 0, 1]
				},
				"constraint": {
					"rotation": [0.2, 0.2, 0.2],
					"position": [0.2, 0.2, 0.2],
					"scale": 1
				}
			},
			"sound_effects": {
				"0.0": {
					"effect": "tacz:sks/sks_drop"
				}
			}
		},
		"reload_tactical": {
			"animation_length": 6.4333,
			"bones": {
				"lefthand": {
					"rotation": {
						"0.0": [87.78608, -46.85425, -158.59964],
						"1.3667": [87.78608, -46.85425, -158.59964],
						"1.6333": [117.75067, -44.32552, -224.81536],
						"1.7": [131.9149, -31.3711, -247.26274],
						"1.8": [117.75067, -44.32552, -224.81536],
						"4.2": [100.9705, -45.74161, -187.73456],
						"4.7333": [120.07604, -37.65152, -216.0621],
						"5.0667": [101.5865, -44.46453, -188.86652],
						"5.1667": [100.29638, -44.69004, -187.10347],
						"5.3667": [79.93996, -44.13557, -158.45169],
						"5.6": [77.54119, -45.43928, -155.36171],
						"5.9667": [87.78608, -46.85425, -158.59964]
					},
					"position": {
						"0.0": [7.04784, -17.40179, 1.94678],
						"1.3667": [7.04784, -16.40179, 1.94678],
						"1.6333": [9.05, -17.9, 8.2],
						"1.7667": [9.05, -17.9, 8.2],
						"1.8667": [9.05, -17.9, 8.2],
						"2.1667": [11.47, -21.84, 6.46],
						"2.4": [9.89, -21.78, 5.72],
						"3.1": [9.33, -18.72, 6.98],
						"3.4": [9.33, -18.72, 6.98],
						"3.5333": [9.33, -18.72, 6.98],
						"3.6667": [9.33, -18.22, 8.98],
						"3.8": [9.33, -18.22, 8.98],
						"4.2": [9.79, -16.17, 7.34],
						"4.7333": [11.95, -15.67, 7.34],
						"5.0667": [9.99, -15.42, 7.34],
						"5.2": [11.39, -15.61, 7.34],
						"5.3333": [9.44, -15.67, 7.34],
						"5.6": [9.54, -15.67, 7.34],
						"5.7667": [10.66, -18.75, 1.89],
						"5.9667": [7.04784, -17.40179, 1.94678]
					},
					"scale": {
						"0.0": [1, 1.5, 1],
						"5.9667": [1, 1.5, 1]
					}
				},
				"righthand": {
					"rotation": {
						"0.3667": [95.0274, 5.97708, -179.47516],
						"0.5": [96.37868, 38.32678, -176.03421],
						"0.7333": [118.58357, 31.2619, -176.78568]
					},
					"position": {
						"0.3667": {
							"pre": [-6.97538, -18.53414, 14.7436],
							"post": [-6.97538, -18.53414, 14.7436],
							"lerp_mode": "catmullrom"
						},
						"0.5667": [-5.91, -7.62, 13.75],
						"0.7333": [-5.91, -7.62, 13.75],
						"0.9667": {
							"pre": [-7.93, -14.89, 14.78],
							"post": [-7.93, -14.89, 14.78],
							"lerp_mode": "catmullrom"
						},
						"1.3667": {
							"post": [-7.95, -14.14, 14.8],
							"lerp_mode": "catmullrom"
						},
						"1.6": {
							"post": [-6.97538, -18.53414, 14.7436],
							"lerp_mode": "catmullrom"
						}
					},
					"scale": [1, 1.5, 1]
				},
				"root": {
					"rotation": {
						"0.0": {
							"post": [0, 0, 0],
							"lerp_mode": "catmullrom"
						},
						"0.1667": {
							"post": [-7.948, -2.04406, 3.05263],
							"lerp_mode": "catmullrom"
						},
						"0.3333": {
							"post": [-8.813, -5.89084, 1.06905],
							"lerp_mode": "catmullrom"
						},
						"0.6667": {
							"post": [-10.96, -6.67, 0.86],
							"lerp_mode": "catmullrom"
						},
						"1.0": {
							"post": [-2.88588, -7.19461, 0.81832],
							"lerp_mode": "catmullrom"
						},
						"1.2333": {
							"post": [-9.11438, -8.47098, 0.95697],
							"lerp_mode": "catmullrom"
						},
						"1.4667": {
							"post": [-14.11438, -8.47098, 0.95697],
							"lerp_mode": "catmullrom"
						},
						"2.0667": {
							"post": [-13.55908, -10.88613, 1.30582],
							"lerp_mode": "catmullrom"
						},
						"2.2333": {
							"post": [-16.77122, -9.01325, 9.18681],
							"lerp_mode": "catmullrom"
						},
						"2.4": {
							"post": [-14.4837, -9.38389, 8.24253],
							"lerp_mode": "catmullrom"
						},
						"2.5333": {
							"post": [-15.01063, -10.67099, 3.36079],
							"lerp_mode": "catmullrom"
						},
						"3.0": {
							"post": [-15.01063, -10.67099, 3.36079],
							"lerp_mode": "catmullrom"
						},
						"3.4667": {
							"post": [-16.60647, -14.20662, -7.56992],
							"lerp_mode": "catmullrom"
						},
						"3.6333": {
							"post": [-13.08154, -14.70435, -8.7682],
							"lerp_mode": "catmullrom"
						},
						"3.8": {
							"post": [-17.75122, -12.72892, -2.65796],
							"lerp_mode": "catmullrom"
						},
						"4.0": {
							"post": [-14.63085, -10.31027, -2.67569],
							"lerp_mode": "catmullrom"
						},
						"4.1333": {
							"post": [-14.63085, -10.31027, -2.67569],
							"lerp_mode": "catmullrom"
						},
						"4.4": {
							"post": [-9.98543, -9.57117, -10.62125],
							"lerp_mode": "catmullrom"
						},
						"5.1333": {
							"post": [-13.29, -9.81, -3.29],
							"lerp_mode": "catmullrom"
						},
						"5.2333": {
							"post": [-13.93, -9.85, -6.57],
							"lerp_mode": "catmullrom"
						},
						"5.5": {
							"post": [-14.63085, -10.31027, -2.67569],
							"lerp_mode": "catmullrom"
						},
						"5.7667": {
							"post": [-10.961, -13.58011, -4.6796],
							"lerp_mode": "catmullrom"
						},
						"6.0333": {
							"post": [3.58427, 1.84046, -5.06919],
							"lerp_mode": "catmullrom"
						},
						"6.2": [0, 0, 2.5],
						"6.3": [0, 0, -3.21],
						"6.4333": [0, 0, 0]
					},
					"position": {
						"0.0": {
							"post": [0, 0, 0],
							"lerp_mode": "catmullrom"
						},
						"0.2": {
							"post": [1.99, 0.83, -5.42],
							"lerp_mode": "catmullrom"
						},
						"0.3667": {
							"post": [1.75, 0.11, -2.4],
							"lerp_mode": "catmullrom"
						},
						"0.6667": {
							"post": [1.75, 0.61, -2.4],
							"lerp_mode": "catmullrom"
						},
						"0.9": {
							"post": [1.75, -1.83, -2.4],
							"lerp_mode": "catmullrom"
						},
						"1.2333": {
							"post": [1.76, -1.5575, -2.37],
							"lerp_mode": "catmullrom"
						},
						"1.4667": {
							"post": [1.77, 1.67, -2.34],
							"lerp_mode": "catmullrom"
						},
						"1.7333": {
							"post": [1.77, -0.57, -2.35],
							"lerp_mode": "catmullrom"
						},
						"2.2333": {
							"post": [1.77, -1.3125, -2.35],
							"lerp_mode": "catmullrom"
						},
						"2.5": {
							"post": [1.77, -0.57, -2.35],
							"lerp_mode": "catmullrom"
						},
						"2.7333": {
							"post": [0.97, -0.14, -2.85],
							"lerp_mode": "catmullrom"
						},
						"3.8": {
							"post": [1.76, 0.4425, -2.37],
							"lerp_mode": "catmullrom"
						},
						"4.3667": {
							"post": [1.76, 0.4425, -2.37],
							"lerp_mode": "catmullrom"
						},
						"5.0": {
							"post": [0.93, 0.28, -1.08],
							"lerp_mode": "catmullrom"
						},
						"5.1333": {
							"post": [0.49, 0.04, -1.18],
							"lerp_mode": "catmullrom"
						},
						"5.4": {
							"post": [0.93, 0.28, -1.08],
							"lerp_mode": "catmullrom"
						},
						"5.6": {
							"post": [0.49, 0.04, -1.18],
							"lerp_mode": "catmullrom"
						},
						"5.7667": {
							"post": [0.76, -0.5575, -0.37],
							"lerp_mode": "catmullrom"
						},
						"6.0333": {
							"post": [0.33, -3.08, -1.92],
							"lerp_mode": "catmullrom"
						},
						"6.2": [0, 0, 0],
						"6.4333": [0, 0, 0]
					},
					"scale": {
						"0.0": [1, 1, 1],
						"6.4333": [1, 1, 1]
					}
				},
				"camera": {
					"rotation": {
						"0.0": {
							"post": [0, 0, 0],
							"lerp_mode": "catmullrom"
						},
						"0.1333": {
							"post": [0.39, 0, -0.45],
							"lerp_mode": "catmullrom"
						},
						"0.3333": {
							"post": [1.725, 0.05, -0.75],
							"lerp_mode": "catmullrom"
						},
						"0.5": {
							"post": [1.47, -0.02, -0.85],
							"lerp_mode": "catmullrom"
						},
						"0.5667": {
							"post": [1.755, -0.05, -1.2],
							"lerp_mode": "catmullrom"
						},
						"0.6667": {
							"post": [0.79, -0.07, -0.585],
							"lerp_mode": "catmullrom"
						},
						"0.8": {
							"post": [1.195, -0.09, -1.205],
							"lerp_mode": "catmullrom"
						},
						"0.9667": {
							"post": [1.14, -0.12, -0.86],
							"lerp_mode": "catmullrom"
						},
						"1.1": {
							"post": [1.345, -0.12, -1.025],
							"lerp_mode": "catmullrom"
						},
						"1.3667": {
							"post": [0.375, 0.075, -1.2],
							"lerp_mode": "catmullrom"
						},
						"2.2": {
							"post": [0.25, 0.04, -0.61],
							"lerp_mode": "catmullrom"
						},
						"2.3": {
							"post": [-0.225, 0, 0.125],
							"lerp_mode": "catmullrom"
						},
						"2.3667": {
							"post": [-0.35, 0, 0.2],
							"lerp_mode": "catmullrom"
						},
						"2.4667": {
							"post": [0.25, 0, -0.25],
							"lerp_mode": "catmullrom"
						},
						"2.5667": {
							"post": [-0.075, 0, 0.075],
							"lerp_mode": "catmullrom"
						},
						"3.1333": {
							"post": [0.01, 0.05, 0.5],
							"lerp_mode": "catmullrom"
						},
						"3.2667": {
							"post": [0.04, 0.06, -0.72],
							"lerp_mode": "catmullrom"
						},
						"3.6333": {
							"post": [0.29, 0.11, -1.29],
							"lerp_mode": "catmullrom"
						},
						"3.7": {
							"post": [1.07, 0.11, -0.76],
							"lerp_mode": "catmullrom"
						},
						"3.8": {
							"post": [0.42, 0.11, -1.485],
							"lerp_mode": "catmullrom"
						},
						"3.9": {
							"post": [0.565, 0.08, -0.775],
							"lerp_mode": "catmullrom"
						},
						"4.0": {
							"post": [0.25, 0.04, -0.61],
							"lerp_mode": "catmullrom"
						},
						"4.1": {
							"post": [-0.225, 0, 0.125],
							"lerp_mode": "catmullrom"
						},
						"4.1667": {
							"post": [-0.35, 0, 0.2],
							"lerp_mode": "catmullrom"
						},
						"4.2667": {
							"post": [0.25, 0, -0.25],
							"lerp_mode": "catmullrom"
						},
						"4.3667": {
							"post": [-0.075, 0, 0.075],
							"lerp_mode": "catmullrom"
						},
						"5.3667": {
							"post": [1.07, 0.11, -0.76],
							"lerp_mode": "catmullrom"
						},
						"5.4667": {
							"post": [0.42, 0.11, -1.485],
							"lerp_mode": "catmullrom"
						},
						"5.5667": {
							"post": [0.565, 0.08, -0.775],
							"lerp_mode": "catmullrom"
						},
						"5.6667": {
							"post": [0.25, 0.04, -0.61],
							"lerp_mode": "catmullrom"
						},
						"5.8667": {
							"post": [1.02, 0.02, 0.71],
							"lerp_mode": "catmullrom"
						},
						"6.1333": {
							"post": [0.775, 0, -1.875],
							"lerp_mode": "catmullrom"
						},
						"6.4": {
							"post": [-0.075, 0, 0.075],
							"lerp_mode": "catmullrom"
						}
					}
				},
				"mag_and_lefthand": {
					"rotation": {
						"0.0": [0, 0, 0],
						"2.0667": [0, 0, 0]
					},
					"position": {
						"0.0": [0, 0, 0],
						"2.0667": [0, 0, 0],
						"2.2667": [0, 0, 1.33],
						"2.4": [0, 0, 1.33],
						"2.5667": [0, 0, 3],
						"2.8": [0, -6, 3],
						"3.1333": [0, -6, 3],
						"3.3": [0, 0, 1.33],
						"3.5": [0, 0, 0]
					},
					"scale": 1
				},
				"bullet_in_magz": {
					"rotation": {
						"0.6": [0, 0, 0],
						"1.0": [0, 0, 80],
						"4.3333": [0, 0, 80],
						"4.7333": [0, 0, 80],
						"5.3333": [0, 0, 0]
					},
					"position": {
						"0.6": [0, 0, 0],
						"0.6667": [0.38, 0.04, 0],
						"0.7333": [0.75, 0.28, 0],
						"0.8": [1.13, 0.4, 0],
						"0.8667": [1.5, 0.35, 0],
						"0.9": [1.94, 0.2, 0],
						"1.0": [2.25, -1.25, 0],
						"4.3333": [2.25, -0.5, 0],
						"4.7333": [3.75, -0.5, 0],
						"5.0333": [1.87, 0.25, 0],
						"5.1667": [1.87, 0.25, 0],
						"5.3333": [0, 0, 0]
					},
					"scale": 1
				},
				"bone31": {
					"rotation": {
						"0.0": [0, 0, 0],
						"2.7333": [0, 0, 0],
						"3.8": [0, 0, 72.5],
						"4.0667": [0, 0, 63.33],
						"4.2333": [0, 0, 6.77],
						"4.5": [0, 0, -10.63],
						"4.6": [0, 0, -17.5],
						"4.7667": [0, 0, -35],
						"5.6": [0, 0, 0]
					},
					"position": {
						"0.0": [0, 0, 0],
						"2.7333": [0, 0, 0],
						"4.6": [0, 0, 0],
						"5.1667": [0, 0, 0],
						"5.6": [0, 0, 0]
					},
					"scale": {
						"0.0": [0, 0, 1],
						"2.7333": [0, 0, 1],
						"3.1": [1, 1, 1],
						"4.6": [1, 1, 1],
						"5.1667": [1, 1, 1],
						"5.6": [0, 0, 1]
					}
				},
				"bone29": {
					"rotation": {
						"0.0": [0, 0, 0],
						"4.3": [0, 0, 0],
						"4.7333": [45, 0, 0],
						"5.3667": [45, 0, 0],
						"6.1": [0, 0, 0]
					},
					"position": {
						"0.0": [0, 0, 0],
						"4.3": [0, 0, 0],
						"4.7333": [0, 0, 0],
						"5.3667": [0, 0, 0],
						"6.1": [0, 0, 0]
					}
				},
				"jj": {
					"rotation": {
						"0.0": {
							"post": [0, 0, 0],
							"lerp_mode": "catmullrom"
						},
						"0.2": {
							"post": [-27.5, 0, 0],
							"lerp_mode": "catmullrom"
						},
						"0.5": {
							"post": [12.5, 0, 0],
							"lerp_mode": "catmullrom"
						},
						"0.9": {
							"post": [-20, 0, 0],
							"lerp_mode": "catmullrom"
						},
						"1.4333": {
							"post": [25, 0, 0],
							"lerp_mode": "catmullrom"
						},
						"2.0": {
							"post": [-25, 0, 0],
							"lerp_mode": "catmullrom"
						},
						"2.4667": {
							"post": [11.41, 0, 0],
							"lerp_mode": "catmullrom"
						},
						"2.9333": {
							"post": [-5, 0, 0],
							"lerp_mode": "catmullrom"
						},
						"3.6": {
							"post": [0, 0, 0],
							"lerp_mode": "catmullrom"
						},
						"4.0": {
							"post": [-2.5, 0, 0],
							"lerp_mode": "catmullrom"
						},
						"4.6": {
							"post": [-15, 0, 0],
							"lerp_mode": "catmullrom"
						},
						"5.0333": {
							"post": [-5, 0, 0],
							"lerp_mode": "catmullrom"
						},
						"5.5667": {
							"post": [-15, 0, 0],
							"lerp_mode": "catmullrom"
						},
						"6.0333": {
							"post": [-20, 0, 0],
							"lerp_mode": "catmullrom"
						},
						"6.2": {
							"post": [8.44, 0, 0],
							"lerp_mode": "catmullrom"
						},
						"6.3667": {
							"post": [2.5, 0, 0],
							"lerp_mode": "catmullrom"
						}
					},
					"position": [0, 0, 0],
					"scale": 1
				},
				"djk": {
					"rotation": {
						"0.0": [0, 0, 0],
						"1.6333": [0, 0, 0],
						"1.8333": [0, 0, -135],
						"3.7": [0, 0, -135],
						"3.8667": [0, 0, 0]
					},
					"position": {
						"0.0": [0, 0, 0],
						"1.6333": [0, 0, 0],
						"3.8667": [0, 0, 0]
					}
				},
				"jxg": {
					"rotation": {
						"0.0": [0, 0, 0],
						"0.4": [0, 0, 0],
						"0.6333": [45, 0, 0],
						"0.7333": [45, 0, 0],
						"0.8667": [0, 0, 0]
					},
					"position": {
						"0.0": [0, 0, 0],
						"0.6": [0, 0, 0],
						"0.7": [0, 0, 0]
					},
					"scale": 1
				},
				"constraint": {
					"rotation": [0.2, 0.2, 0.2],
					"position": [0.2, 0.2, 0.2],
					"scale": 1
				},
				"bullet_in_mag9": {
					"rotation": {
						"0.0": [0, 0, 0],
						"4.1333": [0, 0, -12.5],
						"6.3667": [0, 0, 0]
					}
				}
			},
			"sound_effects": {
				"0.1333": {
					"effect": "insertbullet4"
				},
				"0.2667": {
					"effect": "ejectionbullet5"
				},
				"0.6667": {
					"effect": "gunreloadingdesigned_14"
				},
				"0.8": {
					"effect": "ejectionrefill5"
				},
				"1.3": {
					"effect": "insertrefill2"
				},
				"1.6667": {
					"effect": "safetyfuse3"
				},
				"2.1333": {
					"effect": "ejectionrefill4"
				},
				"2.5": {
					"effect": "ejectionbullet4"
				},
				"3.0333": {
					"effect": "ejectionbullet6"
				},
				"3.1667": {
					"effect": "ejectionbullet4"
				},
				"3.3": {
					"effect": "ejectionbullet4"
				},
				"4.0333": {
					"effect": "gunreloadingdesigned_14"
				},
				"4.1333": {
					"effect": "insertbullet5"
				},
				"4.7333": {
					"effect": "ejectionbullet4"
				},
				"5.1": {
					"effect": "ejectionbullet5"
				}
			}
		},
		"reload_empty": {
			"animation_length": 7.3333,
			"bones": {
				"lefthand": {
					"rotation": {
						"0.0": [87.78608, -46.85425, -158.59964],
						"0.5": [87.78608, -46.85425, -158.59964],
						"0.7667": [117.75067, -44.32552, -224.81536],
						"0.8333": [131.9149, -31.3711, -247.26274],
						"0.9333": [117.75067, -44.32552, -224.81536],
						"3.7667": [100.9705, -45.74161, -187.73456],
						"4.2667": [120.07604, -37.65152, -216.0621],
						"4.6": [101.5865, -44.46453, -188.86652],
						"4.7": [100.29638, -44.69004, -187.10347],
						"4.9": [79.93996, -44.13557, -158.45169],
						"5.1333": [77.54119, -45.43928, -155.36171],
						"5.4": [87.78608, -46.85425, -158.59964]
					},
					"position": {
						"0.0": [7.04784, -17.40179, 1.94678],
						"0.5": [7.04784, -16.40179, 1.94678],
						"0.7667": [9.05, -17.9, 8.2],
						"0.9": [9.05, -17.9, 8.2],
						"1.0": [9.05, -17.9, 8.2],
						"1.3": [11.47, -21.84, 6.46],
						"1.5333": [9.89, -21.78, 5.72],
						"2.6333": [9.33, -22.72, 6.98],
						"3.0": [8.33, -20.72, 6.98],
						"3.0667": [8.33, -20.72, 6.98],
						"3.2": [8.41, -18.08, 8.12],
						"3.3": [8.41, -18.08, 8.12],
						"3.3667": [8.41, -18.08, 8.12],
						"3.7667": [9.79, -16.17, 7.34],
						"4.2667": [11.95, -15.67, 7.34],
						"4.6": [9.99, -15.42, 7.34],
						"4.7333": [11.39, -15.61, 7.34],
						"4.8667": [9.44, -15.67, 7.34],
						"5.1333": [9.54, -15.67, 7.34],
						"5.2667": [9.27611, -16.42421, 5.94129],
						"5.4": [7.04784, -17.40179, 1.94678]
					},
					"scale": {
						"0.0": [1, 1.5, 1],
						"5.4": [1, 1.5, 1]
					}
				},
				"righthand": {
					"rotation": {
						"0.0": [95.0274, 5.97708, -179.47516],
						"5.3667": [97.77421, 0.68774, -134.69106]
					},
					"position": {
						"0.0": [-6.97538, -18.53414, 14.7436],
						"5.3667": {
							"pre": [-6.97538, -18.53414, 14.7436],
							"post": [-6.97538, -18.53414, 14.7436],
							"lerp_mode": "catmullrom"
						},
						"5.5667": {
							"post": [-8.98, -15.53, 10.74],
							"lerp_mode": "catmullrom"
						},
						"6.0667": {
							"post": [-10.48, -14.78, 14.74],
							"lerp_mode": "catmullrom"
						},
						"6.2": {
							"post": [-10.48, -14.78, 14.74],
							"lerp_mode": "catmullrom"
						},
						"6.2667": {
							"post": [-10.44, -14.72, 11.87],
							"lerp_mode": "catmullrom"
						},
						"6.4333": {
							"post": [-11.48, -15.78, 13.74],
							"lerp_mode": "catmullrom"
						},
						"6.6333": {
							"post": [-6.97538, -18.53414, 14.7436],
							"lerp_mode": "catmullrom"
						}
					},
					"scale": {
						"0.0": [1, 1.5, 1],
						"5.3667": [1, 1.5, 1]
					}
				},
				"root": {
					"rotation": {
						"0.0": [0, 0, 0],
						"0.1667": {
							"pre": [-7.948, -2.04406, 3.05263],
							"post": [-7.948, -2.04406, 3.05263],
							"lerp_mode": "catmullrom"
						},
						"0.3333": {
							"post": [-8.813, -5.89084, 1.06905],
							"lerp_mode": "catmullrom"
						},
						"0.6667": {
							"post": [-10.96, -6.67, 0.86],
							"lerp_mode": "catmullrom"
						},
						"1.0": {
							"post": [-2.88588, -7.19461, 0.81832],
							"lerp_mode": "catmullrom"
						},
						"1.2333": {
							"post": [-9.11438, -8.47098, 0.95697],
							"lerp_mode": "catmullrom"
						},
						"1.4667": {
							"post": [-14.11438, -8.47098, 0.95697],
							"lerp_mode": "catmullrom"
						},
						"1.6333": {
							"post": [-13.55908, -10.88613, 1.30582],
							"lerp_mode": "catmullrom"
						},
						"1.8": {
							"post": [-17.46681, -7.54058, 14.01548],
							"lerp_mode": "catmullrom"
						},
						"1.9667": {
							"post": [-14.4837, -9.38389, 8.24253],
							"lerp_mode": "catmullrom"
						},
						"2.1": {
							"post": [-15.01063, -10.67099, 3.36079],
							"lerp_mode": "catmullrom"
						},
						"2.5667": {
							"post": [-15.01063, -10.67099, 3.36079],
							"lerp_mode": "catmullrom"
						},
						"3.0333": {
							"post": [-16.60647, -14.20662, -7.56992],
							"lerp_mode": "catmullrom"
						},
						"3.2": {
							"post": [-13.08154, -14.70435, -8.7682],
							"lerp_mode": "catmullrom"
						},
						"3.3667": {
							"post": [-17.75122, -12.72892, -2.65796],
							"lerp_mode": "catmullrom"
						},
						"3.5667": {
							"post": [-14.63085, -10.31027, -2.67569],
							"lerp_mode": "catmullrom"
						},
						"3.7": {
							"post": [-14.63085, -10.31027, -2.67569],
							"lerp_mode": "catmullrom"
						},
						"3.9667": {
							"post": [-9.98543, -9.57117, -10.62125],
							"lerp_mode": "catmullrom"
						},
						"4.3667": {
							"post": [-13.29, -9.81, -3.29],
							"lerp_mode": "catmullrom"
						},
						"4.4667": {
							"post": [-13.93, -9.85, -6.57],
							"lerp_mode": "catmullrom"
						},
						"4.7333": {
							"post": [-14.63085, -10.31027, -2.67569],
							"lerp_mode": "catmullrom"
						},
						"5.0": {
							"post": [-10.961, -13.58011, -4.6796],
							"lerp_mode": "catmullrom"
						},
						"5.2667": {
							"post": [-8.813, -5.89084, 1.06905],
							"lerp_mode": "catmullrom"
						},
						"5.4667": {
							"post": [-6.51291, 3.23586, 22.9889],
							"lerp_mode": "catmullrom"
						},
						"5.5667": {
							"post": [-6.51291, 3.23586, 22.9889],
							"lerp_mode": "catmullrom"
						},
						"5.8": {
							"post": [-10.35489, 9.70576, 26.2729],
							"lerp_mode": "catmullrom"
						},
						"6.1333": {
							"post": [-10.35489, 4.70576, 26.2729],
							"lerp_mode": "catmullrom"
						},
						"6.4667": {
							"post": [-12.03697, -2.96677, 12.79477],
							"lerp_mode": "catmullrom"
						},
						"6.9667": [0, 0, 0]
					},
					"position": {
						"0.0": [0, 0, 0],
						"0.2": {
							"pre": [1.99, 0.83, -5.42],
							"post": [1.99, 0.83, -5.42],
							"lerp_mode": "catmullrom"
						},
						"0.3667": {
							"post": [1.75, 0.11, -2.4],
							"lerp_mode": "catmullrom"
						},
						"0.6667": {
							"post": [1.75, 0.61, -2.4],
							"lerp_mode": "catmullrom"
						},
						"0.9": {
							"post": [1.75, -1.83, -2.4],
							"lerp_mode": "catmullrom"
						},
						"1.2333": {
							"post": [1.76, -1.5575, -2.37],
							"lerp_mode": "catmullrom"
						},
						"1.4667": {
							"post": [1.77, 1.67, -2.34],
							"lerp_mode": "catmullrom"
						},
						"1.7333": {
							"post": [1.77, 1.43, -2.35],
							"lerp_mode": "catmullrom"
						},
						"2.0667": {
							"post": [1.77, 0.18, -2.35],
							"lerp_mode": "catmullrom"
						},
						"2.3": {
							"post": [1.47, 0.61, -2.35],
							"lerp_mode": "catmullrom"
						},
						"3.3667": {
							"post": [1.76, 0.4425, -2.37],
							"lerp_mode": "catmullrom"
						},
						"3.9333": {
							"post": [1.76, 0.4425, -2.37],
							"lerp_mode": "catmullrom"
						},
						"4.2333": {
							"post": [0.93, 0.28, -1.08],
							"lerp_mode": "catmullrom"
						},
						"4.3667": {
							"post": [0.49, 0.04, -1.18],
							"lerp_mode": "catmullrom"
						},
						"4.6333": {
							"post": [0.93, 0.28, -1.08],
							"lerp_mode": "catmullrom"
						},
						"4.8333": {
							"post": [0.74, 0.04, -1.18],
							"lerp_mode": "catmullrom"
						},
						"5.2667": {
							"post": [1.76, 0.4425, -2.37],
							"lerp_mode": "catmullrom"
						},
						"5.4667": {
							"post": [0, -0.75, -2.75],
							"lerp_mode": "catmullrom"
						},
						"5.8": {
							"post": [-0.13, -0.56, 5.23],
							"lerp_mode": "catmullrom"
						},
						"6.1333": {
							"post": [-0.13, -0.56, 5.23],
							"lerp_mode": "catmullrom"
						},
						"6.2667": {
							"post": [-2.13, -0.56, -2.77],
							"lerp_mode": "catmullrom"
						},
						"6.4667": {
							"post": [-1.65, -1.89, -2.54],
							"lerp_mode": "catmullrom"
						},
						"6.6333": {
							"post": [-0.8, -0.06, -1.26],
							"lerp_mode": "catmullrom"
						},
						"6.8": {
							"post": [-0.44, -1.04, -0.69],
							"lerp_mode": "catmullrom"
						},
						"6.9667": [0, 0, 0]
					},
					"scale": {
						"0.0": [1, 1, 1],
						"6.9667": [1, 1, 1]
					}
				},
				"camera": {
					"rotation": {
						"0.0": {
							"post": [0, 0, 0],
							"lerp_mode": "catmullrom"
						},
						"0.1333": {
							"post": [0.39, 0, -0.45],
							"lerp_mode": "catmullrom"
						},
						"0.3333": {
							"post": [1.725, 0.05, -0.75],
							"lerp_mode": "catmullrom"
						},
						"0.5": {
							"post": [1.47, -0.02, -0.85],
							"lerp_mode": "catmullrom"
						},
						"0.5667": {
							"post": [1.755, -0.05, -1.2],
							"lerp_mode": "catmullrom"
						},
						"0.6667": {
							"post": [0.79, -0.07, -0.585],
							"lerp_mode": "catmullrom"
						},
						"0.8": {
							"post": [1.195, -0.09, -1.205],
							"lerp_mode": "catmullrom"
						},
						"0.9667": {
							"post": [1.14, -0.12, -0.86],
							"lerp_mode": "catmullrom"
						},
						"1.1": {
							"post": [1.345, -0.12, -1.025],
							"lerp_mode": "catmullrom"
						},
						"1.3667": {
							"post": [0.375, 0.075, -1.2],
							"lerp_mode": "catmullrom"
						},
						"1.5333": {
							"post": [0.25, 0.04, -0.61],
							"lerp_mode": "catmullrom"
						},
						"1.6333": {
							"post": [-0.225, 0, 0.125],
							"lerp_mode": "catmullrom"
						},
						"1.7": {
							"post": [-0.35, 0, 0.2],
							"lerp_mode": "catmullrom"
						},
						"1.8": {
							"post": [0.25, 0, -0.25],
							"lerp_mode": "catmullrom"
						},
						"1.9": {
							"post": [-0.075, 0, 0.075],
							"lerp_mode": "catmullrom"
						},
						"2.4667": {
							"post": [0.01, 0.05, 0.5],
							"lerp_mode": "catmullrom"
						},
						"2.6": {
							"post": [0.04, 0.06, -0.72],
							"lerp_mode": "catmullrom"
						},
						"2.9667": {
							"post": [0.29, 0.11, -1.29],
							"lerp_mode": "catmullrom"
						},
						"3.0333": {
							"post": [1.07, 0.11, -0.76],
							"lerp_mode": "catmullrom"
						},
						"3.1333": {
							"post": [0.42, 0.11, -1.485],
							"lerp_mode": "catmullrom"
						},
						"3.2333": {
							"post": [0.565, 0.08, -0.775],
							"lerp_mode": "catmullrom"
						},
						"3.3333": {
							"post": [0.25, 0.04, -0.61],
							"lerp_mode": "catmullrom"
						},
						"3.4333": {
							"post": [-0.225, 0, 0.125],
							"lerp_mode": "catmullrom"
						},
						"3.5": {
							"post": [-0.35, 0, 0.2],
							"lerp_mode": "catmullrom"
						},
						"3.6": {
							"post": [0.25, 0, -0.25],
							"lerp_mode": "catmullrom"
						},
						"3.7": {
							"post": [-0.075, 0, 0.075],
							"lerp_mode": "catmullrom"
						},
						"4.7": {
							"post": [1.07, 0.11, -0.76],
							"lerp_mode": "catmullrom"
						},
						"4.8": {
							"post": [0.42, 0.11, -1.485],
							"lerp_mode": "catmullrom"
						},
						"4.9": {
							"post": [0.565, 0.08, -0.775],
							"lerp_mode": "catmullrom"
						},
						"5.0": {
							"post": [0.25, 0.04, -0.61],
							"lerp_mode": "catmullrom"
						},
						"5.2": {
							"post": [1.02, 0.02, 0.71],
							"lerp_mode": "catmullrom"
						},
						"5.8": {
							"post": [0.375, 0.075, -1.2],
							"lerp_mode": "catmullrom"
						},
						"5.9667": {
							"post": [0.25, 0.04, -0.61],
							"lerp_mode": "catmullrom"
						},
						"6.0667": {
							"post": [-0.225, 0, 0.125],
							"lerp_mode": "catmullrom"
						},
						"6.1333": {
							"post": [-0.35, 0, 0.2],
							"lerp_mode": "catmullrom"
						},
						"6.2333": {
							"post": [0.25, 0, -0.25],
							"lerp_mode": "catmullrom"
						},
						"6.3333": {
							"post": [-0.075, 0, 0.075],
							"lerp_mode": "catmullrom"
						}
					}
				},
				"mag_and_lefthand": {
					"rotation": {
						"0.0": [0, 0, 0],
						"1.5333": [0, 0, 0]
					},
					"position": {
						"0.0": [0, 0, 0],
						"1.5333": [0, 0, 0],
						"1.7": [0, 0, 3],
						"1.9333": [0, -6, 3],
						"2.2667": [0, -6, 3],
						"2.4333": [0, 0, 3],
						"2.6333": [0, 0, 1.33],
						"2.7667": [0, 0, 1.33],
						"2.9333": [0, 0, 0]
					},
					"scale": 1
				},
				"bullet_in_magz": {
					"rotation": {
						"0.0": [0, 0, 0],
						"3.9333": [0, 0, 80],
						"4.3333": [0, 0, 80],
						"4.9333": [0, 0, 0]
					},
					"position": {
						"0.0": [0, 0, 0],
						"3.9333": [2.25, -0.5, 0],
						"4.3333": [3.75, -0.5, 0],
						"4.6333": [1.87, 0.25, 0],
						"4.7667": [1.87, 0.25, 0],
						"4.9333": [0, 0, 0]
					},
					"scale": [1, 1, 1]
				},
				"bone31": {
					"rotation": {
						"0.0": [0, 0, 0],
						"2.2333": [0, 0, 0],
						"2.3333": [0, 0, 72.5],
						"3.7667": [0, 0, 63.33],
						"3.9333": [0, 0, 6.77],
						"4.2": [0, 0, -10.63],
						"4.3": [0, 0, -17.5],
						"4.4667": [0, 0, -35],
						"5.3": [0, 0, 0]
					},
					"position": {
						"0.0": [0, 0, 0],
						"2.2333": [0, 0, 0],
						"4.3": [0, 0, 0],
						"4.8667": [0, 0, 0],
						"5.3": [0, 0, 0]
					},
					"scale": {
						"0.0": [0, 0, 1],
						"2.2333": [0, 0, 1],
						"2.3333": [1, 1, 1],
						"4.3": [1, 1, 1],
						"4.8667": [1, 1, 1],
						"5.3": [0, 0, 1]
					}
				},
				"bullet_in_mag2": {
					"scale": {
						"0.0": [0, 0, 1],
						"1.7667": [0, 0, 1],
						"1.8": [1, 1, 1]
					}
				},
				"bone29": {
					"rotation": {
						"0.0": [-22.5, 0, 0],
						"1.4667": [-22.5, 0, 0],
						"2.2333": [0, 0, 0],
						"3.9": [0, 0, 0],
						"4.3333": [45, 0, 0],
						"5.2667": [0, 0, 0]
					},
					"position": {
						"0.0": [0, 0, 0],
						"3.9": [0, 0, 0],
						"4.3333": [0, 0, 0],
						"5.2667": [0, 0, 0]
					}
				},
				"jj": {
					"rotation": {
						"0.0": {
							"post": [0, 0, 0],
							"lerp_mode": "catmullrom"
						},
						"0.2": {
							"post": [-27.5, 0, 0],
							"lerp_mode": "catmullrom"
						},
						"0.5": {
							"post": [12.5, 0, 0],
							"lerp_mode": "catmullrom"
						},
						"0.9": {
							"post": [-20, 0, 0],
							"lerp_mode": "catmullrom"
						},
						"1.4333": {
							"post": [25, 0, 0],
							"lerp_mode": "catmullrom"
						},
						"2.0": {
							"post": [-25, 0, 0],
							"lerp_mode": "catmullrom"
						},
						"2.4667": {
							"post": [11.41, 0, 0],
							"lerp_mode": "catmullrom"
						},
						"3.0": {
							"post": [-22.5, 0, 0],
							"lerp_mode": "catmullrom"
						},
						"3.5667": {
							"post": [11.41, 0, 0],
							"lerp_mode": "catmullrom"
						},
						"4.0667": {
							"post": [-22.5, 0, 0],
							"lerp_mode": "catmullrom"
						},
						"4.6333": {
							"post": [11.41, 0, 0],
							"lerp_mode": "catmullrom"
						},
						"4.7667": {
							"post": [11.41, 0, 0],
							"lerp_mode": "catmullrom"
						},
						"5.0333": {
							"post": [-7.5, 0, 0],
							"lerp_mode": "catmullrom"
						},
						"5.4667": {
							"post": [1.84, 0, 0],
							"lerp_mode": "catmullrom"
						},
						"5.8667": {
							"post": [36.35, 0, 0],
							"lerp_mode": "catmullrom"
						},
						"6.3": {
							"post": [-12.5, 0, 0],
							"lerp_mode": "catmullrom"
						},
						"6.7667": {
							"post": [17.22, 0, 0],
							"lerp_mode": "catmullrom"
						},
						"7.1667": {
							"post": [0, 0, 0],
							"lerp_mode": "catmullrom"
						}
					},
					"position": [0, 0, 0],
					"scale": 1
				},
				"djk": {
					"rotation": {
						"0.0": [0, 0, 0],
						"0.7": [0, 0, 0],
						"0.9": [0, 0, -135],
						"3.2": [0, 0, -135],
						"3.3333": [0, 0, 0]
					},
					"position": {
						"0.0": [0, 0, 0],
						"0.7": [0, 0, 0],
						"3.3333": [0, 0, 0]
					}
				},
				"jxg": {
					"rotation": [0, 0, 0],
					"position": [0, 0, 0],
					"scale": 1
				},
				"ljb": {
					"position": {
						"0.0": [0, 0, 0],
						"5.9": [0, 0, 0],
						"6.0": [0, 0, 3],
						"6.3": [0, 0, 3],
						"6.3333": [0, 0, 0]
					}
				},
				"zdljb": {
					"rotation": {
						"0.0": [0, 0, 0],
						"5.5667": [0, 0, 0],
						"5.6333": [0, 0, -45],
						"6.3": [0, 0, -45],
						"6.4": [0, 0, 0]
					},
					"position": {
						"0.0": [0, 0, 0],
						"6.4": [0, 0, 0]
					}
				},
				"bone18": {
					"scale": {
						"0.0": [0, 0, 1],
						"2.0333": [0, 0, 1],
						"2.1": [1, 1, 1]
					}
				},
				"constraint": {
					"rotation": [0.2, 0.2, 0.2],
					"position": [0.2, 0.2, 0.2],
					"scale": 1
				},
				"bullet_in_mag9": {
					"rotation": {
						"0.0": [0, 0, 0],
						"4.1333": [0, 0, -12.5],
						"6.3667": [0, 0, 0]
					}
				},
				"fjqj": {
					"position": [0, 0, -5]
				}
			},
			"sound_effects": {
				"0.4667": {
					"effect": "insertrefill2"
				},
				"0.9667": {
					"effect": "safetyfuse3"
				},
				"1.4333": {
					"effect": "ejectionrefill4"
				},
				"1.8": {
					"effect": "ejectionbullet4"
				},
				"2.2": {
					"effect": "ejectionbullet6"
				},
				"2.4": {
					"effect": "ejectionbullet4"
				},
				"2.6": {
					"effect": "ejectionbullet4"
				},
				"3.4333": {
					"effect": "insertbullet5"
				},
				"4.0333": {
					"effect": "ejectionbullet4"
				},
				"4.4": {
					"effect": "ejectionbullet5"
				},
				"5.4333": {
					"effect": "msgst"
				}
			}
		},
		"inspect": {
			"animation_length": 5.3667,
			"bones": {
				"lefthand": {
					"rotation": {
						"0.0": [87.78608, -46.85425, -158.59964],
						"2.2667": [87.78608, -46.85425, -158.59964],
						"2.7333": [84.88926, -43.0392, -176.53179],
						"3.4": [85.76773, -28.08804, -178.02932],
						"4.1333": [84.88926, -43.0392, -176.53179],
						"4.6": [87.78608, -46.85425, -158.59964],
						"5.3667": [87.78608, -46.85425, -158.59964]
					},
					"position": {
						"0.0": [7.04784, -17.40179, 1.94678],
						"5.3667": [7.04784, -17.40179, 1.94678]
					},
					"scale": {
						"0.0": [1, 1.5, 1],
						"5.3667": [1, 1.5, 1]
					}
				},
				"righthand": {
					"rotation": {
						"0.0": [95.0274, 5.97708, -179.47516],
						"5.3667": [95.0274, 5.97708, -179.47516]
					},
					"position": {
						"0.0": [-6.97538, -18.53414, 14.7436],
						"5.3667": [-6.97538, -18.53414, 14.7436]
					},
					"scale": {
						"0.0": [1, 1.5, 1],
						"5.3667": [1, 1.5, 1]
					}
				},
				"root": {
					"rotation": {
						"0.0": {
							"post": [0, 0, 0],
							"lerp_mode": "catmullrom"
						},
						"0.3333": {
							"post": [0, 0, 0],
							"lerp_mode": "catmullrom"
						},
						"0.5333": {
							"post": [-0.6639, -11.73507, -20.44582],
							"lerp_mode": "catmullrom"
						},
						"0.7": {
							"post": [-2.50452, -15.11836, -15.64961],
							"lerp_mode": "catmullrom"
						},
						"1.0667": {
							"post": [-2.39872, -19.03133, -17.3245],
							"lerp_mode": "catmullrom"
						},
						"1.4333": {
							"post": [-2.53682, -17.61594, -15.53502],
							"lerp_mode": "catmullrom"
						},
						"1.9333": {
							"post": [-7.34536, -17.5765, -2.1171],
							"lerp_mode": "catmullrom"
						},
						"2.3333": {
							"post": [-8.84568, -14.64191, 12.91166],
							"lerp_mode": "catmullrom"
						},
						"2.5667": {
							"post": [-5.30991, 8.24282, 52.15936],
							"lerp_mode": "catmullrom"
						},
						"2.7333": {
							"post": [-4.09667, 10.38891, 55.41026],
							"lerp_mode": "catmullrom"
						},
						"2.9": {
							"post": [-4.199, 9.38899, 55.64099],
							"lerp_mode": "catmullrom"
						},
						"3.0333": {
							"post": [-5.84478, 9.53104, 55.57627],
							"lerp_mode": "catmullrom"
						},
						"3.2667": {
							"post": [-5.54855, 11.18277, 54.68572],
							"lerp_mode": "catmullrom"
						},
						"3.8667": {
							"post": [-6.21397, 10.98436, 52.0407],
							"lerp_mode": "catmullrom"
						},
						"4.4333": {
							"post": [-5.30991, 8.24282, 52.15936],
							"lerp_mode": "catmullrom"
						},
						"4.6667": {
							"post": [0, 0, 0],
							"lerp_mode": "catmullrom"
						},
						"4.9333": {
							"post": [0.22166, -0.39517, 1.08974],
							"lerp_mode": "catmullrom"
						},
						"5.2667": {
							"post": [0, 0, 0],
							"lerp_mode": "catmullrom"
						}
					},
					"position": {
						"0.0": {
							"post": [0, 0, 0],
							"lerp_mode": "catmullrom"
						},
						"0.3333": {
							"post": [0.47, 0, -1.47],
							"lerp_mode": "catmullrom"
						},
						"0.5333": {
							"post": [5, 0, -3],
							"lerp_mode": "catmullrom"
						},
						"0.7": {
							"post": [6.07, -0.49, -2.94],
							"lerp_mode": "catmullrom"
						},
						"0.8667": {
							"post": [6.72, 0.19, -3.02],
							"lerp_mode": "catmullrom"
						},
						"1.4333": {
							"post": [7, 0, -3],
							"lerp_mode": "catmullrom"
						},
						"2.3333": {
							"post": [4, 0, -2],
							"lerp_mode": "catmullrom"
						},
						"2.5667": {
							"post": [0.75, -1.5, -7],
							"lerp_mode": "catmullrom"
						},
						"2.8": {
							"post": [0, 0, -7],
							"lerp_mode": "catmullrom"
						},
						"3.8667": {
							"post": [0, 0, -7],
							"lerp_mode": "catmullrom"
						},
						"4.6667": {
							"post": [0, 0, 0],
							"lerp_mode": "catmullrom"
						},
						"5.2667": {
							"post": [0, 0, 0],
							"lerp_mode": "catmullrom"
						}
					}
				},
				"camera": {
					"rotation": {
						"0.0": {
							"post": [0, 0, 0],
							"lerp_mode": "catmullrom"
						},
						"0.1": {
							"post": [0.51, 2.09, 0.25],
							"lerp_mode": "catmullrom"
						},
						"0.5": {
							"post": [15, 5, 0],
							"lerp_mode": "catmullrom"
						},
						"0.8667": {
							"post": [15, 5, 0],
							"lerp_mode": "catmullrom"
						},
						"1.5": {
							"post": [5, -5, 0],
							"lerp_mode": "catmullrom"
						},
						"1.9667": {
							"post": [5, -5, 0],
							"lerp_mode": "catmullrom"
						},
						"2.4": {
							"post": [15.68, 1.83, -0.32],
							"lerp_mode": "catmullrom"
						},
						"2.6": {
							"post": [15.93, 2.86, 0.25],
							"lerp_mode": "catmullrom"
						},
						"2.8333": {
							"post": [14.92, 3.87, -0.26],
							"lerp_mode": "catmullrom"
						},
						"3.7333": {
							"post": [10, 7.5, 0],
							"lerp_mode": "catmullrom"
						},
						"4.3333": {
							"post": [2.5, 7.5, 0],
							"lerp_mode": "catmullrom"
						},
						"4.5333": {
							"post": [0.51, 2.09, 0.25],
							"lerp_mode": "catmullrom"
						},
						"4.6333": {
							"post": [0.28, 1.34, -0.1255],
							"lerp_mode": "catmullrom"
						},
						"4.7333": {
							"post": [0.16, 0.78, -1.11],
							"lerp_mode": "catmullrom"
						},
						"5.3": {
							"post": [0, 0, 0],
							"lerp_mode": "catmullrom"
						}
					}
				},
				"constraint": {
					"rotation": [0.2, 0.2, 0.2],
					"position": [0.2, 0.2, 0.2],
					"scale": 1
				},
				"jj": {
					"rotation": {
						"0.0": [0, 0, 0],
						"0.3667": [0, 0, 0],
						"0.7": {
							"pre": [-35, 0, 0],
							"post": [-35, 0, 0],
							"lerp_mode": "catmullrom"
						},
						"1.1": {
							"post": [10, 0, 0],
							"lerp_mode": "catmullrom"
						},
						"1.5": {
							"post": [-20, 0, 0],
							"lerp_mode": "catmullrom"
						},
						"1.6667": {
							"post": [-25, 0, 0],
							"lerp_mode": "catmullrom"
						},
						"1.8": {
							"post": [-15, 0, 0],
							"lerp_mode": "catmullrom"
						},
						"1.9333": {
							"post": [2.98, 0, 0],
							"lerp_mode": "catmullrom"
						},
						"2.3": {
							"post": [20.48, 0, 0],
							"lerp_mode": "catmullrom"
						},
						"2.6": {
							"post": [-24.21, 0, 0],
							"lerp_mode": "catmullrom"
						},
						"3.1": {
							"post": [83.67, 0, 0],
							"lerp_mode": "catmullrom"
						},
						"3.4667": {
							"post": [0.1, 0, 0],
							"lerp_mode": "catmullrom"
						},
						"3.8333": {
							"post": [69.83, 0, 0],
							"lerp_mode": "catmullrom"
						},
						"4.1667": {
							"post": [30.15, 0, 0],
							"lerp_mode": "catmullrom"
						},
						"4.5": {
							"post": [35.15, 0, 0],
							"lerp_mode": "catmullrom"
						},
						"4.7667": {
							"post": [-16.36, 0, 0],
							"lerp_mode": "catmullrom"
						},
						"5.0667": {
							"post": [14.67, 0, 0],
							"lerp_mode": "catmullrom"
						},
						"5.3667": {
							"post": [-12.38, 0, 0],
							"lerp_mode": "catmullrom"
						}
					},
					"position": {
						"0.0": [0, 0, 0],
						"0.3667": [0, 0, 0],
						"5.3667": [0, 0, 0]
					},
					"scale": {
						"0.0": [1, 1, 1],
						"0.3667": [1, 1, 1],
						"5.3667": [1, 1, 1]
					}
				}
			},
			"sound_effects": {
				"0.3": {
					"effect": "ejectionbullet5"
				},
				"2.2333": {
					"effect": "ejectionbullet4"
				},
				"2.4": {
					"effect": "ejectionbullet5"
				}
			}
		},
		"inspect_empty": {
			"animation_length": 2.5667,
			"bones": {
				"lefthand": {
					"rotation": [87.78608, -46.85425, -158.59964],
					"position": [7.04784, -17.40179, 1.94678],
					"scale": [1, 1.5, 1]
				},
				"righthand": {
					"rotation": {
						"0.0": [95.0274, 5.97708, -179.47516],
						"0.4333": [96.37868, 38.32678, -176.03421],
						"1.3333": [118.58357, 31.2619, -176.78568],
						"1.9": [95.0274, 5.97708, -179.47516]
					},
					"position": {
						"0.0": {
							"post": [-6.97538, -18.53414, 14.7436],
							"lerp_mode": "catmullrom"
						},
						"0.5": [-5.91, -7.62, 13.75],
						"1.3333": [-5.91, -7.62, 13.75],
						"1.5667": {
							"pre": [-7.93, -14.89, 14.78],
							"post": [-7.93, -14.89, 14.78],
							"lerp_mode": "catmullrom"
						},
						"1.7333": {
							"post": [-7.95, -14.14, 14.8],
							"lerp_mode": "catmullrom"
						},
						"1.9": {
							"post": [-6.97538, -18.53414, 14.7436],
							"lerp_mode": "catmullrom"
						}
					},
					"scale": {
						"0.0": [1, 1.5, 1],
						"1.9": [1, 1.5, 1]
					}
				},
				"root": {
					"rotation": {
						"0.0": {
							"post": [0, 0, 0],
							"lerp_mode": "catmullrom"
						},
						"0.1667": {
							"post": [-7.948, -2.04406, 3.05263],
							"lerp_mode": "catmullrom"
						},
						"0.3333": {
							"post": [-8.813, -5.89084, 1.06905],
							"lerp_mode": "catmullrom"
						},
						"1.2667": {
							"post": [-10.96, -6.67, 0.86],
							"lerp_mode": "catmullrom"
						},
						"1.6": {
							"post": [-2.88588, -7.19461, 0.81832],
							"lerp_mode": "catmullrom"
						},
						"1.8333": {
							"post": [-9.11438, -8.47098, 0.95697],
							"lerp_mode": "catmullrom"
						},
						"2.0667": {
							"post": [-12.03697, -2.96677, 12.79477],
							"lerp_mode": "catmullrom"
						},
						"2.5667": [0, 0, 0]
					},
					"position": {
						"0.0": {
							"post": [0, 0, 0],
							"lerp_mode": "catmullrom"
						},
						"0.2": {
							"post": [1.99, 0.83, -5.42],
							"lerp_mode": "catmullrom"
						},
						"0.3667": {
							"post": [1.75, 0.11, -2.4],
							"lerp_mode": "catmullrom"
						},
						"1.2667": {
							"post": [1.75, 0.61, -2.4],
							"lerp_mode": "catmullrom"
						},
						"1.5": {
							"post": [1.75, -1.83, -2.4],
							"lerp_mode": "catmullrom"
						},
						"1.8333": {
							"post": [1.76, -1.5575, -2.37],
							"lerp_mode": "catmullrom"
						},
						"2.0667": {
							"post": [-1.65, -1.89, -2.54],
							"lerp_mode": "catmullrom"
						},
						"2.2333": {
							"post": [-0.8, -0.06, -1.26],
							"lerp_mode": "catmullrom"
						},
						"2.4": {
							"post": [-0.44, -1.04, -0.69],
							"lerp_mode": "catmullrom"
						},
						"2.5667": [0, 0, 0]
					},
					"scale": {
						"0.0": [1, 1, 1],
						"2.5667": [1, 1, 1]
					}
				},
				"mag_and_lefthand": {
					"rotation": [0, 0, 0],
					"position": [0, 0, 0],
					"scale": 1
				},
				"camera": {
					"rotation": {
						"0.0": {
							"post": [0, 0, 0],
							"lerp_mode": "catmullrom"
						},
						"0.1333": {
							"post": [0.39, 0, -0.45],
							"lerp_mode": "catmullrom"
						},
						"0.3333": {
							"post": [1.725, 0.05, -0.75],
							"lerp_mode": "catmullrom"
						},
						"1.1": {
							"post": [1.47, -0.02, -0.85],
							"lerp_mode": "catmullrom"
						},
						"1.1667": {
							"post": [1.755, -0.05, -1.2],
							"lerp_mode": "catmullrom"
						},
						"1.2667": {
							"post": [0.79, -0.07, -0.585],
							"lerp_mode": "catmullrom"
						},
						"1.4": {
							"post": [1.195, -0.09, -1.205],
							"lerp_mode": "catmullrom"
						},
						"1.5667": {
							"post": [1.14, -0.12, -0.86],
							"lerp_mode": "catmullrom"
						},
						"1.9": {
							"post": [0.375, 0.075, -1.2],
							"lerp_mode": "catmullrom"
						},
						"2.0667": {
							"post": [0.25, 0.04, -0.61],
							"lerp_mode": "catmullrom"
						},
						"2.1667": {
							"post": [-0.225, 0, 0.125],
							"lerp_mode": "catmullrom"
						},
						"2.2333": {
							"post": [-0.35, 0, 0.2],
							"lerp_mode": "catmullrom"
						},
						"2.3333": {
							"post": [0.25, 0, -0.25],
							"lerp_mode": "catmullrom"
						},
						"2.4333": {
							"post": [-0.075, 0, 0.075],
							"lerp_mode": "catmullrom"
						}
					}
				},
				"constraint": {
					"rotation": [0.2, 0.2, 0.2],
					"position": [0.2, 0.2, 0.2],
					"scale": 1
				},
				"bullet_in_magz": {
					"rotation": [0, 0, 0],
					"position": [0, 0, 0],
					"scale": [0, 0, 1]
				},
				"bone31": {
					"rotation": [0, 0, 0],
					"position": [0, 0, 0],
					"scale": [0, 0, 1]
				},
				"bone29": {
					"rotation": {
						"0.0": [-22.5, 0, 0],
						"0.1": [-22.5, 0, 0]
					},
					"position": [0, 0, 0]
				},
				"jj": {
					"rotation": {
						"0.0": {
							"post": [0, 0, 0],
							"lerp_mode": "catmullrom"
						},
						"0.2": {
							"post": [-27.5, 0, 0],
							"lerp_mode": "catmullrom"
						},
						"0.8667": {
							"post": [12.5, 0, 0],
							"lerp_mode": "catmullrom"
						},
						"1.5": {
							"post": [-20, 0, 0],
							"lerp_mode": "catmullrom"
						},
						"1.9333": {
							"post": [25, 0, 0],
							"lerp_mode": "catmullrom"
						},
						"2.2667": {
							"post": [-10, 0, 0],
							"lerp_mode": "catmullrom"
						},
						"2.4667": {
							"post": [0, 0, 0],
							"lerp_mode": "catmullrom"
						}
					},
					"position": [0, 0, 0],
					"scale": 1
				},
				"djk": {
					"rotation": [0, 0, 0],
					"position": [0, 0, 0]
				},
				"jxg": {
					"rotation": {
						"0.0": [0, 0, 0],
						"0.2667": [0, 0, 0],
						"0.5": [45, 0, 0],
						"1.3333": [45, 0, 0],
						"1.4667": [0, 0, 0]
					},
					"position": {
						"0.0": [0, 0, 0],
						"0.4667": [0, 0, 0],
						"1.3": [0, 0, 0]
					},
					"scale": 1
				},
				"fjqj": {
					"position": {
						"0.0": [0, 0, -5],
						"2.5667": [0, 0, -5]
					}
				}
			},
			"sound_effects": {
				"0.1333": {
					"effect": "insertbullet4"
				},
				"1.4": {
					"effect": "ejectionrefill5"
				}
			}
		},
		"shoot": {
			"animation_length": 48.9,
			"bones": {
				"root": {
					"rotation": {
						"0.0": {
							"post": [0, 0, 0],
							"lerp_mode": "catmullrom"
						},
						"0.0333": {
							"post": [0.24839, 0.0283, -3.99994],
							"lerp_mode": "catmullrom"
						},
						"0.0667": {
							"post": [-2.75049, 0.00873, 1.49939],
							"lerp_mode": "catmullrom"
						},
						"0.1": {
							"post": [-2.16351, -0.12391, -1.41431],
							"lerp_mode": "catmullrom"
						},
						"0.1667": {
							"post": [-0.9984, 0.06651, 0.74977],
							"lerp_mode": "catmullrom"
						},
						"0.2667": {
							"post": [0.37499, -0.00327, 0.24998],
							"lerp_mode": "catmullrom"
						},
						"0.4": {
							"post": [-0.135, 0, -0.18],
							"lerp_mode": "catmullrom"
						},
						"0.5333": {
							"post": [0.125, 0, 0],
							"lerp_mode": "catmullrom"
						},
						"0.6667": {
							"post": [0, 0, 0],
							"lerp_mode": "catmullrom"
						}
					},
					"position": {
						"0.0": {
							"post": [0, 0, 0],
							"lerp_mode": "catmullrom"
						},
						"0.0333": {
							"post": [0, -0.3, 1.65],
							"lerp_mode": "catmullrom"
						},
						"0.0667": {
							"post": [0, 0.075, 1.455],
							"lerp_mode": "catmullrom"
						},
						"0.1333": {
							"post": [0, 0.0375, -0.325],
							"lerp_mode": "catmullrom"
						},
						"0.2333": {
							"post": [0, -0.0625, -0.075],
							"lerp_mode": "catmullrom"
						},
						"0.3667": {
							"post": [0, -0.0625, 0.03125],
							"lerp_mode": "catmullrom"
						},
						"0.5333": {
							"post": [0, 0, 0],
							"lerp_mode": "catmullrom"
						},
						"0.6667": {
							"post": [0, 0, 0],
							"lerp_mode": "catmullrom"
						}
					}
				},
				"camera": {
					"rotation": {
						"0.0": {
							"post": [0, 0, 0],
							"lerp_mode": "catmullrom"
						},
						"0.0333": {
							"post": [0, 0, 1.1],
							"lerp_mode": "catmullrom"
						},
						"0.0667": {
							"post": [0, 0, -0.75],
							"lerp_mode": "catmullrom"
						},
						"0.1": {
							"post": [0, 0, 0.755],
							"lerp_mode": "catmullrom"
						},
						"0.1333": {
							"post": [0, 0, -0.39],
							"lerp_mode": "catmullrom"
						},
						"0.1667": {
							"post": [0, 0, 0.28],
							"lerp_mode": "catmullrom"
						},
						"0.2333": {
							"post": [0, 0, -0.07],
							"lerp_mode": "catmullrom"
						},
						"0.3": {
							"post": [0, 0, 0],
							"lerp_mode": "catmullrom"
						}
					}
				},
				"bullet_in_magz": {
					"rotation": {
						"0.0": [0, 0, 0],
						"0.0333": [0, 0, -20],
						"0.0667": [0, 0, 0],
						"0.1": [0, 0, 0],
						"0.6667": [0, 0, 0]
					},
					"position": {
						"0.0": [0, 0, 0],
						"0.0333": [-0.5, -0.375, 0],
						"0.0667": [0.25, 0.06, 0],
						"0.1": [0, 0, 0],
						"0.6667": [0, 0, 0]
					}
				},
				"bone31": {
					"rotation": [0, 0, 0],
					"position": [0, 0, 0],
					"scale": [0, 0, 1]
				},
				"bullet_in_mag7": {
					"rotation": {
						"0.0": [0, 0, 0],
						"0.0333": [0, 0, 12.5],
						"0.1333": [0, 0, 0]
					}
				},
				"bullet_in_mag9": {
					"rotation": {
						"0.0": [0, 0, 0],
						"0.0333": [0, 0, 25],
						"0.1333": [0, 0, 0]
					},
					"position": {
						"0.0": [0, 0, 0],
						"0.0333": [0, 0, 0],
						"0.1333": [0, 0, 0]
					}
				},
				"bone29": {
					"rotation": {
						"0.0": [0, 0, 0],
						"0.0333": [25, 0, 0],
						"0.1": [0, 0, 0]
					},
					"position": {
						"0.0": [0, 0, 0],
						"0.1": [0, 0, 0]
					}
				},
				"jj": {
					"rotation": {
						"0.0": [0, 0, 0],
						"0.0333": {
							"pre": [12.5, 0, 0],
							"post": [12.5, 0, 0],
							"lerp_mode": "catmullrom"
						},
						"0.1667": {
							"post": [-15, 0, 0],
							"lerp_mode": "catmullrom"
						},
						"0.3333": {
							"post": [5, 0, 0],
							"lerp_mode": "catmullrom"
						},
						"0.4667": {
							"post": [0, 0, 0],
							"lerp_mode": "catmullrom"
						},
						"0.5667": {
							"post": [-5, 0, 0],
							"lerp_mode": "catmullrom"
						},
						"0.6667": [0, 0, 0]
					},
					"position": [0, 0, 0],
					"scale": 1
				},
				"constraint": {
					"rotation": [0.2, 0.2, 0.2],
					"position": [0.2, 0.2, 0.2],
					"scale": 1
				},
				"red": {
					"position": [0, 0, 0],
					"scale": {
						"0.0": [1.02, 1, 1],
						"48.8333": [1, 1, 1],
						"48.9": [1, 1, 1]
					}
				}
			}
		}
	}
}