{
	"format_version": "1.12.0",
	"minecraft:geometry": [
		{
			"description": {
				"identifier": "geometry.scope_susat - Converted",
				"texture_width": 256,
				"texture_height": 256,
				"visible_bounds_width": 25,
				"visible_bounds_height": 9,
				"visible_bounds_offset": [0, 0.5, 0]
			},
			"bones": [
				{
					"name": "bb_main",
					"pivot": [0, 0, 0]
				},
				{
					"name": "scope_body",
					"pivot": [0, 0, 0]
				},
				{
					"name": "1237212",
					"parent": "scope_body",
					"pivot": [0.26998, 0.32042, -2.1235],
					"cubes": [
						{
							"origin": [-0.6875, -0.23437, -4.98437],
							"size": [1.375, 0.9375, 0.9375],
							"inflate": 0.002,
							"uv": {
								"north": {"uv": [135, 93], "uv_size": [1.5, 1]},
								"east": {"uv": [67, 125], "uv_size": [1, 1]},
								"south": {"uv": [135, 94], "uv_size": [1.5, 1]},
								"west": {"uv": [136, 78], "uv_size": [1, 1]},
								"up": {"uv": [135, 95], "uv_size": [1.5, 1]},
								"down": {"uv": [135, 97], "uv_size": [1.5, -1]}
							}
						},
						{
							"origin": [-0.6875, 1.56392, -5.51923],
							"size": [0.875, 0.08594, 0.4375],
							"inflate": 0.002,
							"pivot": [0, 1.89381, -2.86891],
							"rotation": [-145, 0, 180],
							"uv": {
								"north": {"uv": [140, 96], "uv_size": [1, 0.25]},
								"east": {"uv": [142, 36], "uv_size": [0.5, 0.25]},
								"south": {"uv": [140, 97], "uv_size": [1, 0.25]},
								"west": {"uv": [142, 37], "uv_size": [0.5, 0.25]},
								"up": {"uv": [139, 6], "uv_size": [1, 0.5]},
								"down": {"uv": [139, 7.5], "uv_size": [1, -0.5]}
							}
						},
						{
							"origin": [-0.6875, 1.87818, -5.41389],
							"size": [0.0625, 0.13281, 0.25],
							"pivot": [0, 1.89381, -2.86891],
							"rotation": [-135, 0, 180],
							"uv": {
								"north": {"uv": [144, 30], "uv_size": [0.25, 0.25]},
								"east": {"uv": [144, 31], "uv_size": [0.25, 0.25]},
								"south": {"uv": [144, 32], "uv_size": [0.25, 0.25]},
								"west": {"uv": [144, 33], "uv_size": [0.25, 0.25]},
								"up": {"uv": [144, 34], "uv_size": [0.25, 0.25]},
								"down": {"uv": [144, 35.25], "uv_size": [0.25, -0.25]}
							}
						},
						{
							"origin": [-0.6875, 3.50155, -5.02468],
							"size": [0.875, 0.0625, 0.6875],
							"pivot": [0, 1.89381, -2.86891],
							"rotation": [-90, 0, 180],
							"uv": {
								"north": {"uv": [140, 98], "uv_size": [1, 0.25]},
								"east": {"uv": [141, 56], "uv_size": [0.75, 0.25]},
								"south": {"uv": [140, 99], "uv_size": [1, 0.25]},
								"west": {"uv": [141, 57], "uv_size": [0.75, 0.25]},
								"up": {"uv": [137, 122], "uv_size": [1, 0.75]},
								"down": {"uv": [138, 0.75], "uv_size": [1, -0.75]}
							}
						},
						{
							"origin": [-0.6875, 3.52203, -5.01226],
							"size": [0.1855, 1.25432, 0.45066],
							"inflate": 0.004,
							"pivot": [0, 1.89381, -2.86891],
							"rotation": [-90, 0, 180],
							"uv": {
								"north": {"uv": [140, 62], "uv_size": [0.25, 1.25]},
								"east": {"uv": [138, 43], "uv_size": [0.5, 1.25]},
								"south": {"uv": [140, 64], "uv_size": [0.25, 1.25]},
								"west": {"uv": [138, 45], "uv_size": [0.5, 1.25]},
								"up": {"uv": [142, 38], "uv_size": [0.25, 0.5]},
								"down": {"uv": [142, 39.5], "uv_size": [0.25, -0.5]}
							}
						},
						{
							"origin": [-0.6875, -0.23437, -4.98437],
							"size": [1.1875, 0.4375, 5],
							"uv": {
								"north": {"uv": [138, 47], "uv_size": [1.25, 0.5]},
								"east": {"uv": [53, 125], "uv_size": [5, 0.5]},
								"south": {"uv": [138, 48], "uv_size": [1.25, 0.5]},
								"west": {"uv": [58, 125], "uv_size": [5, 0.5]},
								"up": {"uv": [135, 5], "uv_size": [1.25, 5]},
								"down": {"uv": [135, 15], "uv_size": [1.25, -5]}
							}
						},
						{
							"origin": [0.4375, 1.44668, -1.0488],
							"size": [0.4375, 0.3, 0.3],
							"pivot": [0, 1.89381, -2.86891],
							"rotation": [-45, 0, 0],
							"uv": {
								"north": {"uv": [142, 40], "uv_size": [0.5, 0.25]},
								"east": {"uv": [144, 36], "uv_size": [0.25, 0.25]},
								"south": {"uv": [142, 41], "uv_size": [0.5, 0.25]},
								"west": {"uv": [144, 37], "uv_size": [0.25, 0.25]},
								"up": {"uv": [142, 42], "uv_size": [0.5, 0.25]},
								"down": {"uv": [142, 43.25], "uv_size": [0.5, -0.25]}
							}
						},
						{
							"origin": [-1.57193, 2.09417, -2.66855],
							"size": [1.0625, 0.3, 0.3],
							"pivot": [0, 1.89381, -2.86891],
							"rotation": [-45, 0, -90],
							"uv": {
								"north": {"uv": [140, 100], "uv_size": [1, 0.25]},
								"east": {"uv": [144, 38], "uv_size": [0.25, 0.25]},
								"south": {"uv": [140, 101], "uv_size": [1, 0.25]},
								"west": {"uv": [144, 39], "uv_size": [0.25, 0.25]},
								"up": {"uv": [140, 102], "uv_size": [1, 0.25]},
								"down": {"uv": [140, 103.25], "uv_size": [1, -0.25]}
							}
						},
						{
							"origin": [-1.57193, 0.85673, -3.90599],
							"size": [0.6875, 0.3, 0.3],
							"pivot": [0, 1.89381, -2.86891],
							"rotation": [-45, 0, -90],
							"uv": {
								"north": {"uv": [141, 58], "uv_size": [0.75, 0.25]},
								"east": {"uv": [144, 40], "uv_size": [0.25, 0.25]},
								"south": {"uv": [141, 59], "uv_size": [0.75, 0.25]},
								"west": {"uv": [144, 41], "uv_size": [0.25, 0.25]},
								"up": {"uv": [141, 60], "uv_size": [0.75, 0.25]},
								"down": {"uv": [141, 61.25], "uv_size": [0.75, -0.25]}
							}
						},
						{
							"origin": [-1.82193, 2.62703, -0.88661],
							"size": [1.3125, 0.3, 0.3],
							"pivot": [0, 1.89381, -2.86891],
							"rotation": [-22.5, 0, -90],
							"uv": {
								"north": {"uv": [140, 66], "uv_size": [1.25, 0.25]},
								"east": {"uv": [144, 42], "uv_size": [0.25, 0.25]},
								"south": {"uv": [140, 67], "uv_size": [1.25, 0.25]},
								"west": {"uv": [144, 43], "uv_size": [0.25, 0.25]},
								"up": {"uv": [140, 68], "uv_size": [1.25, 0.25]},
								"down": {"uv": [140, 69.25], "uv_size": [1.25, -0.25]}
							}
						},
						{
							"origin": [0.4375, 0.04351, -2.36358],
							"size": [0.4375, 0.3, 0.3],
							"pivot": [0, 1.89381, -2.86891],
							"rotation": [-45, 0, 0],
							"uv": {
								"north": {"uv": [142, 44], "uv_size": [0.5, 0.25]},
								"east": {"uv": [144, 44], "uv_size": [0.25, 0.25]},
								"south": {"uv": [142, 45], "uv_size": [0.5, 0.25]},
								"west": {"uv": [144, 45], "uv_size": [0.25, 0.25]},
								"up": {"uv": [142, 46], "uv_size": [0.5, 0.25]},
								"down": {"uv": [142, 47.25], "uv_size": [0.5, -0.25]}
							}
						}
					]
				},
				{
					"name": "bone6",
					"parent": "1237212",
					"pivot": [-0.09375, 0.31982, -2.58963],
					"cubes": [
						{
							"origin": [-0.6875, 0.07813, -4.04687],
							"size": [1.1875, 0.625, 0.5625],
							"inflate": 0.004,
							"uv": {
								"north": {"uv": [137, 82], "uv_size": [1.25, 0.75]},
								"east": {"uv": [139, 40], "uv_size": [0.5, 0.75]},
								"south": {"uv": [137, 83], "uv_size": [1.25, 0.75]},
								"west": {"uv": [139, 59], "uv_size": [0.5, 0.75]},
								"up": {"uv": [138, 49], "uv_size": [1.25, 0.5]},
								"down": {"uv": [138, 50.5], "uv_size": [1.25, -0.5]}
							}
						},
						{
							"origin": [-0.6875, -0.06615, -2.97878],
							"size": [1.1875, 0.625, 0.125],
							"inflate": 0.002,
							"pivot": [0, 1.89381, -2.86891],
							"rotation": [-22.5, 0, 0],
							"uv": {
								"north": {"uv": [137, 84], "uv_size": [1.25, 0.75]},
								"east": {"uv": [141, 62], "uv_size": [0.25, 0.75]},
								"south": {"uv": [137, 85], "uv_size": [1.25, 0.75]},
								"west": {"uv": [141, 63], "uv_size": [0.25, 0.75]},
								"up": {"uv": [140, 70], "uv_size": [1.25, 0.25]},
								"down": {"uv": [140, 71.25], "uv_size": [1.25, -0.25]}
							}
						},
						{
							"origin": [-0.6875, 0.04187, -2.34099],
							"size": [1.1875, 0.625, 0.125],
							"inflate": 0.002,
							"pivot": [0, 1.89381, -2.86891],
							"rotation": [-45, 0, 0],
							"uv": {
								"north": {"uv": [137, 86], "uv_size": [1.25, 0.75]},
								"east": {"uv": [141, 64], "uv_size": [0.25, 0.75]},
								"south": {"uv": [137, 87], "uv_size": [1.25, 0.75]},
								"west": {"uv": [141, 65], "uv_size": [0.25, 0.75]},
								"up": {"uv": [140, 72], "uv_size": [1.25, 0.25]},
								"down": {"uv": [140, 73.25], "uv_size": [1.25, -0.25]}
							}
						},
						{
							"origin": [-0.6875, 0.38574, -1.79307],
							"size": [1.1875, 0.625, 0.125],
							"inflate": 0.002,
							"pivot": [0, 1.89381, -2.86891],
							"rotation": [-67.5, 0, 0],
							"uv": {
								"north": {"uv": [137, 88], "uv_size": [1.25, 0.75]},
								"east": {"uv": [141, 96], "uv_size": [0.25, 0.75]},
								"south": {"uv": [137, 93], "uv_size": [1.25, 0.75]},
								"west": {"uv": [141, 97], "uv_size": [0.25, 0.75]},
								"up": {"uv": [140, 74], "uv_size": [1.25, 0.25]},
								"down": {"uv": [140, 75.25], "uv_size": [1.25, -0.25]}
							}
						},
						{
							"origin": [-0.6875, 0.91311, -1.41847],
							"size": [1.1875, 0.625, 0.1875],
							"inflate": 0.002,
							"pivot": [0, 1.89381, -2.86891],
							"rotation": [-90, 0, 0],
							"uv": {
								"north": {"uv": [137, 94], "uv_size": [1.25, 0.75]},
								"east": {"uv": [141, 98], "uv_size": [0.25, 0.75]},
								"south": {"uv": [137, 95], "uv_size": [1.25, 0.75]},
								"west": {"uv": [141, 99], "uv_size": [0.25, 0.75]},
								"up": {"uv": [140, 76], "uv_size": [1.25, 0.25]},
								"down": {"uv": [140, 77.25], "uv_size": [1.25, -0.25]}
							}
						},
						{
							"origin": [-0.6875, 0.07813, -4.04687],
							"size": [1.1875, 0.3125, 1.375],
							"inflate": 0.006,
							"uv": {
								"north": {"uv": [140, 78], "uv_size": [1.25, 0.25]},
								"east": {"uv": [139, 110], "uv_size": [1.5, 0.25]},
								"south": {"uv": [140, 79], "uv_size": [1.25, 0.25]},
								"west": {"uv": [139, 121], "uv_size": [1.5, 0.25]},
								"up": {"uv": [135, 69], "uv_size": [1.25, 1.5]},
								"down": {"uv": [135, 72.5], "uv_size": [1.25, -1.5]}
							}
						},
						{
							"origin": [-0.6875, 0.07813, -2.63281],
							"size": [1.1875, 0.25, 0.52344],
							"inflate": 0.002,
							"uv": {
								"north": {"uv": [140, 80], "uv_size": [1.25, 0.25]},
								"east": {"uv": [142, 48], "uv_size": [0.5, 0.25]},
								"south": {"uv": [140, 81], "uv_size": [1.25, 0.25]},
								"west": {"uv": [142, 49], "uv_size": [0.5, 0.25]},
								"up": {"uv": [138, 51], "uv_size": [1.25, 0.5]},
								"down": {"uv": [138, 52.5], "uv_size": [1.25, -0.5]}
							}
						},
						{
							"origin": [-0.5, 0.47802, -1.35597],
							"size": [1.1875, 0.625, 0.1875],
							"inflate": 0.002,
							"pivot": [0, 1.89381, -2.86891],
							"rotation": [90, 0, 180],
							"uv": {
								"north": {"uv": [138, 53], "uv_size": [1.25, 0.5]},
								"east": {"uv": [142, 50], "uv_size": [0.25, 0.5]},
								"south": {"uv": [138, 54], "uv_size": [1.25, 0.5]},
								"west": {"uv": [142, 51], "uv_size": [0.25, 0.5]},
								"up": {"uv": [140, 82], "uv_size": [1.25, 0.25]},
								"down": {"uv": [140, 83.25], "uv_size": [1.25, -0.25]}
							}
						},
						{
							"origin": [-0.5, -0.04015, -1.90184],
							"size": [1.1875, 0.625, 0.125],
							"inflate": 0.002,
							"pivot": [0, 1.89381, -2.86891],
							"rotation": [112.5, 0, 180],
							"uv": {
								"north": {"uv": [137, 96], "uv_size": [1.25, 0.75]},
								"east": {"uv": [141, 100], "uv_size": [0.25, 0.75]},
								"south": {"uv": [137, 97], "uv_size": [1.25, 0.75]},
								"west": {"uv": [141, 101], "uv_size": [0.25, 0.75]},
								"up": {"uv": [140, 84], "uv_size": [1.25, 0.25]},
								"down": {"uv": [140, 85.25], "uv_size": [1.25, -0.25]}
							}
						},
						{
							"origin": [-0.5, -0.30998, -2.60445],
							"size": [1.1875, 0.625, 0.125],
							"inflate": 0.002,
							"pivot": [0, 1.89381, -2.86891],
							"rotation": [135, 0, 180],
							"uv": {
								"north": {"uv": [137, 98], "uv_size": [1.25, 0.75]},
								"east": {"uv": [141, 102], "uv_size": [0.25, 0.75]},
								"south": {"uv": [137, 99], "uv_size": [1.25, 0.75]},
								"west": {"uv": [141, 103], "uv_size": [0.25, 0.75]},
								"up": {"uv": [140, 86], "uv_size": [1.25, 0.25]},
								"down": {"uv": [140, 87.25], "uv_size": [1.25, -0.25]}
							}
						},
						{
							"origin": [-0.5, -0.29039, -3.35685],
							"size": [1.1875, 0.625, 0.125],
							"inflate": 0.002,
							"pivot": [0, 1.89381, -2.86891],
							"rotation": [157.5, 0, 180],
							"uv": {
								"north": {"uv": [137, 100], "uv_size": [1.25, 0.75]},
								"east": {"uv": [141, 104], "uv_size": [0.25, 0.75]},
								"south": {"uv": [137, 101], "uv_size": [1.25, 0.75]},
								"west": {"uv": [141, 105], "uv_size": [0.25, 0.75]},
								"up": {"uv": [140, 88], "uv_size": [1.25, 0.25]},
								"down": {"uv": [140, 89.25], "uv_size": [1.25, -0.25]}
							}
						},
						{
							"origin": [-0.5, 0.01563, -4.23197],
							"size": [1.1875, 0.625, 0.3125],
							"pivot": [0, 1.89381, -2.86891],
							"rotation": [-180, 0, 180],
							"uv": {
								"north": {"uv": [137, 102], "uv_size": [1.25, 0.75]},
								"east": {"uv": [141, 106], "uv_size": [0.25, 0.75]},
								"south": {"uv": [137, 103], "uv_size": [1.25, 0.75]},
								"west": {"uv": [141, 107], "uv_size": [0.25, 0.75]},
								"up": {"uv": [140, 90], "uv_size": [1.25, 0.25]},
								"down": {"uv": [140, 91.25], "uv_size": [1.25, -0.25]}
							}
						},
						{
							"origin": [-0.5, 1.21236, -5.51923],
							"size": [1.1875, 0.4375, 0.8125],
							"inflate": 0.004,
							"pivot": [0, 1.89381, -2.86891],
							"rotation": [-145, 0, 180],
							"uv": {
								"north": {"uv": [138, 55], "uv_size": [1.25, 0.5]},
								"east": {"uv": [139, 124], "uv_size": [0.75, 0.5]},
								"south": {"uv": [138, 56], "uv_size": [1.25, 0.5]},
								"west": {"uv": [139, 125], "uv_size": [0.75, 0.5]},
								"up": {"uv": [137, 104], "uv_size": [1.25, 0.75]},
								"down": {"uv": [137, 105.75], "uv_size": [1.25, -0.75]}
							}
						}
					]
				},
				{
					"name": "24001",
					"parent": "1237212",
					"pivot": [0.59375, 0.30036, -2.64062],
					"cubes": [
						{
							"origin": [0.5, -0.04373, -3.30436],
							"size": [0.1875, 0.25, 0.25],
							"inflate": 0.002,
							"pivot": [0, 1.89381, -2.86891],
							"rotation": [45, 0, 0],
							"uv": {
								"north": {"uv": [144, 46], "uv_size": [0.25, 0.25]},
								"east": {"uv": [144, 47], "uv_size": [0.25, 0.25]},
								"south": {"uv": [144, 48], "uv_size": [0.25, 0.25]},
								"west": {"uv": [144, 49], "uv_size": [0.25, 0.25]},
								"up": {"uv": [144, 50], "uv_size": [0.25, 0.25]},
								"down": {"uv": [144, 51.25], "uv_size": [0.25, -0.25]}
							}
						},
						{
							"origin": [0.5, -0.23437, -3.92187],
							"size": [0.1875, 0.5, 2.5625],
							"inflate": 0.006,
							"uv": {
								"north": {"uv": [142, 52], "uv_size": [0.25, 0.5]},
								"east": {"uv": [135, 119], "uv_size": [2.5, 0.5]},
								"south": {"uv": [142, 53], "uv_size": [0.25, 0.5]},
								"west": {"uv": [135, 120], "uv_size": [2.5, 0.5]},
								"up": {"uv": [138, 57], "uv_size": [0.25, 2.5]},
								"down": {"uv": [138, 64.5], "uv_size": [0.25, -2.5]}
							}
						},
						{
							"origin": [0.5, 0.07813, -3.74226],
							"size": [0.1875, 0.4921, 0.26579],
							"inflate": 0.002,
							"uv": {
								"north": {"uv": [142, 54], "uv_size": [0.25, 0.5]},
								"east": {"uv": [142, 55], "uv_size": [0.25, 0.5]},
								"south": {"uv": [142, 56], "uv_size": [0.25, 0.5]},
								"west": {"uv": [142, 57], "uv_size": [0.25, 0.5]},
								"up": {"uv": [144, 52], "uv_size": [0.25, 0.25]},
								"down": {"uv": [144, 53.25], "uv_size": [0.25, -0.25]}
							}
						},
						{
							"origin": [0.5, 1.32629, -4.67438],
							"size": [0.1875, 0.25, 0.25],
							"inflate": 0.002,
							"pivot": [0, 1.89381, -2.86891],
							"rotation": [45, 0, 0],
							"uv": {
								"north": {"uv": [144, 54], "uv_size": [0.25, 0.25]},
								"east": {"uv": [144, 55], "uv_size": [0.25, 0.25]},
								"south": {"uv": [144, 56], "uv_size": [0.25, 0.25]},
								"west": {"uv": [144, 57], "uv_size": [0.25, 0.25]},
								"up": {"uv": [144, 58], "uv_size": [0.25, 0.25]},
								"down": {"uv": [144, 59.25], "uv_size": [0.25, -0.25]}
							}
						},
						{
							"origin": [0.5, 0.07813, -3.92187],
							"size": [0.1875, 0.3125, 0.625],
							"inflate": 0.004,
							"uv": {
								"north": {"uv": [144, 60], "uv_size": [0.25, 0.25]},
								"east": {"uv": [141, 108], "uv_size": [0.75, 0.25]},
								"south": {"uv": [144, 61], "uv_size": [0.25, 0.25]},
								"west": {"uv": [141, 109], "uv_size": [0.75, 0.25]},
								"up": {"uv": [141, 110], "uv_size": [0.25, 0.75]},
								"down": {"uv": [141, 111.75], "uv_size": [0.25, -0.75]}
							}
						},
						{
							"origin": [0.5, 0.27912, -2.36061],
							"size": [0.1875, 0.25, 0.25],
							"inflate": 0.002,
							"pivot": [0, 1.89381, -2.86891],
							"rotation": [-45, 0, 0],
							"uv": {
								"north": {"uv": [144, 62], "uv_size": [0.25, 0.25]},
								"east": {"uv": [144, 63], "uv_size": [0.25, 0.25]},
								"south": {"uv": [144, 64], "uv_size": [0.25, 0.25]},
								"west": {"uv": [144, 65], "uv_size": [0.25, 0.25]},
								"up": {"uv": [144, 66], "uv_size": [0.25, 0.25]},
								"down": {"uv": [144, 67.25], "uv_size": [0.25, -0.25]}
							}
						},
						{
							"origin": [0.5, 0.07813, -1.98437],
							"size": [0.1875, 0.3125, 0.625],
							"inflate": 0.004,
							"uv": {
								"north": {"uv": [144, 68], "uv_size": [0.25, 0.25]},
								"east": {"uv": [141, 112], "uv_size": [0.75, 0.25]},
								"south": {"uv": [144, 69], "uv_size": [0.25, 0.25]},
								"west": {"uv": [141, 113], "uv_size": [0.75, 0.25]},
								"up": {"uv": [141, 114], "uv_size": [0.25, 0.75]},
								"down": {"uv": [141, 115.75], "uv_size": [0.25, -0.75]}
							}
						},
						{
							"origin": [0.5, 0.07813, -1.80476],
							"size": [0.1875, 0.4921, 0.26579],
							"inflate": 0.002,
							"uv": {
								"north": {"uv": [142, 58], "uv_size": [0.25, 0.5]},
								"east": {"uv": [142, 59], "uv_size": [0.25, 0.5]},
								"south": {"uv": [142, 60], "uv_size": [0.25, 0.5]},
								"west": {"uv": [142, 61], "uv_size": [0.25, 0.5]},
								"up": {"uv": [144, 70], "uv_size": [0.25, 0.25]},
								"down": {"uv": [144, 71.25], "uv_size": [0.25, -0.25]}
							}
						},
						{
							"origin": [0.5, 1.64914, -0.99059],
							"size": [0.1875, 0.25, 0.25],
							"inflate": 0.002,
							"pivot": [0, 1.89381, -2.86891],
							"rotation": [-45, 0, 0],
							"uv": {
								"north": {"uv": [144, 72], "uv_size": [0.25, 0.25]},
								"east": {"uv": [144, 73], "uv_size": [0.25, 0.25]},
								"south": {"uv": [144, 74], "uv_size": [0.25, 0.25]},
								"west": {"uv": [144, 75], "uv_size": [0.25, 0.25]},
								"up": {"uv": [144, 76], "uv_size": [0.25, 0.25]},
								"down": {"uv": [144, 77.25], "uv_size": [0.25, -0.25]}
							}
						}
					]
				},
				{
					"name": "sbb1421",
					"parent": "1237212",
					"pivot": [0.00012, 1.99571, -2.45412],
					"cubes": [
						{
							"origin": [-0.562, 1.53359, -5.40139],
							"size": [1.125, 0.375, 0.8125],
							"inflate": 0.004,
							"pivot": [0, 1.89381, -2.86891],
							"rotation": [145, 0, 0],
							"uv": {
								"north": {"uv": [138, 60], "uv_size": [1.25, 0.5]},
								"east": {"uv": [140, 0], "uv_size": [0.75, 0.5]},
								"south": {"uv": [138, 65], "uv_size": [1.25, 0.5]},
								"west": {"uv": [140, 1], "uv_size": [0.75, 0.5]},
								"up": {"uv": [137, 106], "uv_size": [1.25, 0.75]},
								"down": {"uv": [137, 121.75], "uv_size": [1.25, -0.75]}
							}
						},
						{
							"origin": [0.438, 0.964, -1.19009],
							"size": [0.125, 0.30271, 0.23482],
							"inflate": 0.002,
							"uv": {
								"north": {"uv": [144, 78], "uv_size": [0.25, 0.25]},
								"east": {"uv": [144, 79], "uv_size": [0.25, 0.25]},
								"south": {"uv": [144, 80], "uv_size": [0.25, 0.25]},
								"west": {"uv": [144, 81], "uv_size": [0.25, 0.25]},
								"up": {"uv": [144, 82], "uv_size": [0.25, 0.25]},
								"down": {"uv": [144, 83.25], "uv_size": [0.25, -0.25]}
							}
						},
						{
							"origin": [-0.563, 0.964, -1.19009],
							"size": [0.125, 0.30271, 0.23482],
							"inflate": 0.002,
							"uv": {
								"north": {"uv": [144, 84], "uv_size": [0.25, 0.25]},
								"east": {"uv": [144, 85], "uv_size": [0.25, 0.25]},
								"south": {"uv": [144, 86], "uv_size": [0.25, 0.25]},
								"west": {"uv": [144, 87], "uv_size": [0.25, 0.25]},
								"up": {"uv": [144, 88], "uv_size": [0.25, 0.25]},
								"down": {"uv": [144, 89.25], "uv_size": [0.25, -0.25]}
							}
						},
						{
							"origin": [-0.564, 1.26228, -1.6149],
							"size": [1.129, 0.94285, 0.48605],
							"uv": {
								"north": {"uv": [135, 121], "uv_size": [1.25, 1]},
								"east": {"uv": [139, 8], "uv_size": [0.5, 1]},
								"south": {"uv": [135, 122], "uv_size": [1.25, 1]},
								"west": {"uv": [139, 9], "uv_size": [0.5, 1]},
								"up": {"uv": [138, 66], "uv_size": [1.25, 0.5]},
								"down": {"uv": [138, 67.5], "uv_size": [1.25, -0.5]}
							}
						},
						{
							"origin": [-0.44114, 1.32478, -3.6699],
							"size": [0.88864, 1.88035, 2.11636],
							"inflate": 0.004,
							"uv": {
								"north": {"uv": [135, 61], "uv_size": [1, 2]},
								"east": {"uv": [135, 39], "uv_size": [2, 2]},
								"south": {"uv": [135, 63], "uv_size": [1, 2]},
								"west": {"uv": [135, 41], "uv_size": [2, 2]},
								"up": {"uv": [135, 65], "uv_size": [1, 2]},
								"down": {"uv": [135, 69], "uv_size": [1, -2]}
							}
						},
						{
							"origin": [-0.35926, 1.32478, -1.6774],
							"size": [0.71853, 1.88035, 0.41047],
							"uv": {
								"north": {"uv": [135, 97], "uv_size": [0.75, 2]},
								"east": {"uv": [136, 79], "uv_size": [0.5, 2]},
								"south": {"uv": [135, 99], "uv_size": [0.75, 2]},
								"west": {"uv": [136, 81], "uv_size": [0.5, 2]},
								"up": {"uv": [140, 2], "uv_size": [0.75, 0.5]},
								"down": {"uv": [140, 3.5], "uv_size": [0.75, -0.5]}
							}
						},
						{
							"origin": [-0.35926, 3.19978, -1.3649],
							"size": [0.71853, 0.38035, 0.09797],
							"inflate": 0.002,
							"uv": {
								"north": {"uv": [140, 4], "uv_size": [0.75, 0.5]},
								"east": {"uv": [142, 62], "uv_size": [0.25, 0.5]},
								"south": {"uv": [140, 5], "uv_size": [0.75, 0.5]},
								"west": {"uv": [142, 63], "uv_size": [0.25, 0.5]},
								"up": {"uv": [141, 116], "uv_size": [0.75, 0.25]},
								"down": {"uv": [141, 117.25], "uv_size": [0.75, -0.25]}
							}
						},
						{
							"origin": [-0.07801, 3.76228, -1.3649],
							"size": [0.15603, 0.0991, 0.09797],
							"uv": {
								"north": {"uv": [144, 90], "uv_size": [0.25, 0.25]},
								"east": {"uv": [144, 91], "uv_size": [0.25, 0.25]},
								"south": {"uv": [144, 92], "uv_size": [0.25, 0.25]},
								"west": {"uv": [144, 93], "uv_size": [0.25, 0.25]},
								"up": {"uv": [144, 94], "uv_size": [0.25, 0.25]},
								"down": {"uv": [144, 95.25], "uv_size": [0.25, -0.25]}
							}
						},
						{
							"origin": [-0.07801, 3.51228, -1.3649],
							"size": [0.15603, 0.0991, 0.09797],
							"uv": {
								"north": {"uv": [144, 96], "uv_size": [0.25, 0.25]},
								"east": {"uv": [144, 97], "uv_size": [0.25, 0.25]},
								"south": {"uv": [144, 98], "uv_size": [0.25, 0.25]},
								"west": {"uv": [144, 99], "uv_size": [0.25, 0.25]},
								"up": {"uv": [144, 100], "uv_size": [0.25, 0.25]},
								"down": {"uv": [144, 101.25], "uv_size": [0.25, -0.25]}
							}
						},
						{
							"origin": [-0.01551, 4.73572, -3.6013],
							"size": [0.03103, 0.2241, 0.16047],
							"pivot": [0, 1.89381, -2.86891],
							"rotation": [45, 0, 0],
							"uv": {
								"north": {"uv": [144, 102], "uv_size": [0.25, 0.25]},
								"east": {"uv": [144, 103], "uv_size": [0.25, 0.25]},
								"south": {"uv": [144, 104], "uv_size": [0.25, 0.25]},
								"west": {"uv": [144, 105], "uv_size": [0.25, 0.25]},
								"up": {"uv": [144, 106], "uv_size": [0.25, 0.25]},
								"down": {"uv": [144, 107.25], "uv_size": [0.25, -0.25]}
							}
						},
						{
							"origin": [-0.07801, 3.15719, -5.74072],
							"size": [0.15603, 0.125, 0.47297],
							"pivot": [0, 1.89381, -2.86891],
							"rotation": [-5, 0, 0],
							"uv": {
								"north": {"uv": [144, 108], "uv_size": [0.25, 0.25]},
								"east": {"uv": [142, 64], "uv_size": [0.5, 0.25]},
								"south": {"uv": [144, 109], "uv_size": [0.25, 0.25]},
								"west": {"uv": [142, 65], "uv_size": [0.5, 0.25]},
								"up": {"uv": [142, 66], "uv_size": [0.25, 0.5]},
								"down": {"uv": [142, 67.5], "uv_size": [0.25, -0.5]}
							}
						},
						{
							"origin": [0.07824, 3.51228, -1.3649],
							"size": [0.09353, 0.2241, 0.09797],
							"uv": {
								"north": {"uv": [144, 110], "uv_size": [0.25, 0.25]},
								"east": {"uv": [144, 111], "uv_size": [0.25, 0.25]},
								"south": {"uv": [144, 112], "uv_size": [0.25, 0.25]},
								"west": {"uv": [144, 113], "uv_size": [0.25, 0.25]},
								"up": {"uv": [144, 114], "uv_size": [0.25, 0.25]},
								"down": {"uv": [144, 115.25], "uv_size": [0.25, -0.25]}
							}
						},
						{
							"origin": [-0.17176, 3.51228, -1.3649],
							"size": [0.09353, 0.2241, 0.09797],
							"uv": {
								"north": {"uv": [144, 116], "uv_size": [0.25, 0.25]},
								"east": {"uv": [144, 117], "uv_size": [0.25, 0.25]},
								"south": {"uv": [144, 118], "uv_size": [0.25, 0.25]},
								"west": {"uv": [144, 119], "uv_size": [0.25, 0.25]},
								"up": {"uv": [144, 120], "uv_size": [0.25, 0.25]},
								"down": {"uv": [144, 121.25], "uv_size": [0.25, -0.25]}
							}
						},
						{
							"origin": [-1.33612, 3.24146, -1.3649],
							"size": [0.39775, 0.09879, 0.09797],
							"pivot": [0, 1.89381, -2.86891],
							"rotation": [0, 0, 45],
							"uv": {
								"north": {"uv": [142, 68], "uv_size": [0.5, 0.25]},
								"east": {"uv": [144, 122], "uv_size": [0.25, 0.25]},
								"south": {"uv": [142, 69], "uv_size": [0.5, 0.25]},
								"west": {"uv": [144, 123], "uv_size": [0.25, 0.25]},
								"up": {"uv": [142, 70], "uv_size": [0.5, 0.25]},
								"down": {"uv": [142, 71.25], "uv_size": [0.5, -0.25]}
							}
						},
						{
							"origin": [-1.40826, 2.92713, -1.3649],
							"size": [0.21025, 0.15348, 0.09797],
							"pivot": [0, 1.89381, -2.86891],
							"rotation": [0, 0, 45],
							"uv": {
								"north": {"uv": [144, 124], "uv_size": [0.25, 0.25]},
								"east": {"uv": [144, 125], "uv_size": [0.25, 0.25]},
								"south": {"uv": [145, 0], "uv_size": [0.25, 0.25]},
								"west": {"uv": [145, 1], "uv_size": [0.25, 0.25]},
								"up": {"uv": [145, 2], "uv_size": [0.25, 0.25]},
								"down": {"uv": [145, 3.25], "uv_size": [0.25, -0.25]}
							}
						},
						{
							"origin": [1.19802, 2.92713, -1.3649],
							"size": [0.21025, 0.15348, 0.09797],
							"pivot": [0, 1.89381, -2.86891],
							"rotation": [0, 0, -45],
							"uv": {
								"north": {"uv": [145, 4], "uv_size": [0.25, 0.25]},
								"east": {"uv": [145, 5], "uv_size": [0.25, 0.25]},
								"south": {"uv": [145, 6], "uv_size": [0.25, 0.25]},
								"west": {"uv": [145, 7], "uv_size": [0.25, 0.25]},
								"up": {"uv": [145, 8], "uv_size": [0.25, 0.25]},
								"down": {"uv": [145, 9.25], "uv_size": [0.25, -0.25]}
							}
						},
						{
							"origin": [0.93837, 3.24146, -1.3649],
							"size": [0.39775, 0.09879, 0.09797],
							"pivot": [0, 1.89381, -2.86891],
							"rotation": [0, 0, -45],
							"uv": {
								"north": {"uv": [142, 72], "uv_size": [0.5, 0.25]},
								"east": {"uv": [145, 10], "uv_size": [0.25, 0.25]},
								"south": {"uv": [142, 73], "uv_size": [0.5, 0.25]},
								"west": {"uv": [145, 11], "uv_size": [0.25, 0.25]},
								"up": {"uv": [142, 74], "uv_size": [0.5, 0.25]},
								"down": {"uv": [142, 75.25], "uv_size": [0.5, -0.25]}
							}
						},
						{
							"origin": [-0.94, 1.32478, -3.1774],
							"size": [1.88, 1.88035, 1.125],
							"inflate": 0.002,
							"uv": {
								"north": {"uv": [135, 43], "uv_size": [2, 2]},
								"east": {"uv": [135, 53], "uv_size": [1.25, 2]},
								"south": {"uv": [135, 45], "uv_size": [2, 2]},
								"west": {"uv": [135, 55], "uv_size": [1.25, 2]},
								"up": {"uv": [135, 57], "uv_size": [2, 1.25]},
								"down": {"uv": [135, 60.25], "uv_size": [2, -1.25]}
							}
						},
						{
							"origin": [0.45132, 1.32478, -3.11886],
							"size": [0.43149, 1.88035, 0.6965],
							"pivot": [0, 1.89381, -2.86891],
							"rotation": [0, 45, 0],
							"uv": {
								"north": {"uv": [136, 83], "uv_size": [0.5, 2]},
								"east": {"uv": [135, 101], "uv_size": [0.75, 2]},
								"south": {"uv": [136, 85], "uv_size": [0.5, 2]},
								"west": {"uv": [135, 103], "uv_size": [0.75, 2]},
								"up": {"uv": [140, 6], "uv_size": [0.5, 0.75]},
								"down": {"uv": [140, 7.75], "uv_size": [0.5, -0.75]}
							}
						},
						{
							"origin": [0.81055, 1.32478, -2.95623],
							"size": [0.43149, 1.88035, 0.70549],
							"pivot": [0, 1.89381, -2.86891],
							"rotation": [0, -45, 0],
							"uv": {
								"north": {"uv": [136, 87], "uv_size": [0.5, 2]},
								"east": {"uv": [135, 105], "uv_size": [0.75, 2]},
								"south": {"uv": [136, 97], "uv_size": [0.5, 2]},
								"west": {"uv": [135, 107], "uv_size": [0.75, 2]},
								"up": {"uv": [140, 8], "uv_size": [0.5, 0.75]},
								"down": {"uv": [140, 9.75], "uv_size": [0.5, -0.75]}
							}
						},
						{
							"origin": [-1.33043, 1.32478, -2.86784],
							"size": [0.51988, 0.25535, 0.49211],
							"pivot": [0, 1.89381, -2.86891],
							"rotation": [0, 45, 0],
							"uv": {
								"north": {"uv": [142, 76], "uv_size": [0.5, 0.25]},
								"east": {"uv": [142, 77], "uv_size": [0.5, 0.25]},
								"south": {"uv": [142, 78], "uv_size": [0.5, 0.25]},
								"west": {"uv": [142, 79], "uv_size": [0.5, 0.25]},
								"up": {"uv": [140, 104], "uv_size": [0.5, 0.5]},
								"down": {"uv": [140, 105.5], "uv_size": [0.5, -0.5]}
							}
						},
						{
							"origin": [-0.94, 1.32478, -3.2399],
							"size": [0.504, 0.25535, 1.3125],
							"uv": {
								"north": {"uv": [142, 80], "uv_size": [0.5, 0.25]},
								"east": {"uv": [140, 92], "uv_size": [1.25, 0.25]},
								"south": {"uv": [142, 81], "uv_size": [0.5, 0.25]},
								"west": {"uv": [140, 93], "uv_size": [1.25, 0.25]},
								"up": {"uv": [138, 68], "uv_size": [0.5, 1.25]},
								"down": {"uv": [138, 71.25], "uv_size": [0.5, -1.25]}
							}
						},
						{
							"origin": [-0.92701, 1.32478, -3.17221],
							"size": [0.70359, 0.25535, 0.70565],
							"pivot": [0, 1.89381, -2.86891],
							"rotation": [0, -45, 0],
							"uv": {
								"north": {"uv": [141, 118], "uv_size": [0.75, 0.25]},
								"east": {"uv": [141, 119], "uv_size": [0.75, 0.25]},
								"south": {"uv": [141, 120], "uv_size": [0.75, 0.25]},
								"west": {"uv": [141, 121], "uv_size": [0.75, 0.25]},
								"up": {"uv": [138, 115], "uv_size": [0.75, 0.75]},
								"down": {"uv": [138, 116.75], "uv_size": [0.75, -0.75]}
							}
						},
						{
							"origin": [-0.88281, 1.32478, -3.11886],
							"size": [0.43149, 1.88035, 0.6965],
							"pivot": [0, 1.89381, -2.86891],
							"rotation": [0, -45, 0],
							"uv": {
								"north": {"uv": [136, 99], "uv_size": [0.5, 2]},
								"east": {"uv": [135, 109], "uv_size": [0.75, 2]},
								"south": {"uv": [136, 101], "uv_size": [0.5, 2]},
								"west": {"uv": [135, 111], "uv_size": [0.75, 2]},
								"up": {"uv": [140, 22], "uv_size": [0.5, 0.75]},
								"down": {"uv": [140, 23.75], "uv_size": [0.5, -0.75]}
							}
						},
						{
							"origin": [-1.24204, 1.32478, -2.95623],
							"size": [0.43149, 1.88035, 0.70549],
							"pivot": [0, 1.89381, -2.86891],
							"rotation": [0, 45, 0],
							"uv": {
								"north": {"uv": [136, 103], "uv_size": [0.5, 2]},
								"east": {"uv": [135, 113], "uv_size": [0.75, 2]},
								"south": {"uv": [136, 105], "uv_size": [0.5, 2]},
								"west": {"uv": [135, 115], "uv_size": [0.75, 2]},
								"up": {"uv": [140, 24], "uv_size": [0.5, 0.75]},
								"down": {"uv": [140, 25.75], "uv_size": [0.5, -0.75]}
							}
						},
						{
							"origin": [0.81055, 1.32478, -2.86784],
							"size": [0.51988, 0.25535, 0.49211],
							"pivot": [0, 1.89381, -2.86891],
							"rotation": [0, -45, 0],
							"uv": {
								"north": {"uv": [142, 82], "uv_size": [0.5, 0.25]},
								"east": {"uv": [142, 83], "uv_size": [0.5, 0.25]},
								"south": {"uv": [142, 84], "uv_size": [0.5, 0.25]},
								"west": {"uv": [142, 85], "uv_size": [0.5, 0.25]},
								"up": {"uv": [140, 106], "uv_size": [0.5, 0.5]},
								"down": {"uv": [140, 107.5], "uv_size": [0.5, -0.5]}
							}
						},
						{
							"origin": [0.436, 1.32478, -3.2399],
							"size": [0.504, 0.25535, 1.3125],
							"uv": {
								"north": {"uv": [142, 86], "uv_size": [0.5, 0.25]},
								"east": {"uv": [140, 94], "uv_size": [1.25, 0.25]},
								"south": {"uv": [142, 87], "uv_size": [0.5, 0.25]},
								"west": {"uv": [140, 95], "uv_size": [1.25, 0.25]},
								"up": {"uv": [138, 72], "uv_size": [0.5, 1.25]},
								"down": {"uv": [138, 75.25], "uv_size": [0.5, -1.25]}
							}
						},
						{
							"origin": [0.22342, 1.32478, -3.17221],
							"size": [0.70359, 0.25535, 0.70565],
							"pivot": [0, 1.89381, -2.86891],
							"rotation": [0, 45, 0],
							"uv": {
								"north": {"uv": [141, 122], "uv_size": [0.75, 0.25]},
								"east": {"uv": [141, 123], "uv_size": [0.75, 0.25]},
								"south": {"uv": [141, 124], "uv_size": [0.75, 0.25]},
								"west": {"uv": [141, 125], "uv_size": [0.75, 0.25]},
								"up": {"uv": [138, 117], "uv_size": [0.75, 0.75]},
								"down": {"uv": [138, 118.75], "uv_size": [0.75, -0.75]}
							}
						},
						{
							"origin": [-0.564, 0.86385, -4.2399],
							"size": [1.129, 0.40378, 2.98605],
							"uv": {
								"north": {"uv": [138, 76], "uv_size": [1.25, 0.5]},
								"east": {"uv": [135, 117], "uv_size": [3, 0.5]},
								"south": {"uv": [138, 77], "uv_size": [1.25, 0.5]},
								"west": {"uv": [135, 118], "uv_size": [3, 0.5]},
								"up": {"uv": [135, 47], "uv_size": [1.25, 3]},
								"down": {"uv": [135, 53], "uv_size": [1.25, -3]}
							}
						},
						{
							"origin": [-0.689, 0.86385, -5.3649],
							"size": [1.379, 0.40378, 0.29855],
							"uv": {
								"north": {"uv": [138, 1], "uv_size": [1.5, 0.5]},
								"east": {"uv": [142, 88], "uv_size": [0.25, 0.5]},
								"south": {"uv": [138, 2], "uv_size": [1.5, 0.5]},
								"west": {"uv": [142, 89], "uv_size": [0.25, 0.5]},
								"up": {"uv": [140, 26], "uv_size": [1.5, 0.25]},
								"down": {"uv": [140, 27.25], "uv_size": [1.5, -0.25]}
							}
						},
						{
							"origin": [0.45399, 0.86385, -5.09691],
							"size": [0.504, 0.40378, 0.79855],
							"uv": {
								"north": {"uv": [140, 108], "uv_size": [0.5, 0.5]},
								"east": {"uv": [140, 28], "uv_size": [0.75, 0.5]},
								"south": {"uv": [140, 109], "uv_size": [0.5, 0.5]},
								"west": {"uv": [140, 29], "uv_size": [0.75, 0.5]},
								"up": {"uv": [140, 30], "uv_size": [0.5, 0.75]},
								"down": {"uv": [140, 31.75], "uv_size": [0.5, -0.75]}
							}
						},
						{
							"origin": [-1.27703, 0.86385, -5.12174],
							"size": [0.379, 0.40378, 0.29855],
							"pivot": [0, 1.89381, -2.86891],
							"rotation": [0, -45, 0],
							"uv": {
								"north": {"uv": [140, 111], "uv_size": [0.5, 0.5]},
								"east": {"uv": [142, 90], "uv_size": [0.25, 0.5]},
								"south": {"uv": [140, 112], "uv_size": [0.5, 0.5]},
								"west": {"uv": [142, 91], "uv_size": [0.25, 0.5]},
								"up": {"uv": [142, 92], "uv_size": [0.5, 0.25]},
								"down": {"uv": [142, 93.25], "uv_size": [0.5, -0.25]}
							}
						},
						{
							"origin": [-1.68818, 0.86385, -3.56334],
							"size": [0.5665, 0.40378, 0.36105],
							"pivot": [0, 1.89381, -2.86891],
							"rotation": [0, -45, 0],
							"uv": {
								"north": {"uv": [140, 113], "uv_size": [0.5, 0.5]},
								"east": {"uv": [142, 94], "uv_size": [0.25, 0.5]},
								"south": {"uv": [140, 114], "uv_size": [0.5, 0.5]},
								"west": {"uv": [142, 95], "uv_size": [0.25, 0.5]},
								"up": {"uv": [142, 96], "uv_size": [0.5, 0.25]},
								"down": {"uv": [142, 97.25], "uv_size": [0.5, -0.25]}
							}
						},
						{
							"origin": [-0.95799, 0.86385, -5.09691],
							"size": [0.504, 0.40378, 0.79855],
							"uv": {
								"north": {"uv": [140, 115], "uv_size": [0.5, 0.5]},
								"east": {"uv": [140, 32], "uv_size": [0.75, 0.5]},
								"south": {"uv": [140, 116], "uv_size": [0.5, 0.5]},
								"west": {"uv": [140, 33], "uv_size": [0.75, 0.5]},
								"up": {"uv": [140, 34], "uv_size": [0.5, 0.75]},
								"down": {"uv": [140, 35.75], "uv_size": [0.5, -0.75]}
							}
						},
						{
							"origin": [0.89803, 0.86385, -5.12174],
							"size": [0.379, 0.40378, 0.29855],
							"pivot": [0, 1.89381, -2.86891],
							"rotation": [0, 45, 0],
							"uv": {
								"north": {"uv": [140, 117], "uv_size": [0.5, 0.5]},
								"east": {"uv": [142, 98], "uv_size": [0.25, 0.5]},
								"south": {"uv": [140, 118], "uv_size": [0.5, 0.5]},
								"west": {"uv": [142, 99], "uv_size": [0.25, 0.5]},
								"up": {"uv": [142, 100], "uv_size": [0.5, 0.25]},
								"down": {"uv": [142, 101.25], "uv_size": [0.5, -0.25]}
							}
						},
						{
							"origin": [1.12167, 0.86385, -3.56333],
							"size": [0.5665, 0.40378, 0.36105],
							"pivot": [0, 1.89381, -2.86891],
							"rotation": [0, 45, 0],
							"uv": {
								"north": {"uv": [140, 124], "uv_size": [0.5, 0.5]},
								"east": {"uv": [142, 102], "uv_size": [0.25, 0.5]},
								"south": {"uv": [140, 125], "uv_size": [0.5, 0.5]},
								"west": {"uv": [142, 103], "uv_size": [0.25, 0.5]},
								"up": {"uv": [142, 104], "uv_size": [0.5, 0.25]},
								"down": {"uv": [142, 105.25], "uv_size": [0.5, -0.25]}
							}
						},
						{
							"origin": [0.55206, 0.86385, -1.41979],
							"size": [0.65974, 0.40378, 0.0815],
							"pivot": [0, 1.89381, -2.86891],
							"rotation": [0, -22.5, 0],
							"uv": {
								"north": {"uv": [140, 36], "uv_size": [0.75, 0.5]},
								"east": {"uv": [142, 106], "uv_size": [0.25, 0.5]},
								"south": {"uv": [140, 37], "uv_size": [0.75, 0.5]},
								"west": {"uv": [142, 107], "uv_size": [0.25, 0.5]},
								"up": {"uv": [142, 0], "uv_size": [0.75, 0.25]},
								"down": {"uv": [142, 1.25], "uv_size": [0.75, -0.25]}
							}
						},
						{
							"origin": [-0.565, 0.86385, -1.3024],
							"size": [0.1915, 0.40378, 0.23605],
							"uv": {
								"north": {"uv": [142, 108], "uv_size": [0.25, 0.5]},
								"east": {"uv": [142, 109], "uv_size": [0.25, 0.5]},
								"south": {"uv": [142, 110], "uv_size": [0.25, 0.5]},
								"west": {"uv": [142, 111], "uv_size": [0.25, 0.5]},
								"up": {"uv": [145, 12], "uv_size": [0.25, 0.25]},
								"down": {"uv": [145, 13.25], "uv_size": [0.25, -0.25]}
							}
						},
						{
							"origin": [-1.2118, 0.86385, -1.41978],
							"size": [0.65974, 0.40378, 0.0815],
							"pivot": [0, 1.89381, -2.86891],
							"rotation": [0, 22.5, 0],
							"uv": {
								"north": {"uv": [140, 38], "uv_size": [0.75, 0.5]},
								"east": {"uv": [142, 112], "uv_size": [0.25, 0.5]},
								"south": {"uv": [140, 39], "uv_size": [0.75, 0.5]},
								"west": {"uv": [142, 113], "uv_size": [0.25, 0.5]},
								"up": {"uv": [142, 2], "uv_size": [0.75, 0.25]},
								"down": {"uv": [142, 3.25], "uv_size": [0.75, -0.25]}
							}
						},
						{
							"origin": [-1.0243, 0.86385, -1.54478],
							"size": [0.40974, 0.40378, 0.2065],
							"pivot": [0, 1.89381, -2.86891],
							"rotation": [0, 22.5, 0],
							"uv": {
								"north": {"uv": [141, 0], "uv_size": [0.5, 0.5]},
								"east": {"uv": [142, 114], "uv_size": [0.25, 0.5]},
								"south": {"uv": [141, 1], "uv_size": [0.5, 0.5]},
								"west": {"uv": [142, 115], "uv_size": [0.25, 0.5]},
								"up": {"uv": [142, 116], "uv_size": [0.5, 0.25]},
								"down": {"uv": [142, 117.25], "uv_size": [0.5, -0.25]}
							}
						},
						{
							"origin": [0.61456, 0.86385, -1.54479],
							"size": [0.40974, 0.40378, 0.2065],
							"pivot": [0, 1.89381, -2.86891],
							"rotation": [0, -22.5, 0],
							"uv": {
								"north": {"uv": [141, 2], "uv_size": [0.5, 0.5]},
								"east": {"uv": [142, 118], "uv_size": [0.25, 0.5]},
								"south": {"uv": [141, 3], "uv_size": [0.5, 0.5]},
								"west": {"uv": [142, 119], "uv_size": [0.25, 0.5]},
								"up": {"uv": [142, 120], "uv_size": [0.5, 0.25]},
								"down": {"uv": [142, 121.25], "uv_size": [0.5, -0.25]}
							}
						},
						{
							"origin": [0.3735, 0.86385, -1.3024],
							"size": [0.1915, 0.40378, 0.23605],
							"uv": {
								"north": {"uv": [142, 122], "uv_size": [0.25, 0.5]},
								"east": {"uv": [142, 123], "uv_size": [0.25, 0.5]},
								"south": {"uv": [142, 124], "uv_size": [0.25, 0.5]},
								"west": {"uv": [142, 125], "uv_size": [0.25, 0.5]},
								"up": {"uv": [145, 14], "uv_size": [0.25, 0.25]},
								"down": {"uv": [145, 15.25], "uv_size": [0.25, -0.25]}
							}
						}
					]
				},
				{
					"name": "bone5",
					"parent": "sbb1421",
					"pivot": [-0.57031, 9.05424, 5.17135],
					"cubes": [
						{
							"origin": [0.44531, 2.2929, -4.85115],
							"size": [0.51563, 0.60921, 0.25],
							"inflate": 0.002,
							"pivot": [0, 1.89381, -2.86891],
							"rotation": [45, 0, 0],
							"uv": {
								"north": {"uv": [141, 4], "uv_size": [0.5, 0.5]},
								"east": {"uv": [143, 0], "uv_size": [0.25, 0.5]},
								"south": {"uv": [141, 5], "uv_size": [0.5, 0.5]},
								"west": {"uv": [143, 1], "uv_size": [0.25, 0.5]},
								"up": {"uv": [143, 2], "uv_size": [0.5, 0.25]},
								"down": {"uv": [143, 3.25], "uv_size": [0.5, -0.25]}
							}
						},
						{
							"origin": [-1.00781, 1.65359, -5.04156],
							"size": [2.01563, 0.35921, 0.375],
							"inflate": 0.002,
							"pivot": [0, 1.89381, -2.86891],
							"rotation": [22.5, 0, 0],
							"uv": {
								"north": {"uv": [139, 10], "uv_size": [2, 0.25]},
								"east": {"uv": [143, 4], "uv_size": [0.5, 0.25]},
								"south": {"uv": [139, 11], "uv_size": [2, 0.25]},
								"west": {"uv": [143, 5], "uv_size": [0.5, 0.25]},
								"up": {"uv": [136, 107], "uv_size": [2, 0.5]},
								"down": {"uv": [136, 108.5], "uv_size": [2, -0.5]}
							}
						},
						{
							"origin": [-1.07031, 1.90359, -5.04156],
							"size": [2.14063, 0.10921, 0.375],
							"inflate": 0.002,
							"pivot": [0, 1.89381, -2.86891],
							"rotation": [22.5, 0, 0],
							"uv": {
								"north": {"uv": [138, 119], "uv_size": [2.25, 0.25]},
								"east": {"uv": [143, 6], "uv_size": [0.5, 0.25]},
								"south": {"uv": [138, 120], "uv_size": [2.25, 0.25]},
								"west": {"uv": [143, 7], "uv_size": [0.5, 0.25]},
								"up": {"uv": [135, 123], "uv_size": [2.25, 0.5]},
								"down": {"uv": [135, 124.5], "uv_size": [2.25, -0.5]}
							}
						},
						{
							"origin": [-1.07031, 1.65359, -5.04156],
							"size": [2.14063, 0.10921, 0.375],
							"inflate": 0.002,
							"pivot": [0, 1.89381, -2.86891],
							"rotation": [22.5, 0, 0],
							"uv": {
								"north": {"uv": [138, 122], "uv_size": [2.25, 0.25]},
								"east": {"uv": [143, 8], "uv_size": [0.5, 0.25]},
								"south": {"uv": [138, 123], "uv_size": [2.25, 0.25]},
								"west": {"uv": [143, 9], "uv_size": [0.5, 0.25]},
								"up": {"uv": [135, 125], "uv_size": [2.25, 0.5]},
								"down": {"uv": [136, 61.5], "uv_size": [2.25, -0.5]}
							}
						},
						{
							"origin": [0.44531, 0.95313, -4.98437],
							"size": [0.51563, 0.25, 0.60921],
							"inflate": 0.002,
							"uv": {
								"north": {"uv": [143, 10], "uv_size": [0.5, 0.25]},
								"east": {"uv": [143, 11], "uv_size": [0.5, 0.25]},
								"south": {"uv": [143, 12], "uv_size": [0.5, 0.25]},
								"west": {"uv": [143, 13], "uv_size": [0.5, 0.25]},
								"up": {"uv": [141, 6], "uv_size": [0.5, 0.5]},
								"down": {"uv": [141, 7.5], "uv_size": [0.5, -0.5]}
							}
						},
						{
							"origin": [0.44531, 0.77352, -4.80476],
							"size": [0.51563, 0.60921, 0.25],
							"inflate": 0.002,
							"uv": {
								"north": {"uv": [141, 8], "uv_size": [0.5, 0.5]},
								"east": {"uv": [143, 14], "uv_size": [0.25, 0.5]},
								"south": {"uv": [141, 9], "uv_size": [0.5, 0.5]},
								"west": {"uv": [143, 15], "uv_size": [0.25, 0.5]},
								"up": {"uv": [143, 16], "uv_size": [0.5, 0.25]},
								"down": {"uv": [143, 17.25], "uv_size": [0.5, -0.25]}
							}
						},
						{
							"origin": [0.44531, -0.26803, -3.6976],
							"size": [0.51563, 0.60921, 0.25],
							"inflate": 0.002,
							"pivot": [0, 1.89381, -2.86891],
							"rotation": [-45, 0, 0],
							"uv": {
								"north": {"uv": [141, 10], "uv_size": [0.5, 0.5]},
								"east": {"uv": [143, 18], "uv_size": [0.25, 0.5]},
								"south": {"uv": [141, 11], "uv_size": [0.5, 0.5]},
								"west": {"uv": [143, 19], "uv_size": [0.25, 0.5]},
								"up": {"uv": [143, 20], "uv_size": [0.5, 0.25]},
								"down": {"uv": [143, 21.25], "uv_size": [0.5, -0.25]}
							}
						}
					]
				},
				{
					"name": "bone17",
					"parent": "sbb1421",
					"pivot": [0.57031, 9.05424, 5.17135],
					"cubes": [
						{
							"origin": [-0.96094, 2.2929, -4.85115],
							"size": [0.51563, 0.60921, 0.25],
							"inflate": 0.002,
							"pivot": [0, 1.89381, -2.86891],
							"rotation": [45, 0, 0],
							"uv": {
								"north": {"uv": [141, 12], "uv_size": [0.5, 0.5]},
								"east": {"uv": [143, 22], "uv_size": [0.25, 0.5]},
								"south": {"uv": [141, 13], "uv_size": [0.5, 0.5]},
								"west": {"uv": [143, 23], "uv_size": [0.25, 0.5]},
								"up": {"uv": [143, 24], "uv_size": [0.5, 0.25]},
								"down": {"uv": [143, 25.25], "uv_size": [0.5, -0.25]}
							}
						},
						{
							"origin": [-0.96094, 0.95313, -4.98437],
							"size": [0.51563, 0.25, 0.60921],
							"inflate": 0.002,
							"uv": {
								"north": {"uv": [143, 26], "uv_size": [0.5, 0.25]},
								"east": {"uv": [143, 27], "uv_size": [0.5, 0.25]},
								"south": {"uv": [143, 28], "uv_size": [0.5, 0.25]},
								"west": {"uv": [143, 29], "uv_size": [0.5, 0.25]},
								"up": {"uv": [141, 14], "uv_size": [0.5, 0.5]},
								"down": {"uv": [141, 15.5], "uv_size": [0.5, -0.5]}
							}
						},
						{
							"origin": [-0.96094, 0.77352, -4.80476],
							"size": [0.51563, 0.60921, 0.25],
							"inflate": 0.002,
							"uv": {
								"north": {"uv": [141, 16], "uv_size": [0.5, 0.5]},
								"east": {"uv": [143, 30], "uv_size": [0.25, 0.5]},
								"south": {"uv": [141, 17], "uv_size": [0.5, 0.5]},
								"west": {"uv": [143, 31], "uv_size": [0.25, 0.5]},
								"up": {"uv": [143, 32], "uv_size": [0.5, 0.25]},
								"down": {"uv": [143, 33.25], "uv_size": [0.5, -0.25]}
							}
						},
						{
							"origin": [-0.96094, -0.26803, -3.6976],
							"size": [0.51563, 0.60921, 0.25],
							"inflate": 0.002,
							"pivot": [0, 1.89381, -2.86891],
							"rotation": [-45, 0, 0],
							"uv": {
								"north": {"uv": [141, 18], "uv_size": [0.5, 0.5]},
								"east": {"uv": [143, 34], "uv_size": [0.25, 0.5]},
								"south": {"uv": [141, 19], "uv_size": [0.5, 0.5]},
								"west": {"uv": [143, 35], "uv_size": [0.25, 0.5]},
								"up": {"uv": [143, 36], "uv_size": [0.5, 0.25]},
								"down": {"uv": [143, 37.25], "uv_size": [0.5, -0.25]}
							}
						}
					]
				},
				{
					"name": "35737321111",
					"parent": "1237212",
					"pivot": [0.01563, 1.04688, -4.67976],
					"cubes": [
						{
							"origin": [-0.30469, 2.2929, -4.85115],
							"size": [0.64063, 0.60921, 0.25],
							"inflate": 0.002,
							"pivot": [0, 1.89381, -2.86891],
							"rotation": [45, 0, 0],
							"uv": {
								"north": {"uv": [140, 40], "uv_size": [0.75, 0.5]},
								"east": {"uv": [143, 38], "uv_size": [0.25, 0.5]},
								"south": {"uv": [140, 41], "uv_size": [0.75, 0.5]},
								"west": {"uv": [143, 39], "uv_size": [0.25, 0.5]},
								"up": {"uv": [142, 4], "uv_size": [0.75, 0.25]},
								"down": {"uv": [142, 5.25], "uv_size": [0.75, -0.25]}
							}
						},
						{
							"origin": [-0.30469, 0.70313, -4.98437],
							"size": [0.64063, 0.5, 0.60921],
							"inflate": 0.002,
							"uv": {
								"north": {"uv": [140, 42], "uv_size": [0.75, 0.5]},
								"east": {"uv": [141, 20], "uv_size": [0.5, 0.5]},
								"south": {"uv": [140, 43], "uv_size": [0.75, 0.5]},
								"west": {"uv": [141, 21], "uv_size": [0.5, 0.5]},
								"up": {"uv": [140, 44], "uv_size": [0.75, 0.5]},
								"down": {"uv": [140, 45.5], "uv_size": [0.75, -0.5]}
							}
						},
						{
							"origin": [-0.30469, 0.77352, -4.80476],
							"size": [0.64063, 0.60921, 0.25],
							"inflate": 0.002,
							"uv": {
								"north": {"uv": [140, 46], "uv_size": [0.75, 0.5]},
								"east": {"uv": [143, 40], "uv_size": [0.25, 0.5]},
								"south": {"uv": [140, 47], "uv_size": [0.75, 0.5]},
								"west": {"uv": [143, 41], "uv_size": [0.25, 0.5]},
								"up": {"uv": [142, 6], "uv_size": [0.75, 0.25]},
								"down": {"uv": [142, 7.25], "uv_size": [0.75, -0.25]}
							}
						},
						{
							"origin": [-0.30469, -0.26803, -3.6976],
							"size": [0.64063, 0.60921, 0.25],
							"inflate": 0.002,
							"pivot": [0, 1.89381, -2.86891],
							"rotation": [-45, 0, 0],
							"uv": {
								"north": {"uv": [140, 48], "uv_size": [0.75, 0.5]},
								"east": {"uv": [143, 42], "uv_size": [0.25, 0.5]},
								"south": {"uv": [140, 49], "uv_size": [0.75, 0.5]},
								"west": {"uv": [143, 43], "uv_size": [0.25, 0.5]},
								"up": {"uv": [142, 8], "uv_size": [0.75, 0.25]},
								"down": {"uv": [142, 9.25], "uv_size": [0.75, -0.25]}
							}
						}
					]
				},
				{
					"name": "7322137",
					"parent": "scope_body",
					"pivot": [0, 1.125, -0.5625],
					"cubes": [
						{
							"origin": [1.46519, 1, -1.63803],
							"size": [0.33137, 0.25, 0.8],
							"pivot": [0, 1.89381, -2.86891],
							"rotation": [0, -45, 0],
							"uv": {
								"north": {"uv": [145, 16], "uv_size": [0.25, 0.25]},
								"east": {"uv": [142, 10], "uv_size": [0.75, 0.25]},
								"south": {"uv": [145, 17], "uv_size": [0.25, 0.25]},
								"west": {"uv": [142, 11], "uv_size": [0.75, 0.25]},
								"up": {"uv": [142, 12], "uv_size": [0.25, 0.75]},
								"down": {"uv": [142, 13.75], "uv_size": [0.25, -0.75]}
							}
						},
						{
							"origin": [-0.16569, 1, -0.9625],
							"size": [0.33137, 0.25, 0.8],
							"uv": {
								"north": {"uv": [145, 18], "uv_size": [0.25, 0.25]},
								"east": {"uv": [142, 14], "uv_size": [0.75, 0.25]},
								"south": {"uv": [145, 19], "uv_size": [0.25, 0.25]},
								"west": {"uv": [142, 15], "uv_size": [0.75, 0.25]},
								"up": {"uv": [142, 16], "uv_size": [0.25, 0.75]},
								"down": {"uv": [142, 17.75], "uv_size": [0.25, -0.75]}
							}
						},
						{
							"origin": [1.23088, 1, -1.40372],
							"size": [0.8, 0.25, 0.33137],
							"pivot": [0, 1.89381, -2.86891],
							"rotation": [0, -45, 0],
							"uv": {
								"north": {"uv": [142, 18], "uv_size": [0.75, 0.25]},
								"east": {"uv": [145, 20], "uv_size": [0.25, 0.25]},
								"south": {"uv": [142, 19], "uv_size": [0.75, 0.25]},
								"west": {"uv": [145, 21], "uv_size": [0.25, 0.25]},
								"up": {"uv": [142, 20], "uv_size": [0.75, 0.25]},
								"down": {"uv": [142, 21.25], "uv_size": [0.75, -0.25]}
							}
						},
						{
							"origin": [-0.4, 1, -0.72819],
							"size": [0.8, 0.25, 0.33137],
							"uv": {
								"north": {"uv": [142, 22], "uv_size": [0.75, 0.25]},
								"east": {"uv": [145, 22], "uv_size": [0.25, 0.25]},
								"south": {"uv": [142, 23], "uv_size": [0.75, 0.25]},
								"west": {"uv": [145, 23], "uv_size": [0.25, 0.25]},
								"up": {"uv": [142, 24], "uv_size": [0.75, 0.25]},
								"down": {"uv": [142, 25.25], "uv_size": [0.75, -0.25]}
							}
						}
					]
				},
				{
					"name": "3572131313",
					"parent": "scope_body",
					"pivot": [0, 1.78125, -1.825],
					"cubes": [
						{
							"origin": [-1, 2.52395, -2.27023],
							"size": [2, 0.20711, 0.5],
							"pivot": [0, 1.89381, -2.86891],
							"rotation": [-45, 0, 0],
							"uv": {
								"north": {"uv": [139, 12], "uv_size": [2, 0.25]},
								"east": {"uv": [143, 44], "uv_size": [0.5, 0.25]},
								"south": {"uv": [139, 13], "uv_size": [2, 0.25]},
								"west": {"uv": [143, 45], "uv_size": [0.5, 0.25]},
								"up": {"uv": [136, 109], "uv_size": [2, 0.5]},
								"down": {"uv": [136, 110.5], "uv_size": [2, -0.5]}
							}
						},
						{
							"origin": [-1, 1.70895, -2],
							"size": [2, 0.20711, 0.5],
							"uv": {
								"north": {"uv": [139, 14], "uv_size": [2, 0.25]},
								"east": {"uv": [143, 46], "uv_size": [0.5, 0.25]},
								"south": {"uv": [139, 15], "uv_size": [2, 0.25]},
								"west": {"uv": [143, 47], "uv_size": [0.5, 0.25]},
								"up": {"uv": [136, 111], "uv_size": [2, 0.5]},
								"down": {"uv": [136, 112.5], "uv_size": [2, -0.5]}
							}
						},
						{
							"origin": [-1, 2.3775, -2.12378],
							"size": [2, 0.5, 0.20711],
							"pivot": [0, 1.89381, -2.86891],
							"rotation": [-45, 0, 0],
							"uv": {
								"north": {"uv": [136, 113], "uv_size": [2, 0.5]},
								"east": {"uv": [143, 48], "uv_size": [0.25, 0.5]},
								"south": {"uv": [136, 114], "uv_size": [2, 0.5]},
								"west": {"uv": [143, 49], "uv_size": [0.25, 0.5]},
								"up": {"uv": [139, 16], "uv_size": [2, 0.25]},
								"down": {"uv": [139, 17.25], "uv_size": [2, -0.25]}
							}
						},
						{
							"origin": [-1, 1.5625, -1.85355],
							"size": [2, 0.5, 0.20711],
							"inflate": 0.002,
							"uv": {
								"north": {"uv": [136, 115], "uv_size": [2, 0.5]},
								"east": {"uv": [143, 50], "uv_size": [0.25, 0.5]},
								"south": {"uv": [136, 116], "uv_size": [2, 0.5]},
								"west": {"uv": [143, 51], "uv_size": [0.25, 0.5]},
								"up": {"uv": [139, 18], "uv_size": [2, 0.25]},
								"down": {"uv": [139, 19.25], "uv_size": [2, -0.25]}
							}
						},
						{
							"origin": [-1, 1.5625, -2.60355],
							"size": [2, 0.1875, 0.95711],
							"uv": {
								"north": {"uv": [139, 20], "uv_size": [2, 0.25]},
								"east": {"uv": [141, 22], "uv_size": [1, 0.25]},
								"south": {"uv": [139, 21], "uv_size": [2, 0.25]},
								"west": {"uv": [141, 23], "uv_size": [1, 0.25]},
								"up": {"uv": [63, 125], "uv_size": [2, 1]},
								"down": {"uv": [65, 126], "uv_size": [2, -1]}
							}
						}
					]
				},
				{
					"name": "2137537",
					"parent": "scope_body",
					"pivot": [-0.00019, 0.76955, -0.54042],
					"cubes": [
						{
							"origin": [-0.27796, 0.42635, -0.61384],
							"size": [0.46682, 0.625, 0.627],
							"pivot": [0, 0.7699, -0.50649],
							"rotation": [0, -45, 0],
							"uv": {
								"north": {"uv": [140, 50], "uv_size": [0.5, 0.75]},
								"east": {"uv": [138, 124], "uv_size": [0.75, 0.75]},
								"south": {"uv": [140, 51], "uv_size": [0.5, 0.75]},
								"west": {"uv": [138, 125], "uv_size": [0.75, 0.75]},
								"up": {"uv": [140, 52], "uv_size": [0.5, 0.75]},
								"down": {"uv": [140, 53.75], "uv_size": [0.5, -0.75]}
							}
						},
						{
							"origin": [-0.23391, 0.42635, -0.6325],
							"size": [0.46682, 0.625, 0.627],
							"uv": {
								"north": {"uv": [140, 54], "uv_size": [0.5, 0.75]},
								"east": {"uv": [139, 0], "uv_size": [0.75, 0.75]},
								"south": {"uv": [140, 55], "uv_size": [0.5, 0.75]},
								"west": {"uv": [139, 3], "uv_size": [0.75, 0.75]},
								"up": {"uv": [140, 56], "uv_size": [0.5, 0.75]},
								"down": {"uv": [140, 57.75], "uv_size": [0.5, -0.75]}
							}
						},
						{
							"origin": [-0.10805, 0.42635, -0.78374],
							"size": [0.627, 0.625, 0.46682],
							"pivot": [0, 0.7699, -0.50649],
							"rotation": [0, -45, 0],
							"uv": {
								"north": {"uv": [139, 4], "uv_size": [0.75, 0.75]},
								"east": {"uv": [140, 58], "uv_size": [0.5, 0.75]},
								"south": {"uv": [139, 5], "uv_size": [0.75, 0.75]},
								"west": {"uv": [140, 59], "uv_size": [0.5, 0.75]},
								"up": {"uv": [140, 60], "uv_size": [0.75, 0.5]},
								"down": {"uv": [140, 61.5], "uv_size": [0.75, -0.5]}
							}
						},
						{
							"origin": [0.186, 0.42635, -0.8024],
							"size": [0.377, 0.4375, 0.46682],
							"uv": {
								"north": {"uv": [141, 24], "uv_size": [0.5, 0.5]},
								"east": {"uv": [141, 25], "uv_size": [0.5, 0.5]},
								"south": {"uv": [141, 28], "uv_size": [0.5, 0.5]},
								"west": {"uv": [141, 29], "uv_size": [0.5, 0.5]},
								"up": {"uv": [141, 30], "uv_size": [0.5, 0.5]},
								"down": {"uv": [141, 31.5], "uv_size": [0.5, -0.5]}
							}
						},
						{
							"origin": [-0.48828, 0.67635, -1.0524],
							"size": [0.97655, 0.3679, 0.71682],
							"uv": {
								"north": {"uv": [141, 32], "uv_size": [1, 0.25]},
								"east": {"uv": [142, 26], "uv_size": [0.75, 0.25]},
								"south": {"uv": [141, 33], "uv_size": [1, 0.25]},
								"west": {"uv": [142, 27], "uv_size": [0.75, 0.25]},
								"up": {"uv": [138, 3], "uv_size": [1, 0.75]},
								"down": {"uv": [138, 4.75], "uv_size": [1, -0.75]}
							}
						},
						{
							"origin": [0.24591, 0.64124, -1.0524],
							"size": [0.31019, 0.19526, 0.71682],
							"pivot": [0, 0.7699, -0.50649],
							"rotation": [0, 0, -22.5],
							"uv": {
								"north": {"uv": [145, 24], "uv_size": [0.25, 0.25]},
								"east": {"uv": [142, 28], "uv_size": [0.75, 0.25]},
								"south": {"uv": [145, 25], "uv_size": [0.25, 0.25]},
								"west": {"uv": [142, 29], "uv_size": [0.75, 0.25]},
								"up": {"uv": [142, 30], "uv_size": [0.25, 0.75]},
								"down": {"uv": [142, 31.75], "uv_size": [0.25, -0.75]}
							}
						},
						{
							"origin": [-0.563, 0.42635, -0.8024],
							"size": [0.377, 0.4375, 0.46682],
							"uv": {
								"north": {"uv": [141, 34], "uv_size": [0.5, 0.5]},
								"east": {"uv": [141, 35], "uv_size": [0.5, 0.5]},
								"south": {"uv": [141, 36], "uv_size": [0.5, 0.5]},
								"west": {"uv": [141, 37], "uv_size": [0.5, 0.5]},
								"up": {"uv": [141, 38], "uv_size": [0.5, 0.5]},
								"down": {"uv": [141, 39.5], "uv_size": [0.5, -0.5]}
							}
						},
						{
							"origin": [-0.5561, 0.64124, -1.0524],
							"size": [0.31019, 0.19526, 0.71682],
							"pivot": [0, 0.7699, -0.50649],
							"rotation": [0, 0, 22.5],
							"uv": {
								"north": {"uv": [145, 26], "uv_size": [0.25, 0.25]},
								"east": {"uv": [142, 32], "uv_size": [0.75, 0.25]},
								"south": {"uv": [145, 27], "uv_size": [0.25, 0.25]},
								"west": {"uv": [142, 33], "uv_size": [0.75, 0.25]},
								"up": {"uv": [142, 34], "uv_size": [0.25, 0.75]},
								"down": {"uv": [142, 35.75], "uv_size": [0.25, -0.75]}
							}
						}
					]
				},
				{
					"name": "7373578",
					"parent": "scope_body",
					"pivot": [0, 1.125, -0.56251],
					"rotation": [0, -22.5, 0],
					"cubes": [
						{
							"origin": [-4.26938, 1.0625, 2.99977],
							"size": [0.41421, 0.125, 1],
							"pivot": [2.87246, 9.83131, 6.37222],
							"rotation": [0, -45, 0],
							"uv": {
								"north": {"uv": [143, 52], "uv_size": [0.5, 0.25]},
								"east": {"uv": [141, 40], "uv_size": [1, 0.25]},
								"south": {"uv": [143, 53], "uv_size": [0.5, 0.25]},
								"west": {"uv": [141, 41], "uv_size": [1, 0.25]},
								"up": {"uv": [139, 22], "uv_size": [0.5, 1]},
								"down": {"uv": [139, 24], "uv_size": [0.5, -1]}
							}
						},
						{
							"origin": [-0.20711, 1.0625, -1.0625],
							"size": [0.41421, 0.125, 1],
							"uv": {
								"north": {"uv": [143, 54], "uv_size": [0.5, 0.25]},
								"east": {"uv": [141, 42], "uv_size": [1, 0.25]},
								"south": {"uv": [143, 55], "uv_size": [0.5, 0.25]},
								"west": {"uv": [141, 43], "uv_size": [1, 0.25]},
								"up": {"uv": [139, 24], "uv_size": [0.5, 1]},
								"down": {"uv": [139, 26], "uv_size": [0.5, -1]}
							}
						},
						{
							"origin": [-4.56227, 1.0625, 3.29266],
							"size": [1, 0.125, 0.41421],
							"pivot": [2.87246, 9.83131, 6.37222],
							"rotation": [0, -45, 0],
							"uv": {
								"north": {"uv": [141, 44], "uv_size": [1, 0.25]},
								"east": {"uv": [143, 56], "uv_size": [0.5, 0.25]},
								"south": {"uv": [141, 45], "uv_size": [1, 0.25]},
								"west": {"uv": [143, 57], "uv_size": [0.5, 0.25]},
								"up": {"uv": [139, 26], "uv_size": [1, 0.5]},
								"down": {"uv": [139, 27.5], "uv_size": [1, -0.5]}
							}
						},
						{
							"origin": [-0.5, 1.0625, -0.76961],
							"size": [1, 0.125, 0.41421],
							"uv": {
								"north": {"uv": [141, 46], "uv_size": [1, 0.25]},
								"east": {"uv": [143, 58], "uv_size": [0.5, 0.25]},
								"south": {"uv": [141, 47], "uv_size": [1, 0.25]},
								"west": {"uv": [143, 59], "uv_size": [0.5, 0.25]},
								"up": {"uv": [139, 28], "uv_size": [1, 0.5]},
								"down": {"uv": [139, 37.5], "uv_size": [1, -0.5]}
							}
						}
					]
				},
				{
					"name": "3753175357324",
					"parent": "scope_body",
					"pivot": [0, 2.5, -2.375],
					"cubes": [
						{
							"origin": [-0.70823, 1.64745, -4.125],
							"size": [0.55919, 1.35, 3.5],
							"pivot": [0, 1.89381, -2.86891],
							"rotation": [0, 0, 45],
							"uv": {
								"north": {"uv": [138, 78], "uv_size": [0.5, 1.25]},
								"east": {"uv": [135, 15], "uv_size": [3.5, 1.25]},
								"south": {"uv": [138, 80], "uv_size": [0.5, 1.25]},
								"west": {"uv": [135, 17], "uv_size": [3.5, 1.25]},
								"up": {"uv": [135, 73], "uv_size": [0.5, 3.5]},
								"down": {"uv": [135, 80.5], "uv_size": [0.5, -3.5]}
							}
						},
						{
							"origin": [-0.27959, 1.825, -4.125],
							"size": [0.55919, 1.35, 3.5],
							"uv": {
								"north": {"uv": [138, 107], "uv_size": [0.5, 1.25]},
								"east": {"uv": [135, 19], "uv_size": [3.5, 1.25]},
								"south": {"uv": [138, 109], "uv_size": [0.5, 1.25]},
								"west": {"uv": [135, 21], "uv_size": [3.5, 1.25]},
								"up": {"uv": [135, 81], "uv_size": [0.5, 3.5]},
								"down": {"uv": [135, 88.5], "uv_size": [0.5, -3.5]}
							}
						},
						{
							"origin": [-1.10364, 2.04286, -4.125],
							"size": [1.35, 0.55919, 3.5],
							"pivot": [0, 1.89381, -2.86891],
							"rotation": [0, 0, 45],
							"uv": {
								"north": {"uv": [138, 111], "uv_size": [1.25, 0.5]},
								"east": {"uv": [135, 89], "uv_size": [3.5, 0.5]},
								"south": {"uv": [138, 112], "uv_size": [1.25, 0.5]},
								"west": {"uv": [135, 90], "uv_size": [3.5, 0.5]},
								"up": {"uv": [135, 23], "uv_size": [1.25, 3.5]},
								"down": {"uv": [135, 30.5], "uv_size": [1.25, -3.5]}
							}
						},
						{
							"origin": [-0.675, 2.22041, -4.125],
							"size": [1.35, 0.55919, 3.5],
							"uv": {
								"north": {"uv": [138, 113], "uv_size": [1.25, 0.5]},
								"east": {"uv": [135, 91], "uv_size": [3.5, 0.5]},
								"south": {"uv": [138, 114], "uv_size": [1.25, 0.5]},
								"west": {"uv": [135, 92], "uv_size": [3.5, 0.5]},
								"up": {"uv": [135, 31], "uv_size": [1.25, 3.5]},
								"down": {"uv": [135, 38.5], "uv_size": [1.25, -3.5]}
							}
						}
					]
				},
				{
					"name": "35214544",
					"parent": "scope_body",
					"pivot": [0, 2.5, -0.875],
					"cubes": [
						{
							"origin": [-0.72894, 1.59745, -1.125],
							"size": [0.60061, 1.45, 0.5],
							"pivot": [0, 1.89381, -2.86891],
							"rotation": [0, 0, 45],
							"uv": {
								"north": {"uv": [138, 5], "uv_size": [0.5, 1.5]},
								"east": {"uv": [138, 7], "uv_size": [0.5, 1.5]},
								"south": {"uv": [138, 9], "uv_size": [0.5, 1.5]},
								"west": {"uv": [138, 11], "uv_size": [0.5, 1.5]},
								"up": {"uv": [141, 48], "uv_size": [0.5, 0.5]},
								"down": {"uv": [141, 49.5], "uv_size": [0.5, -0.5]}
							}
						},
						{
							"origin": [-0.3003, 1.775, -1.125],
							"size": [0.60061, 1.45, 0.5],
							"uv": {
								"north": {"uv": [138, 13], "uv_size": [0.5, 1.5]},
								"east": {"uv": [138, 23], "uv_size": [0.5, 1.5]},
								"south": {"uv": [138, 25], "uv_size": [0.5, 1.5]},
								"west": {"uv": [138, 27], "uv_size": [0.5, 1.5]},
								"up": {"uv": [141, 50], "uv_size": [0.5, 0.5]},
								"down": {"uv": [141, 51.5], "uv_size": [0.5, -0.5]}
							}
						},
						{
							"origin": [-1.15364, 2.02215, -1.125],
							"size": [1.45, 0.60061, 0.5],
							"pivot": [0, 1.89381, -2.86891],
							"rotation": [0, 0, 45],
							"uv": {
								"north": {"uv": [138, 29], "uv_size": [1.5, 0.5]},
								"east": {"uv": [141, 52], "uv_size": [0.5, 0.5]},
								"south": {"uv": [138, 30], "uv_size": [1.5, 0.5]},
								"west": {"uv": [141, 53], "uv_size": [0.5, 0.5]},
								"up": {"uv": [138, 31], "uv_size": [1.5, 0.5]},
								"down": {"uv": [138, 32.5], "uv_size": [1.5, -0.5]}
							}
						},
						{
							"origin": [-0.725, 2.1997, -1.125],
							"size": [1.45, 0.60061, 0.5],
							"uv": {
								"north": {"uv": [138, 33], "uv_size": [1.5, 0.5]},
								"east": {"uv": [141, 54], "uv_size": [0.5, 0.5]},
								"south": {"uv": [138, 34], "uv_size": [1.5, 0.5]},
								"west": {"uv": [141, 55], "uv_size": [0.5, 0.5]},
								"up": {"uv": [138, 35], "uv_size": [1.5, 0.5]},
								"down": {"uv": [138, 36.5], "uv_size": [1.5, -0.5]}
							}
						}
					]
				},
				{
					"name": "15273737",
					"parent": "scope_body",
					"pivot": [0, 0, 0]
				},
				{
					"name": "bone9",
					"parent": "15273737",
					"pivot": [0, 14.48438, 2.75],
					"rotation": [-90, 0, 0]
				},
				{
					"name": "bone11",
					"parent": "bone9",
					"pivot": [0, 14.48438, 2.75],
					"cubes": [
						{
							"origin": [0.30397, 8.32441, 15.67469],
							"size": [0.4142, 2, 0.1017],
							"pivot": [0, 18.67797, 1.40307],
							"rotation": [-9.6177, 0.664, 3.9121],
							"uv": {
								"north": {"uv": [137, 5], "uv_size": [0.5, 2]},
								"south": {"uv": [137, 7], "uv_size": [0.5, 2]},
								"west": {"uv": [139, 38], "uv_size": [0.25, 2]},
								"up": {"uv": [143, 60], "uv_size": [0.5, 0.25]},
								"down": {"uv": [143, 61.25], "uv_size": [0.5, -0.25]}
							}
						},
						{
							"origin": [-0.71817, 8.32441, 15.67469],
							"size": [0.4142, 2, 0.1017],
							"pivot": [0, 18.67797, 1.40307],
							"rotation": [-9.6177, -0.664, -3.9121],
							"uv": {
								"north": {"uv": [137, 9], "uv_size": [0.5, 2]},
								"east": {"uv": [139, 43], "uv_size": [0.25, 2]},
								"south": {"uv": [137, 11], "uv_size": [0.5, 2]},
								"up": {"uv": [143, 62], "uv_size": [0.5, 0.25]},
								"down": {"uv": [143, 63.25], "uv_size": [0.5, -0.25]}
							}
						}
					]
				},
				{
					"name": "bone12",
					"parent": "bone9",
					"pivot": [0, 14.48438, 2.75],
					"rotation": [0, -45, 0],
					"cubes": [
						{
							"origin": [8.80308, 8.3244, 12.21878],
							"size": [0.4142, 2, 0.1017],
							"pivot": [-0.95242, 18.67797, 1.79758],
							"rotation": [-9.6177, 0.664, 3.9121],
							"uv": {
								"north": {"uv": [137, 13], "uv_size": [0.5, 2]},
								"east": {"uv": [139, 45], "uv_size": [0.25, 2]},
								"south": {"uv": [137, 23], "uv_size": [0.5, 2]},
								"west": {"uv": [139, 57], "uv_size": [0.25, 2]},
								"up": {"uv": [143, 64], "uv_size": [0.5, 0.25]},
								"down": {"uv": [143, 65.25], "uv_size": [0.5, -0.25]}
							}
						},
						{
							"origin": [7.69041, 7.01948, 12.21877],
							"size": [0.4142, 2, 0.1017],
							"inflate": -0.001,
							"pivot": [-0.95242, 18.67797, 1.79758],
							"rotation": [-9.6177, -0.664, -3.9121],
							"uv": {
								"north": {"uv": [137, 25], "uv_size": [0.5, 2]},
								"east": {"uv": [139, 61], "uv_size": [0.25, 2]},
								"south": {"uv": [137, 27], "uv_size": [0.5, 2]},
								"west": {"uv": [139, 63], "uv_size": [0.25, 2]},
								"up": {"uv": [143, 66], "uv_size": [0.5, 0.25]},
								"down": {"uv": [143, 67.25], "uv_size": [0.5, -0.25]}
							}
						}
					]
				},
				{
					"name": "bone13",
					"parent": "bone9",
					"pivot": [0, 14.48438, 2.75],
					"rotation": [0, -90, 0],
					"cubes": [
						{
							"origin": [12.41404, 7.01945, 3.87551],
							"size": [0.4142, 2, 0.1017],
							"pivot": [-1.34693, 18.67797, 2.75],
							"rotation": [-9.6177, 0.664, 3.9121],
							"uv": {
								"north": {"uv": [137, 29], "uv_size": [0.5, 2]},
								"east": {"uv": [139, 68], "uv_size": [0.25, 2]},
								"south": {"uv": [137, 31], "uv_size": [0.5, 2]},
								"west": {"uv": [139, 70], "uv_size": [0.25, 2]},
								"up": {"uv": [143, 68], "uv_size": [0.5, 0.25]},
								"down": {"uv": [143, 69.25], "uv_size": [0.5, -0.25]}
							}
						},
						{
							"origin": [11.08283, 5.17401, 3.87548],
							"size": [0.4142, 2, 0.1017],
							"inflate": 0.001,
							"pivot": [-1.34693, 18.67797, 2.75],
							"rotation": [-9.6177, -0.664, -3.9121],
							"uv": {
								"north": {"uv": [137, 33], "uv_size": [0.5, 2]},
								"east": {"uv": [139, 72], "uv_size": [0.25, 2]},
								"south": {"uv": [137, 35], "uv_size": [0.5, 2]},
								"west": {"uv": [139, 74], "uv_size": [0.25, 2]},
								"up": {"uv": [143, 70], "uv_size": [0.5, 0.25]},
								"down": {"uv": [143, 71.25], "uv_size": [0.5, -0.25]}
							}
						}
					]
				},
				{
					"name": "bone14",
					"parent": "bone9",
					"pivot": [0, 14.48438, 2.75],
					"rotation": [0, -135, 0],
					"cubes": [
						{
							"origin": [9.02161, 5.17399, -4.46779],
							"size": [0.4142, 2, 0.1017],
							"inflate": 0.002,
							"pivot": [-0.95242, 18.67797, 3.70242],
							"rotation": [-9.6177, 0.664, 3.9121],
							"uv": {
								"north": {"uv": [137, 37], "uv_size": [0.5, 2]},
								"east": {"uv": [139, 78], "uv_size": [0.25, 2]},
								"south": {"uv": [137, 39], "uv_size": [0.5, 2]},
								"west": {"uv": [139, 80], "uv_size": [0.25, 2]},
								"up": {"uv": [143, 72], "uv_size": [0.5, 0.25]},
								"down": {"uv": [143, 73.25], "uv_size": [0.5, -0.25]}
							}
						},
						{
							"origin": [7.47187, 3.86906, -4.4678],
							"size": [0.4142, 2, 0.1017],
							"pivot": [-0.95242, 18.67797, 3.70242],
							"rotation": [-9.6177, -0.664, -3.9121],
							"uv": {
								"north": {"uv": [137, 41], "uv_size": [0.5, 2]},
								"east": {"uv": [139, 82], "uv_size": [0.25, 2]},
								"south": {"uv": [137, 43], "uv_size": [0.5, 2]},
								"west": {"uv": [139, 84], "uv_size": [0.25, 2]},
								"up": {"uv": [143, 74], "uv_size": [0.5, 0.25]},
								"down": {"uv": [143, 75.25], "uv_size": [0.5, -0.25]}
							}
						}
					]
				},
				{
					"name": "bone15",
					"parent": "bone9",
					"pivot": [0, 14.48438, 2.75],
					"rotation": [0, -180, 0],
					"cubes": [
						{
							"origin": [0.61303, 3.86905, -7.9237],
							"size": [0.4142, 2, 0.1017],
							"pivot": [0, 18.67797, 4.09693],
							"rotation": [-9.6177, 0.664, 3.9121],
							"uv": {
								"north": {"uv": [137, 45], "uv_size": [0.5, 2]},
								"east": {"uv": [139, 86], "uv_size": [0.25, 2]},
								"south": {"uv": [137, 47], "uv_size": [0.5, 2]},
								"up": {"uv": [143, 76], "uv_size": [0.5, 0.25]},
								"down": {"uv": [143, 77.25], "uv_size": [0.5, -0.25]}
							}
						},
						{
							"origin": [-1.02723, 3.86905, -7.9237],
							"size": [0.4142, 2, 0.1017],
							"pivot": [0, 18.67797, 4.09693],
							"rotation": [-9.6177, -0.664, -3.9121],
							"uv": {
								"north": {"uv": [137, 49], "uv_size": [0.5, 2]},
								"south": {"uv": [137, 51], "uv_size": [0.5, 2]},
								"west": {"uv": [139, 88], "uv_size": [0.25, 2]},
								"up": {"uv": [143, 78], "uv_size": [0.5, 0.25]},
								"down": {"uv": [143, 79.25], "uv_size": [0.5, -0.25]}
							}
						}
					]
				},
				{
					"name": "bone16",
					"parent": "bone9",
					"pivot": [0, 14.48438, 2.75],
					"rotation": [0, -225, 0],
					"cubes": [
						{
							"origin": [-7.88607, 3.86906, -4.4678],
							"size": [0.4142, 2, 0.1017],
							"pivot": [0.95242, 18.67797, 3.70242],
							"rotation": [-9.6177, 0.664, 3.9121],
							"uv": {
								"north": {"uv": [137, 53], "uv_size": [0.5, 2]},
								"east": {"uv": [139, 90], "uv_size": [0.25, 2]},
								"south": {"uv": [137, 55], "uv_size": [0.5, 2]},
								"west": {"uv": [139, 92], "uv_size": [0.25, 2]},
								"up": {"uv": [143, 80], "uv_size": [0.5, 0.25]},
								"down": {"uv": [143, 81.25], "uv_size": [0.5, -0.25]}
							}
						},
						{
							"origin": [-9.43581, 5.17399, -4.46779],
							"size": [0.4142, 2, 0.1017],
							"inflate": 0.002,
							"pivot": [0.95242, 18.67797, 3.70242],
							"rotation": [-9.6177, -0.664, -3.9121],
							"uv": {
								"north": {"uv": [137, 57], "uv_size": [0.5, 2]},
								"east": {"uv": [139, 94], "uv_size": [0.25, 2]},
								"south": {"uv": [137, 59], "uv_size": [0.5, 2]},
								"west": {"uv": [139, 96], "uv_size": [0.25, 2]},
								"up": {"uv": [143, 82], "uv_size": [0.5, 0.25]},
								"down": {"uv": [143, 83.25], "uv_size": [0.5, -0.25]}
							}
						}
					]
				},
				{
					"name": "bone26",
					"parent": "bone9",
					"pivot": [0, 14.48438, 2.75],
					"rotation": [0, -270, 0],
					"cubes": [
						{
							"origin": [-11.49703, 5.17402, 3.87548],
							"size": [0.4142, 2, 0.1017],
							"inflate": 0.001,
							"pivot": [1.34693, 18.67797, 2.75],
							"rotation": [-9.6177, 0.664, 3.9121],
							"uv": {
								"north": {"uv": [137, 62], "uv_size": [0.5, 2]},
								"east": {"uv": [139, 98], "uv_size": [0.25, 2]},
								"south": {"uv": [137, 64], "uv_size": [0.5, 2]},
								"west": {"uv": [139, 100], "uv_size": [0.25, 2]},
								"up": {"uv": [143, 84], "uv_size": [0.5, 0.25]},
								"down": {"uv": [143, 85.25], "uv_size": [0.5, -0.25]}
							}
						},
						{
							"origin": [-12.82824, 7.01945, 3.8755],
							"size": [0.4142, 2, 0.1017],
							"pivot": [1.34693, 18.67797, 2.75],
							"rotation": [-9.6177, -0.664, -3.9121],
							"uv": {
								"north": {"uv": [137, 66], "uv_size": [0.5, 2]},
								"east": {"uv": [139, 102], "uv_size": [0.25, 2]},
								"south": {"uv": [137, 69], "uv_size": [0.5, 2]},
								"west": {"uv": [139, 104], "uv_size": [0.25, 2]},
								"up": {"uv": [143, 86], "uv_size": [0.5, 0.25]},
								"down": {"uv": [143, 87.25], "uv_size": [0.5, -0.25]}
							}
						}
					]
				},
				{
					"name": "bone30",
					"parent": "bone9",
					"pivot": [0, 14.48438, 2.75],
					"rotation": [0, -315, 0],
					"cubes": [
						{
							"origin": [-8.10461, 7.01948, 12.21877],
							"size": [0.4142, 2, 0.1017],
							"inflate": -0.001,
							"pivot": [0.95242, 18.67797, 1.79758],
							"rotation": [-9.6177, 0.664, 3.9121],
							"uv": {
								"north": {"uv": [137, 71], "uv_size": [0.5, 2]},
								"east": {"uv": [139, 106], "uv_size": [0.25, 2]},
								"south": {"uv": [137, 73], "uv_size": [0.5, 2]},
								"west": {"uv": [139, 108], "uv_size": [0.25, 2]},
								"up": {"uv": [143, 88], "uv_size": [0.5, 0.25]},
								"down": {"uv": [143, 89.25], "uv_size": [0.5, -0.25]}
							}
						},
						{
							"origin": [-9.21728, 8.3244, 12.21878],
							"size": [0.4142, 2, 0.1017],
							"pivot": [0.95242, 18.67797, 1.79758],
							"rotation": [-9.6177, -0.664, -3.9121],
							"uv": {
								"north": {"uv": [137, 78], "uv_size": [0.5, 2]},
								"east": {"uv": [139, 115], "uv_size": [0.25, 2]},
								"south": {"uv": [137, 80], "uv_size": [0.5, 2]},
								"west": {"uv": [139, 117], "uv_size": [0.25, 2]},
								"up": {"uv": [143, 90], "uv_size": [0.5, 0.25]},
								"down": {"uv": [143, 91.25], "uv_size": [0.5, -0.25]}
							}
						}
					]
				},
				{
					"name": "3373753",
					"parent": "scope_body",
					"pivot": [0, 2.5, -5.0625],
					"cubes": [
						{
							"origin": [-0.74966, 1.54745, -5.0625],
							"size": [0.64203, 1.55, 0],
							"inflate": 0.006,
							"pivot": [0, 1.89381, -2.86891],
							"rotation": [0, 0, 45],
							"uv": {
								"north": {"uv": [136, 62], "uv_size": [0.75, 1.5]},
								"east": {"uv": [0, 0], "uv_size": [0, 1.5]},
								"south": {"uv": [136, 64], "uv_size": [0.75, 1.5]},
								"west": {"uv": [0, 0], "uv_size": [0, 1.5]},
								"up": {"uv": [0, 0], "uv_size": [0.75, 0]},
								"down": {"uv": [0, 0], "uv_size": [0.75, 0]}
							}
						},
						{
							"origin": [-0.32102, 1.725, -5.0625],
							"size": [0.64203, 1.55, 0],
							"inflate": 0.004,
							"uv": {
								"north": {"uv": [136, 66], "uv_size": [0.75, 1.5]},
								"east": {"uv": [0, 0], "uv_size": [0, 1.5]},
								"south": {"uv": [136, 73], "uv_size": [0.75, 1.5]},
								"west": {"uv": [0, 0], "uv_size": [0, 1.5]},
								"up": {"uv": [0, 0], "uv_size": [0.75, 0]},
								"down": {"uv": [0, 0], "uv_size": [0.75, 0]}
							}
						},
						{
							"origin": [-1.20364, 2.00143, -5.0625],
							"size": [1.55, 0.64203, 0],
							"inflate": 0.002,
							"pivot": [0, 1.89381, -2.86891],
							"rotation": [0, 0, 45],
							"uv": {
								"north": {"uv": [136, 68], "uv_size": [1.5, 0.75]},
								"east": {"uv": [0, 0], "uv_size": [0, 0.75]},
								"south": {"uv": [136, 75], "uv_size": [1.5, 0.75]},
								"west": {"uv": [0, 0], "uv_size": [0, 0.75]},
								"up": {"uv": [0, 0], "uv_size": [1.5, 0]},
								"down": {"uv": [0, 0], "uv_size": [1.5, 0]}
							}
						},
						{
							"origin": [-0.775, 2.17898, -5.0625],
							"size": [1.55, 0.64203, 0],
							"uv": {
								"north": {"uv": [136, 76], "uv_size": [1.5, 0.75]},
								"east": {"uv": [0, 0], "uv_size": [0, 0.75]},
								"south": {"uv": [136, 77], "uv_size": [1.5, 0.75]},
								"west": {"uv": [0, 0], "uv_size": [0, 0.75]},
								"up": {"uv": [0, 0], "uv_size": [1.5, 0]},
								"down": {"uv": [0, 0], "uv_size": [1.5, 0]}
							}
						}
					]
				},
				{
					"name": "ocular_ring",
					"pivot": [0, 10.4375, 9.0625],
					"cubes": [
						{
							"origin": [0.26951, 1.52245, -0.8125],
							"size": [0.31826, 0.15, 0.5],
							"pivot": [0, 1.89381, -2.86891],
							"rotation": [0, 0, -45],
							"uv": {
								"north": {"uv": [145, 28], "uv_size": [0.25, 0.25]},
								"east": {"uv": [143, 92], "uv_size": [0.5, 0.25]},
								"south": {"uv": [145, 29], "uv_size": [0.25, 0.25]},
								"west": {"uv": [143, 93], "uv_size": [0.5, 0.25]},
								"up": {"uv": [143, 94], "uv_size": [0.25, 0.5]},
								"down": {"uv": [143, 95.5], "uv_size": [0.25, -0.5]}
							}
						},
						{
							"origin": [0.07285, 1.65386, -0.8125],
							"size": [0.31826, 0.15, 0.5],
							"pivot": [0, 1.89381, -2.86891],
							"rotation": [0, 0, -22.5],
							"uv": {
								"north": {"uv": [145, 30], "uv_size": [0.25, 0.25]},
								"east": {"uv": [143, 96], "uv_size": [0.5, 0.25]},
								"south": {"uv": [145, 31], "uv_size": [0.25, 0.25]},
								"west": {"uv": [143, 97], "uv_size": [0.5, 0.25]},
								"up": {"uv": [143, 98], "uv_size": [0.25, 0.5]},
								"down": {"uv": [143, 99.5], "uv_size": [0.25, -0.5]}
							}
						},
						{
							"origin": [-0.15913, 1.7, -0.8125],
							"size": [0.31826, 0.15, 0.5],
							"uv": {
								"north": {"uv": [145, 32], "uv_size": [0.25, 0.25]},
								"east": {"uv": [143, 100], "uv_size": [0.5, 0.25]},
								"south": {"uv": [145, 33], "uv_size": [0.25, 0.25]},
								"west": {"uv": [143, 101], "uv_size": [0.5, 0.25]},
								"up": {"uv": [143, 102], "uv_size": [0.25, 0.5]},
								"down": {"uv": [143, 103.5], "uv_size": [0.25, -0.5]}
							}
						},
						{
							"origin": [-0.39111, 1.65386, -0.8125],
							"size": [0.31826, 0.15, 0.5],
							"pivot": [0, 1.89381, -2.86891],
							"rotation": [0, 0, 22.5],
							"uv": {
								"north": {"uv": [145, 34], "uv_size": [0.25, 0.25]},
								"east": {"uv": [143, 104], "uv_size": [0.5, 0.25]},
								"south": {"uv": [145, 35], "uv_size": [0.25, 0.25]},
								"west": {"uv": [143, 105], "uv_size": [0.5, 0.25]},
								"up": {"uv": [143, 106], "uv_size": [0.25, 0.5]},
								"down": {"uv": [143, 107.5], "uv_size": [0.25, -0.5]}
							}
						},
						{
							"origin": [-0.58777, 1.52245, -0.8125],
							"size": [0.31826, 0.15, 0.5],
							"pivot": [0, 1.89381, -2.86891],
							"rotation": [0, 0, 45],
							"uv": {
								"north": {"uv": [145, 36], "uv_size": [0.25, 0.25]},
								"east": {"uv": [143, 108], "uv_size": [0.5, 0.25]},
								"south": {"uv": [145, 37], "uv_size": [0.25, 0.25]},
								"west": {"uv": [143, 109], "uv_size": [0.5, 0.25]},
								"up": {"uv": [143, 110], "uv_size": [0.25, 0.5]},
								"down": {"uv": [143, 111.5], "uv_size": [0.25, -0.5]}
							}
						},
						{
							"origin": [0.26951, 2.97245, -0.8125],
							"size": [0.31826, 0.15, 0.5],
							"pivot": [0, 1.89381, -2.86891],
							"rotation": [0, 0, -45],
							"uv": {
								"north": {"uv": [145, 38], "uv_size": [0.25, 0.25]},
								"east": {"uv": [143, 112], "uv_size": [0.5, 0.25]},
								"south": {"uv": [145, 39], "uv_size": [0.25, 0.25]},
								"west": {"uv": [143, 113], "uv_size": [0.5, 0.25]},
								"up": {"uv": [143, 114], "uv_size": [0.25, 0.5]},
								"down": {"uv": [143, 115.5], "uv_size": [0.25, -0.5]}
							}
						},
						{
							"origin": [0.07285, 3.10386, -0.8125],
							"size": [0.31826, 0.15, 0.5],
							"pivot": [0, 1.89381, -2.86891],
							"rotation": [0, 0, -22.5],
							"uv": {
								"north": {"uv": [145, 40], "uv_size": [0.25, 0.25]},
								"east": {"uv": [143, 116], "uv_size": [0.5, 0.25]},
								"south": {"uv": [145, 41], "uv_size": [0.25, 0.25]},
								"west": {"uv": [143, 117], "uv_size": [0.5, 0.25]},
								"up": {"uv": [143, 118], "uv_size": [0.25, 0.5]},
								"down": {"uv": [143, 119.5], "uv_size": [0.25, -0.5]}
							}
						},
						{
							"origin": [-0.15913, 3.15, -0.8125],
							"size": [0.31826, 0.15, 0.5],
							"uv": {
								"north": {"uv": [145, 42], "uv_size": [0.25, 0.25]},
								"east": {"uv": [143, 120], "uv_size": [0.5, 0.25]},
								"south": {"uv": [145, 43], "uv_size": [0.25, 0.25]},
								"west": {"uv": [143, 121], "uv_size": [0.5, 0.25]},
								"up": {"uv": [143, 122], "uv_size": [0.25, 0.5]},
								"down": {"uv": [143, 123.5], "uv_size": [0.25, -0.5]}
							}
						},
						{
							"origin": [-0.39111, 3.10386, -0.8125],
							"size": [0.31826, 0.15, 0.5],
							"pivot": [0, 1.89381, -2.86891],
							"rotation": [0, 0, 22.5],
							"uv": {
								"north": {"uv": [145, 44], "uv_size": [0.25, 0.25]},
								"east": {"uv": [143, 124], "uv_size": [0.5, 0.25]},
								"south": {"uv": [145, 45], "uv_size": [0.25, 0.25]},
								"west": {"uv": [143, 125], "uv_size": [0.5, 0.25]},
								"up": {"uv": [144, 0], "uv_size": [0.25, 0.5]},
								"down": {"uv": [144, 1.5], "uv_size": [0.25, -0.5]}
							}
						},
						{
							"origin": [-0.58777, 2.97245, -0.8125],
							"size": [0.31826, 0.15, 0.5],
							"pivot": [0, 1.89381, -2.86891],
							"rotation": [0, 0, 45],
							"uv": {
								"north": {"uv": [145, 46], "uv_size": [0.25, 0.25]},
								"east": {"uv": [144, 2], "uv_size": [0.5, 0.25]},
								"south": {"uv": [145, 47], "uv_size": [0.25, 0.25]},
								"west": {"uv": [144, 3], "uv_size": [0.5, 0.25]},
								"up": {"uv": [144, 4], "uv_size": [0.25, 0.5]},
								"down": {"uv": [144, 5.5], "uv_size": [0.25, -0.5]}
							}
						},
						{
							"origin": [0.88198, 2.29473, -0.8125],
							"size": [0.15, 0.31826, 0.5],
							"pivot": [0, 1.89381, -2.86891],
							"rotation": [0, 0, -22.5],
							"uv": {
								"north": {"uv": [145, 48], "uv_size": [0.25, 0.25]},
								"east": {"uv": [144, 6], "uv_size": [0.5, 0.25]},
								"south": {"uv": [145, 49], "uv_size": [0.25, 0.25]},
								"west": {"uv": [144, 7], "uv_size": [0.5, 0.25]},
								"up": {"uv": [144, 8], "uv_size": [0.25, 0.5]},
								"down": {"uv": [144, 9.5], "uv_size": [0.25, -0.5]}
							}
						},
						{
							"origin": [0.65, 2.34087, -0.8125],
							"size": [0.15, 0.31826, 0.5],
							"uv": {
								"north": {"uv": [145, 50], "uv_size": [0.25, 0.25]},
								"east": {"uv": [144, 10], "uv_size": [0.5, 0.25]},
								"south": {"uv": [145, 51], "uv_size": [0.25, 0.25]},
								"west": {"uv": [144, 11], "uv_size": [0.5, 0.25]},
								"up": {"uv": [144, 12], "uv_size": [0.25, 0.5]},
								"down": {"uv": [144, 13.5], "uv_size": [0.25, -0.5]}
							}
						},
						{
							"origin": [0.41802, 2.29473, -0.8125],
							"size": [0.15, 0.31826, 0.5],
							"pivot": [0, 1.89381, -2.86891],
							"rotation": [0, 0, 22.5],
							"uv": {
								"north": {"uv": [145, 52], "uv_size": [0.25, 0.25]},
								"east": {"uv": [144, 14], "uv_size": [0.5, 0.25]},
								"south": {"uv": [145, 53], "uv_size": [0.25, 0.25]},
								"west": {"uv": [144, 15], "uv_size": [0.5, 0.25]},
								"up": {"uv": [144, 16], "uv_size": [0.25, 0.5]},
								"down": {"uv": [144, 17.5], "uv_size": [0.25, -0.5]}
							}
						},
						{
							"origin": [-0.56802, 2.29473, -0.8125],
							"size": [0.15, 0.31826, 0.5],
							"pivot": [0, 1.89381, -2.86891],
							"rotation": [0, 0, -22.5],
							"uv": {
								"north": {"uv": [145, 54], "uv_size": [0.25, 0.25]},
								"east": {"uv": [144, 18], "uv_size": [0.5, 0.25]},
								"south": {"uv": [145, 55], "uv_size": [0.25, 0.25]},
								"west": {"uv": [144, 19], "uv_size": [0.5, 0.25]},
								"up": {"uv": [144, 20], "uv_size": [0.25, 0.5]},
								"down": {"uv": [144, 21.5], "uv_size": [0.25, -0.5]}
							}
						},
						{
							"origin": [-0.8, 2.34087, -0.8125],
							"size": [0.15, 0.31826, 0.5],
							"uv": {
								"north": {"uv": [145, 56], "uv_size": [0.25, 0.25]},
								"east": {"uv": [144, 22], "uv_size": [0.5, 0.25]},
								"south": {"uv": [145, 57], "uv_size": [0.25, 0.25]},
								"west": {"uv": [144, 23], "uv_size": [0.5, 0.25]},
								"up": {"uv": [144, 24], "uv_size": [0.25, 0.5]},
								"down": {"uv": [144, 25.5], "uv_size": [0.25, -0.5]}
							}
						},
						{
							"origin": [-1.03198, 2.29473, -0.8125],
							"size": [0.15, 0.31826, 0.5],
							"pivot": [0, 1.89381, -2.86891],
							"rotation": [0, 0, 22.5],
							"uv": {
								"north": {"uv": [145, 58], "uv_size": [0.25, 0.25]},
								"east": {"uv": [144, 26], "uv_size": [0.5, 0.25]},
								"south": {"uv": [145, 59], "uv_size": [0.25, 0.25]},
								"west": {"uv": [144, 27], "uv_size": [0.5, 0.25]},
								"up": {"uv": [144, 28], "uv_size": [0.25, 0.5]},
								"down": {"uv": [144, 29.5], "uv_size": [0.25, -0.5]}
							}
						}
					]
				},
				{
					"name": "ocular",
					"pivot": [0, 2.5125, 4.625],
					"cubes": [
						{
							"origin": [-0.28477, 1.825, -0.50719],
							"size": [0.56954, 1.375, 0],
							"pivot": [0, 2.5125, -0.51719],
							"rotation": [0, 0, 45],
							"uv": {
								"south": {"uv": [138, 37], "uv_size": [0.5, 1.5]}
							}
						},
						{
							"origin": [-0.28477, 1.825, -0.515],
							"size": [0.56954, 1.375, 0],
							"uv": {
								"south": {"uv": [138, 39], "uv_size": [0.5, 1.5]}
							}
						},
						{
							"origin": [-0.6875, 2.22773, -0.53062],
							"size": [1.375, 0.56954, 0],
							"pivot": [0, 2.5125, -0.54062],
							"rotation": [0, 0, 45],
							"uv": {
								"south": {"uv": [138, 41], "uv_size": [1.5, 0.5]}
							}
						},
						{
							"origin": [-0.6875, 2.22773, -0.49937],
							"size": [1.375, 0.56954, 0],
							"uv": {
								"south": {"uv": [138, 42], "uv_size": [1.5, 0.5]}
							}
						}
					]
				},
				{
					"name": "division",
					"pivot": [0.3875, 5.925, -45],
					"cubes": [
						{
							"origin": [-26.1875, -24.375, -101],
							"size": [52.375, 52.375, 0.25],
							"uv": {
								"south": {"uv": [6.5, 0], "uv_size": [125, 125]}
							}
						},
						{
							"origin": [-93.01875, -61.475, -101],
							"size": [66.85, 125.125, 0.25],
							"uv": {
								"south": {"uv": [0, 0], "uv_size": [0, 0]}
							}
						},
						{
							"origin": [25.85625, -61.15, -101],
							"size": [67.475, 124.7, 0.25],
							"uv": {
								"south": {"uv": [0, 0], "uv_size": [0, 0]}
							}
						},
						{
							"origin": [-27.04375, 27.25, -101],
							"size": [54.075, 36, 0.25],
							"uv": {
								"south": {"uv": [0, 0], "uv_size": [0, 0]}
							}
						},
						{
							"origin": [-27.04375, -61.0625, -101],
							"size": [54.075, 36.7375, 0.25],
							"uv": {
								"south": {"uv": [0, 0], "uv_size": [0, 0]}
							}
						}
					]
				},
				{
					"name": "division_illuminated",
					"parent": "division",
					"pivot": [0.3875, 5.925, -100],
					"cubes": [
						{
							"origin": [-0.75, -15, -135.0625],
							"size": [0.9375, 14.25, 0.25],
							"pivot": [0, -0.625, -87.0625],
							"rotation": [0, 0, -7.5],
							"uv": {
								"south": {"uv": [197.125, 60], "uv_size": [-1.875, 8.3125]}
							}
						},
						{
							"origin": [-0.1875, -14.25, -135.0625],
							"size": [0.375, 16.3125, 0.25],
							"uv": {
								"south": {"uv": [197.125, 60], "uv_size": [-1.875, 8.3125]}
							}
						},
						{
							"origin": [-0.6875, -15, -135.0625],
							"size": [1.375, 7.8125, 0.25],
							"uv": {
								"south": {"uv": [197.125, 60], "uv_size": [-1.875, 8.3125]}
							}
						},
						{
							"origin": [-0.4375, -15, -135.0625],
							"size": [0.625, 16.5625, 0.25],
							"pivot": [0, -0.625, -87],
							"rotation": [0, 0, 3.5],
							"uv": {
								"south": {"uv": [195.25, 60], "uv_size": [1.875, 8.3125]}
							}
						},
						{
							"origin": [0.88765, -14.96183, -135],
							"size": [0.375, 16.25, 0.25],
							"pivot": [1.07515, -6.58683, -134.875],
							"rotation": [0, 0, -5.5],
							"uv": {
								"south": {"uv": [0, 0], "uv_size": [3.75, 0]}
							}
						},
						{
							"origin": [-1.26265, -15.21183, -135],
							"size": [0.5, 16.5, 0.25],
							"pivot": [-1.07515, -6.58683, -134.875],
							"rotation": [0, 0, 5.5],
							"uv": {
								"south": {"uv": [3.75, 0], "uv_size": [-3.75, 0]}
							}
						},
						{
							"origin": [0.1875, -15.25, -135],
							"size": [0.125, 16.25, 0.25],
							"pivot": [-0.875, -0.625, -87],
							"rotation": [0, 0, -5.5],
							"uv": {
								"south": {"uv": [0, 0], "uv_size": [3.75, 0]}
							}
						},
						{
							"origin": [0.21875, -15, -135],
							"size": [0.3125, 16.125, 0.25],
							"pivot": [-0.90625, -0.625, -87],
							"rotation": [0, 0, -6.5],
							"uv": {
								"south": {"uv": [0, 0], "uv_size": [3.75, 0]}
							}
						},
						{
							"origin": [0.125, -15.1875, -135],
							"size": [0.1875, 12.6875, 0.25],
							"pivot": [-0.875, -0.625, -87],
							"rotation": [0, 0, -4.5],
							"uv": {
								"south": {"uv": [0, 0], "uv_size": [3.75, 0]}
							}
						},
						{
							"origin": [-0.5625, -15, -135],
							"size": [0.3125, 16.25, 0.25],
							"pivot": [-1.3125, -0.625, -87],
							"rotation": [0, 0, 2],
							"uv": {
								"south": {"uv": [0, 0], "uv_size": [3.75, 0]}
							}
						},
						{
							"origin": [0.25, -15, -135],
							"size": [0.3125, 16.25, 0.25],
							"pivot": [1.3125, -0.625, -87],
							"rotation": [0, 0, -2],
							"uv": {
								"south": {"uv": [3.75, 0], "uv_size": [-3.75, 0]}
							}
						},
						{
							"origin": [0.0625, -15, -135],
							"size": [0.125, 16.25, 0.25],
							"pivot": [1.125, -0.625, -87],
							"rotation": [0, 0, -2],
							"uv": {
								"south": {"uv": [3.75, 0], "uv_size": [-3.75, 0]}
							}
						},
						{
							"origin": [-0.1875, -15, -135],
							"size": [0.125, 16.25, 0.25],
							"pivot": [-1.125, -0.625, -87],
							"rotation": [0, 0, 2],
							"uv": {
								"south": {"uv": [0, 0], "uv_size": [3.75, 0]}
							}
						},
						{
							"origin": [-1.09488, -15.0578, -135],
							"size": [0.4375, 13.5625, 0.25],
							"pivot": [-0.93863, -8.27655, -134.875],
							"rotation": [0, 0, 3],
							"uv": {
								"south": {"uv": [0, 0], "uv_size": [3.75, 0]}
							}
						},
						{
							"origin": [-0.29009, 1.18756, -135],
							"size": [0.25, 1.125, 0.25],
							"pivot": [-0.16509, 1.84381, -134.875],
							"rotation": [0, 0, 20],
							"uv": {
								"south": {"uv": [3.75, 0], "uv_size": [-3.75, 0]}
							}
						},
						{
							"origin": [0.04009, 1.18756, -135],
							"size": [0.25, 1.1875, 0.25],
							"pivot": [0.16509, 1.84381, -134.875],
							"rotation": [0, 0, -20],
							"uv": {
								"south": {"uv": [0, 0], "uv_size": [3.75, 0]}
							}
						}
					]
				},
				{
					"name": "views",
					"pivot": [0, 2.56875, 5]
				},
				{
					"name": "scope_view_2",
					"parent": "views",
					"pivot": [0, 2.56875, 5]
				},
				{
					"name": "scope_view",
					"parent": "views",
					"pivot": [0, 3.64688, 5]
				}
			]
		}
	]
}