{
  // 版本
  "version": "1.0.0",
  // 名称，支持本地化
  "name": "pack.bnw.name",
  // 描述文本，支持本地化
  "desc": "pack.bnw.desc",
  // 许可证
  "license": "CC BY-NC-ND 4.0",
  // 作者
  "authors": [
    "§c神梦星辰CimaSilchin"
  ],
  // 日期：ISO 8601 标准，即 YYYY-MM-DD
  "date": "2025-01-10",
  // URL 链接，可以在枪械合成台看到，点击按钮可以访问网络链接
  "url": "https://tacwiki.mcma.club/zh/"
  // 依赖，这些依赖需要全部满足，枪包才会加载
  // 否则会在日志中进行提示
  // 不写这一行，那么不会进行任何检查
}