{
  "model": "bhp:gun/bhp_geo",
  "texture": "bhp:gun/uv/bhp",
  "hud": "bhp:gun/hud/bhp_hud",
  "slot": "bhp:gun/slot/bhp_slot",
  "animation": "bhp:bhp",
  "use_default_animation": "pistol",
  "player_animator_3rd": "tacz:pistol_default.player_animation",
  "transform": {
    "scale": {
      "thirdperson": [0.6, 0.6, 0.6],
      "ground": [0.6, 0.6, 0.6],
      "fixed": [1.2, 1.2, 1.2]
    }
  },
  "shell": {
    "initial_velocity": [6.0, 5.0, 0.5],
    "random_velocity": [2, 1.5, 0.25],
    "acceleration": [0.0, -20, 0.0],
    "angular_velocity": [360, -720, 90],
    "living_time": 1.0
  },
  "muzzle_flash": {
    "texture": "tacz:flash/common_muzzle_flash",
    "scale": 0.55
  },
  "sounds": {
    "shoot": "bhp:bhp/l9_fire_1p_outdoor",
    "shoot_3p": "bhp:bhp/l9_fire_3p",
    "silence": "tacz:cz75/cz75_silence",
    "silence_3p": "tacz:cz75/cz75_silence_3p"
  },
  "offhand_show": {
    "pos": [4, 13, -1],
    "rotate": [-90, -35, 90],
    "scale": [0.5, 0.5, 0.5]
  },
  "hotbar_show": {
    "0": {
      "pos": [-5, 13, -1],
      "rotate": [-90, -35, 90],
      "scale": [0.5, 0.5, 0.5]
    }
  }
}