{
	"format_version": "1.8.0",
	"animations": {
		"static_idle": {
			"loop": true,
			"bones": {
				"lefthand": {
					"rotation": [71.21693, -387.96771, -132.47171],
					"position": [9.5, -12, 7]
				},
				"righthand": {
					"rotation": [91.39739, -0.68571, -158.07129],
					"position": [-9.37758, -7.62657, 17.71197]
				},
				"feed_lever": {
					"rotation": [-57.5, 0, 0]
				},
				"BCG": {
					"position": [0, 0, 10]
				},
				"constraint": {
					"rotation": [0.3, 0.3, 0.3],
					"position": [0.2, 0.2, 0.2]
				}
			}
		},
		"static_bolt_caught": {
			"loop": true,
			"override_previous_animation": true,
			"bones": {
				"bullet_chaintest": {
					"scale": 0
				},
				"feed_lever": {
					"rotation": [0, 0, 0],
					"position": [0, 0, 0]
				},
				"BCG": {
					"rotation": [0, 0, 0],
					"position": [0, 0, 0]
				},
				"bulletchain": {
					"scale": 0
				}
			}
		},
		"shoot": {
			"animation_length": 0.8,
			"bones": {
				"1": {
					"scale": {
						"0.05": {
							"pre": [1, 1, 1],
							"post": [0, 0, 0]
						}
					}
				},
				"root": {
					"rotation": {
						"0.0": [0, 0, 0],
						"0.0333": [1.845, 0, 1.095],
						"0.0667": [-2.805, 0, -1.755],
						"0.1333": [-2.985, 0, -1.845],
						"0.1667": [-1.365, 0, -0.525],
						"0.2": [0.27, 0, 0.795],
						"0.2333": [0.405, 0, 0.405],
						"0.3": [0.54, 0, 0.015],
						"0.3333": [0.675, 0, -0.375],
						"0.3667": [0.57, -0.105, -0.12],
						"0.4": [0.45, -0.195, 0.12],
						"0.4333": [0.345, -0.3, 0.375],
						"0.5": [0.27, -0.255, 0.255],
						"0.5333": [0.21, -0.21, 0.135],
						"0.5667": [0.15, -0.165, 0.015],
						"0.6": [0.09, -0.105, -0.105],
						"0.6667": [0.06, -0.09, -0.09],
						"0.7": [0.045, -0.06, -0.06],
						"0.7333": [0.015, -0.03, -0.03],
						"0.7667": [0, 0, 0]
					},
					"position": {
						"0.0": [0, 0, 0],
						"0.0333": [0, -0.03, 2.595],
						"0.0667": [0, -0.075, 2.07],
						"0.1333": [0, -0.075, 1.005],
						"0.1667": [0, -0.075, -0.06],
						"0.2": [0, -0.06, -0.015],
						"0.2333": [0, -0.06, 0.045],
						"0.3": [0, -0.045, 0.09],
						"0.3333": [0, -0.03, 0.15],
						"0.3667": [0, -0.03, 0.105],
						"0.4": [0, -0.015, 0.045],
						"0.4333": [0, 0, 0]
					}
				},
				"righthand": {
					"rotation": {
						"0.0": [0, -2.5, 0],
						"0.1": {
							"pre": [0, -5, 0],
							"post": [0, 0, 0]
						}
					}
				},
				"feed_lever": {
					"rotation": {
						"0.0": {
							"post": [0, 0, 0],
							"lerp_mode": "catmullrom"
						},
						"0.0167": {
							"post": [56.25, 0, 0],
							"lerp_mode": "catmullrom"
						},
						"0.0333": {
							"post": [57.5, 0, 0],
							"lerp_mode": "catmullrom"
						},
						"0.05": {
							"post": [56.25, 0, 0],
							"lerp_mode": "catmullrom"
						},
						"0.0667": {
							"post": [0, 0, 0],
							"lerp_mode": "catmullrom"
						}
					}
				},
				"trigger": {
					"rotation": {
						"0.0": [2.5, 0, 0],
						"0.2": {
							"pre": [2.5, 0, 0],
							"post": [0, 0, 0]
						}
					}
				},
				"BCG": {
					"position": {
						"0.0": [0, 0, 0],
						"0.0333": [0, 0, -10],
						"0.0667": [0, 0, 0]
					}
				},
				"chain1": {
					"scale": {
						"0.05": {
							"pre": [1, 1, 1],
							"post": [0, 0, 0]
						}
					}
				},
				"constraint": {
					"rotation": {
						"0.2": [0.2, 0.2, 0.2],
						"0.3": [0.1, 0.1, 0.1],
						"0.4": [0, 0, 0]
					},
					"position": {
						"0.2": [0.15, 0.05, 0.25],
						"0.3": [0.1, 0, 0.1],
						"0.4": [0, 0, 0]
					}
				},
				"bulletchain": {
					"rotation": {
						"0.0": [0, 0, -15.625],
						"0.1": [0, 0, 0],
						"0.1667": [0, 0, -5],
						"0.2667": [0, 0, 3.125],
						"0.4": [0, 0, -4.375],
						"0.5333": [0, 0, 0]
					},
					"position": {
						"0.0": [0.325, 0.3, 0],
						"0.1": [0, 0, 0],
						"0.1667": [0.15, 0.225, 0],
						"0.2667": [-0.10625, -0.0325, 0],
						"0.4": [0.0375, 0.1125, 0],
						"0.5333": [0, 0, 0]
					}
				},
				"camera": {
					"rotation": {
						"0.0": [0, 0, 0],
						"0.0333": [0, 0, 0.84],
						"0.0667": [0, 0, -0.56],
						"0.1333": [0, 0, -0.098],
						"0.1667": [0, 0, 0.462],
						"0.2": [0, 0, 0.112],
						"0.2333": [0, 0, -0.308],
						"0.3": [0, 0, -0.21],
						"0.3333": [0, 0, 0],
						"0.3667": [0, 0, 0.028],
						"0.4": [0, 0, 0.014],
						"0.4333": [0, 0, 0]
					}
				}
			}
		},
		"draw": {
			"loop": "hold_on_last_frame",
			"animation_length": 2.6,
			"bones": {
				"lefthand": {
					"rotation": {
						"0.0": [33.83861, -363.54894, -150.7594],
						"0.8": [-7.09317, -377.49236, -107.08449],
						"1.0": [41.59052, -396.37456, -127.13662],
						"1.6": [71.21693, -387.96771, -132.47171]
					},
					"position": {
						"0.0": [7.5, -13, -7],
						"0.8": [7.5, -13, -7],
						"1.0": [15.5, -7, -7],
						"1.3": [19.41, -6.62, 2.68],
						"1.6": [9.5, -12, 7]
					}
				},
				"righthand": {
					"rotation": [91.39739, -0.68571, -158.07129],
					"position": [-9.37758, -7.62657, 17.71197]
				},
				"root": {
					"rotation": {
						"0.0": {
							"post": [15, -82.5, 0],
							"lerp_mode": "catmullrom"
						},
						"1.0": {
							"post": [-75, -40, 0],
							"lerp_mode": "catmullrom"
						},
						"1.5": {
							"post": [-78.08824, -37.64706, 0],
							"lerp_mode": "catmullrom"
						},
						"1.8667": {
							"post": [0, 0, 0],
							"lerp_mode": "catmullrom"
						},
						"2.6": {
							"post": [0, 0, 0],
							"lerp_mode": "catmullrom"
						}
					},
					"position": {
						"0.0": {
							"post": [0, -21, 21],
							"lerp_mode": "catmullrom"
						},
						"1.0": {
							"post": [0, -2, 26],
							"lerp_mode": "catmullrom"
						},
						"1.5": {
							"post": [0, -2.88, 24.47],
							"lerp_mode": "catmullrom"
						},
						"1.8667": {
							"post": [0, 0, 0],
							"lerp_mode": "catmullrom"
						},
						"2.3333": {
							"post": [0, -3.8, -1.69],
							"lerp_mode": "catmullrom"
						},
						"2.6": {
							"post": [0, 0, 0],
							"lerp_mode": "catmullrom"
						}
					}
				},
				"camera": {
					"rotation": {
						"0.0": {
							"post": [5, 0, 0],
							"lerp_mode": "catmullrom"
						},
						"0.4333": {
							"post": [20.88852, 16.41371, 6.15491],
							"lerp_mode": "catmullrom"
						},
						"1.0": {
							"post": [0, 0, 0],
							"lerp_mode": "catmullrom"
						},
						"1.3333": {
							"post": [-10, 0, 0],
							"lerp_mode": "catmullrom"
						},
						"1.8667": {
							"post": [0, 0, 0],
							"lerp_mode": "catmullrom"
						},
						"2.3333": {
							"post": [8.24, 0, 0],
							"lerp_mode": "catmullrom"
						},
						"2.6": {
							"post": [0, 0, 0],
							"lerp_mode": "catmullrom"
						}
					},
					"position": {
						"0.0": [0, 0, 0],
						"2.3333": [0, 2, -3]
					}
				},
				"sect4": {
					"rotation": {
						"1.7": {
							"pre": [0, 0, 0],
							"post": [0, 0, 0],
							"lerp_mode": "catmullrom"
						},
						"2.0": {
							"post": [0, 0, -17.5],
							"lerp_mode": "catmullrom"
						},
						"2.1667": {
							"post": [0, 0, 0],
							"lerp_mode": "catmullrom"
						},
						"2.3333": {
							"post": [0, 0, 0],
							"lerp_mode": "catmullrom"
						}
					}
				},
				"sect5": {
					"rotation": {
						"1.7": {
							"pre": [0, 0, 0],
							"post": [0, 0, 0],
							"lerp_mode": "catmullrom"
						},
						"2.0": {
							"post": [0, 0, -5],
							"lerp_mode": "catmullrom"
						},
						"2.1667": {
							"post": [0, 0, 0],
							"lerp_mode": "catmullrom"
						},
						"2.3333": {
							"post": [0, 0, 0],
							"lerp_mode": "catmullrom"
						}
					}
				},
				"sect6": {
					"rotation": {
						"1.7": {
							"pre": [0, 0, 0],
							"post": [0, 0, 0],
							"lerp_mode": "catmullrom"
						},
						"2.1667": {
							"post": [0, 0, -25],
							"lerp_mode": "catmullrom"
						},
						"2.3333": {
							"post": [0, 0, 0],
							"lerp_mode": "catmullrom"
						}
					}
				},
				"sect7": {
					"rotation": {
						"1.7": {
							"pre": [0, 0, 0],
							"post": [0, 0, 0],
							"lerp_mode": "catmullrom"
						},
						"2.0": {
							"post": [0, 0, 20],
							"lerp_mode": "catmullrom"
						},
						"2.1667": {
							"post": [0, 0, -10],
							"lerp_mode": "catmullrom"
						},
						"2.3333": {
							"post": [0, 0, 0],
							"lerp_mode": "catmullrom"
						}
					}
				},
				"sect8": {
					"rotation": {
						"1.7": {
							"pre": [0, 0, 0],
							"post": [0, 0, 0],
							"lerp_mode": "catmullrom"
						},
						"2.0": {
							"post": [0, 0, 12.5],
							"lerp_mode": "catmullrom"
						},
						"2.1667": {
							"post": [0, 0, 42.5],
							"lerp_mode": "catmullrom"
						},
						"2.3333": {
							"post": [0, 0, 0],
							"lerp_mode": "catmullrom"
						}
					}
				},
				"sect9": {
					"rotation": {
						"1.7": {
							"pre": [0, 0, 0],
							"post": [0, 0, 0],
							"lerp_mode": "catmullrom"
						},
						"2.0": {
							"post": [0, 0, 10],
							"lerp_mode": "catmullrom"
						},
						"2.1667": {
							"post": [0, 0, 22.5],
							"lerp_mode": "catmullrom"
						},
						"2.3333": {
							"post": [0, 0, 0],
							"lerp_mode": "catmullrom"
						}
					}
				},
				"sect10": {
					"rotation": {
						"1.7": {
							"pre": [0, 0, 0],
							"post": [0, 0, 0],
							"lerp_mode": "catmullrom"
						},
						"2.0": {
							"post": [0, 0, 7.5],
							"lerp_mode": "catmullrom"
						},
						"2.1667": {
							"post": [0, 0, 12.5],
							"lerp_mode": "catmullrom"
						},
						"2.3333": {
							"post": [0, 0, 0],
							"lerp_mode": "catmullrom"
						}
					}
				},
				"sect11": {
					"rotation": {
						"1.7": {
							"pre": [0, 0, 0],
							"post": [0, 0, 0],
							"lerp_mode": "catmullrom"
						},
						"2.0": {
							"post": [0, 0, 7.5],
							"lerp_mode": "catmullrom"
						},
						"2.1667": {
							"post": [0, 0, -40],
							"lerp_mode": "catmullrom"
						},
						"2.3333": {
							"post": [0, 0, 0],
							"lerp_mode": "catmullrom"
						}
					}
				},
				"sect12": {
					"rotation": {
						"1.7": {
							"pre": [0, 0, 0],
							"post": [0, 0, 0],
							"lerp_mode": "catmullrom"
						},
						"2.0": {
							"post": [0, 0, -10],
							"lerp_mode": "catmullrom"
						},
						"2.1667": {
							"post": [0, 0, 0],
							"lerp_mode": "catmullrom"
						},
						"2.3333": {
							"post": [0, 0, 0],
							"lerp_mode": "catmullrom"
						}
					}
				},
				"sect13": {
					"rotation": {
						"1.7": {
							"pre": [0, 0, 0],
							"post": [0, 0, 0],
							"lerp_mode": "catmullrom"
						},
						"2.0": {
							"post": [0, 0, -7.5],
							"lerp_mode": "catmullrom"
						},
						"2.1667": {
							"post": [0, 0, 0],
							"lerp_mode": "catmullrom"
						},
						"2.3333": {
							"post": [0, 0, 0],
							"lerp_mode": "catmullrom"
						}
					}
				},
				"sect14": {
					"rotation": {
						"1.7": {
							"pre": [0, 0, 0],
							"post": [0, 0, 0],
							"lerp_mode": "catmullrom"
						},
						"2.0": {
							"post": [0, 0, -2.5],
							"lerp_mode": "catmullrom"
						},
						"2.1667": {
							"post": [0, 0, 0],
							"lerp_mode": "catmullrom"
						},
						"2.3333": {
							"post": [0, 0, 0],
							"lerp_mode": "catmullrom"
						}
					}
				},
				"sect16": {
					"rotation": {
						"1.7": {
							"pre": [0, 0, 0],
							"post": [0, 0, 0],
							"lerp_mode": "catmullrom"
						},
						"2.1667": {
							"post": [0, 0, -100],
							"lerp_mode": "catmullrom"
						},
						"2.3333": {
							"post": [0, 0, 0],
							"lerp_mode": "catmullrom"
						}
					}
				},
				"sect17": {
					"scale": 0
				},
				"chain": {
					"rotation": {
						"2.0": [0, 0, 67.5],
						"2.6": [0, 0, 0]
					}
				},
				"constraint": {
					"rotation": {
						"0.0": [0.2, 0.2, 0.4],
						"1.8667": [0.2, 0.2, 0.4]
					},
					"position": {
						"0.0": [0.1, 0.1, 0.1],
						"1.8667": [0.1, 0.1, 0.1]
					}
				}
			},
			"sound_effects": {
				"0.1": {
					"effect": "rfp:dshkm/cloth_rub"
				},
				"0.5667": {
					"effect": "rfp:dshkm/rattle3"
				},
				"1.1667": {
					"effect": "rfp:dshkm/ending"
				},
				"1.4": {
					"effect": "rfp:dshkm/rattle"
				},
				"1.6333": {
					"effect": "rfp:dshkm/box_rattle"
				}
			}
		},
		"reload_empty": {
			"loop": "hold_on_last_frame",
			"animation_length": 12.0333,
			"bones": {
				"lefthand": {
					"rotation": {
						"1.3667": [71.21693, -387.96771, -132.47171],
						"2.7": [48.71693, -387.96771, -132.47171],
						"2.9": [101.91625, -391.28529, -190.53668],
						"3.1667": [160.45585, -364.77633, -251.10247],
						"3.3": [138.99596, -398.17665, -221.47966],
						"3.4667": [103.60422, -410.45454, -166.38788],
						"3.8": [118.16407, -346.29911, -285.73419],
						"8.1333": [118.16407, -346.29911, -285.73419],
						"8.5": [125.23994, -358.06634, -281.24702],
						"8.7333": [145.14956, -357.73502, -274.69385],
						"9.1": [143.93646, -374.08261, -263.06925],
						"9.4333": [143.93646, -374.08261, -263.06925],
						"9.8667": [132.39516, -393.07705, -208.09362],
						"10.0333": [138.99596, -398.17665, -221.47966],
						"10.1667": [160.45585, -364.77633, -251.10247],
						"10.5": [101.91625, -391.28529, -190.53668],
						"10.7": [71.21693, -387.96771, -132.47171]
					},
					"position": {
						"1.3667": [9.5, -12, 7],
						"2.7": [9.5, -12, 7],
						"2.9": [15.5, -7, 11],
						"3.1667": [7.5, -2, 6],
						"3.3": [7.5, 1, 5.5],
						"3.4667": [7.5, 4, -3],
						"3.8": [14.5, -4.85, 4],
						"8.1333": [14.5, -4.85, 4],
						"8.5": [10.5, -5.25, 4],
						"8.7333": [8.5, -4.25, 3],
						"9.1": [7.5, -6, 4],
						"9.4333": [7.5, -6, 4],
						"9.8667": [8.5, 3, -2],
						"10.0333": [7.5, 1, 5.5],
						"10.1667": [7.5, -2, 6],
						"10.5": [15.5, -7, 11],
						"10.7": [9.5, -12, 7]
					},
					"scale": {
						"0.0333": [1, 1, 1],
						"1.3667": [1, 1, 1],
						"3.1667": [1, 1.5, 1],
						"10.1667": [1, 1.5, 1],
						"10.5": [1, 1, 1]
					}
				},
				"righthand": {
					"rotation": {
						"0.1333": [91.39739, -0.68571, -158.07129],
						"0.2333": [91.33392, 0.80985, -215.55224],
						"0.3667": [90.32491, 1.47478, -261.29837],
						"0.4": [90.32491, 1.47478, -261.29837],
						"0.6": [53.07496, 38.72412, -249.03747],
						"0.8": [53.07496, 38.72412, -249.03747],
						"1.0": [90.32491, 1.47478, -261.29837],
						"1.2333": [90.32491, 1.47478, -261.29837],
						"1.7333": [55.50508, 24.95396, -206.57232],
						"1.9": [54.45911, 12.8848, -214.78219],
						"11.3333": [54.45911, 12.8848, -214.78219],
						"11.5": [55.50508, 24.95396, -206.57232],
						"11.7": [80.59878, 25.21672, -180.21435],
						"11.8667": [91.4, -0.69, -158.07]
					},
					"position": {
						"0.1333": [-9.37758, -7.62657, 17.71197],
						"0.2333": [-12.2635, -8.58139, 17.68587],
						"0.3": [-9.49351, -12.52179, 19.01006],
						"0.3667": [-6.23, -12, 19.7],
						"0.4": [-6.38124, -12.98816, 19.67426],
						"0.6": [-6.76911, -12.76853, 26.84443],
						"0.8": [-6.76911, -12.76853, 26.84443],
						"1.0": [-6.38124, -12.98816, 19.67426],
						"1.2333": [-6.38124, -12.98816, 19.67426],
						"1.7333": [-11.56088, -8.90557, 9.57811],
						"1.9": [-8.55065, -10.05609, 2.77701],
						"11.3333": [-8.55065, -10.05609, 2.77701],
						"11.5": [-11.56088, -8.90557, 9.57811],
						"11.7": [-12.6547, -8.50338, 14.57396],
						"11.8667": [-9.37757, -7.62655, 17.71204]
					},
					"scale": {
						"0.8667": [1, 1, 1],
						"1.2333": [1, 1.5, 1],
						"11.3333": [1, 1.5, 1],
						"11.7": [1, 1, 1]
					}
				},
				"root": {
					"rotation": {
						"0.0": {
							"post": [0, 0, 0],
							"lerp_mode": "catmullrom"
						},
						"0.4667": {
							"post": [0.02462, 0.00685, 39.99745],
							"lerp_mode": "catmullrom"
						},
						"0.6": {
							"post": [-4.97237, 0.00768, 44.8951],
							"lerp_mode": "catmullrom"
						},
						"0.6667": {
							"post": [-4.97237, 0.00768, 44.8951],
							"lerp_mode": "catmullrom"
						},
						"0.8333": {
							"post": [0.02462, 0.00685, 39.99745],
							"lerp_mode": "catmullrom"
						},
						"1.0": {
							"post": [0.02462, 0.00685, 39.99745],
							"lerp_mode": "catmullrom"
						},
						"1.0667": {
							"post": [2.53685, 0.02633, 48.21119],
							"lerp_mode": "catmullrom"
						},
						"1.1333": {
							"post": [0.02462, 0.00685, 38.99745],
							"lerp_mode": "catmullrom"
						},
						"1.3667": {
							"post": [0, 0, 0],
							"lerp_mode": "catmullrom"
						},
						"2.1667": {
							"post": [-3.63, -5.29, 0.64],
							"lerp_mode": "catmullrom"
						},
						"2.6": {
							"post": [-4.4, -16.69, 1.44],
							"lerp_mode": "catmullrom"
						},
						"3.1667": {
							"post": [-8.70024, -23.9388, -0.5433],
							"lerp_mode": "catmullrom"
						},
						"3.2667": {
							"post": [-3.62682, -24.63587, 0.48113],
							"lerp_mode": "catmullrom"
						},
						"3.4667": {
							"post": [-12.48, -26.03, 2.53],
							"lerp_mode": "catmullrom"
						},
						"4.0333": [-8.14, -24.86, 2.13],
						"4.3333": {
							"pre": [-6.593, -10.61121, -5.04621],
							"post": [-6.593, -10.61121, -5.04621],
							"lerp_mode": "catmullrom"
						},
						"4.7667": {
							"post": [-7.38873, -2.56062, -0.9792],
							"lerp_mode": "catmullrom"
						},
						"5.1": {
							"post": [-7.70685, -1.08654, 9.01319],
							"lerp_mode": "catmullrom"
						},
						"6.2667": {
							"post": [-6.6967, -3.96925, -13.52871],
							"lerp_mode": "catmullrom"
						},
						"7.9333": {
							"post": [-7.39, -2.52, -0.96],
							"lerp_mode": "catmullrom"
						},
						"8.1333": {
							"post": [-7.58213, -1.89217, 3.98908],
							"lerp_mode": "catmullrom"
						},
						"8.3333": {
							"post": [-7.39, -2.56, -0.98],
							"lerp_mode": "catmullrom"
						},
						"8.7": [-7.67, -12.45, 0.58],
						"8.8667": [-8.11, -21.15, 2.03],
						"10.0": [-8.14, -24.86, 2.13],
						"10.1667": {
							"pre": [-15.11296, -24.86, 2.13],
							"post": [-15.11296, -24.86, 2.13],
							"lerp_mode": "catmullrom"
						},
						"10.3": [-8.14, -24.86, 2.13],
						"10.3333": [-8.2, -24.96, 2.14],
						"10.3667": [-8.41, -25.32, 2.18],
						"10.4": [-8.38, -25.27, 2.17],
						"10.4333": [-8.14, -24.86, 2.13],
						"10.4667": [-7.92, -24.51, 2.1],
						"10.5": [-7.61, -24.1, 2.06],
						"10.5333": [-6.83, -23.08, 1.96],
						"10.5667": [-6.39, -22.48, 1.9],
						"10.6": [-5.95, -21.81, 1.84],
						"10.6333": [-5.52, -21.07, 1.78],
						"10.6667": [-4.79, -19.4, 1.63],
						"10.7": [-4.52, -18.45, 1.56],
						"10.7333": [-4.42, -17.96, 1.52],
						"10.7667": [-4.34, -17.43, 1.49],
						"10.8": [-4.28, -16.86, 1.44],
						"10.8333": [-4.18, -15.61, 1.36],
						"10.8667": [-4.15, -14.95, 1.31],
						"10.9": [-4.12, -14.27, 1.27],
						"10.9333": [-4.11, -13.58, 1.22],
						"10.9667": [-4.09, -12.87, 1.18],
						"11.0": [-4.07, -11.44, 1.08],
						"11.0333": [-4.06, -10.74, 1.03],
						"11.0667": [-4.04, -10.03, 0.99],
						"11.1": [-4.03, -9.35, 0.94],
						"11.1333": [-4, -8.67, 0.89],
						"11.1667": [-3.93, -7.41, 0.8],
						"11.2": [-3.87, -6.82, 0.76],
						"11.2333": [-3.81, -6.27, 0.72],
						"11.2667": [-3.73, -5.76, 0.68],
						"11.3": [-3.63, -5.29, 0.64],
						"11.3333": [-3.44, -4.64, 0.58],
						"11.3667": [-3.32, -4.33, 0.55],
						"11.4": [-3.2, -4.03, 0.52],
						"11.4333": [-3.07, -3.75, 0.49],
						"11.4667": [-2.93, -3.48, 0.47],
						"11.5": [-2.64, -2.98, 0.41],
						"11.5333": [-2.49, -2.75, 0.38],
						"11.5667": [-2.33, -2.53, 0.35],
						"11.6": [-2.17, -2.31, 0.33],
						"11.6333": [-2, -2.11, 0.3],
						"11.6667": [-1.68, -1.73, 0.25],
						"11.7": [-1.51, -1.56, 0.22],
						"11.7333": [-1.35, -1.39, 0.2],
						"11.7667": [-1.19, -1.23, 0.18],
						"11.8": [-1.04, -1.08, 0.16],
						"11.8333": [-0.75, -0.8, 0.11],
						"11.8667": [-0.61, -0.67, 0.09],
						"11.9": [-0.49, -0.54, 0.08],
						"11.9333": [-0.37, -0.43, 0.06],
						"11.9667": [-0.26, -0.31, 0.04],
						"12.0": [-0.07, -0.1, 0.01],
						"12.0333": [0, 0, 0]
					},
					"position": {
						"0.0": {
							"post": [0, 0, 0],
							"lerp_mode": "catmullrom"
						},
						"0.2333": {
							"post": [-0.55, 1.01, -0.02],
							"lerp_mode": "catmullrom"
						},
						"0.4667": {
							"post": [-0.98, 0.02, -0.03],
							"lerp_mode": "catmullrom"
						},
						"0.6": {
							"post": [-1.07, -0.03, 0.97],
							"lerp_mode": "catmullrom"
						},
						"0.6667": {
							"post": [-1.07, -0.03, 0.97],
							"lerp_mode": "catmullrom"
						},
						"0.8333": {
							"post": [-0.98, 0.02, -0.03],
							"lerp_mode": "catmullrom"
						},
						"1.0": {
							"post": [-0.98, 0.02, -0.03],
							"lerp_mode": "catmullrom"
						},
						"1.0333": {
							"post": [-0.91, 0.04, -0.05],
							"lerp_mode": "catmullrom"
						},
						"1.0667": {
							"post": [-0.98, 0.02, -0.03],
							"lerp_mode": "catmullrom"
						},
						"1.3667": {
							"post": [0, 0, 0],
							"lerp_mode": "catmullrom"
						},
						"2.1667": {
							"post": [-4, -4.5, 7],
							"lerp_mode": "catmullrom"
						},
						"2.6": {
							"post": [7.26, -0.6, 7.87],
							"lerp_mode": "catmullrom"
						},
						"3.2667": {
							"post": [9, -3.16, 12.36],
							"lerp_mode": "catmullrom"
						},
						"3.4667": {
							"post": [9, -4, 14],
							"lerp_mode": "catmullrom"
						},
						"4.0333": [9, -4, 14],
						"4.3333": {
							"pre": [3, -3, 14],
							"post": [3, -3, 14],
							"lerp_mode": "catmullrom"
						},
						"4.7667": {
							"post": [-1, -2, 14],
							"lerp_mode": "catmullrom"
						},
						"8.2667": [-1, -2, 14],
						"8.4333": [-1, -2, 14],
						"8.5667": [-0.15, -2, 14],
						"8.7": {
							"pre": [0.94, -2, 14],
							"post": [0.94, -2, 14],
							"lerp_mode": "catmullrom"
						},
						"8.8": {
							"post": [2.51, -2, 14],
							"lerp_mode": "catmullrom"
						},
						"8.8667": {
							"post": [4.1, -2, 14],
							"lerp_mode": "catmullrom"
						},
						"9.0333": {
							"post": [4.69, -2, 13.99],
							"lerp_mode": "catmullrom"
						},
						"9.9": [4.11, -1.96, 13.89],
						"10.0": [4.2, -1.78, 13.46],
						"10.1667": {
							"pre": [4.58, -1.24, 12.26],
							"post": [4.58, -1.24, 12.26],
							"lerp_mode": "catmullrom"
						},
						"10.3": [4.91, -0.72, 11.06],
						"10.4667": {
							"pre": [5.06, -0.19, 9.62],
							"post": [5.06, -0.19, 9.62],
							"lerp_mode": "catmullrom"
						},
						"10.6333": {
							"post": [4.51, -0.22, 8.55],
							"lerp_mode": "catmullrom"
						},
						"10.8": {
							"post": [2.78, -0.38, 7.65],
							"lerp_mode": "catmullrom"
						},
						"11.1667": {
							"post": [-2.39, -4.11, 7.49],
							"lerp_mode": "catmullrom"
						},
						"11.3667": {
							"post": [-4.28, -4.37, 6.45],
							"lerp_mode": "catmullrom"
						},
						"11.6667": {
							"post": [-2.69, -2.42, 3.28],
							"lerp_mode": "catmullrom"
						},
						"12.0333": {
							"post": [0, 0, 0],
							"lerp_mode": "catmullrom"
						}
					}
				},
				"top_cover": {
					"rotation": {
						"3.2": [0, 0, 0],
						"3.4667": [-67.5, 0, 0],
						"9.8667": [-67.5, 0, 0],
						"10.1667": [0, 0, 0]
					}
				},
				"mag_and_lefthand": {
					"rotation": {
						"4.2667": [0, 0, 0],
						"4.4333": [0, 0, 0],
						"4.7333": [0, 0, 15],
						"5.0333": [0, 0, 20],
						"5.3": [0, -12.5, 20],
						"7.1": [0, -12.5, 20],
						"7.3667": [0, 0, 20],
						"7.6667": [0, 0, 15],
						"7.9667": [0, 0, 0],
						"8.1333": [0, 0, 0]
					},
					"position": {
						"4.2667": {
							"pre": [0, 0, 0],
							"post": [0, 0, 0],
							"lerp_mode": "catmullrom"
						},
						"4.4333": {
							"post": [0, 5, 0],
							"lerp_mode": "catmullrom"
						},
						"4.7333": {
							"post": [7, 10, 0],
							"lerp_mode": "catmullrom"
						},
						"5.0333": {
							"post": [16.2, -4, 0],
							"lerp_mode": "catmullrom"
						},
						"5.3": {
							"post": [20, -19, 0],
							"lerp_mode": "catmullrom"
						},
						"7.1": {
							"post": [20, -19, 0],
							"lerp_mode": "catmullrom"
						},
						"7.3667": {
							"post": [16.2, -4, 0],
							"lerp_mode": "catmullrom"
						},
						"7.6667": {
							"post": [7, 7, 0],
							"lerp_mode": "catmullrom"
						},
						"7.9667": {
							"post": [0, 5, 0],
							"lerp_mode": "catmullrom"
						},
						"8.1333": {
							"post": [0, 0, 0],
							"lerp_mode": "catmullrom"
						}
					}
				},
				"BCG": {
					"position": {
						"0.0": [0, 0, 0],
						"0.4": [0, 0, 0],
						"0.6": [0, 0, 10],
						"1.3667": [0, 0, 10],
						"12.0333": [0, 0, 10]
					}
				},
				"feed_lever": {
					"rotation": {
						"0.0": [0, 0, 0],
						"0.5": [0, 0, 0],
						"0.5333": [-11.67, 0, 0],
						"0.6": [-57.5, 0, 0],
						"12.0333": [-57.5, 0, 0]
					}
				},
				"constraint": {
					"rotation": {
						"1.3667": [0.2, 0.2, 0.4],
						"12.0333": [0.2, 0.2, 0.4]
					},
					"position": {
						"1.3667": [0.1, 0.1, 0.1],
						"12.0333": [0.1, 0.1, 0.1]
					}
				},
				"slide_handle": {
					"position": {
						"0.4": [0, 0, 0],
						"0.6": [0, 0, 10],
						"0.8": [0, 0, 10],
						"1.0": [0, 0, 0]
					}
				},
				"camera": {
					"rotation": {
						"0.0": {
							"post": [0, 0, 0],
							"lerp_mode": "catmullrom"
						},
						"0.3": {
							"post": [16.85, 5.58, -2.06],
							"lerp_mode": "catmullrom"
						},
						"0.5": {
							"post": [18.74, 4.94, -2.07],
							"lerp_mode": "catmullrom"
						},
						"0.6667": {
							"post": [23.15, 4.22, -1.95],
							"lerp_mode": "catmullrom"
						},
						"0.8333": {
							"post": [16.72, 2.08, -1.43],
							"lerp_mode": "catmullrom"
						},
						"1.0333": {
							"post": [4.11, 0.22, -1.03],
							"lerp_mode": "catmullrom"
						},
						"1.1333": {
							"post": [8.87, -0.68, -0.83],
							"lerp_mode": "catmullrom"
						},
						"1.3667": {
							"post": [0, 0, 0],
							"lerp_mode": "catmullrom"
						},
						"1.8": {
							"post": [8.11003, 22.29711, 3.09472],
							"lerp_mode": "catmullrom"
						},
						"2.6667": {
							"post": [7.32757, 2.37603, 1.93764],
							"lerp_mode": "catmullrom"
						},
						"3.6333": {
							"post": [2.45199, -11.24254, 0.27747],
							"lerp_mode": "catmullrom"
						},
						"4.5": {
							"post": [10.69744, -18.797, -1.15784],
							"lerp_mode": "catmullrom"
						},
						"4.9": {
							"post": [8.73953, -13.82594, 10.22027],
							"lerp_mode": "catmullrom"
						},
						"5.3333": {
							"post": [10.23688, -3.67901, 1.70826],
							"lerp_mode": "catmullrom"
						},
						"7.2": {
							"post": [10.23688, -3.67901, 1.70826],
							"lerp_mode": "catmullrom"
						},
						"7.9667": {
							"post": [8.88, -9.12, 0.75],
							"lerp_mode": "catmullrom"
						},
						"8.1667": {
							"post": [9.63717, -8.31503, -4.24253],
							"lerp_mode": "catmullrom"
						},
						"8.4": {
							"post": [9.63717, -8.31503, -4.24253],
							"lerp_mode": "catmullrom"
						},
						"8.6": {
							"post": [7.5, -12.5, 0],
							"lerp_mode": "catmullrom"
						},
						"8.9333": {
							"post": [5, -5, 0],
							"lerp_mode": "catmullrom"
						},
						"10.0333": {
							"post": [5, -5, 0],
							"lerp_mode": "catmullrom"
						},
						"10.2": {
							"post": [9.97144, -2.53786, 0.43441],
							"lerp_mode": "catmullrom"
						},
						"10.3667": {
							"post": [0, 0, 0],
							"lerp_mode": "catmullrom"
						},
						"11.0667": {
							"post": [7.5, 7.5, 0],
							"lerp_mode": "catmullrom"
						},
						"11.8": {
							"post": [0, 0, 0],
							"lerp_mode": "catmullrom"
						}
					},
					"position": {
						"8.6": {
							"pre": [0, 0, 0],
							"post": [0, 0, 0],
							"lerp_mode": "catmullrom"
						},
						"8.9333": {
							"post": [0, 0, 0],
							"lerp_mode": "catmullrom"
						},
						"10.0333": {
							"post": [0, 0, 0],
							"lerp_mode": "catmullrom"
						},
						"10.3667": {
							"post": [0, 0, 0],
							"lerp_mode": "catmullrom"
						}
					}
				},
				"bulletchain": {
					"rotation": {
						"8.5": {
							"pre": [0, 0, -31.89],
							"post": [0, 0, -31.89],
							"lerp_mode": "catmullrom"
						},
						"8.6333": {
							"post": [0, 0, -45.65],
							"lerp_mode": "catmullrom"
						},
						"8.8": {
							"post": [0, 0, 7],
							"lerp_mode": "catmullrom"
						},
						"8.8667": {
							"post": [0, 0, 0],
							"lerp_mode": "catmullrom"
						}
					},
					"position": {
						"8.5": {
							"pre": [-0.46, -2.16, 0],
							"post": [-0.46, -2.16, 0],
							"lerp_mode": "catmullrom"
						},
						"8.6333": {
							"post": [1.49, 1.77, 0],
							"lerp_mode": "catmullrom"
						},
						"8.7667": {
							"post": [0.4, 0, 0],
							"lerp_mode": "catmullrom"
						},
						"8.8333": {
							"post": [0, 0, 0],
							"lerp_mode": "catmullrom"
						},
						"8.9": {
							"post": [-0.3, 0, 0],
							"lerp_mode": "catmullrom"
						},
						"8.9667": {
							"post": [0, 0, 0],
							"lerp_mode": "catmullrom"
						}
					},
					"scale": {
						"0.0": [0, 0, 0],
						"6.9": [0, 0, 0],
						"6.9333": [1, 1, 1]
					}
				},
				"sect5": {
					"scale": {
						"8.6": [0, 0, 0],
						"8.6333": [1, 1, 1]
					}
				},
				"sect4": {
					"rotation": {
						"8.6667": [0, 0, 32.5],
						"8.8": [0, 0, 0]
					}
				}
			},
			"sound_effects": {
				"0.1667": {
					"effect": "rfp:dshkm/charging"
				},
				"1.3667": {
					"effect": "rfp:dshkm/cloth_rub"
				},
				"1.8667": {
					"effect": "rfp:dshkm/rattle2"
				},
				"2.6": {
					"effect": "rfp:dshkm/cloth_rub3"
				},
				"3.1667": {
					"effect": "rfp:dshkm/open_cover"
				},
				"3.7333": {
					"effect": "rfp:dshkm/bulletchain_rattle"
				},
				"4.2": {
					"effect": "rfp:dshkm/remove_box_with_ammo"
				},
				"5.0": {
					"effect": "rfp:dshkm/box_drop"
				},
				"6.3667": {
					"effect": "rfp:dshkm/rattle"
				},
				"7.8": {
					"effect": "rfp:dshkm/insert_box"
				},
				"8.0333": {
					"effect": "rfp:dshkm/bulletchain_rattle"
				},
				"8.3333": {
					"effect": "rfp:dshkm/bulletchain_pull"
				},
				"9.8667": {
					"effect": "rfp:dshkm/close_cover"
				},
				"10.5": {
					"effect": "rfp:dshkm/cloth_rub"
				}
			}
		},
		"reload_tactical": {
			"loop": "hold_on_last_frame",
			"animation_length": 10.6667,
			"bones": {
				"lefthand": {
					"rotation": {
						"0.0": [71.21693, -387.96771, -132.47171],
						"1.3333": [48.71693, -387.96771, -132.47171],
						"1.5333": [101.91625, -391.28529, -190.53668],
						"1.8": [160.45585, -364.77633, -251.10247],
						"1.9333": [138.99596, -398.17665, -221.47966],
						"2.1": [103.60422, -410.45454, -166.38788],
						"2.6333": [154.89407, -363.59873, -270.58424],
						"2.9": [118.16407, -346.29911, -285.73419],
						"6.7667": [118.16407, -346.29911, -285.73419],
						"7.1333": [125.23994, -358.06634, -281.24702],
						"7.3667": [145.14956, -357.73502, -274.69385],
						"7.7333": [143.93646, -374.08261, -263.06925],
						"7.9667": [143.93646, -374.08261, -263.06925],
						"8.5": [132.39516, -393.07705, -208.09362],
						"8.6667": [138.99596, -398.17665, -221.47966],
						"8.8": [160.45585, -364.77633, -251.10247],
						"9.1333": [101.91625, -391.28529, -190.53668],
						"9.3333": [71.21693, -387.96771, -132.47171]
					},
					"position": {
						"0.0": [9.5, -12, 7],
						"1.3333": [9.5, -12, 7],
						"1.5333": [15.5, -7, 11],
						"1.8": [7.5, -2, 6],
						"1.9333": [7.5, 1, 5.5],
						"2.1": [7.5, 4, -3],
						"2.2333": [11.5, -0.44, 0.11],
						"2.6333": [12.69, -4.98, 3.5],
						"2.9": [14.5, -4.85, 4],
						"6.7667": [14.5, -4.85, 4],
						"7.1333": [10.5, -5.25, 4],
						"7.3667": [8.5, -4.25, 3],
						"7.7333": [7.5, -6, 4],
						"7.9667": [7.5, -6, 4],
						"8.5": [8.5, 3, -2],
						"8.6667": [7.5, 1, 5.5],
						"8.8": [7.5, -2, 6],
						"9.1333": [15.5, -7, 11],
						"9.3333": [9.5, -12, 7]
					},
					"scale": {
						"0.0": [1, 1, 1],
						"1.3333": [1, 1, 1],
						"1.8": [1, 1.5, 1],
						"8.8": [1, 1.5, 1],
						"9.1333": [1, 1, 1]
					}
				},
				"righthand": {
					"rotation": {
						"0.0": [91.39739, -0.68571, -158.07129],
						"0.1667": [81.7725, 25.59988, -177.47929],
						"0.3667": [55.50508, 24.95396, -206.57232],
						"0.5333": [54.45911, 12.8848, -214.78219],
						"9.9667": [54.45911, 12.8848, -214.78219],
						"10.1333": [55.50508, 24.95396, -206.57232],
						"10.3333": [81.7725, 25.59988, -177.47929],
						"10.5": [91.39739, -0.68571, -158.07129]
					},
					"position": {
						"0.0": [-9.37758, -7.62657, 17.71197],
						"0.1667": [-12.65096, -8.46034, 14.56792],
						"0.3667": [-11.56088, -8.90557, 9.57811],
						"0.5333": [-8.55065, -10.05609, 2.77701],
						"9.9667": [-8.55065, -10.05609, 2.77701],
						"10.1333": [-11.56088, -8.90557, 9.57811],
						"10.3333": [-12.65096, -8.46034, 14.56792],
						"10.5": [-9.37758, -7.62657, 17.71197]
					},
					"scale": {
						"0.1667": [1, 1, 1],
						"0.5333": [1, 1.5, 1],
						"9.9667": [1, 1.5, 1],
						"10.3333": [1, 1, 1]
					}
				},
				"root": {
					"rotation": {
						"0.0": {
							"post": [0, 0, 0],
							"lerp_mode": "catmullrom"
						},
						"0.8": {
							"post": [-3.63, -5.29, 0.64],
							"lerp_mode": "catmullrom"
						},
						"1.2333": {
							"post": [-4.4, -16.69, 1.44],
							"lerp_mode": "catmullrom"
						},
						"1.8": {
							"post": [-8.70024, -23.9388, -0.5433],
							"lerp_mode": "catmullrom"
						},
						"1.9": {
							"post": [-3.62682, -24.63587, 0.48113],
							"lerp_mode": "catmullrom"
						},
						"2.1": {
							"post": [-12.48, -26.03, 2.53],
							"lerp_mode": "catmullrom"
						},
						"2.6667": [-8.14, -24.86, 2.13],
						"2.9667": {
							"pre": [-6.593, -10.61121, -5.04621],
							"post": [-6.593, -10.61121, -5.04621],
							"lerp_mode": "catmullrom"
						},
						"3.4": {
							"post": [-7.38873, -2.56062, -0.9792],
							"lerp_mode": "catmullrom"
						},
						"3.7333": {
							"post": [-7.70685, -1.08654, 9.01319],
							"lerp_mode": "catmullrom"
						},
						"4.9": {
							"post": [-6.6967, -3.96925, -13.52871],
							"lerp_mode": "catmullrom"
						},
						"6.5667": {
							"post": [-7.39, -2.52, -0.96],
							"lerp_mode": "catmullrom"
						},
						"6.7667": {
							"post": [-7.58213, -1.89217, 3.98908],
							"lerp_mode": "catmullrom"
						},
						"6.9667": {
							"post": [-7.39, -2.56, -0.98],
							"lerp_mode": "catmullrom"
						},
						"7.3333": [-7.67, -12.45, 0.58],
						"7.5": [-8.11, -21.15, 2.03],
						"8.6333": [-8.14, -24.86, 2.13],
						"8.8": {
							"pre": [-15.11296, -24.86, 2.13],
							"post": [-15.11296, -24.86, 2.13],
							"lerp_mode": "catmullrom"
						},
						"8.9333": [-8.14, -24.86, 2.13],
						"8.9667": [-8.2, -24.96, 2.14],
						"9.0": [-8.41, -25.32, 2.18],
						"9.0333": [-8.38, -25.27, 2.17],
						"9.0667": [-8.14, -24.86, 2.13],
						"9.1": [-7.92, -24.51, 2.1],
						"9.1333": [-7.61, -24.1, 2.06],
						"9.1667": [-6.83, -23.08, 1.96],
						"9.2": [-6.39, -22.48, 1.9],
						"9.2333": [-5.95, -21.81, 1.84],
						"9.2667": [-5.52, -21.07, 1.78],
						"9.3": [-4.79, -19.4, 1.63],
						"9.3333": [-4.52, -18.45, 1.56],
						"9.3667": [-4.42, -17.96, 1.52],
						"9.4": [-4.34, -17.43, 1.49],
						"9.4333": [-4.28, -16.86, 1.44],
						"9.4667": [-4.18, -15.61, 1.36],
						"9.5": [-4.15, -14.95, 1.31],
						"9.5333": [-4.12, -14.27, 1.27],
						"9.5667": [-4.11, -13.58, 1.22],
						"9.6": [-4.09, -12.87, 1.18],
						"9.6333": [-4.07, -11.44, 1.08],
						"9.6667": [-4.06, -10.74, 1.03],
						"9.7": [-4.04, -10.03, 0.99],
						"9.7333": [-4.03, -9.35, 0.94],
						"9.7667": [-4, -8.67, 0.89],
						"9.8": [-3.93, -7.41, 0.8],
						"9.8333": [-3.87, -6.82, 0.76],
						"9.8667": [-3.81, -6.27, 0.72],
						"9.9": [-3.73, -5.76, 0.68],
						"9.9333": [-3.63, -5.29, 0.64],
						"9.9667": [-3.44, -4.64, 0.58],
						"10.0": [-3.32, -4.33, 0.55],
						"10.0333": [-3.2, -4.03, 0.52],
						"10.0667": [-3.07, -3.75, 0.49],
						"10.1": [-2.93, -3.48, 0.47],
						"10.1333": [-2.64, -2.98, 0.41],
						"10.1667": [-2.49, -2.75, 0.38],
						"10.2": [-2.33, -2.53, 0.35],
						"10.2333": [-2.17, -2.31, 0.33],
						"10.2667": [-2, -2.11, 0.3],
						"10.3": [-1.68, -1.73, 0.25],
						"10.3333": [-1.51, -1.56, 0.22],
						"10.3667": [-1.35, -1.39, 0.2],
						"10.4": [-1.19, -1.23, 0.18],
						"10.4333": [-1.04, -1.08, 0.16],
						"10.4667": [-0.75, -0.8, 0.11],
						"10.5": [-0.61, -0.67, 0.09],
						"10.5333": [-0.49, -0.54, 0.08],
						"10.5667": [-0.37, -0.43, 0.06],
						"10.6": [-0.26, -0.31, 0.04],
						"10.6333": [-0.07, -0.1, 0.01],
						"10.6667": [0, 0, 0]
					},
					"position": {
						"0.0": {
							"post": [0, 0, 0],
							"lerp_mode": "catmullrom"
						},
						"0.8": {
							"post": [-4, -4.5, 7],
							"lerp_mode": "catmullrom"
						},
						"1.2333": {
							"post": [7.26, -0.6, 7.87],
							"lerp_mode": "catmullrom"
						},
						"1.9": {
							"post": [9, -3.16, 12.36],
							"lerp_mode": "catmullrom"
						},
						"2.1": {
							"post": [9, -4, 14],
							"lerp_mode": "catmullrom"
						},
						"2.6667": [9, -4, 14],
						"2.9667": {
							"pre": [3, -3, 14],
							"post": [3, -3, 14],
							"lerp_mode": "catmullrom"
						},
						"3.4": {
							"post": [-1, -2, 14],
							"lerp_mode": "catmullrom"
						},
						"6.9": [-1, -2, 14],
						"7.0667": [-1, -2, 14],
						"7.2": [-0.15, -2, 14],
						"7.3333": {
							"pre": [0.94, -2, 14],
							"post": [0.94, -2, 14],
							"lerp_mode": "catmullrom"
						},
						"7.4333": {
							"post": [2.51, -2, 14],
							"lerp_mode": "catmullrom"
						},
						"7.5": {
							"post": [4.1, -2, 14],
							"lerp_mode": "catmullrom"
						},
						"7.6667": {
							"post": [4.69, -2, 13.99],
							"lerp_mode": "catmullrom"
						},
						"8.5333": [4.11, -1.96, 13.89],
						"8.6333": [4.2, -1.78, 13.46],
						"8.8": {
							"pre": [4.58, -1.24, 12.26],
							"post": [4.58, -1.24, 12.26],
							"lerp_mode": "catmullrom"
						},
						"8.9333": [4.91, -0.72, 11.06],
						"9.1": {
							"pre": [5.06, -0.19, 9.62],
							"post": [5.06, -0.19, 9.62],
							"lerp_mode": "catmullrom"
						},
						"9.2667": {
							"post": [4.51, -0.22, 8.55],
							"lerp_mode": "catmullrom"
						},
						"9.4333": {
							"post": [2.78, -0.38, 7.65],
							"lerp_mode": "catmullrom"
						},
						"9.8": {
							"post": [-2.39, -4.11, 7.49],
							"lerp_mode": "catmullrom"
						},
						"10.0": {
							"post": [-4.28, -4.37, 6.45],
							"lerp_mode": "catmullrom"
						},
						"10.3": {
							"post": [-2.69, -2.42, 3.28],
							"lerp_mode": "catmullrom"
						},
						"10.6667": {
							"post": [0, 0, 0],
							"lerp_mode": "catmullrom"
						}
					}
				},
				"top_cover": {
					"rotation": {
						"1.8333": [0, 0, 0],
						"2.1": [-67.5, 0, 0],
						"8.5": [-67.5, 0, 0],
						"8.8": [0, 0, 0]
					}
				},
				"mag_and_lefthand": {
					"rotation": {
						"2.9": [0, 0, 0],
						"3.0667": [0, 0, 0],
						"3.3667": [0, 0, 15],
						"3.6667": [0, 0, 20],
						"3.9333": [0, -12.5, 20],
						"5.7333": [0, -12.5, 20],
						"6.0": [0, 0, 20],
						"6.3": [0, 0, 15],
						"6.6": [0, 0, 0],
						"6.7667": [0, 0, 0]
					},
					"position": {
						"2.9": {
							"pre": [0, 0, 0],
							"post": [0, 0, 0],
							"lerp_mode": "catmullrom"
						},
						"3.0667": {
							"post": [0, 5, 0],
							"lerp_mode": "catmullrom"
						},
						"3.3667": {
							"post": [7, 10, 0],
							"lerp_mode": "catmullrom"
						},
						"3.6667": {
							"post": [16.2, -4, 0],
							"lerp_mode": "catmullrom"
						},
						"3.9333": {
							"post": [20, -19, 0],
							"lerp_mode": "catmullrom"
						},
						"5.7333": {
							"post": [20, -19, 0],
							"lerp_mode": "catmullrom"
						},
						"6.0": {
							"post": [16.2, -4, 0],
							"lerp_mode": "catmullrom"
						},
						"6.3": {
							"post": [7, 7, 0],
							"lerp_mode": "catmullrom"
						},
						"6.6": {
							"post": [0, 5, 0],
							"lerp_mode": "catmullrom"
						},
						"6.7667": {
							"post": [0, 0, 0],
							"lerp_mode": "catmullrom"
						}
					}
				},
				"feed_lever": {
					"rotation": {
						"0.0": [-57.5, 0, 0],
						"10.6667": [-57.5, 0, 0]
					}
				},
				"BCG": {
					"position": {
						"0.0": [0, 0, 10],
						"10.6667": [0, 0, 10]
					}
				},
				"constraint": {
					"rotation": {
						"0.0": [0.2, 0.2, 0.4],
						"10.6667": [0.2, 0.2, 0.4]
					},
					"position": {
						"0.0": [0.1, 0.1, 0.1],
						"10.6667": [0.1, 0.1, 0.1]
					}
				},
				"bulletchain": {
					"rotation": {
						"3.0": {
							"pre": [0, 0, 0],
							"post": [0, 0, 0],
							"lerp_mode": "catmullrom"
						},
						"3.2": {
							"post": [0, 0, 33.27],
							"lerp_mode": "catmullrom"
						},
						"3.4667": {
							"post": [0, 0, -31.89],
							"lerp_mode": "catmullrom"
						},
						"3.7333": {
							"post": [0, 0, -31.89],
							"lerp_mode": "catmullrom"
						},
						"7.1": {
							"post": [0, 0, -31.89],
							"lerp_mode": "catmullrom"
						},
						"7.2333": {
							"post": [0, 0, -45.65],
							"lerp_mode": "catmullrom"
						},
						"7.4": {
							"post": [0, 0, 7],
							"lerp_mode": "catmullrom"
						},
						"7.4667": {
							"post": [0, 0, 0],
							"lerp_mode": "catmullrom"
						}
					},
					"position": {
						"3.0": {
							"pre": [0, 0, 0],
							"post": [0, 0, 0],
							"lerp_mode": "catmullrom"
						},
						"3.2": {
							"post": [-0.77, -1.79, 0],
							"lerp_mode": "catmullrom"
						},
						"3.4667": {
							"post": [-0.46, -2.16, 0],
							"lerp_mode": "catmullrom"
						},
						"3.7333": {
							"post": [-0.46, -2.16, 0],
							"lerp_mode": "catmullrom"
						},
						"7.1": {
							"post": [-0.46, -2.16, 0],
							"lerp_mode": "catmullrom"
						},
						"7.2333": {
							"post": [1.49, 1.77, 0],
							"lerp_mode": "catmullrom"
						},
						"7.3667": {
							"post": [0.4, 0, 0],
							"lerp_mode": "catmullrom"
						},
						"7.4333": {
							"post": [0, 0, 0],
							"lerp_mode": "catmullrom"
						},
						"7.5": {
							"post": [-0.3, 0, 0],
							"lerp_mode": "catmullrom"
						},
						"7.5667": {
							"post": [0, 0, 0],
							"lerp_mode": "catmullrom"
						}
					}
				},
				"sect5": {
					"scale": {
						"3.3333": [1, 1, 1],
						"3.3667": [0, 0, 0],
						"7.3": [0, 0, 0],
						"7.3333": [1, 1, 1]
					}
				},
				"camera": {
					"rotation": {
						"0.0": {
							"post": [0, 0, 0],
							"lerp_mode": "catmullrom"
						},
						"0.4333": {
							"post": [8.11003, 22.29711, 3.09472],
							"lerp_mode": "catmullrom"
						},
						"1.3": {
							"post": [7.32757, 2.37603, 1.93764],
							"lerp_mode": "catmullrom"
						},
						"2.2667": {
							"post": [2.45199, -11.24254, 0.27747],
							"lerp_mode": "catmullrom"
						},
						"3.1333": {
							"post": [10.69744, -18.797, -1.15784],
							"lerp_mode": "catmullrom"
						},
						"3.5333": {
							"post": [8.73953, -13.82594, 10.22027],
							"lerp_mode": "catmullrom"
						},
						"3.9667": {
							"post": [10.23688, -3.67901, 1.70826],
							"lerp_mode": "catmullrom"
						},
						"5.8333": {
							"post": [10.23688, -3.67901, 1.70826],
							"lerp_mode": "catmullrom"
						},
						"6.6": {
							"post": [8.88, -9.12, 0.75],
							"lerp_mode": "catmullrom"
						},
						"6.8": {
							"post": [9.63717, -8.31503, -4.24253],
							"lerp_mode": "catmullrom"
						},
						"7.0333": {
							"post": [9.63717, -8.31503, -4.24253],
							"lerp_mode": "catmullrom"
						},
						"7.2333": {
							"post": [7.5, -12.5, 0],
							"lerp_mode": "catmullrom"
						},
						"7.5667": {
							"post": [5, -5, 0],
							"lerp_mode": "catmullrom"
						},
						"8.6667": {
							"post": [5, -5, 0],
							"lerp_mode": "catmullrom"
						},
						"8.8333": {
							"post": [9.97144, -2.53786, 0.43441],
							"lerp_mode": "catmullrom"
						},
						"9.0": {
							"post": [0, 0, 0],
							"lerp_mode": "catmullrom"
						},
						"9.7": {
							"post": [7.5, 7.5, 0],
							"lerp_mode": "catmullrom"
						},
						"10.4333": {
							"post": [0, 0, 0],
							"lerp_mode": "catmullrom"
						}
					},
					"position": {
						"7.2333": {
							"pre": [0, 0, 0],
							"post": [0, 0, 0],
							"lerp_mode": "catmullrom"
						},
						"7.5667": {
							"post": [0, 0, 0],
							"lerp_mode": "catmullrom"
						},
						"8.6667": {
							"post": [0, 0, 0],
							"lerp_mode": "catmullrom"
						},
						"9.0": {
							"post": [0, 0, 0],
							"lerp_mode": "catmullrom"
						}
					}
				}
			},
			"sound_effects": {
				"0.0": {
					"effect": "rfp:dshkm/cloth_rub"
				},
				"1.1": {
					"effect": "rfp:dshkm/cloth_rub"
				},
				"1.8": {
					"effect": "rfp:dshkm/open_cover"
				},
				"2.3667": {
					"effect": "rfp:dshkm/box_rattle"
				},
				"2.8333": {
					"effect": "rfp:dshkm/remove_box_with_ammo"
				},
				"2.9667": {
					"effect": "rfp:dshkm/bulletchain_rattle"
				},
				"3.7333": {
					"effect": "rfp:dshkm/box_drop"
				},
				"5.1333": {
					"effect": "rfp:dshkm/rattle"
				},
				"6.4333": {
					"effect": "rfp:dshkm/insert_box"
				},
				"6.6333": {
					"effect": "rfp:dshkm/bulletchain_rattle"
				},
				"6.9667": {
					"effect": "rfp:dshkm/bulletchain_pull"
				},
				"8.5": {
					"effect": "rfp:dshkm/close_cover"
				},
				"9.1": {
					"effect": "rfp:dshkm/cloth_rub"
				}
			}
		},
		"run": {
			"loop": true,
			"animation_length": 1,
			"bones": {
				"root": {
					"rotation": {
						"0.0": {
							"post": [9.53527, -39.71215, -4.49361],
							"lerp_mode": "catmullrom"
						},
						"0.1667": {
							"post": [9.32022, -35.86686, -3.72594],
							"lerp_mode": "catmullrom"
						},
						"0.3": {
							"post": [9.32022, -36.86686, -3.72594],
							"lerp_mode": "catmullrom"
						},
						"0.6": {
							"post": [10.21092, -43.66618, -5.26503],
							"lerp_mode": "catmullrom"
						},
						"0.7667": {
							"post": [10.21092, -43.66618, -5.26503],
							"lerp_mode": "catmullrom"
						},
						"1.0": {
							"post": [9.53527, -39.71215, -4.49361],
							"lerp_mode": "catmullrom"
						}
					},
					"position": {
						"0.0": {
							"post": [5, -6, 18],
							"lerp_mode": "catmullrom"
						},
						"0.1667": {
							"post": [5, -6, 17],
							"lerp_mode": "catmullrom"
						},
						"0.3333": {
							"post": [5, -6, 17],
							"lerp_mode": "catmullrom"
						},
						"0.6": {
							"post": [4, -7, 18],
							"lerp_mode": "catmullrom"
						},
						"0.8": {
							"post": [4, -7, 18],
							"lerp_mode": "catmullrom"
						},
						"1.0": {
							"post": [5, -6, 18],
							"lerp_mode": "catmullrom"
						}
					}
				},
				"camera": {
					"rotation": {
						"0.0": {
							"post": [10, 0, 0],
							"lerp_mode": "catmullrom"
						}
					}
				}
			}
		},
		"put_away": {
			"loop": "hold_on_last_frame",
			"animation_length": 2,
			"bones": {
				"lefthand": {
					"rotation": {
						"0.0": [71.21693, -387.96771, -132.47171],
						"0.7333": [71.21693, -387.96771, -132.47171],
						"0.9333": {
							"pre": [102.97282, -384.52177, -197.4452],
							"post": [102.97282, -384.52177, -197.4452],
							"lerp_mode": "catmullrom"
						},
						"1.3": {
							"post": [33.00697, -395.20797, -133.2965],
							"lerp_mode": "catmullrom"
						},
						"1.7": {
							"post": [126.04737, -397.1625, -270.6319],
							"lerp_mode": "catmullrom"
						}
					},
					"position": {
						"0.0": [9.5, -12, 7],
						"0.7333": [9.5, -12, 7],
						"0.9333": {
							"pre": [10.5, -2.5, 3],
							"post": [10.5, -2.5, 3],
							"lerp_mode": "catmullrom"
						},
						"1.3": {
							"post": [6.5, -11, -11],
							"lerp_mode": "catmullrom"
						}
					},
					"scale": {
						"0.7333": {
							"pre": [1, 1, 1],
							"post": [1, 1, 1],
							"lerp_mode": "catmullrom"
						},
						"1.1333": {
							"post": [1, 1.5, 1],
							"lerp_mode": "catmullrom"
						}
					}
				},
				"righthand": {
					"rotation": {
						"0.0": [91.39739, -0.68571, -158.07129],
						"0.2": {
							"pre": [78.18001, -15.39353, -163.35534],
							"post": [78.18001, -15.39353, -163.35534],
							"lerp_mode": "catmullrom"
						},
						"0.5333": {
							"post": [62.60317, 11.27759, -217.53608],
							"lerp_mode": "catmullrom"
						},
						"0.8": {
							"post": [26.07452, 11.78048, -225.17355],
							"lerp_mode": "catmullrom"
						}
					},
					"position": {
						"0.0": [-9.37758, -7.62657, 17.71197],
						"0.2": {
							"pre": [-13.67373, -8.22384, 13.06545],
							"post": [-13.67373, -8.22384, 13.06545],
							"lerp_mode": "catmullrom"
						},
						"0.5333": {
							"post": [-7.52766, -11.0975, 7.70444],
							"lerp_mode": "catmullrom"
						},
						"0.8": {
							"post": [-7.44011, -11.19431, 7.69584],
							"lerp_mode": "catmullrom"
						}
					}
				},
				"root": {
					"rotation": {
						"0.0": {
							"post": [0, 0, 0],
							"lerp_mode": "catmullrom"
						},
						"0.7": {
							"post": [-17.5, -20, 0],
							"lerp_mode": "catmullrom"
						},
						"1.4": {
							"post": [-38.66566, -14.90584, 14.7994],
							"lerp_mode": "catmullrom"
						},
						"2.0": {
							"post": [-31.33816, 5.52686, -10.66454],
							"lerp_mode": "catmullrom"
						}
					},
					"position": {
						"0.0": {
							"post": [0, 0, 0],
							"lerp_mode": "catmullrom"
						},
						"0.7": {
							"post": [0, 2, 7],
							"lerp_mode": "catmullrom"
						},
						"1.4": {
							"post": [-8, -14, 12],
							"lerp_mode": "catmullrom"
						},
						"2.0": {
							"post": [-17, -31, 15],
							"lerp_mode": "catmullrom"
						}
					}
				},
				"sect9": {
					"rotation": {
						"0.4333": {
							"pre": [0, 0, 0],
							"post": [0, 0, 0],
							"lerp_mode": "catmullrom"
						},
						"0.7333": {
							"post": [0, 0, 10],
							"lerp_mode": "catmullrom"
						},
						"0.9": {
							"post": [0, 0, 22.5],
							"lerp_mode": "catmullrom"
						},
						"1.0667": {
							"post": [0, 0, 0],
							"lerp_mode": "catmullrom"
						}
					}
				},
				"sect10": {
					"rotation": {
						"0.4333": {
							"pre": [0, 0, 0],
							"post": [0, 0, 0],
							"lerp_mode": "catmullrom"
						},
						"0.7333": {
							"post": [0, 0, 7.5],
							"lerp_mode": "catmullrom"
						},
						"0.9": {
							"post": [0, 0, 12.5],
							"lerp_mode": "catmullrom"
						},
						"1.0667": {
							"post": [0, 0, 0],
							"lerp_mode": "catmullrom"
						}
					}
				},
				"sect11": {
					"rotation": {
						"0.4333": {
							"pre": [0, 0, 0],
							"post": [0, 0, 0],
							"lerp_mode": "catmullrom"
						},
						"0.7333": {
							"post": [0, 0, 7.5],
							"lerp_mode": "catmullrom"
						},
						"0.9": {
							"post": [0, 0, -40],
							"lerp_mode": "catmullrom"
						},
						"1.0667": {
							"post": [0, 0, 0],
							"lerp_mode": "catmullrom"
						}
					}
				},
				"sect12": {
					"rotation": {
						"0.4333": {
							"pre": [0, 0, 0],
							"post": [0, 0, 0],
							"lerp_mode": "catmullrom"
						},
						"0.7333": {
							"post": [0, 0, -10],
							"lerp_mode": "catmullrom"
						},
						"0.9": {
							"post": [0, 0, 0],
							"lerp_mode": "catmullrom"
						},
						"1.0667": {
							"post": [0, 0, 0],
							"lerp_mode": "catmullrom"
						}
					}
				},
				"sect13": {
					"rotation": {
						"0.4333": {
							"pre": [0, 0, 0],
							"post": [0, 0, 0],
							"lerp_mode": "catmullrom"
						},
						"0.7333": {
							"post": [0, 0, -7.5],
							"lerp_mode": "catmullrom"
						},
						"0.9": {
							"post": [0, 0, 0],
							"lerp_mode": "catmullrom"
						},
						"1.0667": {
							"post": [0, 0, 0],
							"lerp_mode": "catmullrom"
						}
					}
				},
				"sect14": {
					"rotation": {
						"0.4333": {
							"pre": [0, 0, 0],
							"post": [0, 0, 0],
							"lerp_mode": "catmullrom"
						},
						"0.7333": {
							"post": [0, 0, -2.5],
							"lerp_mode": "catmullrom"
						},
						"0.9": {
							"post": [0, 0, 0],
							"lerp_mode": "catmullrom"
						},
						"1.0667": {
							"post": [0, 0, 0],
							"lerp_mode": "catmullrom"
						}
					}
				},
				"sect16": {
					"rotation": {
						"0.4333": {
							"pre": [0, 0, 0],
							"post": [0, 0, 0],
							"lerp_mode": "catmullrom"
						},
						"0.9": {
							"post": [0, 0, -100],
							"lerp_mode": "catmullrom"
						},
						"1.0667": {
							"post": [0, 0, 0],
							"lerp_mode": "catmullrom"
						}
					}
				},
				"sect17": {
					"scale": 0
				},
				"chain": {
					"rotation": {
						"0.5": [0, 0, 67.5],
						"1.1": [0, 0, 0]
					}
				},
				"camera": {
					"rotation": {
						"0.0": {
							"post": [0, 0, 0],
							"lerp_mode": "catmullrom"
						},
						"0.3333": {
							"post": [-2.5, -2.5, 0],
							"lerp_mode": "catmullrom"
						},
						"1.6667": {
							"post": [4.98087, 7.49046, -0.43772],
							"lerp_mode": "catmullrom"
						},
						"2.0": {
							"post": [4.98, 7.49, -0.44],
							"lerp_mode": "catmullrom"
						}
					}
				},
				"feed_lever": {
					"rotation": [-57.5, 0, 0]
				},
				"BCG": {
					"position": [0, 0, 10]
				},
				"constraint": {
					"rotation": [0.2, 0.2, 0.4],
					"position": [0.1, 0.1, 0.1]
				}
			},
			"sound_effects": {
				"0.0": {
					"effect": "rfp:dshkm/rattle"
				},
				"0.2333": {
					"effect": "rfp:dshkm/box_rattle"
				},
				"0.4667": {
					"effect": "rfp:dshkm/ending"
				},
				"1.0667": {
					"effect": "rfp:dshkm/rattle3"
				},
				"1.5333": {
					"effect": "rfp:dshkm/cloth_rub"
				}
			}
		},
		"run_start": {
			"loop": "hold_on_last_frame",
			"animation_length": 1.8667,
			"bones": {
				"root": {
					"rotation": {
						"0.0": {
							"post": [0, 0, 0],
							"lerp_mode": "catmullrom"
						},
						"0.2667": {
							"post": [0.97354, -8.63698, -0.04538],
							"lerp_mode": "catmullrom"
						},
						"0.6": {
							"post": [4.54365, -13.44602, -0.16993],
							"lerp_mode": "catmullrom"
						},
						"0.9333": {
							"post": [7.5, -12.5, 0],
							"lerp_mode": "catmullrom"
						},
						"1.2": {
							"post": [4.04297, -29.69863, -2.7172],
							"lerp_mode": "catmullrom"
						},
						"1.5333": {
							"post": [9.62865, -34.78924, -3.49787],
							"lerp_mode": "catmullrom"
						},
						"1.8667": {
							"post": [9.53527, -39.71215, -4.49361],
							"lerp_mode": "catmullrom"
						}
					},
					"position": {
						"0.0": {
							"post": [0, 0, 0],
							"lerp_mode": "catmullrom"
						},
						"0.2667": {
							"post": [0.46, -1.01, 2.05],
							"lerp_mode": "catmullrom"
						},
						"0.6": {
							"post": [-3.18, -2.57, 9.34],
							"lerp_mode": "catmullrom"
						},
						"0.9333": {
							"post": [-2, -6, 13],
							"lerp_mode": "catmullrom"
						},
						"1.2": {
							"post": [2.84, -6.3, 12.87],
							"lerp_mode": "catmullrom"
						},
						"1.5333": {
							"post": [0.7, -6.14, 18.61],
							"lerp_mode": "catmullrom"
						},
						"1.8667": {
							"post": [5, -6, 18],
							"lerp_mode": "catmullrom"
						}
					}
				},
				"camera": {
					"rotation": {
						"0.0": {
							"post": [0, 0, 0],
							"lerp_mode": "catmullrom"
						},
						"0.2667": {
							"post": [2.975, 0, 0],
							"lerp_mode": "catmullrom"
						},
						"0.6": {
							"post": [3, 0, 0],
							"lerp_mode": "catmullrom"
						},
						"0.9333": {
							"post": [6.775, 0, 0],
							"lerp_mode": "catmullrom"
						},
						"1.2": {
							"post": [8, 0, 0],
							"lerp_mode": "catmullrom"
						},
						"1.5333": {
							"post": [11, 0, 0],
							"lerp_mode": "catmullrom"
						},
						"1.8667": {
							"post": [10, 0, 0],
							"lerp_mode": "catmullrom"
						}
					}
				}
			}
		},
		"run_hold": {
			"loop": true,
			"bones": {
				"root": {
					"rotation": {
						"0.0": {
							"post": [9.53527, -39.71215, -4.49361],
							"lerp_mode": "catmullrom"
						}
					},
					"position": {
						"0.0": {
							"post": [5, -6, 18],
							"lerp_mode": "catmullrom"
						}
					}
				},
				"camera": {
					"rotation": {
						"0.0": {
							"post": [10, 0, 0],
							"lerp_mode": "catmullrom"
						}
					}
				}
			}
		},
		"inspect": {
			"loop": "hold_on_last_frame",
			"animation_length": 6.9583,
			"bones": {
				"root": {
					"rotation": {
						"0.0": [0, 0, 0],
						"0.0417": [0.24, -0.27, 0.59],
						"0.0833": [1.06, -1.02, 2.47],
						"0.125": [1.05, -1.84, 3.03],
						"0.1667": [0.36, -3.2, 2.84],
						"0.2083": [-0.75, -4.69, 2.04],
						"0.25": [-4.27, -8.89, -0.89],
						"0.2917": [-6.31, -11.21, -2.65],
						"0.3333": [-8.27, -13.43, -4.34],
						"0.375": [-9.96, -15.34, -5.8],
						"0.4167": [-12.58, -18.39, -7.81],
						"0.4583": [-12.88, -18.73, -7.81],
						"0.5": [-13.01, -18.88, -7.61],
						"0.5417": [-13.25, -19.16, -7.31],
						"0.5833": [-13.34, -19.25, -6.8],
						"0.625": [-13.45, -19.37, -6.73],
						"0.6667": [-13.5, -19.42, -7.05],
						"0.7083": [-13.54, -19.47, -7.43],
						"0.75": [-13.57, -19.5, -7.79],
						"0.7917": [-13.58, -19.52, -8.07],
						"0.8333": [-13.57, -19.5, -8.04],
						"0.875": [-13.55, -19.47, -7.97],
						"0.9167": [-13.49, -19.42, -7.85],
						"0.9583": [-13.46, -19.42, -7.88],
						"1.0": [-13.45, -19.42, -7.91],
						"1.0417": [-13.44, -19.43, -7.95],
						"1.0833": [-13.41, -19.45, -8.06],
						"1.125": [-13.4, -19.46, -8.12],
						"1.1667": [-13.38, -19.47, -8.19],
						"1.2083": [-13.37, -19.49, -8.26],
						"1.25": [-13.34, -19.51, -8.41],
						"1.2917": [-13.32, -19.53, -8.49],
						"1.3333": [-13.31, -19.54, -8.56],
						"1.375": [-13.29, -19.56, -8.63],
						"1.4167": [-13.27, -19.59, -8.75],
						"1.4583": [-13.25, -19.6, -8.8],
						"1.5": [-13.24, -19.61, -8.85],
						"1.5417": [-13.23, -19.62, -8.88],
						"1.5833": [-13.2, -19.65, -8.9],
						"1.625": [-13.18, -19.68, -8.82],
						"1.6667": [-13.16, -19.69, -8.69],
						"1.7083": [-13.15, -19.71, -8.57],
						"1.75": [-13.14, -19.71, -8.47],
						"1.7917": [-13.12, -19.7, -8.46],
						"1.8333": [-13.11, -19.71, -8.52],
						"1.875": [-13.1, -19.72, -8.6],
						"1.9167": [-13.06, -19.75, -8.83],
						"1.9583": [-13.04, -19.77, -8.96],
						"2.0": [-13.02, -19.79, -9.09],
						"2.0417": [-13.01, -19.8, -9.2],
						"2.0833": [-12.99, -19.79, -9.39],
						"2.125": [-12.99, -19.78, -9.44],
						"2.1667": [-13, -19.74, -9.46],
						"2.2083": [-13.02, -19.7, -9.44],
						"2.25": [-13.09, -19.54, -9.23],
						"2.8333": {
							"pre": [-13.82, -10.72, -2.29],
							"post": [-13.82, -10.72, -2.29],
							"lerp_mode": "catmullrom"
						},
						"3.0": {
							"post": [-13.99, -7.4, -0.47],
							"lerp_mode": "catmullrom"
						},
						"3.1667": {
							"post": [-14.15, -8.44, 1.48],
							"lerp_mode": "catmullrom"
						},
						"3.5": [-14.67, -6.78, 5.74],
						"3.5417": [-16.01, -6.76, 6.47],
						"3.5833": [-15.62, -6.75, 7.32],
						"3.625": [-12.61, -6.74, 8.01],
						"3.6667": [-13.56, -6.74, 8.22],
						"3.7083": [-13.98, -6.74, 8.54],
						"3.75": [-13.73, -6.74, 8.64],
						"3.7917": [-13.54, -6.74, 8.68],
						"3.8333": [-13.43, -6.74, 8.68],
						"3.875": [-13.46, -6.74, 8.56],
						"3.9167": [-13.52, -6.74, 8.45],
						"3.9583": [-13.61, -6.74, 8.32],
						"4.0": [-13.71, -6.74, 8.18],
						"4.0417": [-13.92, -6.74, 7.9],
						"4.0833": [-14.01, -6.74, 7.77],
						"4.125": [-14.09, -6.74, 7.66],
						"4.1667": [-14.14, -6.74, 7.59],
						"4.2083": [-14.23, -6.74, 7.46],
						"4.25": [-14.28, -6.74, 7.4],
						"4.2917": [-14.33, -6.74, 7.33],
						"4.3333": [-14.37, -6.74, 7.27],
						"4.375": [-14.46, -6.74, 7.16],
						"4.4167": [-14.5, -6.74, 7.11],
						"4.4583": [-14.53, -6.74, 7.07],
						"4.5": [-14.56, -6.74, 7.03],
						"4.5417": [-14.59, -6.74, 7],
						"4.5833": [-14.62, -6.74, 6.97],
						"4.625": [-14.63, -6.74, 6.97],
						"4.6667": [-14.63, -6.74, 6.97],
						"4.7083": [-14.62, -6.74, 7],
						"4.75": [-14.61, -6.74, 7.03],
						"4.7917": [-14.6, -6.74, 7.05],
						"4.8333": [-14.59, -6.74, 7.08],
						"4.875": [-14.56, -6.74, 7.13],
						"4.9167": [-14.55, -6.74, 7.15],
						"4.9583": [-14.54, -6.74, 7.17],
						"5.0": [-14.53, -6.74, 7.18],
						"5.0417": [-14.51, -6.74, 7.16],
						"5.0833": [-14.49, -6.74, 7.11],
						"5.125": [-14.48, -6.74, 7.04],
						"5.1667": [-14.46, -6.74, 6.98],
						"5.2083": [-14.44, -6.74, 6.91],
						"5.25": [-14.43, -6.74, 6.93],
						"5.2917": [-14.4, -6.74, 7.52],
						"5.3333": [-14.4, -6.74, 7.86],
						"5.375": [-14.4, -6.74, 6.2],
						"5.4167": [-14.61, -6.74, 5.63],
						"5.4583": [-15.03, -6.74, 5.85],
						"5.5": [-15.62, -6.74, 6.42],
						"5.5417": [-16.2, -6.74, 7.02],
						"5.5833": [-16.69, -6.74, 6.53],
						"5.625": [-16.42, -6.74, 6.05],
						"5.6667": [-16.14, -6.74, 7.27],
						"5.7083": [-15.77, -6.74, 9.11],
						"5.75": [-15.24, -6.72, 9.76],
						"5.7917": [-15.08, -6.71, 8.57],
						"5.8333": [-15.13, -6.74, 7.68],
						"5.875": [-15.52, -6.86, 7.47],
						"5.9167": [-15.82, -6.94, 7.46],
						"5.9583": [-16.12, -7.02, 7.49],
						"6.0": [-16.4, -7.1, 7.56],
						"6.0417": [-16.62, -7.15, 7.66],
						"6.0833": [-17.13, -7.29, 8.47],
						"6.125": [-17.25, -7.32, 9.33],
						"6.1667": [-15.65, -6.74, 9.33],
						"6.2083": [-13.6, -6.02, 8.72],
						"6.25": [-12.22, -5.54, 8.28],
						"6.2917": [-10.67, -5.01, 7.76],
						"6.3333": [-9.01, -4.44, 7.19],
						"6.375": [-5.61, -3.26, 5.96],
						"6.4167": [-3.97, -2.68, 5.33],
						"6.4583": [-2.45, -2.14, 4.72],
						"6.5": [-1.11, -1.65, 4.15],
						"6.5417": [-0.01, -1.23, 3.62],
						"6.5833": [1.74, -0.39, 2.15],
						"6.625": [1.69, -0.14, 1.19],
						"6.6667": [1.09, -0.06, 0.34],
						"6.7083": [0.39, -0.04, -0.32],
						"6.75": [-0.06, 0.07, -0.6],
						"6.7917": [-0.03, 0.03, 0.11],
						"6.8333": [0, 0, 0.6],
						"6.875": [0, 0, 0.38],
						"6.9167": [0, 0, 0.15],
						"6.9583": [0, 0, 0]
					},
					"position": {
						"0.0": [0, 0, 0],
						"0.0417": [0.05, -0.03, -0.01],
						"0.0833": [0.21, -0.1, -0.03],
						"0.125": [0.3, -0.13, -0.05],
						"0.1667": [0.41, -0.13, -0.09],
						"0.2083": [0.5, -0.1, -0.14],
						"0.25": [0.72, 0.01, -0.26],
						"0.2917": [0.83, 0.07, -0.33],
						"0.3333": [0.94, 0.13, -0.4],
						"0.375": [1.03, 0.18, -0.46],
						"0.4167": [1.18, 0.16, -0.54],
						"0.4583": [1.18, 0.03, -0.53],
						"0.5": [1.19, -0.08, -0.53],
						"0.5417": [1.19, -0.23, -0.52],
						"0.5833": [1.2, -0.36, -0.51],
						"0.625": [1.2, -0.42, -0.5],
						"0.6667": [1.2, -0.41, -0.5],
						"0.7083": [1.21, -0.38, -0.5],
						"0.75": [1.21, -0.3, -0.5],
						"0.7917": [1.21, -0.26, -0.5],
						"0.8333": [1.22, -0.21, -0.5],
						"0.875": [1.22, -0.18, -0.5],
						"0.9167": [1.22, -0.14, -0.5],
						"0.9583": [1.22, -0.09, -0.5],
						"1.0": [1.22, -0.1, -0.5],
						"1.0417": [1.22, -0.1, -0.5],
						"1.0833": [1.22, -0.11, -0.5],
						"1.125": [1.22, -0.11, -0.5],
						"1.1667": [1.22, -0.12, -0.5],
						"1.2083": [1.22, -0.12, -0.5],
						"1.25": [1.23, -0.12, -0.5],
						"1.2917": [1.23, -0.12, -0.5],
						"1.3333": [1.23, -0.11, -0.5],
						"1.375": [1.23, -0.1, -0.5],
						"1.4167": [1.22, -0.01, -0.5],
						"1.4583": [1.22, 0.05, -0.5],
						"1.5": [1.22, 0.11, -0.5],
						"1.5417": [1.22, 0.17, -0.5],
						"1.5833": [1.21, 0.22, -0.5],
						"1.625": [1.21, 0.26, -0.5],
						"1.6667": [1.2, 0.26, -0.5],
						"1.7083": [1.2, 0.26, -0.5],
						"1.75": [1.19, 0.23, -0.5],
						"1.7917": [1.19, 0.22, -0.5],
						"1.8333": [1.19, 0.21, -0.5],
						"1.875": [1.18, 0.2, -0.5],
						"1.9167": [1.18, 0.2, -0.5],
						"1.9583": [1.18, 0.2, -0.5],
						"2.0": [1.17, 0.21, -0.51],
						"2.0417": [1.17, 0.21, -0.51],
						"2.0833": [1.17, 0.22, -0.52],
						"2.125": [1.17, 0.22, -0.52],
						"2.1667": [1.16, 0.23, -0.52],
						"2.2083": [1.16, 0.24, -0.52],
						"2.25": [1.16, 0.27, -0.52],
						"2.5": [1.27, -0.2, 0.98],
						"2.875": {
							"pre": [1.46, -1.03, 1.48],
							"post": [1.46, -1.03, 1.48],
							"lerp_mode": "catmullrom"
						},
						"3.75": [1.46, -1.43, 1.48],
						"3.7917": [1.46, -1.41, 1.48],
						"3.8333": [1.46, -1.41, 1.48],
						"3.875": [1.46, -1.4, 1.48],
						"3.9167": [1.46, -1.4, 1.48],
						"3.9583": [1.46, -1.4, 1.48],
						"4.0": [1.46, -1.4, 1.48],
						"4.0417": [1.46, -1.4, 1.47],
						"4.0833": [1.46, -1.39, 1.47],
						"4.125": [1.45, -1.39, 1.47],
						"4.1667": [1.45, -1.39, 1.46],
						"4.2083": [1.45, -1.39, 1.46],
						"4.25": [1.44, -1.39, 1.45],
						"4.2917": [1.44, -1.39, 1.45],
						"4.3333": [1.44, -1.39, 1.44],
						"4.375": [1.43, -1.39, 1.44],
						"4.4167": [1.43, -1.39, 1.43],
						"4.4583": [1.42, -1.39, 1.43],
						"4.5": [1.42, -1.39, 1.42],
						"4.5417": [1.42, -1.39, 1.42],
						"4.5833": [1.42, -1.39, 1.41],
						"4.625": [1.41, -1.39, 1.41],
						"4.6667": [1.41, -1.38, 1.41],
						"4.7083": [1.41, -1.38, 1.4],
						"4.75": [1.4, -1.38, 1.4],
						"4.7917": [1.4, -1.38, 1.39],
						"4.8333": [1.4, -1.37, 1.39],
						"4.875": [1.39, -1.37, 1.38],
						"4.9167": [1.39, -1.37, 1.38],
						"4.9583": [1.39, -1.37, 1.37],
						"5.0": [1.39, -1.36, 1.37],
						"5.0417": [1.38, -1.36, 1.36],
						"5.0833": [1.38, -1.36, 1.36],
						"5.125": [1.38, -1.35, 1.35],
						"5.1667": [1.37, -1.35, 1.35],
						"5.2083": [1.37, -1.35, 1.34],
						"5.25": [1.37, -1.35, 1.34],
						"5.2917": [1.36, -1.35, 1.34],
						"5.3333": [1.36, -1.34, 1.34],
						"5.375": [1.36, -1.34, 1.33],
						"5.4167": [1.36, -1.34, 1.33],
						"5.4583": [1.36, -1.33, 1.32],
						"5.5": [1.35, -1.33, 1.32],
						"5.5417": [1.35, -1.33, 1.31],
						"5.5833": [1.35, -1.32, 1.31],
						"5.625": [1.35, -1.32, 1.31],
						"5.6667": [1.35, -1.32, 1.31],
						"5.7083": [1.35, -1.32, 1.3],
						"5.75": [1.35, -1.31, 1.3],
						"5.7917": [1.35, -1.31, 1.3],
						"5.8333": [1.34, -1.31, 1.3],
						"5.875": [1.35, -1.3, 1.3],
						"5.9167": [1.35, -1.3, 1.3],
						"5.9583": [1.36, -1.29, 1.3],
						"6.0": [1.37, -1.29, 1.3],
						"6.0417": [1.38, -1.28, 1.3],
						"6.5417": [0.21, -0.66, -0.59],
						"6.5833": [0.09, -0.62, -0.18],
						"6.625": [0, -0.55, 0.08],
						"6.6667": [-0.04, -0.41, 0.15],
						"6.7083": [-0.02, -0.1, -0.03],
						"6.75": [0, 0, -0.1],
						"6.7917": [0, 0.05, -0.08],
						"6.8333": [0, 0.04, -0.02],
						"6.875": [0, 0.02, 0.02],
						"6.9167": [0, 0.01, 0.01],
						"6.9583": [0, 0, 0]
					}
				},
				"lefthand": {
					"rotation": {
						"0.0": [71.21693, -387.96771, -132.47171],
						"3.1667": [71.21693, -387.96771, -132.47171],
						"3.2917": [101.91625, -391.28529, -190.53668],
						"3.5": [160.45585, -364.77633, -251.10247],
						"3.5833": [160.45585, -364.77633, -251.10247],
						"3.7917": [138.99596, -398.17665, -221.47966],
						"4.0": [135.05697, -398.2261, -209.89886],
						"5.3333": [135.05697, -398.2261, -209.89886],
						"5.4583": [138.99596, -398.17665, -221.47966],
						"5.6667": [160.45585, -364.77633, -251.10247],
						"5.75": [160.45585, -364.77633, -251.10247],
						"5.875": [101.91625, -391.28529, -190.53668],
						"6.0833": [71.21693, -387.96771, -132.47171]
					},
					"position": {
						"0.0": [9.5, -12, 7],
						"3.1667": [9.5, -12, 7],
						"3.2917": [15.5, -7, 11],
						"3.5": [7.5, -2, 6],
						"3.5833": [7.5, -2, 6],
						"3.7917": [7.5, 1, 5.5],
						"3.875": [8.1, 1.56, 3.06],
						"4.0": [8.5, 2.4, 1.9],
						"5.3333": [8.5, 2.4, 1.9],
						"5.4167": [8.1, 1.56, 3.06],
						"5.4583": [7.5, 1, 5.5],
						"5.6667": [7.5, -2, 6],
						"5.75": [7.5, -2, 6],
						"5.875": [15.5, -7, 11],
						"6.0833": [9.5, -12, 7]
					},
					"scale": {
						"3.5": [1, 1.5, 1],
						"3.5833": [1, 1.5, 1],
						"5.6667": [1, 1.5, 1],
						"5.75": [1, 1.5, 1]
					}
				},
				"righthand": {
					"rotation": {
						"0.0": [91.39739, -0.68571, -158.07129],
						"2.125": [91.39739, -0.68571, -158.07129],
						"2.375": [55.50508, 24.95396, -206.57232],
						"2.7083": [54.45911, 12.8848, -214.78219],
						"6.2083": [54.45911, 12.8848, -214.78219],
						"6.5417": [55.50508, 24.95396, -206.57232],
						"6.7917": [91.39739, -0.68571, -158.07129]
					},
					"position": {
						"0.0": [-9.37758, -7.62657, 17.71197],
						"2.125": [-9.37758, -7.62657, 17.71197],
						"2.375": [-11.56088, -8.90557, 9.57811],
						"2.7083": [-8.55065, -10.05609, 2.77701],
						"6.2083": [-8.55065, -10.05609, 2.77701],
						"6.5417": [-11.56088, -8.90557, 9.57811],
						"6.7917": [-9.37758, -7.62657, 17.71197]
					},
					"scale": {
						"2.125": [1, 1, 1],
						"2.7083": [1, 1.5, 1],
						"6.2083": [1, 1.5, 1],
						"6.7917": [1, 1, 1]
					}
				},
				"top_cover": {
					"rotation": {
						"3.5833": {
							"pre": [0, 0, 0],
							"post": [0, 0, 0],
							"lerp_mode": "catmullrom"
						},
						"3.9583": [-50, 0, 0],
						"5.3333": [-50, 0, 0],
						"5.4583": [-24.45, 0, 0],
						"5.625": {
							"pre": [0, 0, 0],
							"post": [0, 0, 0],
							"lerp_mode": "catmullrom"
						}
					}
				},
				"bent_arm": {
					"rotation": [-5, 0, 0]
				},
				"camera": {
					"rotation": {
						"0.0": [0, 0, 0],
						"0.0417": [0.011, 0.011, -0.044],
						"0.0833": [0.011, 0.022, -0.132],
						"0.125": [0.033, 0.055, -0.22],
						"0.1667": [0.077, 0.143, -0.363],
						"0.2083": [0.176, 0.286, -0.572],
						"0.25": [0.341, 0.572, -0.935],
						"0.2917": [0.451, 0.759, -1.177],
						"0.3333": [0.572, 0.957, -1.441],
						"0.375": [0.704, 1.177, -1.716],
						"0.4167": [0.968, 1.617, -2.255],
						"0.4583": [1.089, 1.815, -2.508],
						"0.5": [1.21, 2.002, -2.717],
						"0.5417": [1.32, 2.156, -2.893],
						"0.5833": [1.65, 2.453, -3.025],
						"0.625": [1.826, 2.431, -2.717],
						"0.6667": [1.991, 2.387, -2.585],
						"0.7083": [2.189, 2.365, -2.893],
						"0.75": [2.387, 2.31, -3.377],
						"0.7917": [2.662, 2.255, -3.685],
						"0.8333": [2.772, 2.244, -3.542],
						"0.875": [2.827, 2.233, -3.388],
						"0.9167": [2.75, 2.288, -3.377],
						"0.9583": [2.695, 2.31, -3.421],
						"1.0": [2.629, 2.343, -3.487],
						"1.0417": [2.552, 2.376, -3.564],
						"1.0833": [2.365, 2.453, -3.74],
						"1.125": [2.266, 2.486, -3.828],
						"1.1667": [2.167, 2.53, -3.916],
						"1.2083": [2.068, 2.574, -3.993],
						"1.25": [1.881, 2.651, -4.103],
						"1.2917": [1.793, 2.684, -4.125],
						"1.3333": [1.705, 2.717, -4.125],
						"1.375": [1.617, 2.761, -4.114],
						"1.4167": [1.419, 2.838, -4.037],
						"1.4583": [1.32, 2.882, -3.982],
						"1.5": [1.221, 2.926, -3.927],
						"1.5417": [1.122, 2.959, -3.861],
						"1.5833": [0.968, 3.036, -3.751],
						"1.625": [0.902, 3.058, -3.696],
						"1.6667": [0.847, 3.091, -3.663],
						"1.7083": [0.814, 3.102, -3.63],
						"1.75": [0.781, 3.124, -3.63],
						"1.7917": [0.77, 3.135, -3.641],
						"1.8333": [0.77, 3.146, -3.652],
						"1.875": [0.781, 3.157, -3.674],
						"1.9167": [0.792, 3.157, -3.729],
						"1.9583": [0.814, 3.168, -3.751],
						"2.0": [0.836, 3.168, -3.773],
						"2.0417": [0.858, 3.168, -3.795],
						"2.0833": [0.924, 3.157, -3.817],
						"2.125": [0.957, 3.146, -3.817],
						"2.1667": [1.001, 3.135, -3.806],
						"2.2083": [1.045, 3.124, -3.795],
						"2.25": [1.089, 3.113, -3.762],
						"3.5": [7.447, 2.783, 5.06],
						"3.5417": [7.205, 2.739, 4.906],
						"3.5833": [6.864, 2.695, 4.631],
						"3.625": [6.49, 2.64, 4.334],
						"3.6667": [6.193, 2.585, 4.169],
						"3.7083": [5.632, 2.486, 4.367],
						"3.75": [5.533, 2.431, 4.466],
						"3.7917": [5.577, 2.387, 4.433],
						"3.8333": [5.698, 2.321, 4.345],
						"3.875": [6.028, 2.211, 4.191],
						"3.9167": [6.138, 2.167, 4.202],
						"3.9583": [6.215, 2.134, 4.367],
						"4.0": [6.259, 2.112, 4.664],
						"4.0417": [6.281, 2.09, 4.928],
						"4.0833": [6.281, 2.024, 4.961],
						"4.125": [6.259, 1.991, 4.796],
						"4.1667": [6.237, 1.958, 4.587],
						"4.2083": [6.171, 1.881, 4.147],
						"4.25": [6.138, 1.837, 3.993],
						"4.2917": [6.105, 1.804, 3.872],
						"4.3333": [6.072, 1.76, 3.762],
						"4.375": [6.006, 1.683, 3.608],
						"4.4167": [5.984, 1.639, 3.542],
						"4.4583": [5.962, 1.595, 3.476],
						"4.5": [5.951, 1.573, 3.454],
						"4.5417": [5.984, 1.518, 3.399],
						"4.5833": [6.006, 1.496, 3.377],
						"4.625": [6.039, 1.463, 3.366],
						"4.6667": [6.061, 1.43, 3.344],
						"4.7083": [6.105, 1.375, 3.311],
						"4.75": [6.116, 1.353, 3.3],
						"4.7917": [6.105, 1.331, 3.289],
						"4.8333": [6.083, 1.309, 3.278],
						"4.875": [5.973, 1.298, 3.267],
						"4.9167": [5.885, 1.298, 3.267],
						"4.9583": [5.676, 1.309, 3.267],
						"5.0": [5.39, 1.342, 3.267],
						"5.0417": [4.686, 1.441, 3.289],
						"5.0833": [4.29, 1.507, 3.311],
						"5.125": [3.905, 1.562, 3.344],
						"5.1667": [3.553, 1.617, 3.366],
						"5.2083": [3.245, 1.672, 3.41],
						"5.25": [2.574, 1.771, 3.696],
						"5.2917": [2.376, 1.804, 3.993],
						"5.3333": [2.255, 1.804, 4.136],
						"5.375": [2.123, 1.683, 3.663],
						"5.4167": [2.145, 1.573, 3.487],
						"5.4583": [2.222, 1.43, 3.718],
						"5.5": [2.354, 1.254, 4.092],
						"5.5417": [2.651, 0.869, 2.86],
						"5.5833": [2.827, 0.66, 1.243],
						"5.625": [2.959, 0.462, 0.429],
						"5.6667": [3.08, 0.264, 1.309],
						"5.7083": [3.157, 0.066, 2.97],
						"5.75": [2.915, -0.077, 3.443],
						"5.7917": [2.585, -0.044, 2.255],
						"5.8333": [2.244, 0.011, 1.408],
						"5.875": [1.562, 0.11, 1.914],
						"5.9167": [1.199, 0.187, 1.991],
						"5.9583": [0.99, 0.231, 1.716],
						"6.0": [0.737, 0.275, 1.298],
						"6.0417": [0.275, 0.374, 0.253],
						"6.0833": [0.132, 0.429, -0.231],
						"6.125": [0.11, 0.484, -0.605],
						"6.1667": [0.198, 0.528, -0.825],
						"6.2083": [0.638, 0.66, -1.21],
						"6.25": [0.913, 0.726, -1.375],
						"6.2917": [1.188, 0.781, -1.496],
						"6.3333": [1.441, 0.814, -1.573],
						"6.375": [1.617, 0.836, -1.606],
						"6.4167": [1.661, 0.781, -1.463],
						"6.4583": [1.518, 0.693, -1.221],
						"6.5": [1.32, 0.583, -0.902],
						"6.5417": [0.825, 0.319, -0.231],
						"6.5833": [0.616, 0.209, 0.033],
						"6.625": [0.462, 0.132, 0.198],
						"6.6667": [0.275, 0.033, 0.198],
						"6.7083": [0.198, 0, -0.044],
						"6.75": [0.099, -0.022, -0.143],
						"6.7917": [0.077, -0.022, -0.011],
						"6.8333": [0.066, -0.011, 0.088],
						"6.875": [0.022, 0, 0.033],
						"6.9167": [0, 0, 0]
					}
				}
			},
			"sound_effects": {
				"0.0": {
					"effect": "rfp:dshkm/cloth_rub2"
				},
				"2.2917": {
					"effect": "rfp:dshkm/cloth_rub"
				},
				"3.5": {
					"effect": "rfp:dshkm/open_cover"
				},
				"5.2917": {
					"effect": "rfp:dshkm/close_cover"
				},
				"6.125": {
					"effect": "rfp:dshkm/rattle6"
				}
			}
		},
		"inspect_empty": {
			"loop": "hold_on_last_frame",
			"animation_length": 5.4583,
			"bones": {
				"root": {
					"rotation": {
						"0.0": [0, 0, 0],
						"0.0417": [0.24, -0.27, 0.59],
						"0.0833": [1.06, -1.02, 2.47],
						"0.125": [1.05, -1.84, 3.03],
						"0.1667": [0.36, -3.2, 2.84],
						"0.2083": [-0.75, -4.69, 2.04],
						"0.25": [-4.27, -8.89, -0.89],
						"0.2917": [-6.31, -11.21, -2.65],
						"0.3333": [-8.27, -13.43, -4.34],
						"0.375": [-9.96, -15.34, -5.8],
						"0.4167": [-12.58, -18.39, -7.81],
						"0.4583": [-12.88, -18.73, -7.81],
						"0.5": [-13.01, -18.88, -7.61],
						"0.5417": [-13.25, -19.16, -7.31],
						"0.5833": [-13.34, -19.25, -6.8],
						"0.625": [-13.45, -19.37, -6.73],
						"0.6667": [-13.5, -19.42, -7.05],
						"0.7083": [-13.54, -19.47, -7.43],
						"0.75": [-13.57, -19.5, -7.79],
						"0.7917": [-13.58, -19.52, -8.07],
						"0.8333": [-13.57, -19.5, -8.04],
						"0.875": [-13.55, -19.47, -7.97],
						"0.9167": [-13.49, -19.42, -7.85],
						"0.9583": [-13.46, -19.42, -7.88],
						"1.0": [-13.45, -19.42, -7.91],
						"1.0417": [-13.44, -19.43, -7.95],
						"1.0833": [-13.41, -19.45, -8.06],
						"1.125": [-13.4, -19.46, -8.12],
						"1.1667": [-13.38, -19.47, -8.19],
						"1.2083": [-13.37, -19.49, -8.26],
						"1.25": [-13.34, -19.51, -8.41],
						"1.2917": [-13.32, -19.53, -8.49],
						"1.3333": [-13.31, -19.54, -8.56],
						"1.375": [-13.29, -19.56, -8.63],
						"1.4167": [-13.27, -19.59, -8.75],
						"1.4583": [-13.25, -19.6, -8.8],
						"1.5": [-13.24, -19.61, -8.85],
						"1.5417": [-13.23, -19.62, -8.88],
						"1.5833": [-13.2, -19.65, -8.9],
						"1.625": [-13.18, -19.68, -8.82],
						"1.6667": [-13.16, -19.69, -8.69],
						"1.7083": [-13.15, -19.71, -8.57],
						"1.75": [-13.14, -19.71, -8.47],
						"1.7917": [-13.12, -19.7, -8.46],
						"1.8333": [-13.11, -19.71, -8.52],
						"1.875": [-13.1, -19.72, -8.6],
						"1.9167": [-13.06, -19.75, -8.83],
						"1.9583": [-13.04, -19.77, -8.96],
						"2.0": [-13.02, -19.79, -9.09],
						"2.0417": [-13.01, -19.8, -9.2],
						"2.0833": [-12.99, -19.79, -9.39],
						"2.125": [-12.99, -19.78, -9.44],
						"2.1667": [-13, -19.74, -9.46],
						"2.2083": [-13.02, -19.7, -9.44],
						"2.25": [-13.09, -19.54, -9.23],
						"2.2917": [-13.14, -19.43, -9.03],
						"2.3333": [-13.29, -19.19, -8.67],
						"2.375": [-13.43, -19, -8.51],
						"2.4167": [-13.93, -18.2, -7.03],
						"2.4583": [-14.42, -17.27, -4.82],
						"3.1667": {
							"pre": [0.02462, 0.00685, 39.99745],
							"post": [0.02462, 0.00685, 39.99745],
							"lerp_mode": "catmullrom"
						},
						"3.25": {
							"post": [-4.97237, 0.00768, 44.8951],
							"lerp_mode": "catmullrom"
						},
						"3.375": {
							"post": [-4.97237, 0.00768, 44.8951],
							"lerp_mode": "catmullrom"
						},
						"3.5417": {
							"post": [0.02462, 8.90685, 39.99745],
							"lerp_mode": "catmullrom"
						},
						"3.7083": {
							"post": [0.02462, 15.90685, 39.99745],
							"lerp_mode": "catmullrom"
						},
						"3.8333": {
							"post": [2.73685, 22.82633, 58.81119],
							"lerp_mode": "catmullrom"
						},
						"4.625": {
							"post": [3.06, 24.8, 63.94],
							"lerp_mode": "catmullrom"
						},
						"4.7083": {
							"post": [3.07, 19.86, 58.36],
							"lerp_mode": "catmullrom"
						},
						"4.8333": {
							"post": [3.07, 21.22, 62.96],
							"lerp_mode": "catmullrom"
						},
						"5.0833": {
							"post": [2.74, 22.83, 58.81],
							"lerp_mode": "catmullrom"
						},
						"5.4583": {
							"post": [0, 0, 0],
							"lerp_mode": "catmullrom"
						}
					},
					"position": {
						"0.0": [0, 0, 0],
						"0.0417": [0.05, -0.03, -0.01],
						"0.0833": [0.21, -0.1, -0.03],
						"0.125": [0.3, -0.13, -0.05],
						"0.1667": [0.41, -0.13, -0.09],
						"0.2083": [0.5, -0.1, -0.14],
						"0.25": [0.72, 0.01, -0.26],
						"0.2917": [0.83, 0.07, -0.33],
						"0.3333": [0.94, 0.13, -0.4],
						"0.375": [1.03, 0.18, -0.46],
						"0.4167": [1.18, 0.16, -0.54],
						"0.4583": [1.18, 0.03, -0.53],
						"0.5": [1.19, -0.08, -0.53],
						"0.5417": [1.19, -0.23, -0.52],
						"0.5833": [1.2, -0.36, -0.51],
						"0.625": [1.2, -0.42, -0.5],
						"0.6667": [1.2, -0.41, -0.5],
						"0.7083": [1.21, -0.38, -0.5],
						"0.75": [1.21, -0.3, -0.5],
						"0.7917": [1.21, -0.26, -0.5],
						"0.8333": [1.22, -0.21, -0.5],
						"0.875": [1.22, -0.18, -0.5],
						"0.9167": [1.22, -0.14, -0.5],
						"0.9583": [1.22, -0.09, -0.5],
						"1.0": [1.22, -0.1, -0.5],
						"1.0417": [1.22, -0.1, -0.5],
						"1.0833": [1.22, -0.11, -0.5],
						"1.125": [1.22, -0.11, -0.5],
						"1.1667": [1.22, -0.12, -0.5],
						"1.2083": [1.22, -0.12, -0.5],
						"1.25": [1.23, -0.12, -0.5],
						"1.2917": [1.23, -0.12, -0.5],
						"1.3333": [1.23, -0.11, -0.5],
						"1.375": [1.23, -0.1, -0.5],
						"1.4167": [1.22, -0.01, -0.5],
						"1.4583": [1.22, 0.05, -0.5],
						"1.5": [1.22, 0.11, -0.5],
						"1.5417": [1.22, 0.17, -0.5],
						"1.5833": [1.21, 0.22, -0.5],
						"1.625": [1.21, 0.26, -0.5],
						"1.6667": [1.2, 0.26, -0.5],
						"1.7083": [1.2, 0.26, -0.5],
						"1.75": [1.19, 0.23, -0.5],
						"1.7917": [1.19, 0.22, -0.5],
						"1.8333": [1.19, 0.21, -0.5],
						"1.875": [1.18, 0.2, -0.5],
						"1.9167": [1.18, 0.2, -0.5],
						"1.9583": [1.18, 0.2, -0.5],
						"2.0": [1.17, 0.21, -0.51],
						"2.0417": [1.17, 0.21, -0.51],
						"2.0833": [1.17, 0.22, -0.52],
						"2.125": [1.17, 0.22, -0.52],
						"2.1667": [1.16, 0.23, -0.52],
						"2.2083": [1.16, 0.24, -0.52],
						"2.25": [1.16, 0.27, -0.52],
						"2.2917": [1.16, 0.28, -0.52],
						"2.3333": [1.16, 0.3, -0.51],
						"2.375": [1.16, 0.33, -0.5],
						"2.4167": [1.18, 0.47, -0.42],
						"2.4583": [1.19, 0.56, -0.36],
						"2.875": {
							"pre": [-0.55, 1.01, -0.02],
							"post": [-0.55, 1.01, -0.02],
							"lerp_mode": "catmullrom"
						},
						"3.1667": {
							"post": [-0.98, 0.02, -0.03],
							"lerp_mode": "catmullrom"
						},
						"3.25": {
							"post": [-1.07, -0.03, 0.97],
							"lerp_mode": "catmullrom"
						},
						"3.375": {
							"post": [-1.07, -0.03, 0.97],
							"lerp_mode": "catmullrom"
						},
						"3.5417": {
							"post": [-0.98, 0.02, 0.77],
							"lerp_mode": "catmullrom"
						},
						"3.7083": {
							"post": [-0.98, 0.42, 0.57],
							"lerp_mode": "catmullrom"
						},
						"3.8333": {
							"post": [-0.91, 1.14, 0.75],
							"lerp_mode": "catmullrom"
						},
						"4.625": {
							"post": [-0.97, 1.25, 0.81],
							"lerp_mode": "catmullrom"
						},
						"4.7083": {
							"post": [-0.98, 1.06, 0.42],
							"lerp_mode": "catmullrom"
						},
						"4.8333": {
							"post": [-0.99, 1.31, 0.82],
							"lerp_mode": "catmullrom"
						},
						"5.0833": {
							"post": [-0.91, 1.14, 0.75],
							"lerp_mode": "catmullrom"
						},
						"5.4583": {
							"post": [0, 0, 0],
							"lerp_mode": "catmullrom"
						}
					}
				},
				"lefthand": {
					"rotation": {
						"0.0": [71.21693, -387.96771, -132.47171],
						"4.125": [71.21693, -387.96771, -132.47171]
					},
					"position": {
						"0.0": [9.5, -12, 7],
						"4.125": [9.5, -12, 7]
					},
					"scale": 1
				},
				"righthand": {
					"rotation": {
						"0.0": [91.39739, -0.68571, -158.07129],
						"2.7917": [91.39739, -0.68571, -158.07129],
						"2.875": [91.33392, 0.80985, -215.55224],
						"3.0833": [90.32491, 1.47478, -261.29837],
						"3.25": [53.07496, 38.72412, -249.03747],
						"3.5": [53.07496, 38.72412, -249.03747],
						"3.7083": [90.32491, 1.47478, -261.29837],
						"3.9167": [90.32491, 1.47478, -261.29837],
						"4.0417": [90.32491, 1.47478, -261.29837],
						"4.25": [91.33392, 0.80985, -215.55224],
						"4.4167": [91.39739, -0.68571, -158.07129],
						"5.4583": [91.39739, -0.68571, -158.07129]
					},
					"position": {
						"0.0": [-9.37758, -7.62657, 17.71197],
						"2.7917": [-9.37758, -7.62657, 17.71197],
						"2.875": [-12.2635, -8.58139, 17.68587],
						"2.9583": [-9.55975, -12.47737, 19.01122],
						"3.0833": [-6.38124, -12.98816, 19.67426],
						"3.25": [-6.76911, -12.76853, 26.84443],
						"3.5": [-6.76911, -12.76853, 26.84443],
						"3.7083": [-6.38124, -12.98816, 19.67426],
						"3.9167": [-6.38124, -12.98816, 19.67426],
						"4.0417": [-6.38124, -12.98816, 19.67426],
						"4.1667": [-9.55975, -12.47737, 19.01122],
						"4.25": [-12.2635, -8.58139, 17.68587],
						"4.4167": [-9.37758, -7.62657, 17.71197],
						"5.4583": [-9.37758, -7.62657, 17.71197]
					},
					"scale": {
						"3.5833": [1, 1, 1],
						"3.9167": [1, 1.5, 1],
						"4.4167": [1, 1, 1]
					}
				},
				"bent_arm": {
					"rotation": [10, 0, 0]
				},
				"bullet_chaintest": {
					"scale": 0
				},
				"camera": {
					"rotation": {
						"0.0": [0, 0, 0],
						"0.0417": [0.011, 0.011, -0.044],
						"0.0833": [0.011, 0.022, -0.132],
						"0.125": [0.033, 0.055, -0.22],
						"0.1667": [0.077, 0.143, -0.363],
						"0.2083": [0.176, 0.286, -0.572],
						"0.25": [0.341, 0.572, -0.935],
						"0.2917": [0.451, 0.759, -1.177],
						"0.3333": [0.572, 0.957, -1.441],
						"0.375": [0.704, 1.177, -1.716],
						"0.4167": [0.968, 1.617, -2.255],
						"0.4583": [1.089, 1.815, -2.508],
						"0.5": [1.21, 2.002, -2.717],
						"0.5417": [1.32, 2.156, -2.893],
						"0.5833": [1.65, 2.453, -3.025],
						"0.625": [1.826, 2.431, -2.717],
						"0.6667": [1.991, 2.387, -2.585],
						"0.7083": [2.189, 2.365, -2.893],
						"0.75": [2.387, 2.31, -3.377],
						"0.7917": [2.662, 2.255, -3.685],
						"0.8333": [2.772, 2.244, -3.542],
						"0.875": [2.827, 2.233, -3.388],
						"0.9167": [2.75, 2.288, -3.377],
						"0.9583": [2.695, 2.31, -3.421],
						"1.0": [2.629, 2.343, -3.487],
						"1.0417": [2.552, 2.376, -3.564],
						"1.0833": [2.365, 2.453, -3.74],
						"1.125": [2.266, 2.486, -3.828],
						"1.1667": [2.167, 2.53, -3.916],
						"1.2083": [2.068, 2.574, -3.993],
						"1.25": [1.881, 2.651, -4.103],
						"1.2917": [1.793, 2.684, -4.125],
						"1.3333": [1.705, 2.717, -4.125],
						"1.375": [1.617, 2.761, -4.114],
						"1.4167": [1.419, 2.838, -4.037],
						"1.4583": [1.32, 2.882, -3.982],
						"1.5": [1.221, 2.926, -3.927],
						"1.5417": [1.122, 2.959, -3.861],
						"1.5833": [0.968, 3.036, -3.751],
						"1.625": [0.902, 3.058, -3.696],
						"1.6667": [0.847, 3.091, -3.663],
						"1.7083": [0.814, 3.102, -3.63],
						"1.75": [0.781, 3.124, -3.63],
						"1.7917": [0.77, 3.135, -3.641],
						"1.8333": [0.77, 3.146, -3.652],
						"1.875": [0.781, 3.157, -3.674],
						"1.9167": [0.792, 3.157, -3.729],
						"1.9583": [0.814, 3.168, -3.751],
						"2.0": [0.836, 3.168, -3.773],
						"2.0417": [0.858, 3.168, -3.795],
						"2.0833": [0.924, 3.157, -3.817],
						"2.125": [0.957, 3.146, -3.817],
						"2.1667": [1.001, 3.135, -3.806],
						"2.2083": [1.045, 3.124, -3.795],
						"2.25": [1.089, 3.113, -3.762],
						"2.2917": [1.265, 3.036, -3.586],
						"2.3333": [1.386, 2.948, -3.454],
						"2.375": [1.529, 2.849, -3.278],
						"2.4167": [1.925, 2.64, -2.75],
						"2.4583": [2.222, 2.541, -2.343],
						"2.5": [2.585, 2.464, -1.815],
						"2.5417": [2.959, 2.42, -1.232],
						"2.5833": [3.883, 2.343, 0.363],
						"2.9583": {
							"pre": [16.85, 5.58, -2.06],
							"post": [16.85, 5.58, -2.06],
							"lerp_mode": "catmullrom"
						},
						"3.1667": {
							"post": [18.74, 4.94, -2.07],
							"lerp_mode": "catmullrom"
						},
						"3.375": {
							"post": [23.15, 4.22, -1.95],
							"lerp_mode": "catmullrom"
						},
						"3.5417": {
							"post": [19.72, 2.08, -1.43],
							"lerp_mode": "catmullrom"
						},
						"3.8333": {
							"post": [20.67, -0.68, -0.83],
							"lerp_mode": "catmullrom"
						},
						"4.125": {
							"post": [17.3, 0, 0],
							"lerp_mode": "catmullrom"
						},
						"5.0833": {
							"post": [17.3, 0, 0],
							"lerp_mode": "catmullrom"
						},
						"5.4583": {
							"post": [0, 0, 0],
							"lerp_mode": "catmullrom"
						}
					}
				},
				"feed_lever": {
					"rotation": {
						"0.0": [0, 0, 0],
						"3.1667": [0, 0, 0],
						"3.25": [-57.5, 0, 0],
						"4.625": [-57.5, 0, 0],
						"4.6667": [0, 0, 0]
					}
				},
				"BCG": {
					"position": {
						"0.0": [0, 0, 0],
						"3.0833": [0, 0, 0],
						"3.25": [0, 0, 10],
						"4.125": [0, 0, 10],
						"4.625": [0, 0, 10],
						"4.7083": [0, 0, 0]
					}
				},
				"constraint": {
					"rotation": {
						"0.0": [0.2, 0.2, 0.4],
						"4.125": [0.2, 0.2, 0.4]
					},
					"position": {
						"0.0": [0.1, 0.1, 0.1],
						"4.125": [0.1, 0.1, 0.1]
					}
				},
				"bulletchain": {
					"scale": 0
				},
				"slide_handle": {
					"position": {
						"3.0833": [0, 0, 0],
						"3.25": [0, 0, 10],
						"3.5": [0, 0, 10],
						"3.7083": [0, 0, 0]
					}
				}
			},
			"sound_effects": {
				"0.0": {
					"effect": "rfp:dshkm/cloth_rub2"
				},
				"2.4167": {
					"effect": "rfp:dshkm/rattle1"
				},
				"3.0833": {
					"effect": "rfp:dshkm/charging"
				},
				"4.125": {
					"effect": "rfp:dshkm/cloth_rub"
				},
				"4.625": {
					"effect": "rfp:dshkm/dry_fire"
				}
			}
		},
		"run_end": {
			"loop": "hold_on_last_frame",
			"animation_length": 1,
			"bones": {
				"root": {
					"rotation": {
						"0.0": {
							"post": [9.53527, -39.71215, -4.49361],
							"lerp_mode": "catmullrom"
						},
						"0.1": {
							"post": [9.53527, -39.71215, -4.49361],
							"lerp_mode": "catmullrom"
						},
						"0.6": {
							"post": [0, 0, 0],
							"lerp_mode": "catmullrom"
						},
						"1.0": {
							"post": [0, 0, 0],
							"lerp_mode": "catmullrom"
						}
					},
					"position": {
						"0.0": {
							"post": [5, -6, 18],
							"lerp_mode": "catmullrom"
						},
						"0.1": {
							"post": [5, -6, 18],
							"lerp_mode": "catmullrom"
						},
						"0.6": {
							"post": [0, 0, 0],
							"lerp_mode": "catmullrom"
						},
						"1.0": {
							"post": [0, 0, 0],
							"lerp_mode": "catmullrom"
						}
					}
				},
				"camera": {
					"rotation": {
						"0.0": {
							"post": [10, 0, 0],
							"lerp_mode": "catmullrom"
						},
						"0.2": {
							"post": [11, 0, 0],
							"lerp_mode": "catmullrom"
						},
						"0.4": {
							"post": [7.775, 0, 0],
							"lerp_mode": "catmullrom"
						},
						"0.6": {
							"post": [3, 0, 0],
							"lerp_mode": "catmullrom"
						},
						"0.8": {
							"post": [2.975, 0, 0],
							"lerp_mode": "catmullrom"
						},
						"1.0": {
							"post": [0, 0, 0],
							"lerp_mode": "catmullrom"
						}
					}
				}
			}
		},
		"static_ammo_display": {
			"animation_length": 4.5,
			"bones": {
				"8": {
					"scale": {
						"0.0": [1, 1, 1],
						"0.5": {
							"pre": [1, 1, 1],
							"post": [0, 0, 0]
						}
					}
				},
				"9": {
					"scale": {
						"0.0": [1, 1, 1],
						"1.0": {
							"pre": [1, 1, 1],
							"post": [0, 0, 0]
						}
					}
				},
				"10": {
					"scale": {
						"0.0": [1, 1, 1],
						"1.5": {
							"pre": [1, 1, 1],
							"post": [0, 0, 0]
						}
					}
				},
				"11": {
					"scale": {
						"0.0": [1, 1, 1],
						"2.0": {
							"pre": [1, 1, 1],
							"post": [0, 0, 0]
						}
					}
				},
				"12": {
					"scale": {
						"0.0": [1, 1, 1],
						"2.5": {
							"pre": [1, 1, 1],
							"post": [0, 0, 0]
						}
					}
				},
				"13": {
					"scale": {
						"0.0": [1, 1, 1],
						"3.0": {
							"pre": [1, 1, 1],
							"post": [0, 0, 0]
						}
					}
				},
				"14": {
					"scale": {
						"0.0": [1, 1, 1],
						"3.5": {
							"pre": [1, 1, 1],
							"post": [0, 0, 0]
						}
					}
				},
				"15": {
					"scale": {
						"0.0": [1, 1, 1],
						"4.0": {
							"pre": [1, 1, 1],
							"post": [0, 0, 0]
						}
					}
				},
				"lefthand": {
					"rotation": [71.21693, -387.96771, -132.47171],
					"position": [9.5, -12, 7]
				},
				"righthand": {
					"rotation": [91.39739, -0.68571, -158.07129],
					"position": [-9.37758, -7.62657, 17.71197]
				},
				"constraint": {
					"rotation": [0.2, 0.2, 0.4],
					"position": [0.1, 0.1, 0.1]
				},
				"bullet_chain_2": {
					"scale": 0
				},
				"belt_1": {
					"scale": {
						"0.0": [1, 1, 1],
						"0.5": {
							"pre": [1, 1, 1],
							"post": [0, 0, 0]
						}
					}
				},
				"belt_2": {
					"scale": {
						"0.0": [1, 1, 1],
						"1.0": {
							"pre": [1, 1, 1],
							"post": [0, 0, 0]
						}
					}
				},
				"belt_3": {
					"scale": {
						"0.0": [1, 1, 1],
						"1.5": {
							"pre": [1, 1, 1],
							"post": [0, 0, 0]
						}
					}
				},
				"belt_4": {
					"scale": {
						"0.0": [1, 1, 1],
						"2.0": {
							"pre": [1, 1, 1],
							"post": [0, 0, 0]
						}
					}
				},
				"belt_5": {
					"scale": {
						"0.0": [1, 1, 1],
						"2.5": {
							"pre": [1, 1, 1],
							"post": [0, 0, 0]
						}
					}
				},
				"belt_6": {
					"scale": {
						"0.0": [1, 1, 1],
						"3.0": {
							"pre": [1, 1, 1],
							"post": [0, 0, 0]
						}
					}
				},
				"belt_7": {
					"scale": {
						"0.0": [1, 1, 1],
						"3.5": {
							"pre": [1, 1, 1],
							"post": [0, 0, 0]
						}
					}
				},
				"sect1": {
					"scale": {
						"0.0": [1, 1, 1],
						"4.0": {
							"pre": [1, 1, 1],
							"post": [0, 0, 0]
						}
					}
				},
				"sect2": {
					"scale": {
						"0.0": [1, 1, 1],
						"3.5": {
							"pre": [1, 1, 1],
							"post": [0, 0, 0]
						}
					}
				},
				"sect3": {
					"scale": {
						"0.0": [1, 1, 1],
						"3.0": {
							"pre": [1, 1, 1],
							"post": [0, 0, 0]
						}
					}
				},
				"sect4": {
					"scale": {
						"0.0": [1, 1, 1],
						"2.5": {
							"pre": [1, 1, 1],
							"post": [0, 0, 0]
						}
					}
				},
				"sect5": {
					"scale": {
						"0.0": [1, 1, 1],
						"2.0": {
							"pre": [1, 1, 1],
							"post": [0, 0, 0]
						}
					}
				},
				"sect6": {
					"scale": {
						"0.0": [1, 1, 1],
						"1.5": {
							"pre": [1, 1, 1],
							"post": [0, 0, 0]
						}
					}
				},
				"sect7": {
					"scale": {
						"0.0": [1, 1, 1],
						"1.0": {
							"pre": [1, 1, 1],
							"post": [0, 0, 0]
						}
					}
				},
				"sect8": {
					"scale": {
						"0.0": [1, 1, 1],
						"0.5": {
							"pre": [1, 1, 1],
							"post": [0, 0, 0]
						}
					}
				},
				"feed_lever": {
					"rotation": [-57.5, 0, 0]
				}
			}
		},
		"slide_idle": {
			"loop": true,
			"animation_length": 0.9333,
			"bones": {
				"mag3": {
					"position": [-6, -23, 6]
				},
				"Bipod": {
					"rotation": [-82.5, 0, 0]
				},
				"leftpod": {
					"rotation": [0, 22.5, 22.5]
				},
				"rightpod": {
					"rotation": [0, -22.5, -22.5]
				},
				"root": {
					"rotation": {
						"0.0": {
							"post": [0, 0, 0.01],
							"lerp_mode": "catmullrom"
						}
					},
					"position": {
						"0.0": {
							"post": [4, -1, 0],
							"lerp_mode": "catmullrom"
						}
					}
				},
				"lefthand": {
					"rotation": [21.1, 23.31, -65.09],
					"position": [0, 4.4, 11],
					"scale": 1
				},
				"constraint": {
					"rotation": [0.01, 0.01, 0.01],
					"position": [0.01, 0.01, 0.01]
				},
				"camera": {
					"rotation": {
						"0.0": {
							"post": [0, 0, 0],
							"lerp_mode": "catmullrom"
						}
					}
				}
			}
		},
		"slide": {
			"loop": "hold_on_last_frame",
			"animation_length": 0.75,
			"bones": {
				"mag3": {
					"position": [-6, -23, 6]
				},
				"Bipod": {
					"rotation": {
						"0.1333": [0, 0, 0],
						"0.2333": [-82.5, 0, 0],
						"0.75": [-82.5, 0, 0]
					}
				},
				"leftpod": {
					"rotation": {
						"0.1333": [0, 0, 0],
						"0.2333": [0, 22.5, 22.5],
						"0.75": [0, 22.5, 22.5]
					}
				},
				"rightpod": {
					"rotation": {
						"0.1333": [0, 0, 0],
						"0.2333": [0, -22.5, -22.5],
						"0.75": [0, -22.5, -22.5]
					}
				},
				"root": {
					"relative_to": {
						"rotation": "entity"
					},
					"rotation": {
						"0.0": {
							"post": [0, 0, 0.01],
							"lerp_mode": "catmullrom"
						},
						"0.1": {
							"post": [-4.89132, -2.49677, -2.49241],
							"lerp_mode": "catmullrom"
						},
						"0.1667": {
							"post": [-4.89132, -2.49677, -2.49241],
							"lerp_mode": "catmullrom"
						},
						"0.3167": {
							"post": [2.5, -0.00044, 0.00999],
							"lerp_mode": "catmullrom"
						},
						"0.45": {
							"post": [-2.5, 0.00044, 0.00999],
							"lerp_mode": "catmullrom"
						},
						"0.55": {
							"post": [0, 0, 0.01],
							"lerp_mode": "catmullrom"
						},
						"0.6167": {
							"post": [1.19, 0, 0.01],
							"lerp_mode": "catmullrom"
						},
						"0.75": {
							"post": [0, 0, 0.01],
							"lerp_mode": "catmullrom"
						}
					},
					"position": {
						"0.0": {
							"post": [0, 0, 0],
							"lerp_mode": "catmullrom"
						},
						"0.1": {
							"post": [0.5, 0, 4],
							"lerp_mode": "catmullrom"
						},
						"0.1667": {
							"post": [1.5, 0, 4],
							"lerp_mode": "catmullrom"
						},
						"0.3667": {
							"post": [4, -1, -1],
							"lerp_mode": "catmullrom"
						},
						"0.45": {
							"post": [4, -2, -2.3],
							"lerp_mode": "catmullrom"
						},
						"0.55": {
							"post": [4, -1, 0],
							"lerp_mode": "catmullrom"
						},
						"0.75": {
							"post": [4, -1, 0],
							"lerp_mode": "catmullrom"
						}
					}
				},
				"lefthand": {
					"rotation": {
						"0.0": [0, 0, 0],
						"0.3833": [21.09659, 23.30606, -65.09174],
						"0.75": [21.1, 23.31, -65.09]
					},
					"position": {
						"0.0": [0, 0, 0],
						"0.1667": [5, 1.47, 3.67],
						"0.3833": [0, 4.4, 11],
						"0.75": [0, 4.4, 11]
					}
				},
				"constraint": {
					"rotation": {
						"0.0": [0.01, 0.01, 0.01],
						"0.75": [0.01, 0.01, 0.01]
					},
					"position": {
						"0.0": [0.01, 0.01, 0.01],
						"0.75": [0.01, 0.01, 0.01]
					}
				}
			}
		},
		"slide_back": {
			"loop": "hold_on_last_frame",
			"animation_length": 0.85,
			"bones": {
				"mag3": {
					"position": [-6, -23, 6]
				},
				"Bipod": {
					"rotation": {
						"0.0": [-82.5, 0, 0],
						"0.15": [-95, 0, 0],
						"0.2": [-82.5, 0, 0],
						"0.3": [0, 0, 0]
					}
				},
				"leftpod": {
					"rotation": {
						"0.0": [0, 22.5, 22.5],
						"0.2": [0, 22.5, 22.5],
						"0.3": [0, 0, 0]
					}
				},
				"rightpod": {
					"rotation": {
						"0.0": [0, -22.5, -22.5],
						"0.2": [0, -22.5, -22.5],
						"0.3": [0, 0, 0]
					}
				},
				"root": {
					"rotation": {
						"0.0": {
							"post": [1, 0, 0],
							"lerp_mode": "catmullrom"
						},
						"0.15": {
							"post": [4.23772, -2.3071, -2.20462],
							"lerp_mode": "catmullrom"
						},
						"0.4": {
							"post": [-0.64024, -7.28576, -2.68205],
							"lerp_mode": "catmullrom"
						},
						"0.85": {
							"post": [0, 0, 0],
							"lerp_mode": "catmullrom"
						}
					},
					"position": {
						"0.0": {
							"post": [4, -1, 0],
							"lerp_mode": "catmullrom"
						},
						"0.15": {
							"post": [0, 0.2, 0],
							"lerp_mode": "catmullrom"
						},
						"0.2": {
							"post": [-0.53, 0.39, 0.48],
							"lerp_mode": "catmullrom"
						},
						"0.25": {
							"post": [-0.56, 0.44, 1.05],
							"lerp_mode": "catmullrom"
						},
						"0.3": {
							"post": [-0.6, 0.91, 1.7],
							"lerp_mode": "catmullrom"
						},
						"0.35": {
							"post": [-0.68, 1.55, 2.33],
							"lerp_mode": "catmullrom"
						},
						"0.45": {
							"post": [0, 0.2, 3.7],
							"lerp_mode": "catmullrom"
						},
						"0.55": {
							"post": [0.05, -0.36, 2.95],
							"lerp_mode": "catmullrom"
						},
						"0.85": {
							"post": [0, 0, 0],
							"lerp_mode": "catmullrom"
						}
					}
				},
				"constraint": {
					"rotation": {
						"0.0": [0.01, 0.01, 0.01],
						"0.15": [0.001, 0.001, 0.001]
					},
					"position": [0.01, 0.01, 0.01]
				},
				"camera": {
					"rotation": {
						"0.0": {
							"post": [0, 0, 0],
							"lerp_mode": "catmullrom"
						}
					}
				},
				"lefthand": {
					"rotation": {
						"0.0": [21.09659, 23.30606, -65.09174],
						"0.15": [6.50686, 20.18413, -5.50217],
						"0.25": [0, 0, 0]
					},
					"position": {
						"0.0": [0, 4.4, 11],
						"0.15": [5, 1.47, 3.67],
						"0.25": [0, 0, 0]
					}
				}
			}
		}
	}
}