{
	"format_version": "1.12.0",
	"minecraft:geometry": [
		{
			"description": {
				"identifier": "geometry.unknown",
				"texture_width": 64,
				"texture_height": 64,
				"visible_bounds_width": 4,
				"visible_bounds_height": 2.5,
				"visible_bounds_offset": [0, 0.75, 0]
			},
			"bones": [
				{
					"name": "m1905",
					"pivot": [0.01563, 0, 0]
				},
				{
					"name": "dt",
					"parent": "m1905",
					"pivot": [3.4375, -3.625, -5.625]
				},
				{
					"name": "bone46",
					"parent": "dt",
					"pivot": [0, -1.2, -0.75],
					"cubes": [
						{
							"origin": [-0.29783, -1.03342, 0.0047],
							"size": [0.64849, 0.64033, 0.31159],
							"inflate": 0.0026,
							"pivot": [0.02641, -0.71325, 0.1605],
							"rotation": [0, 0, 90],
							"uv": {
								"north": {"uv": [20, 23], "uv_size": [0.75, 0.75]},
								"east": {"uv": [5, 29], "uv_size": [0.25, 0.75]},
								"south": {"uv": [21, 23], "uv_size": [0.75, 0.75]},
								"west": {"uv": [6, 29], "uv_size": [0.25, 0.75]},
								"up": {"uv": [29, 6], "uv_size": [0.75, 0.25]},
								"down": {"uv": [7, 29.25], "uv_size": [0.75, -0.25]}
							}
						},
						{
							"origin": [-0.04435, -1.52721, 0.0047],
							"size": [0.58599, 0.51533, 0.31159],
							"inflate": 0.0025,
							"pivot": [0.24865, -1.1758, 0.1605],
							"rotation": [0, 0, 50],
							"uv": {
								"north": {"uv": [28, 23], "uv_size": [0.5, 0.5]},
								"east": {"uv": [31, 14], "uv_size": [0.25, 0.5]},
								"south": {"uv": [24, 28], "uv_size": [0.5, 0.5]},
								"west": {"uv": [15, 31], "uv_size": [0.25, 0.5]},
								"up": {"uv": [31, 15], "uv_size": [0.5, 0.25]},
								"down": {"uv": [16, 31.25], "uv_size": [0.5, -0.25]}
							}
						},
						{
							"origin": [0.29834, -1.69253, 0.0047],
							"size": [0.27349, 0.39033, 0.31159],
							"inflate": 0.0022,
							"pivot": [0.43509, -1.46612, 0.1605],
							"rotation": [0, 0, 76.5],
							"uv": {
								"north": {"uv": [2, 32], "uv_size": [0.25, 0.5]},
								"east": {"uv": [32, 2], "uv_size": [0.25, 0.5]},
								"south": {"uv": [3, 32], "uv_size": [0.25, 0.5]},
								"west": {"uv": [32, 3], "uv_size": [0.25, 0.5]},
								"up": {"uv": [35, 1], "uv_size": [0.25, 0.25]},
								"down": {"uv": [2, 35.25], "uv_size": [0.25, -0.25]}
							}
						},
						{
							"origin": [0.29834, -2.3853, 0.0047],
							"size": [0.27349, 0.39033, 0.31159],
							"inflate": 0.002,
							"pivot": [0.43509, -2.22138, 0.1605],
							"rotation": [0, 0, -76.5],
							"uv": {
								"north": {"uv": [4, 32], "uv_size": [0.25, 0.5]},
								"east": {"uv": [32, 4], "uv_size": [0.25, 0.5]},
								"south": {"uv": [5, 32], "uv_size": [0.25, 0.5]},
								"west": {"uv": [32, 5], "uv_size": [0.25, 0.5]},
								"up": {"uv": [35, 2], "uv_size": [0.25, 0.25]},
								"down": {"uv": [3, 35.25], "uv_size": [0.25, -0.25]}
							}
						},
						{
							"origin": [-0.57183, -1.69253, 0.0047],
							"size": [0.27349, 0.39033, 0.31159],
							"inflate": 0.0023,
							"pivot": [-0.43509, -1.46612, 0.1605],
							"rotation": [0, 0, -76.5],
							"uv": {
								"north": {"uv": [8, 32], "uv_size": [0.25, 0.5]},
								"east": {"uv": [32, 8], "uv_size": [0.25, 0.5]},
								"south": {"uv": [9, 32], "uv_size": [0.25, 0.5]},
								"west": {"uv": [32, 9], "uv_size": [0.25, 0.5]},
								"up": {"uv": [35, 4], "uv_size": [0.25, 0.25]},
								"down": {"uv": [5, 35.25], "uv_size": [0.25, -0.25]}
							}
						},
						{
							"origin": [-0.57183, -2.3853, 0.0047],
							"size": [0.27349, 0.39033, 0.31159],
							"inflate": 0.0017,
							"pivot": [-0.43509, -2.22138, 0.1605],
							"rotation": [0, 0, 76.5],
							"uv": {
								"north": {"uv": [6, 32], "uv_size": [0.25, 0.5]},
								"east": {"uv": [32, 6], "uv_size": [0.25, 0.5]},
								"south": {"uv": [7, 32], "uv_size": [0.25, 0.5]},
								"west": {"uv": [32, 7], "uv_size": [0.25, 0.5]},
								"up": {"uv": [35, 3], "uv_size": [0.25, 0.25]},
								"down": {"uv": [4, 35.25], "uv_size": [0.25, -0.25]}
							}
						},
						{
							"origin": [-0.04435, -2.67562, 0.0047],
							"size": [0.58599, 0.57783, 0.31159],
							"inflate": 0.001,
							"pivot": [0.24865, -2.5117, 0.1605],
							"rotation": [0, 0, -50],
							"uv": {
								"north": {"uv": [28, 24], "uv_size": [0.5, 0.5]},
								"east": {"uv": [31, 17], "uv_size": [0.25, 0.5]},
								"south": {"uv": [25, 28], "uv_size": [0.5, 0.5]},
								"west": {"uv": [18, 31], "uv_size": [0.25, 0.5]},
								"up": {"uv": [31, 18], "uv_size": [0.5, 0.25]},
								"down": {"uv": [19, 31.25], "uv_size": [0.5, -0.25]}
							}
						},
						{
							"origin": [-0.54164, -1.58971, 0.0047],
							"size": [0.58599, 0.57783, 0.31159],
							"inflate": 0.0024,
							"pivot": [-0.24865, -1.1758, 0.1605],
							"rotation": [0, 0, -50],
							"uv": {
								"north": {"uv": [28, 26], "uv_size": [0.5, 0.5]},
								"east": {"uv": [31, 21], "uv_size": [0.25, 0.5]},
								"south": {"uv": [27, 28], "uv_size": [0.5, 0.5]},
								"west": {"uv": [22, 31], "uv_size": [0.25, 0.5]},
								"up": {"uv": [31, 22], "uv_size": [0.5, 0.25]},
								"down": {"uv": [23, 31.25], "uv_size": [0.5, -0.25]}
							}
						},
						{
							"origin": [-0.54164, -2.67562, 0.0047],
							"size": [0.58599, 0.51533, 0.31159],
							"inflate": 0.0015,
							"pivot": [-0.24865, -2.5117, 0.1605],
							"rotation": [0, 0, 50],
							"uv": {
								"north": {"uv": [28, 25], "uv_size": [0.5, 0.5]},
								"east": {"uv": [31, 19], "uv_size": [0.25, 0.5]},
								"south": {"uv": [26, 28], "uv_size": [0.5, 0.5]},
								"west": {"uv": [20, 31], "uv_size": [0.25, 0.5]},
								"up": {"uv": [31, 20], "uv_size": [0.5, 0.25]},
								"down": {"uv": [21, 31.25], "uv_size": [0.5, -0.25]}
							}
						},
						{
							"origin": [-0.32877, -2.51867, 0.0047],
							"size": [0.56586, 1.25279, 0.31159],
							"inflate": 0.003,
							"pivot": [0.00135, -1.89093, 0.1605],
							"rotation": [0, 0, 90],
							"uv": {
								"north": {"uv": [1, 23], "uv_size": [0.5, 1.25]},
								"east": {"uv": [20, 26], "uv_size": [0.25, 1.25]},
								"south": {"uv": [23, 2], "uv_size": [0.5, 1.25]},
								"west": {"uv": [22, 26], "uv_size": [0.25, 1.25]},
								"up": {"uv": [31, 16], "uv_size": [0.5, 0.25]},
								"down": {"uv": [17, 31.25], "uv_size": [0.5, -0.25]}
							}
						},
						{
							"origin": [-0.17387, -3.0938, 0.0047],
							"size": [0.34773, 0.5001, 0.31159],
							"inflate": 0.003,
							"pivot": [0, -2.84375, 0.1605],
							"rotation": [0, 0, 90],
							"uv": {
								"north": {"uv": [31, 23], "uv_size": [0.25, 0.5]},
								"east": {"uv": [24, 31], "uv_size": [0.25, 0.5]},
								"south": {"uv": [31, 24], "uv_size": [0.25, 0.5]},
								"west": {"uv": [25, 31], "uv_size": [0.25, 0.5]},
								"up": {"uv": [33, 34], "uv_size": [0.25, 0.25]},
								"down": {"uv": [34, 33.25], "uv_size": [0.25, -0.25]}
							}
						},
						{
							"origin": [-0.11137, -3.35921, -0.00771],
							"size": [0.22273, 0.5001, 0.31159],
							"inflate": 0.0025,
							"pivot": [0, -3.10917, 0.14809],
							"rotation": [0, 7, 90],
							"uv": {
								"north": {"uv": [31, 25], "uv_size": [0.25, 0.5]},
								"east": {"uv": [26, 31], "uv_size": [0.25, 0.5]},
								"south": {"uv": [31, 26], "uv_size": [0.25, 0.5]},
								"west": {"uv": [27, 31], "uv_size": [0.25, 0.5]},
								"up": {"uv": [34, 34], "uv_size": [0.25, 0.25]},
								"down": {"uv": [0, 35.25], "uv_size": [0.25, -0.25]}
							}
						},
						{
							"origin": [-0.26762, -3.71838, -0.02012],
							"size": [0.53523, 0.5001, 0.12409],
							"inflate": 0.0024,
							"pivot": [0, -3.46833, 0.04193],
							"rotation": [0, 0, 90],
							"uv": {
								"north": {"uv": [28, 27], "uv_size": [0.5, 0.5]},
								"east": {"uv": [31, 27], "uv_size": [0.25, 0.5]},
								"south": {"uv": [28, 28], "uv_size": [0.5, 0.5]},
								"west": {"uv": [28, 31], "uv_size": [0.25, 0.5]},
								"up": {"uv": [31, 28], "uv_size": [0.5, 0.25]},
								"down": {"uv": [29, 31.25], "uv_size": [0.5, -0.25]}
							}
						},
						{
							"origin": [-0.26762, -3.71838, 0.04238],
							"size": [0.22273, 0.5001, 0.12409],
							"inflate": 0.0022,
							"pivot": [0, -3.46833, 0.10443],
							"rotation": [0, 0, 90],
							"uv": {
								"north": {"uv": [0, 32], "uv_size": [0.25, 0.5]},
								"east": {"uv": [32, 0], "uv_size": [0.25, 0.5]},
								"south": {"uv": [1, 32], "uv_size": [0.25, 0.5]},
								"west": {"uv": [32, 1], "uv_size": [0.25, 0.5]},
								"up": {"uv": [35, 0], "uv_size": [0.25, 0.25]},
								"down": {"uv": [1, 35.25], "uv_size": [0.25, -0.25]}
							}
						},
						{
							"origin": [-0.26759, -3.71359, 0.07766],
							"size": [0.53523, 0.5001, 0.12409],
							"inflate": 0.0023,
							"pivot": [0.00003, -3.46354, 0.1397],
							"rotation": [0, 20.52608, 90.00565],
							"uv": {
								"north": {"uv": [0, 29], "uv_size": [0.5, 0.5]},
								"east": {"uv": [31, 29], "uv_size": [0.25, 0.5]},
								"south": {"uv": [29, 0], "uv_size": [0.5, 0.5]},
								"west": {"uv": [30, 31], "uv_size": [0.25, 0.5]},
								"up": {"uv": [31, 30], "uv_size": [0.5, 0.25]},
								"down": {"uv": [31, 31.25], "uv_size": [0.5, -0.25]}
							}
						}
					]
				},
				{
					"name": "bone44",
					"parent": "dt",
					"pivot": [0.01908, -0.02258, 0.12925],
					"cubes": [
						{
							"origin": [-0.18372, 0.34728, 0.0057],
							"size": [0.40559, 0.11859, 0.30959],
							"inflate": 0.003,
							"uv": {
								"north": {"uv": [31, 0], "uv_size": [0.5, 0.25]},
								"east": {"uv": [26, 34], "uv_size": [0.25, 0.25]},
								"south": {"uv": [1, 31], "uv_size": [0.5, 0.25]},
								"west": {"uv": [34, 26], "uv_size": [0.25, 0.25]},
								"up": {"uv": [31, 1], "uv_size": [0.5, 0.25]},
								"down": {"uv": [2, 31.25], "uv_size": [0.5, -0.25]}
							}
						},
						{
							"origin": [-1.57665, 0.97856, 0.0057],
							"size": [0.40559, 0.11859, 0.30959],
							"inflate": 0.0029,
							"pivot": [-1.43942, -1.38908, 21.57],
							"rotation": [0, 0, 45],
							"uv": {
								"north": {"uv": [31, 2], "uv_size": [0.5, 0.25]},
								"east": {"uv": [27, 34], "uv_size": [0.25, 0.25]},
								"south": {"uv": [3, 31], "uv_size": [0.5, 0.25]},
								"west": {"uv": [34, 27], "uv_size": [0.25, 0.25]},
								"up": {"uv": [31, 3], "uv_size": [0.5, 0.25]},
								"down": {"uv": [4, 31.25], "uv_size": [0.5, -0.25]}
							}
						},
						{
							"origin": [1.20921, 0.97856, 0.0057],
							"size": [0.40559, 0.11859, 0.30959],
							"inflate": 0.0029,
							"pivot": [1.47757, -1.38908, 21.57],
							"rotation": [0, 0, -45],
							"uv": {
								"north": {"uv": [31, 4], "uv_size": [0.5, 0.25]},
								"east": {"uv": [28, 34], "uv_size": [0.25, 0.25]},
								"south": {"uv": [5, 31], "uv_size": [0.5, 0.25]},
								"west": {"uv": [34, 28], "uv_size": [0.25, 0.25]},
								"up": {"uv": [31, 5], "uv_size": [0.5, 0.25]},
								"down": {"uv": [6, 31.25], "uv_size": [0.5, -0.25]}
							}
						},
						{
							"origin": [-2.40834, 2.32891, 0.0057],
							"size": [0.40559, 0.11859, 0.30959],
							"inflate": 0.0028,
							"pivot": [-2.08404, -0.1448, 21.57],
							"rotation": [0, 0, 90],
							"uv": {
								"north": {"uv": [31, 6], "uv_size": [0.5, 0.25]},
								"east": {"uv": [29, 34], "uv_size": [0.25, 0.25]},
								"south": {"uv": [7, 31], "uv_size": [0.5, 0.25]},
								"west": {"uv": [34, 29], "uv_size": [0.25, 0.25]},
								"up": {"uv": [31, 7], "uv_size": [0.5, 0.25]},
								"down": {"uv": [8, 31.25], "uv_size": [0.5, -0.25]}
							}
						},
						{
							"origin": [-1.63526, -1.21438, 0.0057],
							"size": [0.40559, 0.11859, 0.30959],
							"inflate": 0.0027,
							"pivot": [-1.55397, 1.37792, 21.57],
							"rotation": [0, 0, -45],
							"uv": {
								"north": {"uv": [31, 8], "uv_size": [0.5, 0.25]},
								"east": {"uv": [30, 34], "uv_size": [0.25, 0.25]},
								"south": {"uv": [9, 31], "uv_size": [0.5, 0.25]},
								"west": {"uv": [34, 30], "uv_size": [0.25, 0.25]},
								"up": {"uv": [31, 9], "uv_size": [0.5, 0.25]},
								"down": {"uv": [10, 31.25], "uv_size": [0.5, -0.25]}
							}
						},
						{
							"origin": [2.0409, 2.32891, 0.0057],
							"size": [0.40559, 0.11859, 0.30959],
							"inflate": 0.0028,
							"pivot": [2.1222, -0.1448, 21.57],
							"rotation": [0, 0, -90],
							"uv": {
								"north": {"uv": [31, 10], "uv_size": [0.5, 0.25]},
								"east": {"uv": [31, 34], "uv_size": [0.25, 0.25]},
								"south": {"uv": [11, 31], "uv_size": [0.5, 0.25]},
								"west": {"uv": [34, 31], "uv_size": [0.25, 0.25]},
								"up": {"uv": [31, 11], "uv_size": [0.5, 0.25]},
								"down": {"uv": [12, 31.25], "uv_size": [0.5, -0.25]}
							}
						},
						{
							"origin": [1.26782, -1.21438, 0.0057],
							"size": [0.40559, 0.11859, 0.30959],
							"inflate": 0.0027,
							"pivot": [1.59212, 1.37792, 21.57],
							"rotation": [0, 0, 45],
							"uv": {
								"north": {"uv": [31, 12], "uv_size": [0.5, 0.25]},
								"east": {"uv": [32, 34], "uv_size": [0.25, 0.25]},
								"south": {"uv": [13, 31], "uv_size": [0.5, 0.25]},
								"west": {"uv": [34, 32], "uv_size": [0.25, 0.25]},
								"up": {"uv": [31, 13], "uv_size": [0.5, 0.25]},
								"down": {"uv": [14, 31.25], "uv_size": [0.5, -0.25]}
							}
						}
					]
				},
				{
					"name": "bone43",
					"parent": "m1905",
					"pivot": [-0.275, -1.3125, 2.1625],
					"cubes": [
						{
							"origin": [-0.05, -1.7, 4.825],
							"size": [0.1125, 0.0875, 0.9],
							"inflate": 0.002,
							"pivot": [-0.0875, -1.375, 1.6875],
							"rotation": [0, 0, -90],
							"uv": {
								"north": {"uv": [33, 19], "uv_size": [0.25, 0.25]},
								"east": {"uv": [28, 8], "uv_size": [1, 0.25]},
								"south": {"uv": [20, 33], "uv_size": [0.25, 0.25]},
								"west": {"uv": [28, 9], "uv_size": [1, 0.25]},
								"up": {"uv": [28, 10], "uv_size": [0.25, 1]},
								"down": {"uv": [28, 12], "uv_size": [0.25, -1]}
							}
						},
						{
							"origin": [-0.0625, -1.7, 4.825],
							"size": [0.1125, 0.0875, 0.9],
							"inflate": 0.002,
							"pivot": [0.0875, -1.375, 1.6875],
							"rotation": [0, 0, 90],
							"uv": {
								"north": {"uv": [33, 20], "uv_size": [0.25, 0.25]},
								"east": {"uv": [16, 28], "uv_size": [1, 0.25]},
								"south": {"uv": [21, 33], "uv_size": [0.25, 0.25]},
								"west": {"uv": [17, 28], "uv_size": [1, 0.25]},
								"up": {"uv": [28, 17], "uv_size": [0.25, 1]},
								"down": {"uv": [28, 19], "uv_size": [0.25, -1]}
							}
						},
						{
							"origin": [-0.0625, -1.7875, 4.175],
							"size": [0.175, 0.65, 0.65],
							"inflate": 0.003,
							"pivot": [0.0875, -1.375, 0.7875],
							"rotation": [0, 0, 90],
							"uv": {
								"north": {"uv": [29, 13], "uv_size": [0.25, 0.75]},
								"east": {"uv": [23, 22], "uv_size": [0.75, 0.75]},
								"south": {"uv": [29, 14], "uv_size": [0.25, 0.75]},
								"west": {"uv": [23, 23], "uv_size": [0.75, 0.75]},
								"up": {"uv": [29, 15], "uv_size": [0.25, 0.75]},
								"down": {"uv": [16, 29.75], "uv_size": [0.25, -0.75]}
							}
						},
						{
							"origin": [-0.025, -1.575, 4.825],
							"size": [0.175, 0.0875, 0.9],
							"inflate": 0.003,
							"pivot": [0, -1.25, 1.475],
							"rotation": [0, 0, 90],
							"uv": {
								"north": {"uv": [33, 21], "uv_size": [0.25, 0.25]},
								"east": {"uv": [19, 28], "uv_size": [1, 0.25]},
								"south": {"uv": [22, 33], "uv_size": [0.25, 0.25]},
								"west": {"uv": [28, 19], "uv_size": [1, 0.25]},
								"up": {"uv": [20, 28], "uv_size": [0.25, 1]},
								"down": {"uv": [28, 21], "uv_size": [0.25, -1]}
							}
						},
						{
							"origin": [-0.025, -1.7, 4.825],
							"size": [0.175, 0.0875, 0.9],
							"inflate": 0.003,
							"pivot": [0, -1.375, 1.475],
							"rotation": [0, 0, -90],
							"uv": {
								"north": {"uv": [33, 22], "uv_size": [0.25, 0.25]},
								"east": {"uv": [28, 21], "uv_size": [1, 0.25]},
								"south": {"uv": [23, 33], "uv_size": [0.25, 0.25]},
								"west": {"uv": [22, 28], "uv_size": [1, 0.25]},
								"up": {"uv": [28, 22], "uv_size": [0.25, 1]},
								"down": {"uv": [23, 29], "uv_size": [0.25, -1]}
							}
						},
						{
							"origin": [0.21564, -2.59551, 5.5125],
							"size": [0.3, 0.15, 0.2125],
							"inflate": 0.003,
							"pivot": [0.36564, -2.55176, 5.61875],
							"rotation": [0, 0, -67.5],
							"uv": {
								"north": {"uv": [33, 23], "uv_size": [0.25, 0.25]},
								"east": {"uv": [24, 33], "uv_size": [0.25, 0.25]},
								"south": {"uv": [33, 24], "uv_size": [0.25, 0.25]},
								"west": {"uv": [25, 33], "uv_size": [0.25, 0.25]},
								"up": {"uv": [33, 25], "uv_size": [0.25, 0.25]},
								"down": {"uv": [26, 33.25], "uv_size": [0.25, -0.25]}
							}
						},
						{
							"origin": [0.22369, -2.73194, 5.5125],
							"size": [0.1125, 0.15, 0.2125],
							"inflate": 0.003,
							"pivot": [0.27994, -2.68819, 5.61875],
							"rotation": [0, 0, -22.5],
							"uv": {
								"north": {"uv": [33, 26], "uv_size": [0.25, 0.25]},
								"east": {"uv": [27, 33], "uv_size": [0.25, 0.25]},
								"south": {"uv": [33, 27], "uv_size": [0.25, 0.25]},
								"west": {"uv": [28, 33], "uv_size": [0.25, 0.25]},
								"up": {"uv": [33, 28], "uv_size": [0.25, 0.25]},
								"down": {"uv": [29, 33.25], "uv_size": [0.25, -0.25]}
							}
						},
						{
							"origin": [-0.24472, -2.75014, 5.5125],
							"size": [0.48943, 0.15, 0.2125],
							"inflate": 0.003,
							"uv": {
								"north": {"uv": [18, 30], "uv_size": [0.5, 0.25]},
								"east": {"uv": [33, 29], "uv_size": [0.25, 0.25]},
								"south": {"uv": [30, 18], "uv_size": [0.5, 0.25]},
								"west": {"uv": [30, 33], "uv_size": [0.25, 0.25]},
								"up": {"uv": [19, 30], "uv_size": [0.5, 0.25]},
								"down": {"uv": [30, 19.25], "uv_size": [0.5, -0.25]}
							}
						},
						{
							"origin": [-0.60198, -2.39044, 5.5125],
							"size": [1.15492, 0.67596, 0.2125],
							"inflate": 0.003,
							"pivot": [-0.02452, -2.05246, 5.61875],
							"rotation": [0, 0, -90],
							"uv": {
								"north": {"uv": [18, 6], "uv_size": [1.25, 0.75]},
								"east": {"uv": [29, 16], "uv_size": [0.25, 0.75]},
								"south": {"uv": [18, 7], "uv_size": [1.25, 0.75]},
								"west": {"uv": [17, 29], "uv_size": [0.25, 0.75]},
								"up": {"uv": [26, 8], "uv_size": [1.25, 0.25]},
								"down": {"uv": [26, 9.25], "uv_size": [1.25, -0.25]}
							}
						},
						{
							"origin": [0.10853, -1.51489, 5.5125],
							"size": [0.4875, 0.15, 0.2125],
							"inflate": 0.003,
							"pivot": [0.35228, -1.47114, 5.61875],
							"rotation": [0, 0, -106.5],
							"uv": {
								"north": {"uv": [20, 30], "uv_size": [0.5, 0.25]},
								"east": {"uv": [33, 30], "uv_size": [0.25, 0.25]},
								"south": {"uv": [30, 20], "uv_size": [0.5, 0.25]},
								"west": {"uv": [31, 33], "uv_size": [0.25, 0.25]},
								"up": {"uv": [21, 30], "uv_size": [0.5, 0.25]},
								"down": {"uv": [30, 21.25], "uv_size": [0.5, -0.25]}
							}
						},
						{
							"origin": [0.17596, -2.04242, 5.5125],
							"size": [0.7375, 0.15, 0.2125],
							"inflate": 0.003,
							"pivot": [0.41971, -1.93617, 5.61875],
							"rotation": [0, 0, 90],
							"uv": {
								"north": {"uv": [29, 17], "uv_size": [0.75, 0.25]},
								"east": {"uv": [33, 31], "uv_size": [0.25, 0.25]},
								"south": {"uv": [18, 29], "uv_size": [0.75, 0.25]},
								"west": {"uv": [32, 33], "uv_size": [0.25, 0.25]},
								"up": {"uv": [29, 18], "uv_size": [0.75, 0.25]},
								"down": {"uv": [19, 29.25], "uv_size": [0.75, -0.25]}
							}
						},
						{
							"origin": [-0.59603, -1.51489, 5.5125],
							"size": [0.4875, 0.15, 0.2125],
							"inflate": 0.003,
							"pivot": [-0.35228, -1.47114, 5.61875],
							"rotation": [0, 0, 106.5],
							"uv": {
								"north": {"uv": [22, 30], "uv_size": [0.5, 0.25]},
								"east": {"uv": [33, 32], "uv_size": [0.25, 0.25]},
								"south": {"uv": [30, 22], "uv_size": [0.5, 0.25]},
								"west": {"uv": [33, 33], "uv_size": [0.25, 0.25]},
								"up": {"uv": [23, 30], "uv_size": [0.5, 0.25]},
								"down": {"uv": [30, 23.25], "uv_size": [0.5, -0.25]}
							}
						},
						{
							"origin": [-0.91346, -2.04242, 5.5125],
							"size": [0.7375, 0.15, 0.2125],
							"inflate": 0.003,
							"pivot": [-0.41971, -1.93617, 5.61875],
							"rotation": [0, 0, -90],
							"uv": {
								"north": {"uv": [29, 19], "uv_size": [0.75, 0.25]},
								"east": {"uv": [0, 34], "uv_size": [0.25, 0.25]},
								"south": {"uv": [20, 29], "uv_size": [0.75, 0.25]},
								"west": {"uv": [34, 0], "uv_size": [0.25, 0.25]},
								"up": {"uv": [29, 20], "uv_size": [0.75, 0.25]},
								"down": {"uv": [21, 29.25], "uv_size": [0.75, -0.25]}
							}
						},
						{
							"origin": [-0.51564, -2.59551, 5.5125],
							"size": [0.3, 0.15, 0.2125],
							"inflate": 0.003,
							"pivot": [-0.36564, -2.55176, 5.61875],
							"rotation": [0, 0, 67.5],
							"uv": {
								"north": {"uv": [1, 34], "uv_size": [0.25, 0.25]},
								"east": {"uv": [34, 1], "uv_size": [0.25, 0.25]},
								"south": {"uv": [2, 34], "uv_size": [0.25, 0.25]},
								"west": {"uv": [34, 2], "uv_size": [0.25, 0.25]},
								"up": {"uv": [3, 34], "uv_size": [0.25, 0.25]},
								"down": {"uv": [34, 3.25], "uv_size": [0.25, -0.25]}
							}
						},
						{
							"origin": [-0.33619, -2.73194, 5.5125],
							"size": [0.1125, 0.15, 0.2125],
							"inflate": 0.003,
							"pivot": [-0.27994, -2.68819, 5.61875],
							"rotation": [0, 0, 22.5],
							"uv": {
								"north": {"uv": [4, 34], "uv_size": [0.25, 0.25]},
								"east": {"uv": [34, 4], "uv_size": [0.25, 0.25]},
								"south": {"uv": [5, 34], "uv_size": [0.25, 0.25]},
								"west": {"uv": [34, 5], "uv_size": [0.25, 0.25]},
								"up": {"uv": [6, 34], "uv_size": [0.25, 0.25]},
								"down": {"uv": [34, 6.25], "uv_size": [0.25, -0.25]}
							}
						},
						{
							"origin": [0.19044, -1.4052, 4.175],
							"size": [0.175, 0.15, 1.3375],
							"inflate": 0.003,
							"pivot": [0.27794, -1.3302, 4.84375],
							"rotation": [0, 0, -106.5],
							"uv": {
								"north": {"uv": [7, 34], "uv_size": [0.25, 0.25]},
								"east": {"uv": [26, 10], "uv_size": [1.25, 0.25]},
								"south": {"uv": [34, 7], "uv_size": [0.25, 0.25]},
								"west": {"uv": [26, 11], "uv_size": [1.25, 0.25]},
								"up": {"uv": [26, 13], "uv_size": [0.25, 1.25]},
								"down": {"uv": [16, 27.25], "uv_size": [0.25, -1.25]}
							}
						},
						{
							"origin": [-0.59603, -1.51489, 4.175],
							"size": [0.175, 0.15, 1.3375],
							"inflate": 0.003,
							"pivot": [-0.35228, -1.47114, 5.40625],
							"rotation": [0, 0, 106.5],
							"uv": {
								"north": {"uv": [8, 34], "uv_size": [0.25, 0.25]},
								"east": {"uv": [26, 17], "uv_size": [1.25, 0.25]},
								"south": {"uv": [34, 8], "uv_size": [0.25, 0.25]},
								"west": {"uv": [26, 18], "uv_size": [1.25, 0.25]},
								"up": {"uv": [17, 26], "uv_size": [0.25, 1.25]},
								"down": {"uv": [19, 27.25], "uv_size": [0.25, -1.25]}
							}
						},
						{
							"origin": [0.22133, -1.61499, 5.38826],
							"size": [0.4875, 0.15, 0.15],
							"inflate": 0.002,
							"pivot": [0.34008, -1.53999, 5.52576],
							"rotation": [0, 45, -106.5],
							"uv": {
								"north": {"uv": [24, 30], "uv_size": [0.5, 0.25]},
								"east": {"uv": [9, 34], "uv_size": [0.25, 0.25]},
								"south": {"uv": [30, 24], "uv_size": [0.5, 0.25]},
								"west": {"uv": [34, 9], "uv_size": [0.25, 0.25]},
								"up": {"uv": [25, 30], "uv_size": [0.5, 0.25]},
								"down": {"uv": [30, 25.25], "uv_size": [0.5, -0.25]}
							}
						},
						{
							"origin": [0.22133, -1.61499, 5.53826],
							"size": [0.3, 0.15, 0.125],
							"inflate": 0.0025,
							"pivot": [0.34008, -1.53999, 5.52576],
							"rotation": [0, 45, -106.5],
							"uv": {
								"north": {"uv": [10, 34], "uv_size": [0.25, 0.25]},
								"east": {"uv": [34, 10], "uv_size": [0.25, 0.25]},
								"south": {"uv": [11, 34], "uv_size": [0.25, 0.25]},
								"west": {"uv": [34, 11], "uv_size": [0.25, 0.25]},
								"up": {"uv": [12, 34], "uv_size": [0.25, 0.25]},
								"down": {"uv": [34, 12.25], "uv_size": [0.25, -0.25]}
							}
						},
						{
							"origin": [-0.70883, -1.61499, 5.38826],
							"size": [0.4875, 0.15, 0.15],
							"inflate": 0.002,
							"pivot": [-0.34008, -1.53999, 5.52576],
							"rotation": [0, -45, 106.5],
							"uv": {
								"north": {"uv": [26, 30], "uv_size": [0.5, 0.25]},
								"east": {"uv": [13, 34], "uv_size": [0.25, 0.25]},
								"south": {"uv": [30, 26], "uv_size": [0.5, 0.25]},
								"west": {"uv": [34, 13], "uv_size": [0.25, 0.25]},
								"up": {"uv": [27, 30], "uv_size": [0.5, 0.25]},
								"down": {"uv": [30, 27.25], "uv_size": [0.5, -0.25]}
							}
						},
						{
							"origin": [-0.6286, -2.3961, 5.3],
							"size": [1.25721, 0.74941, 0.2125],
							"inflate": 0.0021,
							"pivot": [0, -2.0214, 5.40625],
							"rotation": [0, 0, 90],
							"uv": {
								"north": {"uv": [20, 21], "uv_size": [1.25, 0.75]},
								"east": {"uv": [29, 21], "uv_size": [0.25, 0.75]},
								"south": {"uv": [0, 22], "uv_size": [1.25, 0.75]},
								"west": {"uv": [22, 29], "uv_size": [0.25, 0.75]},
								"up": {"uv": [26, 20], "uv_size": [1.25, 0.25]},
								"down": {"uv": [26, 21.25], "uv_size": [1.25, -0.25]}
							}
						},
						{
							"origin": [-0.17811, -1.66726, 5.48349],
							"size": [0.11921, 0.56316, 0.2307],
							"inflate": 0.003,
							"pivot": [-0.125, -1.4788, 5.58974],
							"rotation": [0, 21.5, 90],
							"uv": {
								"north": {"uv": [22, 32], "uv_size": [0.25, 0.5]},
								"east": {"uv": [32, 22], "uv_size": [0.25, 0.5]},
								"south": {"uv": [23, 32], "uv_size": [0.25, 0.5]},
								"west": {"uv": [32, 23], "uv_size": [0.25, 0.5]},
								"up": {"uv": [35, 30], "uv_size": [0.25, 0.25]},
								"down": {"uv": [31, 35.25], "uv_size": [0.25, -0.25]}
							}
						},
						{
							"origin": [-0.52133, -1.61499, 5.53826],
							"size": [0.3, 0.15, 0.125],
							"inflate": 0.0025,
							"pivot": [-0.34008, -1.53999, 5.52576],
							"rotation": [0, -45, 106.5],
							"uv": {
								"north": {"uv": [14, 34], "uv_size": [0.25, 0.25]},
								"east": {"uv": [34, 14], "uv_size": [0.25, 0.25]},
								"south": {"uv": [15, 34], "uv_size": [0.25, 0.25]},
								"west": {"uv": [34, 15], "uv_size": [0.25, 0.25]},
								"up": {"uv": [16, 34], "uv_size": [0.25, 0.25]},
								"down": {"uv": [34, 16.25], "uv_size": [0.25, -0.25]}
							}
						},
						{
							"origin": [-0.40985, -2.17735, 0.15],
							"size": [0.81971, 0.74941, 5.15],
							"inflate": 0.003,
							"pivot": [0, -1.80265, 4.725],
							"rotation": [0, 0, 90],
							"uv": {
								"north": {"uv": [24, 0], "uv_size": [0.75, 0.75]},
								"east": {"uv": [10, 14], "uv_size": [5.25, 0.75]},
								"south": {"uv": [24, 1], "uv_size": [0.75, 0.75]},
								"west": {"uv": [15, 4], "uv_size": [5.25, 0.75]},
								"up": {"uv": [10, 15], "uv_size": [0.75, 5.25]},
								"down": {"uv": [11, 20.25], "uv_size": [0.75, -5.25]}
							}
						},
						{
							"origin": [-0.15985, -2.68186, 4.85822],
							"size": [0.31971, 0.74941, 0.65],
							"inflate": 0.0022,
							"pivot": [0, -2.30716, 5.18322],
							"rotation": [0, 45, 90],
							"uv": {
								"north": {"uv": [29, 22], "uv_size": [0.25, 0.75]},
								"east": {"uv": [2, 24], "uv_size": [0.75, 0.75]},
								"south": {"uv": [23, 29], "uv_size": [0.25, 0.75]},
								"west": {"uv": [24, 2], "uv_size": [0.75, 0.75]},
								"up": {"uv": [29, 23], "uv_size": [0.25, 0.75]},
								"down": {"uv": [24, 29.75], "uv_size": [0.25, -0.75]}
							}
						},
						{
							"origin": [0.02765, -2.55686, 4.73322],
							"size": [0.13221, 0.74941, 0.4625],
							"inflate": 0.0023,
							"pivot": [0, -2.18216, 4.99572],
							"rotation": [0, 30.5, 90],
							"uv": {
								"north": {"uv": [29, 24], "uv_size": [0.25, 0.75]},
								"east": {"uv": [24, 12], "uv_size": [0.5, 0.75]},
								"south": {"uv": [25, 29], "uv_size": [0.25, 0.75]},
								"west": {"uv": [24, 13], "uv_size": [0.5, 0.75]},
								"up": {"uv": [28, 30], "uv_size": [0.25, 0.5]},
								"down": {"uv": [30, 28.5], "uv_size": [0.25, -0.5]}
							}
						},
						{
							"origin": [-0.1911, -2.70731, 3.11908],
							"size": [0.38221, 0.74941, 0.8375],
							"inflate": 0.0026,
							"pivot": [0, -2.33261, 3.53783],
							"rotation": [0, -9.5, 90],
							"uv": {
								"north": {"uv": [24, 14], "uv_size": [0.5, 0.75]},
								"east": {"uv": [3, 24], "uv_size": [0.75, 0.75]},
								"south": {"uv": [16, 24], "uv_size": [0.5, 0.75]},
								"west": {"uv": [24, 3], "uv_size": [0.75, 0.75]},
								"up": {"uv": [24, 16], "uv_size": [0.5, 0.75]},
								"down": {"uv": [17, 24.75], "uv_size": [0.5, -0.75]}
							}
						},
						{
							"origin": [-0.1911, -2.7738, 1.50636],
							"size": [0.38221, 0.74941, 1.65],
							"inflate": 0.0027,
							"pivot": [0, -2.3991, 2.45636],
							"rotation": [0, 0, 90],
							"uv": {
								"north": {"uv": [24, 17], "uv_size": [0.5, 0.75]},
								"east": {"uv": [16, 0], "uv_size": [1.75, 0.75]},
								"south": {"uv": [18, 24], "uv_size": [0.5, 0.75]},
								"west": {"uv": [16, 1], "uv_size": [1.75, 0.75]},
								"up": {"uv": [22, 2], "uv_size": [0.5, 1.75]},
								"down": {"uv": [22, 7.75], "uv_size": [0.5, -1.75]}
							}
						},
						{
							"origin": [-0.1911, -2.53694, 3.91266],
							"size": [0.38221, 0.74941, 0.8125],
							"inflate": 0.0025,
							"pivot": [0, -2.16223, 4.28766],
							"rotation": [0, -16.5, 90],
							"uv": {
								"north": {"uv": [24, 18], "uv_size": [0.5, 0.75]},
								"east": {"uv": [24, 8], "uv_size": [0.75, 0.75]},
								"south": {"uv": [19, 24], "uv_size": [0.5, 0.75]},
								"west": {"uv": [24, 9], "uv_size": [0.75, 0.75]},
								"up": {"uv": [24, 19], "uv_size": [0.5, 0.75]},
								"down": {"uv": [20, 24.75], "uv_size": [0.5, -0.75]}
							}
						},
						{
							"origin": [-0.1911, -2.68992, 0.25987],
							"size": [0.38221, 0.74941, 1.275],
							"inflate": 0.0028,
							"pivot": [0, -2.31521, 0.83487],
							"rotation": [0, 7, 90],
							"uv": {
								"north": {"uv": [24, 20], "uv_size": [0.5, 0.75]},
								"east": {"uv": [22, 0], "uv_size": [1.25, 0.75]},
								"south": {"uv": [21, 24], "uv_size": [0.5, 0.75]},
								"west": {"uv": [22, 1], "uv_size": [1.25, 0.75]},
								"up": {"uv": [22, 22], "uv_size": [0.5, 1.25]},
								"down": {"uv": [0, 24.25], "uv_size": [0.5, -1.25]}
							}
						},
						{
							"origin": [-0.1911, -2.64422, 0.13767],
							"size": [0.38221, 0.74941, 0.2125],
							"inflate": 0.0029,
							"pivot": [0, -2.26951, 0.40017],
							"rotation": [0, -38, 90],
							"uv": {
								"north": {"uv": [24, 21], "uv_size": [0.5, 0.75]},
								"east": {"uv": [29, 25], "uv_size": [0.25, 0.75]},
								"south": {"uv": [22, 24], "uv_size": [0.5, 0.75]},
								"west": {"uv": [26, 29], "uv_size": [0.25, 0.75]},
								"up": {"uv": [29, 30], "uv_size": [0.5, 0.25]},
								"down": {"uv": [30, 29.25], "uv_size": [0.5, -0.25]}
							}
						},
						{
							"origin": [0.1214, -2.47444, 4.47516],
							"size": [0.06971, 0.74941, 0.4375],
							"inflate": 0.0024,
							"pivot": [0, -2.09973, 4.66266],
							"rotation": [0, 0, 90],
							"uv": {
								"north": {"uv": [29, 26], "uv_size": [0.25, 0.75]},
								"east": {"uv": [24, 22], "uv_size": [0.5, 0.75]},
								"south": {"uv": [27, 29], "uv_size": [0.25, 0.75]},
								"west": {"uv": [23, 24], "uv_size": [0.5, 0.75]},
								"up": {"uv": [30, 30], "uv_size": [0.25, 0.5]},
								"down": {"uv": [0, 31.5], "uv_size": [0.25, -0.5]}
							}
						},
						{
							"origin": [-0.59603, -1.51489, 0.15],
							"size": [0.175, 0.15, 4.025],
							"inflate": 0.003,
							"pivot": [-0.35228, -1.47114, 4.03125],
							"rotation": [0, 0, 106.5],
							"uv": {
								"north": {"uv": [17, 34], "uv_size": [0.25, 0.25]},
								"east": {"uv": [16, 14], "uv_size": [4, 0.25]},
								"south": {"uv": [34, 17], "uv_size": [0.25, 0.25]},
								"west": {"uv": [16, 16], "uv_size": [4, 0.25]},
								"up": {"uv": [16, 17], "uv_size": [0.25, 4]},
								"down": {"uv": [17, 21], "uv_size": [0.25, -4]}
							}
						},
						{
							"origin": [-0.0875, -1.45, 0.15],
							"size": [0.175, 0.275, 4.025],
							"inflate": 0.003,
							"pivot": [0, -1.3125, 2.1625],
							"rotation": [0, 0, 90],
							"uv": {
								"north": {"uv": [18, 34], "uv_size": [0.25, 0.25]},
								"east": {"uv": [18, 0], "uv_size": [4, 0.25]},
								"south": {"uv": [34, 18], "uv_size": [0.25, 0.25]},
								"west": {"uv": [18, 1], "uv_size": [4, 0.25]},
								"up": {"uv": [18, 17], "uv_size": [0.25, 4]},
								"down": {"uv": [19, 21], "uv_size": [0.25, -4]}
							}
						},
						{
							"origin": [0.19044, -1.4052, 0.15],
							"size": [0.175, 0.15, 4.025],
							"inflate": 0.003,
							"pivot": [0.27794, -1.3302, 3.46875],
							"rotation": [0, 0, -106.5],
							"uv": {
								"north": {"uv": [19, 34], "uv_size": [0.25, 0.25]},
								"east": {"uv": [18, 2], "uv_size": [4, 0.25]},
								"south": {"uv": [34, 19], "uv_size": [0.25, 0.25]},
								"west": {"uv": [18, 3], "uv_size": [4, 0.25]},
								"up": {"uv": [20, 6], "uv_size": [0.25, 4]},
								"down": {"uv": [20, 20], "uv_size": [0.25, -4]}
							}
						},
						{
							"origin": [-0.16448, -1.98255, 5.57267],
							"size": [0.27992, 0.62691, 0.2125],
							"inflate": 0.003,
							"pivot": [-0.02452, -1.64457, 5.67892],
							"rotation": [0, 22, -90],
							"uv": {
								"north": {"uv": [29, 27], "uv_size": [0.25, 0.75]},
								"east": {"uv": [28, 29], "uv_size": [0.25, 0.75]},
								"south": {"uv": [29, 28], "uv_size": [0.25, 0.75]},
								"west": {"uv": [29, 29], "uv_size": [0.25, 0.75]},
								"up": {"uv": [20, 34], "uv_size": [0.25, 0.25]},
								"down": {"uv": [34, 20.25], "uv_size": [0.25, -0.25]}
							}
						},
						{
							"origin": [-0.54048, -2.21248, 5.61736],
							"size": [0.65592, 0.62691, 0.2125],
							"inflate": 0.003,
							"pivot": [-0.02452, -1.8745, 5.72361],
							"rotation": [0, 0, -90],
							"uv": {
								"north": {"uv": [24, 10], "uv_size": [0.75, 0.75]},
								"east": {"uv": [0, 30], "uv_size": [0.25, 0.75]},
								"south": {"uv": [24, 11], "uv_size": [0.75, 0.75]},
								"west": {"uv": [30, 0], "uv_size": [0.25, 0.75]},
								"up": {"uv": [1, 30], "uv_size": [0.75, 0.25]},
								"down": {"uv": [30, 1.25], "uv_size": [0.75, -0.25]}
							}
						},
						{
							"origin": [-0.16448, -2.76936, 5.57267],
							"size": [0.27992, 0.62691, 0.2125],
							"inflate": 0.003,
							"pivot": [-0.02452, -2.48043, 5.67892],
							"rotation": [0, 22, 90],
							"uv": {
								"north": {"uv": [2, 30], "uv_size": [0.25, 0.75]},
								"east": {"uv": [30, 2], "uv_size": [0.25, 0.75]},
								"south": {"uv": [3, 30], "uv_size": [0.25, 0.75]},
								"west": {"uv": [30, 3], "uv_size": [0.25, 0.75]},
								"up": {"uv": [21, 34], "uv_size": [0.25, 0.25]},
								"down": {"uv": [34, 21.25], "uv_size": [0.25, -0.25]}
							}
						},
						{
							"origin": [-0.02374, -2.18145, 5.60352],
							"size": [0.65592, 0.18295, 0.20828],
							"inflate": 0.003,
							"pivot": [0.30421, -2.0625, 5.70977],
							"rotation": [-36.5, 0, -90],
							"uv": {
								"north": {"uv": [4, 30], "uv_size": [0.75, 0.25]},
								"east": {"uv": [22, 34], "uv_size": [0.25, 0.25]},
								"south": {"uv": [30, 4], "uv_size": [0.75, 0.25]},
								"west": {"uv": [34, 22], "uv_size": [0.25, 0.25]},
								"up": {"uv": [5, 30], "uv_size": [0.75, 0.25]},
								"down": {"uv": [30, 5.25], "uv_size": [0.75, -0.25]}
							}
						},
						{
							"origin": [-0.63217, -2.18145, 5.60352],
							"size": [0.65592, 0.18295, 0.20828],
							"inflate": 0.003,
							"pivot": [-0.30421, -2.0625, 5.70977],
							"rotation": [-36.5, 0, 90],
							"uv": {
								"north": {"uv": [6, 30], "uv_size": [0.75, 0.25]},
								"east": {"uv": [23, 34], "uv_size": [0.25, 0.25]},
								"south": {"uv": [30, 6], "uv_size": [0.75, 0.25]},
								"west": {"uv": [34, 23], "uv_size": [0.25, 0.25]},
								"up": {"uv": [7, 30], "uv_size": [0.75, 0.25]},
								"down": {"uv": [30, 7.25], "uv_size": [0.75, -0.25]}
							}
						},
						{
							"origin": [0.1875, -1.45, 0.15],
							"size": [0.175, 0.1875, 4.025],
							"inflate": 0.003,
							"pivot": [0.275, -1.3125, 2.1625],
							"rotation": [0, 0, 90],
							"uv": {
								"north": {"uv": [24, 34], "uv_size": [0.25, 0.25]},
								"east": {"uv": [20, 14], "uv_size": [4, 0.25]},
								"south": {"uv": [34, 24], "uv_size": [0.25, 0.25]},
								"west": {"uv": [20, 20], "uv_size": [4, 0.25]},
								"up": {"uv": [21, 6], "uv_size": [0.25, 4]},
								"down": {"uv": [10, 25], "uv_size": [0.25, -4]}
							}
						},
						{
							"origin": [-0.3625, -1.45, 0.15],
							"size": [0.175, 0.1875, 4.025],
							"inflate": 0.003,
							"pivot": [-0.275, -1.3125, 2.1625],
							"rotation": [0, 0, -90],
							"uv": {
								"north": {"uv": [25, 34], "uv_size": [0.25, 0.25]},
								"east": {"uv": [21, 4], "uv_size": [4, 0.25]},
								"south": {"uv": [34, 25], "uv_size": [0.25, 0.25]},
								"west": {"uv": [16, 21], "uv_size": [4, 0.25]},
								"up": {"uv": [11, 21], "uv_size": [0.25, 4]},
								"down": {"uv": [21, 20], "uv_size": [0.25, -4]}
							}
						}
					]
				},
				{
					"name": "bone45",
					"parent": "m1905",
					"pivot": [0, -2.09008, -16.63337],
					"cubes": [
						{
							"origin": [-0.0125, -2.425, -15.975],
							"size": [0.025, 1.2, 16.05],
							"inflate": 0.003,
							"uv": {
								"north": {"uv": [0, 25], "uv_size": [0.25, 1.25]},
								"east": {"uv": [0, 0], "uv_size": [16, 1.25]},
								"south": {"uv": [25, 0], "uv_size": [0.25, 1.25]},
								"west": {"uv": [0, 2], "uv_size": [16, 1.25]},
								"up": {"uv": [0, 6], "uv_size": [0.25, 16]},
								"down": {"uv": [1, 22], "uv_size": [0.25, -16]}
							}
						},
						{
							"origin": [-0.0655, -2.37405, -1.2066],
							"size": [0.13588, 1.0949, 1.28543],
							"inflate": 0.003,
							"uv": {
								"north": {"uv": [7, 28], "uv_size": [0.25, 1]},
								"east": {"uv": [16, 2], "uv_size": [1.25, 1]},
								"south": {"uv": [28, 7], "uv_size": [0.25, 1]},
								"west": {"uv": [16, 3], "uv_size": [1.25, 1]},
								"up": {"uv": [5, 26], "uv_size": [0.25, 1.25]},
								"down": {"uv": [26, 7.25], "uv_size": [0.25, -1.25]}
							}
						},
						{
							"origin": [0.03905, -1.96058, -15.95949],
							"size": [0.00303, 0.40599, 0.80973],
							"inflate": 0.003,
							"pivot": [-0.02193, -1.75759, -15.55463],
							"rotation": [0, -4, 0],
							"uv": {
								"north": {"uv": [17, 32], "uv_size": [0.25, 0.5]},
								"east": {"uv": [24, 23], "uv_size": [0.75, 0.5]},
								"south": {"uv": [32, 17], "uv_size": [0.25, 0.5]},
								"west": {"uv": [24, 24], "uv_size": [0.75, 0.5]},
								"up": {"uv": [8, 30], "uv_size": [0.25, 0.75]},
								"down": {"uv": [30, 8.75], "uv_size": [0.25, -0.75]}
							}
						},
						{
							"origin": [-0.04045, -1.96658, -15.97385],
							"size": [0.00303, 0.40599, 0.80973],
							"inflate": 0.003,
							"pivot": [0.02357, -1.76359, -15.56898],
							"rotation": [0, 4, 0],
							"uv": {
								"north": {"uv": [17.25, 32], "uv_size": [-0.25, 0.5]},
								"east": {"uv": [24.75, 24], "uv_size": [-0.75, 0.5]},
								"south": {"uv": [32.25, 17], "uv_size": [-0.25, 0.5]},
								"west": {"uv": [24.75, 23], "uv_size": [-0.75, 0.5]},
								"up": {"uv": [8.25, 30], "uv_size": [-0.25, 0.75]},
								"down": {"uv": [30.25, 8.75], "uv_size": [-0.25, -0.75]}
							}
						},
						{
							"origin": [-0.0655, -1.56155, -15.95382],
							"size": [0.13588, 0.28247, 14.73265],
							"inflate": 0.003,
							"uv": {
								"north": {"uv": [35, 25], "uv_size": [0.25, 0.25]},
								"east": {"uv": [15, 5], "uv_size": [14.75, 0.25]},
								"south": {"uv": [26, 35], "uv_size": [0.25, 0.25]},
								"west": {"uv": [14, 15], "uv_size": [14.75, 0.25]},
								"up": {"uv": [14, 16], "uv_size": [0.25, 14.75]},
								"down": {"uv": [15, 30.75], "uv_size": [0.25, -14.75]}
							}
						},
						{
							"origin": [-0.0655, -1.94827, -1.46115],
							"size": [0.13588, 0.60669, 0.23999],
							"inflate": 0.0026,
							"pivot": [0.12352, -1.60734, -1.37603],
							"rotation": [56.5, 0, 0],
							"uv": {
								"north": {"uv": [18, 32], "uv_size": [0.25, 0.5]},
								"east": {"uv": [32, 18], "uv_size": [0.25, 0.5]},
								"south": {"uv": [19, 32], "uv_size": [0.25, 0.5]},
								"west": {"uv": [32, 19], "uv_size": [0.25, 0.5]},
								"up": {"uv": [35, 26], "uv_size": [0.25, 0.25]},
								"down": {"uv": [27, 35.25], "uv_size": [0.25, -0.25]}
							}
						},
						{
							"origin": [-0.0655, -2.14904, -1.45955],
							"size": [0.13588, 0.45739, 0.23838],
							"inflate": 0.0025,
							"pivot": [0.12352, -1.89491, -1.37603],
							"rotation": [-56.5, 0, 0],
							"uv": {
								"north": {"uv": [20, 32], "uv_size": [0.25, 0.5]},
								"east": {"uv": [32, 20], "uv_size": [0.25, 0.5]},
								"south": {"uv": [21, 32], "uv_size": [0.25, 0.5]},
								"west": {"uv": [32, 21], "uv_size": [0.25, 0.5]},
								"up": {"uv": [35, 27], "uv_size": [0.25, 0.25]},
								"down": {"uv": [28, 35.25], "uv_size": [0.25, -0.25]}
							}
						},
						{
							"origin": [-0.0655, -2.37405, -15.95382],
							"size": [0.13588, 0.40747, 14.73265],
							"inflate": 0.003,
							"uv": {
								"north": {"uv": [10, 32], "uv_size": [0.25, 0.5]},
								"east": {"uv": [0, 4], "uv_size": [14.75, 0.5]},
								"south": {"uv": [32, 10], "uv_size": [0.25, 0.5]},
								"west": {"uv": [0, 5], "uv_size": [14.75, 0.5]},
								"up": {"uv": [12, 15], "uv_size": [0.25, 14.75]},
								"down": {"uv": [13, 29.75], "uv_size": [0.25, -14.75]}
							}
						},
						{
							"origin": [-0.022, -1.31665, -15.97117],
							"size": [0.075, 0.075, 16.05],
							"inflate": 0.003,
							"pivot": [0.0155, -1.27915, -7.94617],
							"rotation": [0, 0, 45],
							"uv": {
								"north": {"uv": [33, 17], "uv_size": [0.25, 0.25]},
								"south": {"uv": [18, 33], "uv_size": [0.25, 0.25]},
								"west": {"uv": [2, 7], "uv_size": [16, 0.25]},
								"up": {"uv": [2, 8], "uv_size": [0.25, 16]},
								"down": {"uv": [3, 24], "uv_size": [0.25, -16]}
							}
						},
						{
							"origin": [-0.022, -2.41059, -15.97117],
							"size": [0.075, 0.075, 16.05],
							"inflate": 0.003,
							"pivot": [0.0155, -2.37309, -7.94617],
							"rotation": [0, 0, -45],
							"uv": {
								"north": {"uv": [33, 18], "uv_size": [0.25, 0.25]},
								"south": {"uv": [19, 33], "uv_size": [0.25, 0.25]},
								"west": {"uv": [4, 9], "uv_size": [16, 0.25]},
								"up": {"uv": [4, 10], "uv_size": [0.25, 16]},
								"down": {"uv": [5, 26], "uv_size": [0.25, -16]}
							}
						},
						{
							"origin": [-0.053, -1.31665, -15.97117],
							"size": [0.075, 0.075, 16.05],
							"inflate": 0.003,
							"pivot": [-0.0155, -1.27915, -7.94617],
							"rotation": [0, 0, -45],
							"uv": {
								"north": {"uv": [35, 29], "uv_size": [0.25, 0.25]},
								"east": {"uv": [8, 12], "uv_size": [16, 0.25]},
								"south": {"uv": [30, 35], "uv_size": [0.25, 0.25]},
								"up": {"uv": [8, 14], "uv_size": [0.25, 16]},
								"down": {"uv": [9, 30], "uv_size": [0.25, -16]}
							}
						},
						{
							"origin": [-0.053, -2.41059, -15.97117],
							"size": [0.075, 0.075, 16.05],
							"inflate": 0.003,
							"pivot": [-0.0155, -2.37309, -7.94617],
							"rotation": [0, 0, 45],
							"uv": {
								"north": {"uv": [35, 28], "uv_size": [0.25, 0.25]},
								"east": {"uv": [6, 10], "uv_size": [16, 0.25]},
								"south": {"uv": [29, 35], "uv_size": [0.25, 0.25]},
								"up": {"uv": [6, 12], "uv_size": [0.25, 16]},
								"down": {"uv": [7, 28], "uv_size": [0.25, -16]}
							}
						},
						{
							"origin": [-0.0125, -1.85992, -17.30837],
							"size": [0.025, 0.6, 1.35],
							"inflate": 0.003,
							"pivot": [0, -1.55992, -16.63337],
							"rotation": [3, 0, 0],
							"uv": {
								"north": {"uv": [9, 30], "uv_size": [0.25, 0.5]},
								"south": {"uv": [30, 9], "uv_size": [0.25, 0.5]},
								"up": {"uv": [1, 25], "uv_size": [0.25, 1.25]},
								"down": {"uv": [2, 26.25], "uv_size": [0.25, -1.25]}
							}
						},
						{
							"origin": [-0.06853, -1.86276, -17.29004],
							"size": [0.13891, 0.54869, 1.3355],
							"inflate": 0.003,
							"pivot": [0.0595, -1.56104, -16.62954],
							"rotation": [3, 0, 0],
							"uv": {
								"north": {"uv": [12, 32], "uv_size": [0.25, 0.5]},
								"east": {"uv": [16, 23], "uv_size": [1.25, 0.5]},
								"south": {"uv": [32, 12], "uv_size": [0.25, 0.5]},
								"west": {"uv": [18, 23], "uv_size": [1.25, 0.5]},
								"up": {"uv": [26, 25], "uv_size": [0.25, 1.25]},
								"down": {"uv": [0, 28.25], "uv_size": [0.25, -1.25]}
							}
						},
						{
							"origin": [-0.022, -1.35191, -17.31747],
							"size": [0.075, 0.075, 1.35],
							"inflate": 0.003,
							"pivot": [0.0155, -1.31441, -16.64247],
							"rotation": [2.12229, -2.12084, 44.96071],
							"uv": {
								"north": {"uv": [26, 32], "uv_size": [0.25, 0.25]},
								"south": {"uv": [32, 26], "uv_size": [0.25, 0.25]},
								"west": {"uv": [25, 12], "uv_size": [1.25, 0.25]},
								"up": {"uv": [11, 25], "uv_size": [0.25, 1.25]},
								"down": {"uv": [25, 14.25], "uv_size": [0.25, -1.25]}
							}
						},
						{
							"origin": [-0.053, -1.35191, -17.31747],
							"size": [0.075, 0.075, 1.35],
							"inflate": 0.003,
							"pivot": [-0.0155, -1.31441, -16.64247],
							"rotation": [2.12229, 2.12084, -44.96071],
							"uv": {
								"north": {"uv": [35, 5], "uv_size": [0.25, 0.25]},
								"east": {"uv": [27, 0], "uv_size": [1.25, 0.25]},
								"south": {"uv": [6, 35], "uv_size": [0.25, 0.25]},
								"up": {"uv": [27, 1], "uv_size": [0.25, 1.25]},
								"down": {"uv": [3, 28.25], "uv_size": [0.25, -1.25]}
							}
						},
						{
							"origin": [-0.022, -2.37533, -17.31747],
							"size": [0.075, 0.075, 1.35],
							"inflate": 0.003,
							"pivot": [0.0155, -2.33783, -16.64247],
							"rotation": [-2.12229, -2.12084, -44.96071],
							"uv": {
								"north": {"uv": [27, 32], "uv_size": [0.25, 0.25]},
								"south": {"uv": [32, 27], "uv_size": [0.25, 0.25]},
								"west": {"uv": [25, 16], "uv_size": [1.25, 0.25]},
								"up": {"uv": [25, 17], "uv_size": [0.25, 1.25]},
								"down": {"uv": [18, 26.25], "uv_size": [0.25, -1.25]}
							}
						},
						{
							"origin": [-0.053, -2.37533, -17.31747],
							"size": [0.075, 0.075, 1.35],
							"inflate": 0.003,
							"pivot": [-0.0155, -2.33783, -16.64247],
							"rotation": [-2.12229, 2.12084, 44.96071],
							"uv": {
								"north": {"uv": [35, 7], "uv_size": [0.25, 0.25]},
								"east": {"uv": [27, 12], "uv_size": [1.25, 0.25]},
								"south": {"uv": [8, 35], "uv_size": [0.25, 0.25]},
								"up": {"uv": [11, 27], "uv_size": [0.25, 1.25]},
								"down": {"uv": [18, 28.25], "uv_size": [0.25, -1.25]}
							}
						},
						{
							"origin": [-0.0125, -1.98668, -18.62483],
							"size": [0.025, 0.6, 1.35],
							"inflate": 0.003,
							"pivot": [0, -1.68668, -17.94983],
							"rotation": [8, 0, 0],
							"uv": {
								"north": {"uv": [11, 30], "uv_size": [0.25, 0.5]},
								"south": {"uv": [30, 11], "uv_size": [0.25, 0.5]},
								"up": {"uv": [25, 6], "uv_size": [0.25, 1.25]},
								"down": {"uv": [25, 9.25], "uv_size": [0.25, -1.25]}
							}
						},
						{
							"origin": [-0.06853, -1.89403, -18.60976],
							"size": [0.13891, 0.45298, 1.3357],
							"inflate": 0.0026,
							"pivot": [0.11253, -1.66604, -17.94905],
							"rotation": [8, 0, 0],
							"uv": {
								"north": {"uv": [13, 30], "uv_size": [0.25, 0.5]},
								"east": {"uv": [22, 18], "uv_size": [1.25, 0.5]},
								"south": {"uv": [30, 13], "uv_size": [0.25, 0.5]},
								"west": {"uv": [22, 19], "uv_size": [1.25, 0.5]},
								"up": {"uv": [25, 25], "uv_size": [0.25, 1.25]},
								"down": {"uv": [26, 1.25], "uv_size": [0.25, -1.25]}
							}
						},
						{
							"origin": [-0.06853, -2.21013, -18.60949],
							"size": [0.13891, 0.52393, 1.33544],
							"inflate": 0.0024,
							"pivot": [0.11253, -1.9862, -17.94905],
							"rotation": [-8, 0, 0],
							"uv": {
								"north": {"uv": [30, 14], "uv_size": [0.25, 0.5]},
								"east": {"uv": [20, 22], "uv_size": [1.25, 0.5]},
								"south": {"uv": [30, 15], "uv_size": [0.25, 0.5]},
								"west": {"uv": [22, 21], "uv_size": [1.25, 0.5]},
								"up": {"uv": [26, 2], "uv_size": [0.25, 1.25]},
								"down": {"uv": [4, 27.25], "uv_size": [0.25, -1.25]}
							}
						},
						{
							"origin": [-0.04397, -1.4277, -18.65537],
							"size": [0.075, 0.075, 1.35],
							"inflate": 0.003,
							"pivot": [-0.0595, -1.44323, -17.98037],
							"rotation": [5.67527, -5.64763, 44.71984],
							"uv": {
								"north": {"uv": [28, 32], "uv_size": [0.25, 0.25]},
								"south": {"uv": [32, 28], "uv_size": [0.25, 0.25]},
								"west": {"uv": [25, 19], "uv_size": [1.25, 0.25]},
								"up": {"uv": [25, 20], "uv_size": [0.25, 1.25]},
								"down": {"uv": [21, 26.25], "uv_size": [0.25, -1.25]}
							}
						},
						{
							"origin": [-0.03103, -1.4277, -18.65537],
							"size": [0.075, 0.075, 1.35],
							"inflate": 0.003,
							"pivot": [0.0595, -1.44323, -17.98037],
							"rotation": [5.67527, 5.64763, -44.71984],
							"uv": {
								"north": {"uv": [35, 6], "uv_size": [0.25, 0.25]},
								"east": {"uv": [27, 3], "uv_size": [1.25, 0.25]},
								"south": {"uv": [7, 35], "uv_size": [0.25, 0.25]},
								"up": {"uv": [27, 6], "uv_size": [0.25, 1.25]},
								"down": {"uv": [10, 28.25], "uv_size": [0.25, -1.25]}
							}
						},
						{
							"origin": [-0.04397, -2.29954, -18.65537],
							"size": [0.075, 0.075, 1.35],
							"inflate": 0.003,
							"pivot": [-0.0595, -2.20901, -17.98037],
							"rotation": [-5.67527, -5.64763, -44.71984],
							"uv": {
								"north": {"uv": [29, 32], "uv_size": [0.25, 0.25]},
								"south": {"uv": [32, 29], "uv_size": [0.25, 0.25]},
								"west": {"uv": [25, 22], "uv_size": [1.25, 0.25]},
								"up": {"uv": [25, 23], "uv_size": [0.25, 1.25]},
								"down": {"uv": [24, 26.25], "uv_size": [0.25, -1.25]}
							}
						},
						{
							"origin": [-0.03103, -2.29954, -18.65537],
							"size": [0.075, 0.075, 1.35],
							"inflate": 0.003,
							"pivot": [0.0595, -2.20901, -17.98037],
							"rotation": [-5.67527, 5.64763, 44.71984],
							"uv": {
								"north": {"uv": [35, 8], "uv_size": [0.25, 0.25]},
								"east": {"uv": [27, 14], "uv_size": [1.25, 0.25]},
								"south": {"uv": [9, 35], "uv_size": [0.25, 0.25]},
								"up": {"uv": [21, 27], "uv_size": [0.25, 1.25]},
								"down": {"uv": [27, 23.25], "uv_size": [0.25, -1.25]}
							}
						},
						{
							"origin": [-0.0125, -1.70001, -19.55321],
							"size": [0.025, 0.075, 0.975],
							"inflate": 0.003,
							"pivot": [0, -1.81251, -19.06571],
							"rotation": [18, 0, 0],
							"uv": {
								"north": {"uv": [24, 32], "uv_size": [0.25, 0.25]},
								"south": {"uv": [32, 24], "uv_size": [0.25, 0.25]},
								"up": {"uv": [27, 24], "uv_size": [0.25, 1]},
								"down": {"uv": [25, 28], "uv_size": [0.25, -1]}
							}
						},
						{
							"origin": [-0.022, -1.72324, -19.59093],
							"size": [0.075, 0.075, 0.975],
							"inflate": 0.003,
							"pivot": [0.0155, -1.68574, -19.10343],
							"rotation": [12.93932, -12.62142, 43.563],
							"uv": {
								"north": {"uv": [33, 0], "uv_size": [0.25, 0.25]},
								"south": {"uv": [1, 33], "uv_size": [0.25, 0.25]},
								"west": {"uv": [28, 1], "uv_size": [1, 0.25]},
								"up": {"uv": [2, 28], "uv_size": [0.25, 1]},
								"down": {"uv": [28, 3], "uv_size": [0.25, -1]}
							}
						},
						{
							"origin": [-0.053, -1.72324, -19.59093],
							"size": [0.075, 0.075, 0.975],
							"inflate": 0.003,
							"pivot": [-0.0155, -1.68574, -19.10343],
							"rotation": [12.93932, 12.62142, -43.563],
							"uv": {
								"north": {"uv": [35, 10], "uv_size": [0.25, 0.25]},
								"east": {"uv": [3, 29], "uv_size": [1, 0.25]},
								"south": {"uv": [11, 35], "uv_size": [0.25, 0.25]},
								"up": {"uv": [4, 29], "uv_size": [0.25, 1]},
								"down": {"uv": [29, 5], "uv_size": [0.25, -1]}
							}
						},
						{
							"origin": [-0.022, -2.004, -19.59093],
							"size": [0.075, 0.075, 0.975],
							"inflate": 0.003,
							"pivot": [0.0155, -1.9665, -19.10343],
							"rotation": [-12.93932, -12.62142, -43.563],
							"uv": {
								"north": {"uv": [33, 1], "uv_size": [0.25, 0.25]},
								"south": {"uv": [2, 33], "uv_size": [0.25, 0.25]},
								"west": {"uv": [5, 28], "uv_size": [1, 0.25]},
								"up": {"uv": [6, 28], "uv_size": [0.25, 1]},
								"down": {"uv": [28, 7], "uv_size": [0.25, -1]}
							}
						},
						{
							"origin": [-0.053, -2.004, -19.59093],
							"size": [0.075, 0.075, 0.975],
							"inflate": 0.003,
							"pivot": [-0.0155, -1.9665, -19.10343],
							"rotation": [-12.93932, 12.62142, 43.563],
							"uv": {
								"north": {"uv": [35, 9], "uv_size": [0.25, 0.25]},
								"east": {"uv": [1, 29], "uv_size": [1, 0.25]},
								"south": {"uv": [10, 35], "uv_size": [0.25, 0.25]},
								"west": {"uv": [29, 1], "uv_size": [1, 0.25]},
								"up": {"uv": [2, 29], "uv_size": [0.25, 1]},
								"down": {"uv": [29, 3], "uv_size": [0.25, -1]}
							}
						},
						{
							"origin": [-0.0125, -1.87288, -19.61455],
							"size": [0.025, 0.06109, 0.05218],
							"inflate": 0.003,
							"pivot": [0, -1.83208, -19.61137],
							"rotation": [40.5, 0, 0],
							"uv": {
								"north": {"uv": [30, 32], "uv_size": [0.25, 0.25]},
								"east": {"uv": [32, 30], "uv_size": [0.25, 0.25]},
								"south": {"uv": [31, 32], "uv_size": [0.25, 0.25]},
								"west": {"uv": [32, 31], "uv_size": [0.25, 0.25]},
								"up": {"uv": [32, 32], "uv_size": [0.25, 0.25]},
								"down": {"uv": [0, 33.25], "uv_size": [0.25, -0.25]}
							}
						},
						{
							"origin": [-0.0125, -1.92501, -19.25321],
							"size": [0.025, 0.225, 0.075],
							"inflate": 0.003,
							"pivot": [0, -1.81251, -19.06571],
							"rotation": [18, 0, 0],
							"uv": {
								"north": {"uv": [35, 17], "uv_size": [0.25, 0.25]},
								"east": {"uv": [18, 35], "uv_size": [0.25, 0.25]},
								"south": {"uv": [35, 18], "uv_size": [0.25, 0.25]},
								"west": {"uv": [19, 35], "uv_size": [0.25, 0.25]},
								"up": {"uv": [35, 19], "uv_size": [0.25, 0.25]},
								"down": {"uv": [20, 35.25], "uv_size": [0.25, -0.25]}
							}
						},
						{
							"origin": [-0.0125, -1.77501, -19.47821],
							"size": [0.025, 0.075, 0.3],
							"inflate": 0.003,
							"pivot": [0, -1.81251, -19.06571],
							"rotation": [18, 0, 0],
							"uv": {
								"north": {"uv": [35, 14], "uv_size": [0.25, 0.25]},
								"east": {"uv": [15, 35], "uv_size": [0.25, 0.25]},
								"south": {"uv": [35, 15], "uv_size": [0.25, 0.25]},
								"west": {"uv": [16, 35], "uv_size": [0.25, 0.25]},
								"up": {"uv": [35, 16], "uv_size": [0.25, 0.25]},
								"down": {"uv": [17, 35.25], "uv_size": [0.25, -0.25]}
							}
						},
						{
							"origin": [-0.0125, -1.91953, -19.3922],
							"size": [0.025, 0.15, 0.225],
							"inflate": 0.003,
							"pivot": [0, -1.88203, -19.2797],
							"rotation": [-4.5, 0, 0],
							"uv": {
								"north": {"uv": [35, 11], "uv_size": [0.25, 0.25]},
								"east": {"uv": [12, 35], "uv_size": [0.25, 0.25]},
								"south": {"uv": [35, 12], "uv_size": [0.25, 0.25]},
								"west": {"uv": [13, 35], "uv_size": [0.25, 0.25]},
								"up": {"uv": [35, 13], "uv_size": [0.25, 0.25]},
								"down": {"uv": [14, 35.25], "uv_size": [0.25, -0.25]}
							}
						},
						{
							"origin": [-0.0125, -2.01765, -19.59956],
							"size": [0.025, 0.075, 0.975],
							"inflate": 0.003,
							"pivot": [0, -1.98015, -19.11206],
							"rotation": [-18, 0, 0],
							"uv": {
								"north": {"uv": [25, 32], "uv_size": [0.25, 0.25]},
								"south": {"uv": [32, 25], "uv_size": [0.25, 0.25]},
								"up": {"uv": [27, 26], "uv_size": [0.25, 1]},
								"down": {"uv": [27, 28], "uv_size": [0.25, -1]}
							}
						},
						{
							"origin": [-0.0125, -1.94265, -19.22456],
							"size": [0.025, 0.225, 0.6],
							"inflate": 0.003,
							"pivot": [0, -1.98015, -19.11206],
							"rotation": [-18, 0, 0],
							"uv": {
								"north": {"uv": [35, 23], "uv_size": [0.25, 0.25]},
								"east": {"uv": [13, 32], "uv_size": [0.5, 0.25]},
								"south": {"uv": [24, 35], "uv_size": [0.25, 0.25]},
								"west": {"uv": [32, 13], "uv_size": [0.5, 0.25]},
								"up": {"uv": [14, 32], "uv_size": [0.25, 0.5]},
								"down": {"uv": [32, 14.5], "uv_size": [0.25, -0.5]}
							}
						},
						{
							"origin": [-0.06853, -1.98793, -19.41886],
							"size": [0.13891, 0.07141, 0.81084],
							"inflate": 0.0023,
							"pivot": [0.11253, -1.95401, -19.02051],
							"rotation": [-18, 0, 0],
							"uv": {
								"north": {"uv": [33, 2], "uv_size": [0.25, 0.25]},
								"east": {"uv": [29, 7], "uv_size": [0.75, 0.25]},
								"south": {"uv": [3, 33], "uv_size": [0.25, 0.25]},
								"west": {"uv": [29, 8], "uv_size": [0.75, 0.25]},
								"up": {"uv": [29, 9], "uv_size": [0.25, 0.75]},
								"down": {"uv": [10, 29.75], "uv_size": [0.25, -0.75]}
							}
						},
						{
							"origin": [-0.06853, -1.74115, -19.41945],
							"size": [0.13891, 0.08042, 0.81144],
							"inflate": 0.0027,
							"pivot": [0.11253, -1.69823, -19.02051],
							"rotation": [18, 0, 0],
							"uv": {
								"north": {"uv": [33, 3], "uv_size": [0.25, 0.25]},
								"east": {"uv": [29, 10], "uv_size": [0.75, 0.25]},
								"south": {"uv": [4, 33], "uv_size": [0.25, 0.25]},
								"west": {"uv": [11, 29], "uv_size": [0.75, 0.25]},
								"up": {"uv": [29, 11], "uv_size": [0.25, 0.75]},
								"down": {"uv": [29, 12.75], "uv_size": [0.25, -0.75]}
							}
						},
						{
							"origin": [-0.06853, -2.04115, -18.96945],
							"size": [0.13891, 0.30542, 0.36144],
							"inflate": 0.0028,
							"pivot": [0.11253, -1.69823, -19.02051],
							"rotation": [18, 0, 0],
							"uv": {
								"north": {"uv": [33, 4], "uv_size": [0.25, 0.25]},
								"east": {"uv": [16, 30], "uv_size": [0.5, 0.25]},
								"south": {"uv": [5, 33], "uv_size": [0.25, 0.25]},
								"west": {"uv": [30, 16], "uv_size": [0.5, 0.25]},
								"up": {"uv": [17, 30], "uv_size": [0.25, 0.5]},
								"down": {"uv": [30, 17.5], "uv_size": [0.25, -0.5]}
							}
						},
						{
							"origin": [-0.06853, -2.09292, -18.85229],
							"size": [0.13891, 0.22191, 0.28573],
							"inflate": 0.0029,
							"pivot": [0.11253, -2.02101, -18.67906],
							"rotation": [-16, 0, 0],
							"uv": {
								"north": {"uv": [33, 14], "uv_size": [0.25, 0.25]},
								"east": {"uv": [15, 33], "uv_size": [0.25, 0.25]},
								"south": {"uv": [33, 15], "uv_size": [0.25, 0.25]},
								"west": {"uv": [16, 33], "uv_size": [0.25, 0.25]},
								"up": {"uv": [33, 16], "uv_size": [0.25, 0.25]},
								"down": {"uv": [17, 33.25], "uv_size": [0.25, -0.25]}
							}
						},
						{
							"origin": [-0.06853, -1.9151, -19.15645],
							"size": [0.13891, 0.14728, 0.28565],
							"pivot": [0.11253, -1.88032, -19.0583],
							"rotation": [-14.5, 0, 0],
							"uv": {
								"north": {"uv": [33, 11], "uv_size": [0.25, 0.25]},
								"east": {"uv": [12, 33], "uv_size": [0.25, 0.25]},
								"south": {"uv": [33, 12], "uv_size": [0.25, 0.25]},
								"west": {"uv": [13, 33], "uv_size": [0.25, 0.25]},
								"up": {"uv": [33, 13], "uv_size": [0.25, 0.25]},
								"down": {"uv": [14, 33.25], "uv_size": [0.25, -0.25]}
							}
						},
						{
							"origin": [-0.06853, -1.81615, -19.26945],
							"size": [0.13891, 0.08042, 0.28644],
							"inflate": 0.0021,
							"pivot": [0.11253, -1.69823, -19.02051],
							"rotation": [18, 0, 0],
							"uv": {
								"north": {"uv": [33, 5], "uv_size": [0.25, 0.25]},
								"east": {"uv": [6, 33], "uv_size": [0.25, 0.25]},
								"south": {"uv": [33, 6], "uv_size": [0.25, 0.25]},
								"west": {"uv": [7, 33], "uv_size": [0.25, 0.25]},
								"up": {"uv": [33, 7], "uv_size": [0.25, 0.25]},
								"down": {"uv": [8, 33.25], "uv_size": [0.25, -0.25]}
							}
						},
						{
							"origin": [-0.06853, -1.91319, -19.3144],
							"size": [0.13891, 0.08842, 0.14424],
							"inflate": 0.0022,
							"pivot": [0.11253, -1.86226, -19.28266],
							"rotation": [63, 0, 0],
							"uv": {
								"north": {"uv": [33, 8], "uv_size": [0.25, 0.25]},
								"east": {"uv": [9, 33], "uv_size": [0.25, 0.25]},
								"south": {"uv": [33, 9], "uv_size": [0.25, 0.25]},
								"west": {"uv": [10, 33], "uv_size": [0.25, 0.25]},
								"up": {"uv": [33, 10], "uv_size": [0.25, 0.25]},
								"down": {"uv": [11, 33.25], "uv_size": [0.25, -0.25]}
							}
						},
						{
							"origin": [-0.0125, -1.86707, -19.18739],
							"size": [0.025, 0.225, 0.6],
							"inflate": 0.003,
							"pivot": [0, -1.75457, -18.88739],
							"rotation": [18, 0, 0],
							"uv": {
								"north": {"uv": [35, 24], "uv_size": [0.25, 0.25]},
								"east": {"uv": [15, 32], "uv_size": [0.5, 0.25]},
								"south": {"uv": [25, 35], "uv_size": [0.25, 0.25]},
								"west": {"uv": [32, 15], "uv_size": [0.5, 0.25]},
								"up": {"uv": [16, 32], "uv_size": [0.25, 0.5]},
								"down": {"uv": [32, 16.5], "uv_size": [0.25, -0.5]}
							}
						},
						{
							"origin": [-0.0125, -1.94207, -18.81239],
							"size": [0.025, 0.075, 0.225],
							"inflate": 0.003,
							"pivot": [0, -1.75457, -18.88739],
							"rotation": [18, 0, 0],
							"uv": {
								"north": {"uv": [35, 20], "uv_size": [0.25, 0.25]},
								"east": {"uv": [21, 35], "uv_size": [0.25, 0.25]},
								"south": {"uv": [35, 21], "uv_size": [0.25, 0.25]},
								"west": {"uv": [22, 35], "uv_size": [0.25, 0.25]},
								"up": {"uv": [35, 22], "uv_size": [0.25, 0.25]},
								"down": {"uv": [23, 35.25], "uv_size": [0.25, -0.25]}
							}
						},
						{
							"origin": [-0.0125, -2.26332, -18.62483],
							"size": [0.025, 0.6, 1.35],
							"inflate": 0.003,
							"pivot": [0, -1.96332, -17.94983],
							"rotation": [-8, 0, 0],
							"uv": {
								"north": {"uv": [12, 30], "uv_size": [0.25, 0.5]},
								"south": {"uv": [30, 12], "uv_size": [0.25, 0.5]},
								"up": {"uv": [10, 25], "uv_size": [0.25, 1.25]},
								"down": {"uv": [25, 11.25], "uv_size": [0.25, -1.25]}
							}
						},
						{
							"origin": [-0.0125, -2.39008, -17.30837],
							"size": [0.025, 0.6, 1.35],
							"inflate": 0.003,
							"pivot": [0, -2.09008, -16.63337],
							"rotation": [-3, 0, 0],
							"uv": {
								"north": {"uv": [10, 30], "uv_size": [0.25, 0.5]},
								"south": {"uv": [30, 10], "uv_size": [0.25, 0.5]},
								"up": {"uv": [25, 2], "uv_size": [0.25, 1.25]},
								"down": {"uv": [3, 26.25], "uv_size": [0.25, -1.25]}
							}
						},
						{
							"origin": [-0.06853, -2.33837, -17.28994],
							"size": [0.13891, 0.54717, 1.3354],
							"inflate": 0.0025,
							"pivot": [0.0595, -2.09121, -16.62954],
							"rotation": [-3, 0, 0],
							"uv": {
								"north": {"uv": [11, 32], "uv_size": [0.25, 0.5]},
								"east": {"uv": [23, 6], "uv_size": [1.25, 0.5]},
								"south": {"uv": [32, 11], "uv_size": [0.25, 0.5]},
								"west": {"uv": [23, 7], "uv_size": [1.25, 0.5]},
								"up": {"uv": [23, 26], "uv_size": [0.25, 1.25]},
								"down": {"uv": [26, 24.25], "uv_size": [0.25, -1.25]}
							}
						}
					]
				}
			]
		}
	]
}