{
	"format_version": "1.12.0",
	"minecraft:geometry": [
		{
			"description": {
				"identifier": "geometry.unknown",
				"texture_width": 64,
				"texture_height": 64,
				"visible_bounds_width": 3,
				"visible_bounds_height": 1.5,
				"visible_bounds_offset": [0, 0.25, 0]
			},
			"bones": [
				{
					"name": "mu73_bayonet",
					"pivot": [0, 0, 0.2],
					"rotation": [0, 0, 90],
					"cubes": [
						{
							"origin": [-0.7, -0.3, 0.2],
							"size": [0.2, 0.65, 1.75],
							"inflate": 0.003,
							"uv": {
								"north": {"uv": [6, 30], "uv_size": [0.5, 0.5]},
								"east": {"uv": [25, 4], "uv_size": [2, 0.5]},
								"south": {"uv": [30, 6], "uv_size": [0.5, 0.5]},
								"west": {"uv": [25, 5], "uv_size": [2, 0.5]},
								"up": {"uv": [3, 25], "uv_size": [0.5, 2]},
								"down": {"uv": [25, 25], "uv_size": [0.5, -2]}
							}
						},
						{
							"origin": [-0.44948, 0.20481, 0.2],
							"size": [0.2, 0.55, 1.75],
							"inflate": 0.003,
							"pivot": [-0.39948, 0.57981, 1.075],
							"rotation": [0, 0, 45],
							"uv": {
								"north": {"uv": [7, 30], "uv_size": [0.5, 0.5]},
								"east": {"uv": [25, 25], "uv_size": [2, 0.5]},
								"south": {"uv": [30, 7], "uv_size": [0.5, 0.5]},
								"west": {"uv": [26, 23], "uv_size": [2, 0.5]},
								"up": {"uv": [25, 26], "uv_size": [0.5, 2]},
								"down": {"uv": [26, 28], "uv_size": [0.5, -2]}
							}
						},
						{
							"origin": [-0.18609, 0.11391, 0.2],
							"size": [0.2, 0.65, 1.75],
							"inflate": 0.003,
							"pivot": [0.06391, 0.48891, 1.075],
							"rotation": [0, 0, 90],
							"uv": {
								"north": {"uv": [30, 8], "uv_size": [0.5, 0.5]},
								"east": {"uv": [26, 24], "uv_size": [2, 0.5]},
								"south": {"uv": [30, 9], "uv_size": [0.5, 0.5]},
								"west": {"uv": [27, 2], "uv_size": [2, 0.5]},
								"up": {"uv": [1, 27], "uv_size": [0.5, 2]},
								"down": {"uv": [3, 29], "uv_size": [0.5, -2]}
							}
						},
						{
							"origin": [0.36391, 0.21391, 0.2],
							"size": [1.42782, 0.45, 1.75],
							"inflate": 0.003,
							"pivot": [0.61391, 0.48891, 1.075],
							"rotation": [0, 0, 90],
							"uv": {
								"north": {"uv": [0, 29], "uv_size": [1.5, 0.5]},
								"east": {"uv": [27, 3], "uv_size": [2, 0.5]},
								"south": {"uv": [29, 0], "uv_size": [1.5, 0.5]},
								"west": {"uv": [4, 27], "uv_size": [2, 0.5]},
								"up": {"uv": [20, 20], "uv_size": [1.5, 2]},
								"down": {"uv": [21, 2], "uv_size": [1.5, -2]}
							}
						},
						{
							"origin": [0.2682, -0.65962, 0.2],
							"size": [0.22782, 0.45, 1.75],
							"inflate": 0.003,
							"pivot": [0.38211, -0.48462, 1.075],
							"rotation": [0, 0, 45],
							"uv": {
								"north": {"uv": [20, 30], "uv_size": [0.5, 0.5]},
								"east": {"uv": [27, 4], "uv_size": [2, 0.5]},
								"south": {"uv": [30, 20], "uv_size": [0.5, 0.5]},
								"west": {"uv": [27, 5], "uv_size": [2, 0.5]},
								"up": {"uv": [27, 6], "uv_size": [0.5, 2]},
								"down": {"uv": [20, 29], "uv_size": [0.5, -2]}
							}
						},
						{
							"origin": [0.33891, 0.28891, 0.2],
							"size": [0.22782, 0.45, 1.75],
							"inflate": 0.003,
							"pivot": [0.45282, 0.46391, 1.075],
							"rotation": [0, 0, -45],
							"uv": {
								"north": {"uv": [21, 30], "uv_size": [0.5, 0.5]},
								"east": {"uv": [27, 21], "uv_size": [2, 0.5]},
								"south": {"uv": [30, 21], "uv_size": [0.5, 0.5]},
								"west": {"uv": [27, 22], "uv_size": [2, 0.5]},
								"up": {"uv": [27, 25], "uv_size": [0.5, 2]},
								"down": {"uv": [27, 29], "uv_size": [0.5, -2]}
							}
						},
						{
							"origin": [1.11391, 0.21391, 0.2],
							"size": [0.82782, 1.05, 1.75],
							"inflate": 0.003,
							"pivot": [1.06391, 0.48891, 1.075],
							"rotation": [0, 0, 90],
							"uv": {
								"north": {"uv": [4, 28], "uv_size": [1, 1]},
								"east": {"uv": [20, 22], "uv_size": [2, 1]},
								"south": {"uv": [5, 28], "uv_size": [1, 1]},
								"west": {"uv": [22, 20], "uv_size": [2, 1]},
								"up": {"uv": [22, 21], "uv_size": [1, 2]},
								"down": {"uv": [0, 25], "uv_size": [1, -2]}
							}
						},
						{
							"origin": [0.98, -0.4, -1.5],
							"size": [0.6578, 0.85, 1.75],
							"inflate": 0.003,
							"pivot": [1.31391, 0.025, -0.625],
							"rotation": [0, 0, 90],
							"uv": {
								"north": {"uv": [29, 1], "uv_size": [0.5, 1]},
								"east": {"uv": [23, 0], "uv_size": [2, 1]},
								"south": {"uv": [2, 29], "uv_size": [0.5, 1]},
								"west": {"uv": [23, 1], "uv_size": [2, 1]},
								"up": {"uv": [28, 6], "uv_size": [0.5, 2]},
								"down": {"uv": [21, 30], "uv_size": [0.5, -2]}
							}
						},
						{
							"origin": [0.98, -0.27204, -2.54217],
							"size": [0.6578, 0.59407, 1.09217],
							"inflate": 0.002,
							"pivot": [1.31391, 0.025, -1.625],
							"rotation": [0, 0, 90],
							"uv": {
								"north": {"uv": [22, 30], "uv_size": [0.5, 0.5]},
								"east": {"uv": [29, 2], "uv_size": [1, 0.5]},
								"south": {"uv": [30, 22], "uv_size": [0.5, 0.5]},
								"west": {"uv": [3, 29], "uv_size": [1, 0.5]},
								"up": {"uv": [29, 3], "uv_size": [0.5, 1]},
								"down": {"uv": [4, 30], "uv_size": [0.5, -1]}
							}
						},
						{
							"origin": [0.64806, 0.00426, -2.54304],
							"size": [0.6578, 0.25, 1.05],
							"inflate": 0.003,
							"pivot": [0.97696, 0.03001, -2.00585],
							"rotation": [-7, 0, 90],
							"uv": {
								"north": {"uv": [23, 30], "uv_size": [0.5, 0.5]},
								"east": {"uv": [29, 4], "uv_size": [1, 0.5]},
								"south": {"uv": [30, 23], "uv_size": [0.5, 0.5]},
								"west": {"uv": [5, 29], "uv_size": [1, 0.5]},
								"up": {"uv": [29, 5], "uv_size": [0.5, 1]},
								"down": {"uv": [6, 30], "uv_size": [0.5, -1]}
							}
						},
						{
							"origin": [1.12196, 0.00426, -2.51867],
							"size": [0.6578, 0.25, 1.05],
							"inflate": 0.003,
							"pivot": [1.45086, 0.03001, -2.00585],
							"rotation": [7, 0, 90],
							"uv": {
								"north": {"uv": [24, 30], "uv_size": [0.5, 0.5]},
								"east": {"uv": [29, 6], "uv_size": [1, 0.5]},
								"south": {"uv": [30, 24], "uv_size": [0.5, 0.5]},
								"west": {"uv": [7, 29], "uv_size": [1, 0.5]},
								"up": {"uv": [29, 7], "uv_size": [0.5, 1]},
								"down": {"uv": [29, 9], "uv_size": [0.5, -1]}
							}
						},
						{
							"origin": [1.26391, 1.11391, 0.2],
							"size": [0.82782, 0.15, 0.55],
							"inflate": 0.003,
							"pivot": [1.21391, 0.48891, 1.075],
							"rotation": [0, 0, 90],
							"uv": {
								"north": {"uv": [29, 9], "uv_size": [1, 0.5]},
								"east": {"uv": [31, 20], "uv_size": [0.5, 0.5]},
								"south": {"uv": [20, 29], "uv_size": [1, 0.5]},
								"west": {"uv": [21, 31], "uv_size": [0.5, 0.5]},
								"up": {"uv": [29, 20], "uv_size": [1, 0.5]},
								"down": {"uv": [29, 21.5], "uv_size": [1, -0.5]}
							}
						},
						{
							"origin": [1.3, -0.15, 0.09393],
							"size": [0.82782, 0.34393, 0.10607],
							"inflate": 0.003,
							"pivot": [1.71391, 0.025, 0.125],
							"rotation": [0, 0, 90],
							"uv": {
								"north": {"uv": [22, 29], "uv_size": [1, 0.5]},
								"east": {"uv": [31, 21], "uv_size": [0.5, 0.5]},
								"south": {"uv": [29, 22], "uv_size": [1, 0.5]},
								"west": {"uv": [22, 31], "uv_size": [0.5, 0.5]},
								"up": {"uv": [23, 29], "uv_size": [1, 0.5]},
								"down": {"uv": [24, 29.5], "uv_size": [1, -0.5]}
							}
						},
						{
							"origin": [1.46893, -0.05, 0.125],
							"size": [0.82782, 0.15, 0.15],
							"inflate": 0.003,
							"pivot": [1.88284, 0.025, 0.2],
							"rotation": [-45, 0, 90],
							"uv": {
								"north": {"uv": [29, 24], "uv_size": [1, 0.5]},
								"east": {"uv": [31, 22], "uv_size": [0.5, 0.5]},
								"south": {"uv": [29, 25], "uv_size": [1, 0.5]},
								"west": {"uv": [23, 31], "uv_size": [0.5, 0.5]},
								"up": {"uv": [27, 29], "uv_size": [1, 0.5]},
								"down": {"uv": [29, 28.5], "uv_size": [1, -0.5]}
							}
						},
						{
							"origin": [1.46475, -0.05, 0.73786],
							"size": [0.82782, 0.15, 0.75],
							"inflate": 0.003,
							"pivot": [1.87866, 0.025, 1.01286],
							"rotation": [-7.5, 0, 90],
							"uv": {
								"north": {"uv": [29, 29], "uv_size": [1, 0.5]},
								"east": {"uv": [0, 30], "uv_size": [1, 0.5]},
								"south": {"uv": [1, 30], "uv_size": [1, 0.5]},
								"west": {"uv": [30, 1], "uv_size": [1, 0.5]},
								"up": {"uv": [28, 20], "uv_size": [1, 1]},
								"down": {"uv": [22, 29], "uv_size": [1, -1]}
							}
						},
						{
							"origin": [1.5, -0.05, 1.4],
							"size": [0.82782, 0.15, 0.55],
							"inflate": 0.003,
							"pivot": [1.91391, 0.025, 1.675],
							"rotation": [0, 0, 90],
							"uv": {
								"north": {"uv": [2, 30], "uv_size": [1, 0.5]},
								"east": {"uv": [31, 23], "uv_size": [0.5, 0.5]},
								"south": {"uv": [30, 2], "uv_size": [1, 0.5]},
								"west": {"uv": [24, 31], "uv_size": [0.5, 0.5]},
								"up": {"uv": [3, 30], "uv_size": [1, 0.5]},
								"down": {"uv": [30, 3.5], "uv_size": [1, -0.5]}
							}
						},
						{
							"origin": [-0.18609, -0.71391, 0.2],
							"size": [0.2, 0.65, 1.75],
							"inflate": 0.003,
							"pivot": [0.06391, -0.43891, 1.075],
							"rotation": [0, 0, -90],
							"uv": {
								"north": {"uv": [31, 24], "uv_size": [0.5, 0.5]},
								"east": {"uv": [23, 28], "uv_size": [2, 0.5]},
								"south": {"uv": [25, 31], "uv_size": [0.5, 0.5]},
								"west": {"uv": [28, 23], "uv_size": [2, 0.5]},
								"up": {"uv": [28, 24], "uv_size": [0.5, 2]},
								"down": {"uv": [25, 30], "uv_size": [0.5, -2]}
							}
						},
						{
							"origin": [-0.44948, -0.70481, 0.2],
							"size": [0.2, 0.55, 1.75],
							"inflate": 0.003,
							"pivot": [-0.39948, -0.52981, 1.075],
							"rotation": [0, 0, -45],
							"uv": {
								"north": {"uv": [31, 25], "uv_size": [0.5, 0.5]},
								"east": {"uv": [28, 26], "uv_size": [2, 0.5]},
								"south": {"uv": [26, 31], "uv_size": [0.5, 0.5]},
								"west": {"uv": [28, 27], "uv_size": [2, 0.5]},
								"up": {"uv": [26, 28], "uv_size": [0.5, 2]},
								"down": {"uv": [28, 30], "uv_size": [0.5, -2]}
							}
						},
						{
							"origin": [1.1, -0.45, 0.8],
							"size": [0.4, 0.95, 0.4],
							"inflate": 0.003,
							"pivot": [1.3, 0.025, 1],
							"rotation": [0, 45, 0],
							"uv": {
								"north": {"uv": [4, 30], "uv_size": [0.5, 1]},
								"east": {"uv": [30, 4], "uv_size": [0.5, 1]},
								"south": {"uv": [5, 30], "uv_size": [0.5, 1]},
								"west": {"uv": [30, 5], "uv_size": [0.5, 1]},
								"up": {"uv": [31, 26], "uv_size": [0.5, 0.5]},
								"down": {"uv": [27, 31.5], "uv_size": [0.5, -0.5]}
							}
						}
					]
				},
				{
					"name": "bone22",
					"parent": "mu73_bayonet",
					"pivot": [1.22019, -0.0931, -11.725],
					"cubes": [
						{
							"origin": [0.62405, -0.88655, -22.2],
							"size": [0.62782, 0.15, 20.95],
							"inflate": 0.003,
							"pivot": [1.43041, -0.53558, -22.2],
							"rotation": [0, 0, 112.5],
							"uv": {
								"north": {"uv": [25, 30], "uv_size": [0.5, 0.5]},
								"east": {"uv": [0, 0], "uv_size": [21, 0.5]},
								"south": {"uv": [30, 25], "uv_size": [0.5, 0.5]},
								"west": {"uv": [0, 1], "uv_size": [21, 0.5]},
								"up": {"uv": [0, 2], "uv_size": [0.5, 21]},
								"down": {"uv": [1, 23], "uv_size": [0.5, -21]}
							}
						},
						{
							"origin": [1.21284, 0.16555, -25.63879],
							"size": [0.22782, 0.15, 3.45],
							"inflate": 0.003,
							"pivot": [1.31493, 0.14817, -23.86646],
							"rotation": [0, -4, 112.5],
							"uv": {
								"north": {"uv": [26, 30], "uv_size": [0.5, 0.5]},
								"east": {"uv": [23, 2], "uv_size": [3.5, 0.5]},
								"south": {"uv": [30, 26], "uv_size": [0.5, 0.5]},
								"west": {"uv": [23, 3], "uv_size": [3.5, 0.5]},
								"up": {"uv": [1, 23], "uv_size": [0.5, 3.5]},
								"down": {"uv": [20, 26.5], "uv_size": [0.5, -3.5]}
							}
						},
						{
							"origin": [1.14898, 0.01139, -25.63716],
							"size": [0.22782, 0.15, 3.45],
							"inflate": 0.003,
							"pivot": [1.25107, -0.006, -23.85949],
							"rotation": [0, 4, 112.5],
							"uv": {
								"north": {"uv": [27, 30], "uv_size": [0.5, 0.5]},
								"east": {"uv": [21, 23], "uv_size": [3.5, 0.5]},
								"south": {"uv": [30, 27], "uv_size": [0.5, 0.5]},
								"west": {"uv": [23, 21], "uv_size": [3.5, 0.5]},
								"up": {"uv": [21, 24], "uv_size": [0.5, 3.5]},
								"down": {"uv": [22, 27.5], "uv_size": [0.5, -3.5]}
							}
						},
						{
							"origin": [1.04239, -0.01173, -22.2],
							"size": [0.62782, 0.15, 20.95],
							"inflate": 0.003,
							"pivot": [1.26391, 0.025, -11.725],
							"rotation": [0, 0, 22.5],
							"uv": {
								"north": {"uv": [28, 30], "uv_size": [0.5, 0.5]},
								"east": {"uv": [2, 2], "uv_size": [21, 0.5]},
								"south": {"uv": [30, 28], "uv_size": [0.5, 0.5]},
								"west": {"uv": [2, 3], "uv_size": [21, 0.5]},
								"up": {"uv": [2, 4], "uv_size": [0.5, 21]},
								"down": {"uv": [3, 25], "uv_size": [0.5, -21]}
							}
						},
						{
							"origin": [1.11302, 0.02111, -25.64548],
							"size": [0.32782, 0.15, 3.45],
							"inflate": 0.003,
							"pivot": [1.18462, 0.05784, -23.66645],
							"rotation": [0, -2.5, 22.5],
							"uv": {
								"north": {"uv": [29, 30], "uv_size": [0.5, 0.5]},
								"east": {"uv": [23, 22], "uv_size": [3.5, 0.5]},
								"south": {"uv": [30, 29], "uv_size": [0.5, 0.5]},
								"west": {"uv": [24, 20], "uv_size": [3.5, 0.5]},
								"up": {"uv": [23, 24], "uv_size": [0.5, 3.5]},
								"down": {"uv": [24, 27.5], "uv_size": [0.5, -3.5]}
							}
						},
						{
							"origin": [1.23575, -0.0409, -25.776],
							"size": [0.23111, 0.15, 0.23111],
							"inflate": 0.002,
							"pivot": [1.33433, -0.00417, -25.65456],
							"rotation": [0, -45, 22.5],
							"uv": {
								"north": {"uv": [30, 30], "uv_size": [0.5, 0.5]},
								"east": {"uv": [0, 31], "uv_size": [0.5, 0.5]},
								"south": {"uv": [31, 0], "uv_size": [0.5, 0.5]},
								"west": {"uv": [1, 31], "uv_size": [0.5, 0.5]},
								"up": {"uv": [31, 1], "uv_size": [0.5, 0.5]},
								"down": {"uv": [2, 31.5], "uv_size": [0.5, -0.5]}
							}
						},
						{
							"origin": [1.27158, -0.04457, -25.63742],
							"size": [0.32782, 0.15, 3.45],
							"inflate": 0.002,
							"pivot": [1.34319, -0.00784, -23.66645],
							"rotation": [0, 2.5, 22.5],
							"uv": {
								"north": {"uv": [31, 2], "uv_size": [0.5, 0.5]},
								"east": {"uv": [25, 0], "uv_size": [3.5, 0.5]},
								"south": {"uv": [3, 31], "uv_size": [0.5, 0.5]},
								"west": {"uv": [25, 1], "uv_size": [3.5, 0.5]},
								"up": {"uv": [0, 25], "uv_size": [0.5, 3.5]},
								"down": {"uv": [2, 28.5], "uv_size": [0.5, -3.5]}
							}
						},
						{
							"origin": [0.83558, -0.2974, -22.2],
							"size": [0.22782, 0.15, 20.95],
							"inflate": 0.003,
							"pivot": [1.14949, -0.3224, -11.725],
							"rotation": [0, 0, 90],
							"uv": {
								"north": {"uv": [31, 3], "uv_size": [0.5, 0.5]},
								"east": {"uv": [4, 4], "uv_size": [21, 0.5]},
								"south": {"uv": [4, 31], "uv_size": [0.5, 0.5]},
								"west": {"uv": [4, 5], "uv_size": [21, 0.5]},
								"up": {"uv": [4, 6], "uv_size": [0.5, 21]},
								"down": {"uv": [5, 27], "uv_size": [0.5, -21]}
							}
						},
						{
							"origin": [1.06442, -0.0026, -22.2],
							"size": [0.22782, 0.15, 20.95],
							"inflate": 0.003,
							"pivot": [1.37833, -0.0276, -11.725],
							"rotation": [0, 0, 90],
							"uv": {
								"north": {"uv": [31, 4], "uv_size": [0.5, 0.5]},
								"east": {"uv": [6, 6], "uv_size": [21, 0.5]},
								"south": {"uv": [5, 31], "uv_size": [0.5, 0.5]},
								"west": {"uv": [6, 7], "uv_size": [21, 0.5]},
								"up": {"uv": [6, 8], "uv_size": [0.5, 21]},
								"down": {"uv": [7, 29], "uv_size": [0.5, -21]}
							}
						},
						{
							"origin": [0.977, -0.09739, -22.2],
							"size": [0.22782, 0.15, 20.95],
							"inflate": 0.003,
							"pivot": [1.22019, -0.0931, -11.725],
							"rotation": [0, 0, 45],
							"uv": {
								"north": {"uv": [31, 5], "uv_size": [0.5, 0.5]},
								"east": {"uv": [8, 8], "uv_size": [21, 0.5]},
								"south": {"uv": [6, 31], "uv_size": [0.5, 0.5]},
								"west": {"uv": [8, 9], "uv_size": [21, 0.5]},
								"up": {"uv": [8, 10], "uv_size": [0.5, 21]},
								"down": {"uv": [9, 31], "uv_size": [0.5, -21]}
							}
						},
						{
							"origin": [1.34727, -0.14403, -22.2],
							"size": [0.22782, 0.15, 20.95],
							"inflate": 0.003,
							"pivot": [1.59047, -0.13975, -11.725],
							"rotation": [0, 0, 45],
							"uv": {
								"north": {"uv": [31, 6], "uv_size": [0.5, 0.5]},
								"east": {"uv": [10, 10], "uv_size": [21, 0.5]},
								"south": {"uv": [7, 31], "uv_size": [0.5, 0.5]},
								"west": {"uv": [10, 11], "uv_size": [21, 0.5]},
								"up": {"uv": [10, 12], "uv_size": [0.5, 21]},
								"down": {"uv": [11, 33], "uv_size": [0.5, -21]}
							}
						},
						{
							"origin": [1.1026, 0.06442, -22.2],
							"size": [0.22782, 0.15, 20.95],
							"inflate": 0.003,
							"uv": {
								"north": {"uv": [31, 7], "uv_size": [0.5, 0.5]},
								"east": {"uv": [12, 12], "uv_size": [21, 0.5]},
								"south": {"uv": [8, 31], "uv_size": [0.5, 0.5]},
								"west": {"uv": [12, 13], "uv_size": [21, 0.5]},
								"up": {"uv": [12, 14], "uv_size": [0.5, 21]},
								"down": {"uv": [13, 35], "uv_size": [0.5, -21]}
							}
						},
						{
							"origin": [1.3974, -0.16442, -22.2],
							"size": [0.22782, 0.15, 20.95],
							"inflate": 0.003,
							"uv": {
								"north": {"uv": [31, 8], "uv_size": [0.5, 0.5]},
								"east": {"uv": [14, 14], "uv_size": [21, 0.5]},
								"south": {"uv": [9, 31], "uv_size": [0.5, 0.5]},
								"west": {"uv": [14, 15], "uv_size": [21, 0.5]},
								"up": {"uv": [14, 16], "uv_size": [0.5, 21]},
								"down": {"uv": [15, 37], "uv_size": [0.5, -21]}
							}
						},
						{
							"origin": [1.18546, 0.20585, -22.2],
							"size": [0.22782, 0.15, 20.95],
							"inflate": 0.003,
							"pivot": [1.42865, 0.35156, -11.725],
							"rotation": [0, 0, -45],
							"uv": {
								"north": {"uv": [31, 9], "uv_size": [0.5, 0.5]},
								"east": {"uv": [16, 16], "uv_size": [21, 0.5]},
								"south": {"uv": [31, 10], "uv_size": [0.5, 0.5]},
								"west": {"uv": [16, 17], "uv_size": [21, 0.5]},
								"up": {"uv": [16, 18], "uv_size": [0.5, 21]},
								"down": {"uv": [17, 39], "uv_size": [0.5, -21]}
							}
						},
						{
							"origin": [1.13881, -0.16443, -22.2],
							"size": [0.22782, 0.15, 20.95],
							"inflate": 0.003,
							"pivot": [1.38201, -0.01872, -11.725],
							"rotation": [0, 0, -45],
							"uv": {
								"north": {"uv": [31, 11], "uv_size": [0.5, 0.5]},
								"east": {"uv": [18, 18], "uv_size": [21, 0.5]},
								"south": {"uv": [20, 31], "uv_size": [0.5, 0.5]},
								"west": {"uv": [18, 19], "uv_size": [21, 0.5]},
								"up": {"uv": [18, 20], "uv_size": [0.5, 21]},
								"down": {"uv": [19, 41], "uv_size": [0.5, -21]}
							}
						}
					]
				}
			]
		}
	]
}