{
	"format_version": "1.12.0",
	"minecraft:geometry": [
		{
			"description": {
				"identifier": "geometry.unknown",
				"texture_width": 64,
				"texture_height": 64,
				"visible_bounds_width": 17,
				"visible_bounds_height": 11,
				"visible_bounds_offset": [0, 0.5, 0]
			},
			"bones": [
				{
					"name": "scope_body",
					"pivot": [0, -11.75, -4.125]
				},
				{
					"name": "bone2",
					"parent": "scope_body",
					"pivot": [0, 1.375, 1.25348],
					"cubes": [
						{
							"origin": [-0.25888, 0.75, -4.0625],
							"size": [0.51776, 1.25, 9],
							"pivot": [0, 1.375, -0.3125],
							"rotation": [0, 0, 45],
							"uv": {
								"north": {"uv": [6, 30], "uv_size": [0.5, 1.5]},
								"south": {"uv": [8, 30], "uv_size": [0.5, 1.5]},
								"up": {"uv": [0, 0], "uv_size": [0.5, 6]},
								"down": {"uv": [2, 6], "uv_size": [0.5, -6]}
							}
						},
						{
							"origin": [-0.25888, 0.75, -4.0625],
							"size": [0.51776, 1.25, 9],
							"uv": {
								"north": {"uv": [17, 30], "uv_size": [0.5, 1.5]},
								"south": {"uv": [30, 19], "uv_size": [0.5, 1.5]},
								"up": {"uv": [4, 0], "uv_size": [0.5, 6]},
								"down": {"uv": [6, 6], "uv_size": [0.5, -6]}
							}
						},
						{
							"origin": [-0.625, 1.11612, -4.0625],
							"size": [1.25, 0.51776, 9],
							"pivot": [0, 1.375, -0.3125],
							"rotation": [0, 0, 45],
							"uv": {
								"north": {"uv": [30, 8], "uv_size": [1.5, 0.5]},
								"east": {"uv": [0, 7], "uv_size": [6, 0.5]},
								"south": {"uv": [30, 22], "uv_size": [1.5, 0.5]},
								"west": {"uv": [7, 7], "uv_size": [6, 0.5]}
							}
						},
						{
							"origin": [-0.625, 1.11612, -4.0625],
							"size": [1.25, 0.51776, 9],
							"uv": {
								"north": {"uv": [30, 24], "uv_size": [1.5, 0.5]},
								"east": {"uv": [8, 0], "uv_size": [6, 0.5]},
								"south": {"uv": [30, 26], "uv_size": [1.5, 0.5]},
								"west": {"uv": [8, 2], "uv_size": [6, 0.5]}
							}
						},
						{
							"origin": [-0.75, 1.06434, 3.25],
							"size": [1.5, 0.62132, 0.875],
							"uv": {
								"north": {"uv": [2, 32], "uv_size": [1.5, 0.5]},
								"east": {"uv": [41, 18], "uv_size": [0.5, 0.5]},
								"south": {"uv": [32, 10], "uv_size": [1.5, 0.5]},
								"west": {"uv": [20, 41], "uv_size": [0.5, 0.5]},
								"up": {"uv": [32, 15], "uv_size": [1.5, 0.5]},
								"down": {"uv": [32, 19.5], "uv_size": [1.5, -0.5]}
							}
						},
						{
							"origin": [-0.75, 1.06434, 3.25],
							"size": [1.5, 0.62132, 0.875],
							"pivot": [0, 1.375, 3.5],
							"rotation": [0, 0, 45],
							"uv": {
								"north": {"uv": [31, 6], "uv_size": [1.5, 0.5]},
								"east": {"uv": [41, 14], "uv_size": [0.5, 0.5]},
								"south": {"uv": [31, 17], "uv_size": [1.5, 0.5]},
								"west": {"uv": [41, 16], "uv_size": [0.5, 0.5]},
								"up": {"uv": [26, 31], "uv_size": [1.5, 0.5]},
								"down": {"uv": [29, 31.5], "uv_size": [1.5, -0.5]}
							}
						},
						{
							"origin": [-0.31066, 0.625, 3.25],
							"size": [0.62132, 1.5, 0.875],
							"uv": {
								"north": {"uv": [12, 31], "uv_size": [0.5, 1.5]},
								"east": {"uv": [31, 12], "uv_size": [0.5, 1.5]},
								"south": {"uv": [14, 31], "uv_size": [0.5, 1.5]},
								"west": {"uv": [19, 31], "uv_size": [0.5, 1.5]},
								"up": {"uv": [41, 8], "uv_size": [0.5, 0.5]},
								"down": {"uv": [10, 41.5], "uv_size": [0.5, -0.5]}
							}
						},
						{
							"origin": [-0.31066, 0.625, 3.25],
							"size": [0.62132, 1.5, 0.875],
							"pivot": [0, 1.375, 3.5],
							"rotation": [0, 0, 45],
							"uv": {
								"north": {"uv": [0, 31], "uv_size": [0.5, 1.5]},
								"east": {"uv": [31, 0], "uv_size": [0.5, 1.5]},
								"south": {"uv": [31, 3], "uv_size": [0.5, 1.5]},
								"west": {"uv": [10, 31], "uv_size": [0.5, 1.5]},
								"up": {"uv": [41, 6], "uv_size": [0.5, 0.5]},
								"down": {"uv": [8, 41.5], "uv_size": [0.5, -0.5]}
							}
						}
					]
				},
				{
					"name": "bone7",
					"parent": "bone2",
					"pivot": [0, 1.375, -4.76442],
					"cubes": [
						{
							"origin": [-0.26095, 0.7325, -7.09702],
							"size": [0.5219, 0.07875, 2.97],
							"pivot": [0, 1.3625, -3.49139],
							"rotation": [0, 0, 45],
							"uv": {
								"north": {"uv": [35, 39], "uv_size": [1, 0.5]},
								"south": {"uv": [40, 0], "uv_size": [1, 0.5]},
								"up": {"uv": [10, 24], "uv_size": [1, 1.5]},
								"down": {"uv": [24, 11.5], "uv_size": [1, -1.5]}
							}
						},
						{
							"origin": [-0.26095, 0.7325, -7.09702],
							"size": [0.5219, 0.07875, 2.97],
							"uv": {
								"north": {"uv": [40, 2], "uv_size": [1, 0.5]},
								"south": {"uv": [40, 4], "uv_size": [1, 0.5]},
								"up": {"uv": [12, 24], "uv_size": [1, 1.5]},
								"down": {"uv": [14, 25.5], "uv_size": [1, -1.5]}
							}
						},
						{
							"origin": [-0.26095, 1.91375, -7.09702],
							"size": [0.5219, 0.07875, 2.97],
							"pivot": [0, 1.3625, -3.49139],
							"rotation": [0, 0, 45],
							"uv": {
								"north": {"uv": [40, 10], "uv_size": [1, 0.5]},
								"south": {"uv": [12, 40], "uv_size": [1, 0.5]},
								"up": {"uv": [16, 24], "uv_size": [1, 1.5]},
								"down": {"uv": [23, 25.5], "uv_size": [1, -1.5]}
							}
						},
						{
							"origin": [-0.26095, 1.91375, -7.09702],
							"size": [0.5219, 0.07875, 2.97],
							"uv": {
								"north": {"uv": [40, 12], "uv_size": [1, 0.5]},
								"south": {"uv": [14, 40], "uv_size": [1, 0.5]},
								"up": {"uv": [25, 0], "uv_size": [1, 1.5]},
								"down": {"uv": [18, 26.5], "uv_size": [1, -1.5]}
							}
						},
						{
							"origin": [0.55125, 1.10155, -7.09702],
							"size": [0.07875, 0.5219, 2.97],
							"pivot": [0, 1.3625, -3.49139],
							"rotation": [0, 0, 45],
							"uv": {
								"north": {"uv": [16, 40], "uv_size": [0.5, 1]},
								"east": {"uv": [24, 13], "uv_size": [1.5, 1]},
								"south": {"uv": [18, 40], "uv_size": [0.5, 1]},
								"west": {"uv": [20, 25], "uv_size": [1.5, 1]}
							}
						},
						{
							"origin": [0.55125, 1.10155, -7.09702],
							"size": [0.07875, 0.5219, 2.97],
							"uv": {
								"north": {"uv": [40, 22], "uv_size": [0.5, 1]},
								"east": {"uv": [25, 21], "uv_size": [1.5, 1]},
								"south": {"uv": [23, 40], "uv_size": [0.5, 1]},
								"west": {"uv": [25, 23], "uv_size": [1.5, 1]}
							}
						},
						{
							"origin": [-0.63, 1.10155, -7.09702],
							"size": [0.07875, 0.5219, 2.97],
							"pivot": [0, 1.3625, -3.49139],
							"rotation": [0, 0, 45],
							"uv": {
								"north": {"uv": [25, 40], "uv_size": [0.5, 1]},
								"east": {"uv": [25, 25], "uv_size": [1.5, 1]},
								"south": {"uv": [27, 40], "uv_size": [0.5, 1]},
								"west": {"uv": [26, 3], "uv_size": [1.5, 1]}
							}
						},
						{
							"origin": [-0.63, 1.10155, -7.09702],
							"size": [0.07875, 0.5219, 2.97],
							"uv": {
								"north": {"uv": [29, 40], "uv_size": [0.5, 1]},
								"east": {"uv": [4, 26], "uv_size": [1.5, 1]},
								"south": {"uv": [31, 40], "uv_size": [0.5, 1]},
								"west": {"uv": [7, 26], "uv_size": [1.5, 1]}
							}
						}
					]
				},
				{
					"name": "bone5",
					"parent": "bone2",
					"pivot": [0, 2.5, -1.9375],
					"cubes": [
						{
							"origin": [-0.25, 1.9375, -2.625],
							"size": [0.5, 0.3125, 0.3125],
							"uv": {
								"north": {"uv": [41, 30], "uv_size": [0.5, 0.5]},
								"east": {"uv": [41, 32], "uv_size": [0.5, 0.5]},
								"south": {"uv": [33, 41], "uv_size": [0.5, 0.5]},
								"west": {"uv": [41, 34], "uv_size": [0.5, 0.5]},
								"up": {"uv": [35, 41], "uv_size": [0.5, 0.5]},
								"down": {"uv": [41, 40.5], "uv_size": [0.5, -0.5]}
							}
						},
						{
							"origin": [-0.25, 1.9375, -3.25],
							"size": [0.5, 0.3125, 0.125],
							"uv": {
								"north": {"uv": [41, 30], "uv_size": [0.5, 0.5]},
								"east": {"uv": [41, 32], "uv_size": [0.5, 0.5]},
								"south": {"uv": [33, 41], "uv_size": [0.5, 0.5]},
								"west": {"uv": [41, 34], "uv_size": [0.5, 0.5]},
								"up": {"uv": [35, 41], "uv_size": [0.5, 0.5]},
								"down": {"uv": [41, 40.5], "uv_size": [0.5, -0.5]}
							}
						},
						{
							"origin": [-0.25, 1.9375, -3.125],
							"size": [0.5, 0.1875, 0.5],
							"uv": {
								"north": {"uv": [41, 30], "uv_size": [0.5, 0.5]},
								"east": {"uv": [41, 32], "uv_size": [0.5, 0.5]},
								"south": {"uv": [33, 41], "uv_size": [0.5, 0.5]},
								"west": {"uv": [41, 34], "uv_size": [0.5, 0.5]},
								"up": {"uv": [35, 41], "uv_size": [0.5, 0.5]},
								"down": {"uv": [41, 40.5], "uv_size": [0.5, -0.5]}
							}
						}
					]
				},
				{
					"name": "knob",
					"parent": "bone2",
					"pivot": [0, 2.20313, -2.875],
					"cubes": [
						{
							"origin": [-0.09061, 1.97656, -3.09375],
							"size": [0.18122, 0.375, 0.4375],
							"pivot": [0, 2.25781, -2.875],
							"rotation": [0, -45, 0],
							"uv": {
								"north": {"uv": [34, 37], "uv_size": [0.5, 1]},
								"east": {"uv": [28, 20], "uv_size": [1, 1]},
								"south": {"uv": [37, 34], "uv_size": [0.5, 1]},
								"west": {"uv": [28, 22], "uv_size": [1, 1]},
								"up": {"uv": [36, 37], "uv_size": [0.5, 1]},
								"down": {"uv": [38, 1], "uv_size": [0.5, -1]}
							}
						},
						{
							"origin": [-0.09061, 1.97656, -3.09375],
							"size": [0.18122, 0.375, 0.4375],
							"uv": {
								"north": {"uv": [38, 2], "uv_size": [0.5, 1]},
								"east": {"uv": [28, 24], "uv_size": [1, 1]},
								"south": {"uv": [38, 4], "uv_size": [0.5, 1]},
								"west": {"uv": [0, 29], "uv_size": [1, 1]},
								"up": {"uv": [38, 10], "uv_size": [0.5, 1]},
								"down": {"uv": [38, 13], "uv_size": [0.5, -1]}
							}
						},
						{
							"origin": [-0.21875, 1.97656, -2.96561],
							"size": [0.4375, 0.375, 0.18122],
							"pivot": [0, 2.25781, -2.875],
							"rotation": [0, -45, 0],
							"uv": {
								"north": {"uv": [29, 0], "uv_size": [1, 1]},
								"east": {"uv": [13, 38], "uv_size": [0.5, 1]},
								"south": {"uv": [29, 2], "uv_size": [1, 1]},
								"west": {"uv": [15, 38], "uv_size": [0.5, 1]},
								"up": {"uv": [17, 38], "uv_size": [1, 0.5]},
								"down": {"uv": [19, 38.5], "uv_size": [1, -0.5]}
							}
						},
						{
							"origin": [-0.21875, 1.97656, -2.96561],
							"size": [0.4375, 0.375, 0.18122],
							"uv": {
								"north": {"uv": [29, 4], "uv_size": [1, 1]},
								"east": {"uv": [38, 22], "uv_size": [0.5, 1]},
								"south": {"uv": [29, 6], "uv_size": [1, 1]},
								"west": {"uv": [23, 38], "uv_size": [0.5, 1]},
								"up": {"uv": [25, 38], "uv_size": [1, 0.5]},
								"down": {"uv": [27, 38.5], "uv_size": [1, -0.5]}
							}
						},
						{
							"origin": [-0.25, 2.16406, -2.97855],
							"size": [0.5, 0.15625, 0.20711],
							"uv": {
								"north": {"uv": [39, 14], "uv_size": [1, 0.5]},
								"east": {"uv": [14, 42], "uv_size": [0.5, 0.5]},
								"south": {"uv": [39, 16], "uv_size": [1, 0.5]},
								"west": {"uv": [16, 42], "uv_size": [0.5, 0.5]},
								"up": {"uv": [39, 18], "uv_size": [1, 0.5]},
								"down": {"uv": [39, 20.5], "uv_size": [1, -0.5]}
							}
						},
						{
							"origin": [-0.25, 2.16406, -2.97855],
							"size": [0.5, 0.15625, 0.20711],
							"pivot": [0, 2.38281, -2.875],
							"rotation": [0, -45, 0],
							"uv": {
								"north": {"uv": [39, 6], "uv_size": [1, 0.5]},
								"east": {"uv": [12, 42], "uv_size": [0.5, 0.5]},
								"south": {"uv": [8, 39], "uv_size": [1, 0.5]},
								"west": {"uv": [42, 12], "uv_size": [0.5, 0.5]},
								"up": {"uv": [39, 8], "uv_size": [1, 0.5]},
								"down": {"uv": [10, 39.5], "uv_size": [1, -0.5]}
							}
						},
						{
							"origin": [-0.10355, 2.16406, -3.125],
							"size": [0.20711, 0.15625, 0.5],
							"uv": {
								"north": {"uv": [42, 4], "uv_size": [0.5, 0.5]},
								"east": {"uv": [0, 39], "uv_size": [1, 0.5]},
								"south": {"uv": [42, 10], "uv_size": [0.5, 0.5]},
								"west": {"uv": [2, 39], "uv_size": [1, 0.5]},
								"up": {"uv": [4, 39], "uv_size": [0.5, 1]},
								"down": {"uv": [6, 40], "uv_size": [0.5, -1]}
							}
						},
						{
							"origin": [-0.10355, 2.16406, -3.125],
							"size": [0.20711, 0.15625, 0.5],
							"pivot": [0, 2.38281, -2.875],
							"rotation": [0, -45, 0],
							"uv": {
								"north": {"uv": [42, 0], "uv_size": [0.5, 0.5]},
								"east": {"uv": [29, 38], "uv_size": [1, 0.5]},
								"south": {"uv": [42, 2], "uv_size": [0.5, 0.5]},
								"west": {"uv": [31, 38], "uv_size": [1, 0.5]},
								"up": {"uv": [38, 36], "uv_size": [0.5, 1]},
								"down": {"uv": [38, 39], "uv_size": [0.5, -1]}
							}
						}
					]
				},
				{
					"name": "mount",
					"parent": "scope_body",
					"pivot": [0, 1.375, -0.375]
				},
				{
					"name": "1",
					"parent": "mount",
					"pivot": [-0.92207, 1.07609, -0.28125],
					"cubes": [
						{
							"origin": [-0.31066, 0.625, -0.875],
							"size": [0.62132, 1.5, 0.75],
							"pivot": [0, 1.375, -0.375],
							"rotation": [0, 0, 45],
							"uv": {
								"north": {"uv": [21, 32], "uv_size": [0.5, 1.5]},
								"east": {"uv": [22, 9], "uv_size": [1, 1.5]},
								"south": {"uv": [23, 32], "uv_size": [0.5, 1.5]},
								"west": {"uv": [22, 12], "uv_size": [1, 1.5]},
								"up": {"uv": [19, 36], "uv_size": [0.5, 1]},
								"down": {"uv": [3, 38], "uv_size": [0.5, -1]}
							}
						},
						{
							"origin": [-0.31066, 0.625, -0.875],
							"size": [0.62132, 1.5, 0.75],
							"uv": {
								"north": {"uv": [32, 28], "uv_size": [0.5, 1.5]},
								"east": {"uv": [21, 22], "uv_size": [1, 1.5]},
								"south": {"uv": [32, 31], "uv_size": [0.5, 1.5]},
								"west": {"uv": [23, 0], "uv_size": [1, 1.5]},
								"up": {"uv": [5, 37], "uv_size": [0.5, 1]},
								"down": {"uv": [37, 7], "uv_size": [0.5, -1]}
							}
						},
						{
							"origin": [-0.75, 1.06434, -0.875],
							"size": [1.5, 0.62132, 0.75],
							"pivot": [0, 1.375, -0.375],
							"rotation": [0, 0, 45],
							"uv": {
								"north": {"uv": [33, 0], "uv_size": [1.5, 0.5]},
								"east": {"uv": [37, 14], "uv_size": [1, 0.5]},
								"south": {"uv": [33, 2], "uv_size": [1.5, 0.5]},
								"west": {"uv": [37, 16], "uv_size": [1, 0.5]},
								"up": {"uv": [23, 15], "uv_size": [1.5, 1]},
								"down": {"uv": [23, 18], "uv_size": [1.5, -1]}
							}
						},
						{
							"origin": [-0.75, 1.06434, -0.875],
							"size": [1.5, 0.62132, 0.75],
							"uv": {
								"north": {"uv": [33, 4], "uv_size": [1.5, 0.5]},
								"east": {"uv": [37, 18], "uv_size": [1, 0.5]},
								"south": {"uv": [5, 33], "uv_size": [1.5, 0.5]},
								"west": {"uv": [37, 20], "uv_size": [1, 0.5]},
								"up": {"uv": [18, 23], "uv_size": [1.5, 1]},
								"down": {"uv": [23, 20], "uv_size": [1.5, -1]}
							}
						},
						{
							"origin": [-0.5625, 0.1875, -0.875],
							"size": [1.125, 0.375, 0.75],
							"inflate": 0.002,
							"uv": {
								"north": {"uv": [40, 36], "uv_size": [1, 0.5]},
								"east": {"uv": [37, 40], "uv_size": [1, 0.5]},
								"south": {"uv": [40, 38], "uv_size": [1, 0.5]},
								"west": {"uv": [39, 40], "uv_size": [1, 0.5]},
								"up": {"uv": [10, 29], "uv_size": [1, 1]},
								"down": {"uv": [29, 18], "uv_size": [1, -1]}
							}
						},
						{
							"origin": [-0.25, -0.5, -0.875],
							"size": [0.1875, 0.6875, 0.75],
							"inflate": 0.002,
							"uv": {
								"north": {"uv": [40, 36], "uv_size": [1, 0.5]},
								"east": {"uv": [37, 40], "uv_size": [1, 0.5]},
								"south": {"uv": [40, 38], "uv_size": [1, 0.5]},
								"west": {"uv": [39, 40], "uv_size": [1, 0.5]},
								"up": {"uv": [10, 29], "uv_size": [1, 1]},
								"down": {"uv": [29, 18], "uv_size": [1, -1]}
							}
						},
						{
							"origin": [-0.375, -0.5, -0.875],
							"size": [0.125, 0.125, 0.75],
							"inflate": 0.002,
							"uv": {
								"north": {"uv": [40, 36], "uv_size": [1, 0.5]},
								"east": {"uv": [37, 40], "uv_size": [1, 0.5]},
								"south": {"uv": [40, 38], "uv_size": [1, 0.5]},
								"west": {"uv": [39, 40], "uv_size": [1, 0.5]},
								"up": {"uv": [10, 29], "uv_size": [1, 1]},
								"down": {"uv": [29, 18], "uv_size": [1, -1]}
							}
						},
						{
							"origin": [-0.3125, -0.25, -0.625],
							"size": [0.375, 0.25, 0.25],
							"pivot": [-0.25, -0.125, -0.5],
							"rotation": [-45, 0, 0],
							"uv": {
								"north": {"uv": [18, 34], "uv_size": [1.5, 0.5]},
								"east": {"uv": [18, 42], "uv_size": [0.5, 0.5]},
								"south": {"uv": [34, 28], "uv_size": [1.5, 0.5]},
								"west": {"uv": [22, 42], "uv_size": [0.5, 0.5]},
								"up": {"uv": [34, 30], "uv_size": [1.5, 0.5]},
								"down": {"uv": [32, 34.5], "uv_size": [1.5, -0.5]}
							}
						},
						{
							"origin": [0.83682, 0.95109, -0.8125],
							"size": [0.10799, 0.1875, 0.1875],
							"pivot": [0.92207, 1.01359, -0.71875],
							"rotation": [-45, 0, -45],
							"uv": {
								"north": {"uv": [37, 42], "uv_size": [0.5, 0.5]},
								"east": {"uv": [42, 38], "uv_size": [0.5, 0.5]},
								"south": {"uv": [39, 42], "uv_size": [0.5, 0.5]},
								"west": {"uv": [41, 42], "uv_size": [0.5, 0.5]},
								"up": {"uv": [0, 43], "uv_size": [0.5, 0.5]},
								"down": {"uv": [2, 43.5], "uv_size": [0.5, -0.5]}
							}
						},
						{
							"origin": [-0.90717, 0.21967, -0.875],
							"size": [1.4205, 1.4205, 0.75],
							"pivot": [-0.03217, 1.14017, -0.5],
							"rotation": [0, 0, -45],
							"uv": {
								"north": {"uv": [18, 20], "uv_size": [1.5, 1.5]},
								"east": {"uv": [27, 0], "uv_size": [1, 1.5]},
								"south": {"uv": [0, 21], "uv_size": [1.5, 1.5]},
								"west": {"uv": [27, 5], "uv_size": [1, 1.5]},
								"up": {"uv": [27, 8], "uv_size": [1.5, 1]},
								"down": {"uv": [10, 28], "uv_size": [1.5, -1]}
							}
						},
						{
							"origin": [0.83682, 0.95109, -0.375],
							"size": [0.10799, 0.1875, 0.1875],
							"pivot": [0.92207, 1.01359, -0.28125],
							"rotation": [45, 0, -45],
							"uv": {
								"north": {"uv": [44, 10], "uv_size": [0.5, 0.5]},
								"east": {"uv": [12, 44], "uv_size": [0.5, 0.5]},
								"south": {"uv": [44, 12], "uv_size": [0.5, 0.5]},
								"west": {"uv": [14, 44], "uv_size": [0.5, 0.5]},
								"up": {"uv": [16, 44], "uv_size": [0.5, 0.5]},
								"down": {"uv": [18, 44.5], "uv_size": [0.5, -0.5]}
							}
						},
						{
							"origin": [-0.94481, 0.95109, -0.8125],
							"size": [0.10799, 0.1875, 0.1875],
							"pivot": [-0.92207, 1.01359, -0.71875],
							"rotation": [-45, 0, 45],
							"uv": {
								"north": {"uv": [20, 45], "uv_size": [0.5, 0.5]},
								"east": {"uv": [45, 20], "uv_size": [0.5, 0.5]},
								"south": {"uv": [45, 24], "uv_size": [0.5, 0.5]},
								"west": {"uv": [45, 26], "uv_size": [0.5, 0.5]},
								"up": {"uv": [45, 28], "uv_size": [0.5, 0.5]},
								"down": {"uv": [45, 30.5], "uv_size": [0.5, -0.5]}
							}
						},
						{
							"origin": [-0.94481, 0.95109, -0.375],
							"size": [0.10799, 0.1875, 0.1875],
							"pivot": [-0.92207, 1.01359, -0.28125],
							"rotation": [45, 0, 45],
							"uv": {
								"north": {"uv": [32, 45], "uv_size": [0.5, 0.5]},
								"east": {"uv": [45, 32], "uv_size": [0.5, 0.5]},
								"south": {"uv": [34, 45], "uv_size": [0.5, 0.5]},
								"west": {"uv": [45, 34], "uv_size": [0.5, 0.5]},
								"up": {"uv": [45, 40], "uv_size": [0.5, 0.5]},
								"down": {"uv": [45, 42.5], "uv_size": [0.5, -0.5]}
							}
						}
					]
				},
				{
					"name": "2",
					"parent": "mount",
					"pivot": [-0.92207, 1.07609, -4.46875],
					"cubes": [
						{
							"origin": [-0.31066, 0.625, -4.625],
							"size": [0.62132, 1.5, 0.75],
							"pivot": [0, 1.375, -4.125],
							"rotation": [0, 0, 45],
							"uv": {
								"north": {"uv": [28, 33], "uv_size": [0.5, 1.5]},
								"east": {"uv": [23, 21], "uv_size": [1, 1.5]},
								"south": {"uv": [30, 33], "uv_size": [0.5, 1.5]},
								"west": {"uv": [0, 24], "uv_size": [1, 1.5]},
								"up": {"uv": [21, 39], "uv_size": [0.5, 1]},
								"down": {"uv": [39, 25], "uv_size": [0.5, -1]}
							}
						},
						{
							"origin": [-0.31066, 0.625, -4.625],
							"size": [0.62132, 1.5, 0.75],
							"uv": {
								"north": {"uv": [0, 34], "uv_size": [0.5, 1.5]},
								"east": {"uv": [2, 24], "uv_size": [1, 1.5]},
								"south": {"uv": [2, 34], "uv_size": [0.5, 1.5]},
								"west": {"uv": [24, 3], "uv_size": [1, 1.5]},
								"up": {"uv": [39, 26], "uv_size": [0.5, 1]},
								"down": {"uv": [39, 29], "uv_size": [0.5, -1]}
							}
						},
						{
							"origin": [-0.75, 1.06434, -4.625],
							"size": [1.5, 0.62132, 0.75],
							"pivot": [0, 1.375, -4.125],
							"rotation": [0, 0, 45],
							"uv": {
								"north": {"uv": [34, 6], "uv_size": [1.5, 0.5]},
								"east": {"uv": [39, 30], "uv_size": [1, 0.5]},
								"south": {"uv": [10, 34], "uv_size": [1.5, 0.5]},
								"west": {"uv": [39, 32], "uv_size": [1, 0.5]},
								"up": {"uv": [4, 24], "uv_size": [1.5, 1]},
								"down": {"uv": [24, 7], "uv_size": [1.5, -1]}
							}
						},
						{
							"origin": [-0.75, 1.06434, -4.625],
							"size": [1.5, 0.62132, 0.75],
							"uv": {
								"north": {"uv": [13, 34], "uv_size": [1.5, 0.5]},
								"east": {"uv": [33, 39], "uv_size": [1, 0.5]},
								"south": {"uv": [34, 17], "uv_size": [1.5, 0.5]},
								"west": {"uv": [39, 34], "uv_size": [1, 0.5]},
								"up": {"uv": [7, 24], "uv_size": [1.5, 1]},
								"down": {"uv": [24, 9], "uv_size": [1.5, -1]}
							}
						},
						{
							"origin": [-0.625, 0.25, -4.3125],
							"size": [1.25, 0.125, 0.125],
							"pivot": [0, 0.3125, -4.25],
							"rotation": [-45, 0, 0],
							"uv": {
								"north": {"uv": [34, 32], "uv_size": [1.5, 0.5]},
								"east": {"uv": [43, 14], "uv_size": [0.5, 0.5]},
								"south": {"uv": [4, 35], "uv_size": [1.5, 0.5]},
								"west": {"uv": [43, 16], "uv_size": [0.5, 0.5]},
								"up": {"uv": [35, 10], "uv_size": [1.5, 0.5]},
								"down": {"uv": [35, 12.5], "uv_size": [1.5, -0.5]}
							}
						},
						{
							"origin": [-0.5625, 0.1875, -4.625],
							"size": [1.125, 0.375, 0.75],
							"inflate": 0.002,
							"uv": {
								"north": {"uv": [0, 41], "uv_size": [1, 0.5]},
								"east": {"uv": [2, 41], "uv_size": [1, 0.5]},
								"south": {"uv": [4, 41], "uv_size": [1, 0.5]},
								"west": {"uv": [6, 41], "uv_size": [1, 0.5]},
								"up": {"uv": [2, 30], "uv_size": [1, 1]},
								"down": {"uv": [4, 31], "uv_size": [1, -1]}
							}
						},
						{
							"origin": [-0.9375, 0.5, -4.625],
							"size": [0.125, 0.3125, 2.0625],
							"inflate": 0.002,
							"uv": {
								"north": {"uv": [0, 41], "uv_size": [1, 0.5]},
								"east": {"uv": [2, 41], "uv_size": [1, 0.5]},
								"south": {"uv": [4, 41], "uv_size": [1, 0.5]},
								"west": {"uv": [6, 41], "uv_size": [1, 0.5]},
								"up": {"uv": [2, 30], "uv_size": [1, 1]},
								"down": {"uv": [4, 31], "uv_size": [1, -1]}
							}
						},
						{
							"origin": [-1.5, 0.625, -4.625],
							"size": [0.5625, 0.1875, 2.0625],
							"inflate": 0.002,
							"uv": {
								"north": {"uv": [0, 41], "uv_size": [1, 0.5]},
								"east": {"uv": [2, 41], "uv_size": [1, 0.5]},
								"south": {"uv": [4, 41], "uv_size": [1, 0.5]},
								"west": {"uv": [6, 41], "uv_size": [1, 0.5]},
								"up": {"uv": [2, 30], "uv_size": [1, 1]},
								"down": {"uv": [4, 31], "uv_size": [1, -1]}
							}
						},
						{
							"origin": [-1.625, 0.5, -4.625],
							"size": [0.125, 0.3125, 2.0625],
							"inflate": 0.002,
							"uv": {
								"north": {"uv": [0, 41], "uv_size": [1, 0.5]},
								"east": {"uv": [2, 41], "uv_size": [1, 0.5]},
								"south": {"uv": [4, 41], "uv_size": [1, 0.5]},
								"west": {"uv": [6, 41], "uv_size": [1, 0.5]},
								"up": {"uv": [2, 30], "uv_size": [1, 1]},
								"down": {"uv": [4, 31], "uv_size": [1, -1]}
							}
						},
						{
							"origin": [-0.90717, 0.21967, -4.625],
							"size": [1.4205, 1.4205, 0.75],
							"pivot": [-0.03217, 1.14017, -4.25],
							"rotation": [0, 0, -45],
							"uv": {
								"north": {"uv": [11, 4], "uv_size": [1.5, 1.5]},
								"east": {"uv": [26, 10], "uv_size": [1, 1.5]},
								"south": {"uv": [20, 16], "uv_size": [1.5, 1.5]},
								"west": {"uv": [26, 15], "uv_size": [1, 1.5]},
								"up": {"uv": [26, 18], "uv_size": [1.5, 1]},
								"down": {"uv": [0, 28], "uv_size": [1.5, -1]}
							}
						},
						{
							"origin": [0.83682, 0.95109, -4.125],
							"size": [0.10799, 0.1875, 0.1875],
							"pivot": [0.92207, 1.01359, -4.03125],
							"rotation": [45, 0, -45],
							"uv": {
								"north": {"uv": [22, 44], "uv_size": [0.5, 0.5]},
								"east": {"uv": [44, 22], "uv_size": [0.5, 0.5]},
								"south": {"uv": [24, 44], "uv_size": [0.5, 0.5]},
								"west": {"uv": [26, 44], "uv_size": [0.5, 0.5]},
								"up": {"uv": [28, 44], "uv_size": [0.5, 0.5]},
								"down": {"uv": [30, 44.5], "uv_size": [0.5, -0.5]}
							}
						},
						{
							"origin": [0.83682, 0.95109, -4.5625],
							"size": [0.10799, 0.1875, 0.1875],
							"pivot": [0.92207, 1.01359, -4.46875],
							"rotation": [-45, 0, -45],
							"uv": {
								"north": {"uv": [36, 44], "uv_size": [0.5, 0.5]},
								"east": {"uv": [44, 36], "uv_size": [0.5, 0.5]},
								"south": {"uv": [38, 44], "uv_size": [0.5, 0.5]},
								"west": {"uv": [44, 38], "uv_size": [0.5, 0.5]},
								"up": {"uv": [40, 44], "uv_size": [0.5, 0.5]},
								"down": {"uv": [42, 44.5], "uv_size": [0.5, -0.5]}
							}
						},
						{
							"origin": [-0.94481, 0.95109, -4.125],
							"size": [0.10799, 0.1875, 0.1875],
							"pivot": [-0.92207, 1.01359, -4.03125],
							"rotation": [45, 0, 45],
							"uv": {
								"north": {"uv": [44, 44], "uv_size": [0.5, 0.5]},
								"east": {"uv": [0, 45], "uv_size": [0.5, 0.5]},
								"south": {"uv": [2, 45], "uv_size": [0.5, 0.5]},
								"west": {"uv": [4, 45], "uv_size": [0.5, 0.5]},
								"up": {"uv": [6, 45], "uv_size": [0.5, 0.5]},
								"down": {"uv": [45, 6.5], "uv_size": [0.5, -0.5]}
							}
						},
						{
							"origin": [-0.94481, 0.95109, -4.5625],
							"size": [0.10799, 0.1875, 0.1875],
							"pivot": [-0.92207, 1.01359, -4.46875],
							"rotation": [-45, 0, 45],
							"uv": {
								"north": {"uv": [8, 45], "uv_size": [0.5, 0.5]},
								"east": {"uv": [45, 8], "uv_size": [0.5, 0.5]},
								"south": {"uv": [10, 45], "uv_size": [0.5, 0.5]},
								"west": {"uv": [45, 14], "uv_size": [0.5, 0.5]},
								"up": {"uv": [45, 16], "uv_size": [0.5, 0.5]},
								"down": {"uv": [45, 18.5], "uv_size": [0.5, -0.5]}
							}
						}
					]
				},
				{
					"name": "lens",
					"parent": "scope_body",
					"pivot": [0, 1.375, -7.375],
					"cubes": [
						{
							"origin": [-0.22834, 0.82375, -7.00202],
							"size": [0.45667, 1.1025, 0],
							"pivot": [0, 1.375, -6.68702],
							"rotation": [0, 0, 45],
							"uv": {
								"north": {"uv": [22, 29], "uv_size": [0.5, 2]}
							}
						},
						{
							"origin": [-0.22834, 0.82375, -7.00202],
							"size": [0.45667, 1.1025, 0],
							"uv": {
								"north": {"uv": [24, 29], "uv_size": [0.5, 2]}
							}
						},
						{
							"origin": [-0.55125, 1.14666, -7.00202],
							"size": [1.1025, 0.45667, 0],
							"pivot": [0, 1.375, -6.68702],
							"rotation": [0, 0, 45],
							"uv": {
								"north": {"uv": [26, 29], "uv_size": [2, 0.5]}
							}
						},
						{
							"origin": [-0.55125, 1.14666, -7.00202],
							"size": [1.1025, 0.45667, 0],
							"uv": {
								"north": {"uv": [29, 29], "uv_size": [2, 0.5]}
							}
						},
						{
							"origin": [-0.47176, 0.90324, -7.00128],
							"size": [0.94352, 0.94352, -0.00148],
							"inflate": 0.002,
							"pivot": [0, 1.375, -7.00202],
							"rotation": [0, 0, -22.5],
							"uv": {
								"north": {"uv": [8, 4], "uv_size": [1.5, 1.5]}
							}
						}
					]
				},
				{
					"name": "oculars",
					"pivot": [0, 1.375, 2.8125]
				},
				{
					"name": "ocular",
					"parent": "oculars",
					"pivot": [0, 1.375, 2.8125],
					"cubes": [
						{
							"origin": [-0.21806, 0.8494, 4.95565],
							"size": [0.43612, 1.0512, 0.0012],
							"inflate": -0.002,
							"pivot": [0, 1.375, 4.60625],
							"rotation": [0, 0, 45],
							"uv": {
								"south": {"uv": [35, 14], "uv_size": [0.5, 1.5]}
							}
						},
						{
							"origin": [-0.21776, 0.8497, 4.95595],
							"size": [0.43552, 1.0506, 0.0006],
							"inflate": -0.001,
							"uv": {
								"south": {"uv": [35, 19], "uv_size": [0.5, 1.5]}
							}
						},
						{
							"origin": [-0.5256, 1.15694, 4.95565],
							"size": [1.0512, 0.43612, 0.0012],
							"inflate": -0.002,
							"pivot": [0, 1.375, 4.60625],
							"rotation": [0, 0, 45],
							"uv": {
								"south": {"uv": [21, 35], "uv_size": [1.5, 0.5]}
							}
						},
						{
							"origin": [-0.5247, 1.15784, 4.95655],
							"size": [1.0494, 0.43432, -0.0006],
							"inflate": 0.001,
							"uv": {
								"south": {"uv": [35, 22], "uv_size": [1.5, 0.5]}
							}
						}
					]
				},
				{
					"name": "ocular_ring",
					"pivot": [0, 1.375, 3.75],
					"cubes": [
						{
							"origin": [-0.25371, 0.7625, 4.9125],
							"size": [0.50742, 0.0875, 0.175],
							"pivot": [0, 1.375, 5.2625],
							"rotation": [0, 0, 45],
							"uv": {
								"north": {"uv": [1, 2], "uv_size": [0.5, 0.5]},
								"south": {"uv": [3, 0], "uv_size": [0.5, 0.5]},
								"up": {"uv": [1, 3], "uv_size": [0.5, 0.5]},
								"down": {"uv": [3, 1.5], "uv_size": [0.5, -0.5]}
							}
						},
						{
							"origin": [-0.25371, 0.7625, 4.9125],
							"size": [0.50742, 0.0875, 0.175],
							"uv": {
								"north": {"uv": [3, 2], "uv_size": [0.5, 0.5]},
								"south": {"uv": [3, 3], "uv_size": [0.5, 0.5]},
								"up": {"uv": [1, 4], "uv_size": [0.5, 0.5]},
								"down": {"uv": [3, 4.5], "uv_size": [0.5, -0.5]}
							}
						},
						{
							"origin": [-0.25371, 1.9, 4.9125],
							"size": [0.50742, 0.0875, 0.175],
							"pivot": [0, 1.375, 5.2625],
							"rotation": [0, 0, 45],
							"uv": {
								"north": {"uv": [5, 0], "uv_size": [0.5, 0.5]},
								"south": {"uv": [1, 5], "uv_size": [0.5, 0.5]},
								"up": {"uv": [5, 1], "uv_size": [0.5, 0.5]},
								"down": {"uv": [5, 2.5], "uv_size": [0.5, -0.5]}
							}
						},
						{
							"origin": [-0.25371, 1.9, 4.9125],
							"size": [0.50742, 0.0875, 0.175],
							"uv": {
								"north": {"uv": [3, 5], "uv_size": [0.5, 0.5]},
								"south": {"uv": [5, 3], "uv_size": [0.5, 0.5]},
								"up": {"uv": [5, 4], "uv_size": [0.5, 0.5]},
								"down": {"uv": [5, 5.5], "uv_size": [0.5, -0.5]}
							}
						},
						{
							"origin": [0.525, 1.12129, 4.9125],
							"size": [0.0875, 0.50742, 0.175],
							"pivot": [0, 1.375, 5.2625],
							"rotation": [0, 0, 45],
							"uv": {
								"north": {"uv": [0, 6], "uv_size": [0.5, 0.5]},
								"east": {"uv": [1, 6], "uv_size": [0.5, 0.5]},
								"south": {"uv": [2, 6], "uv_size": [0.5, 0.5]},
								"west": {"uv": [3, 6], "uv_size": [0.5, 0.5]}
							}
						},
						{
							"origin": [0.525, 1.12129, 4.9125],
							"size": [0.0875, 0.50742, 0.175],
							"uv": {
								"north": {"uv": [4, 6], "uv_size": [0.5, 0.5]},
								"east": {"uv": [5, 6], "uv_size": [0.5, 0.5]},
								"south": {"uv": [6, 6], "uv_size": [0.5, 0.5]},
								"west": {"uv": [7, 0], "uv_size": [0.5, 0.5]}
							}
						},
						{
							"origin": [-0.6125, 1.12129, 4.9125],
							"size": [0.0875, 0.50742, 0.175],
							"pivot": [0, 1.375, 5.2625],
							"rotation": [0, 0, 45],
							"uv": {
								"north": {"uv": [7, 1], "uv_size": [0.5, 0.5]},
								"east": {"uv": [7, 2], "uv_size": [0.5, 0.5]},
								"south": {"uv": [7, 3], "uv_size": [0.5, 0.5]},
								"west": {"uv": [7, 4], "uv_size": [0.5, 0.5]}
							}
						},
						{
							"origin": [-0.6125, 1.12129, 4.9125],
							"size": [0.0875, 0.50742, 0.175],
							"uv": {
								"north": {"uv": [7, 5], "uv_size": [0.5, 0.5]},
								"east": {"uv": [6, 7], "uv_size": [0.5, 0.5]},
								"south": {"uv": [7, 6], "uv_size": [0.5, 0.5]},
								"west": {"uv": [0, 8], "uv_size": [0.5, 0.5]}
							}
						},
						{
							"origin": [-0.12246, 0.7625, 4.9125],
							"size": [0.24492, 0.0875, 0.175],
							"pivot": [0, 1.375, 5],
							"rotation": [0, 0, -22.5],
							"uv": {
								"north": {"uv": [8, 6], "uv_size": [0.5, 0.5]},
								"south": {"uv": [7, 8], "uv_size": [0.5, 0.5]},
								"up": {"uv": [8, 8], "uv_size": [0.5, 0.5]},
								"down": {"uv": [1, 9.5], "uv_size": [0.5, -0.5]}
							}
						},
						{
							"origin": [-0.12246, 1.9, 4.9125],
							"size": [0.24492, 0.0875, 0.175],
							"pivot": [0, 1.375, 5],
							"rotation": [0, 0, -22.5],
							"uv": {
								"north": {"uv": [10, 4], "uv_size": [0.5, 0.5]},
								"south": {"uv": [5, 10], "uv_size": [0.5, 0.5]},
								"up": {"uv": [10, 5], "uv_size": [0.5, 0.5]},
								"down": {"uv": [10, 6.5], "uv_size": [0.5, -0.5]}
							}
						},
						{
							"origin": [-0.12246, 0.7625, 4.9125],
							"size": [0.24492, 0.0875, 0.175],
							"pivot": [0, 1.375, 5],
							"rotation": [0, 0, -67.5],
							"uv": {
								"north": {"uv": [9, 1], "uv_size": [0.5, 0.5]},
								"south": {"uv": [3, 9], "uv_size": [0.5, 0.5]},
								"up": {"uv": [9, 3], "uv_size": [0.5, 0.5]},
								"down": {"uv": [5, 9.5], "uv_size": [0.5, -0.5]}
							}
						},
						{
							"origin": [-0.12246, 1.9, 4.9125],
							"size": [0.24492, 0.0875, 0.175],
							"pivot": [0, 1.375, 5],
							"rotation": [0, 0, -67.5],
							"uv": {
								"north": {"uv": [7, 10], "uv_size": [0.5, 0.5]},
								"south": {"uv": [10, 8], "uv_size": [0.5, 0.5]},
								"up": {"uv": [9, 10], "uv_size": [0.5, 0.5]},
								"down": {"uv": [1, 11.5], "uv_size": [0.5, -0.5]}
							}
						},
						{
							"origin": [-0.12246, 0.7625, 4.9125],
							"size": [0.24492, 0.0875, 0.175],
							"pivot": [0, 1.375, 5],
							"rotation": [0, 0, -112.5],
							"uv": {
								"north": {"uv": [9, 6], "uv_size": [0.5, 0.5]},
								"south": {"uv": [7, 9], "uv_size": [0.5, 0.5]},
								"up": {"uv": [9, 8], "uv_size": [0.5, 0.5]},
								"down": {"uv": [9, 9.5], "uv_size": [0.5, -0.5]}
							}
						},
						{
							"origin": [-0.12246, 1.9, 4.9125],
							"size": [0.24492, 0.0875, 0.175],
							"pivot": [0, 1.375, 5],
							"rotation": [0, 0, -112.5],
							"uv": {
								"north": {"uv": [1, 8], "uv_size": [0.5, 0.5]},
								"south": {"uv": [8, 1], "uv_size": [0.5, 0.5]},
								"up": {"uv": [2, 8], "uv_size": [0.5, 0.5]},
								"down": {"uv": [3, 8.5], "uv_size": [0.5, -0.5]}
							}
						},
						{
							"origin": [-0.12246, 0.7625, 4.9125],
							"size": [0.24492, 0.0875, 0.175],
							"pivot": [0, 1.375, 5],
							"rotation": [0, 0, -157.5],
							"uv": {
								"north": {"uv": [1, 10], "uv_size": [0.5, 0.5]},
								"south": {"uv": [10, 1], "uv_size": [0.5, 0.5]},
								"up": {"uv": [3, 10], "uv_size": [0.5, 0.5]},
								"down": {"uv": [10, 3.5], "uv_size": [0.5, -0.5]}
							}
						},
						{
							"origin": [-0.12246, 1.9, 4.9125],
							"size": [0.24492, 0.0875, 0.175],
							"pivot": [0, 1.375, 5],
							"rotation": [0, 0, -157.5],
							"uv": {
								"north": {"uv": [8, 3], "uv_size": [0.5, 0.5]},
								"south": {"uv": [4, 8], "uv_size": [0.5, 0.5]},
								"up": {"uv": [5, 8], "uv_size": [0.5, 0.5]},
								"down": {"uv": [6, 8.5], "uv_size": [0.5, -0.5]}
							}
						}
					]
				},
				{
					"name": "divisions",
					"pivot": [0, 0.1875, -37.125]
				},
				{
					"name": "division",
					"parent": "divisions",
					"pivot": [0, -0.5778, -133.125],
					"cubes": [
						{
							"origin": [-76, -74.625, -136.875],
							"size": [50, 152, 0],
							"uv": {
								"south": {"uv": [16, 58], "uv_size": [0.5, 1]}
							}
						},
						{
							"origin": [26, -74.625, -136.875],
							"size": [50, 152, 0],
							"uv": {
								"south": {"uv": [16.5, 58], "uv_size": [-0.5, 1]}
							}
						},
						{
							"origin": [-26, 27.375, -136.875],
							"size": [52, 50, 0],
							"uv": {
								"south": {"uv": [16, 58], "uv_size": [0.5, 1]}
							}
						},
						{
							"origin": [-26, -74.625, -136.875],
							"size": [52, 50, 0],
							"uv": {
								"south": {"uv": [16, 58], "uv_size": [0.5, 1]}
							}
						}
					]
				},
				{
					"name": "bone",
					"parent": "division",
					"pivot": [0, 1.375, -136.875],
					"cubes": [
						{
							"origin": [-8.17172, 17.375, -136.875],
							"size": [16.34344, 16, 0],
							"pivot": [0, 1.375, -136.875],
							"rotation": [0, 0, -22.5],
							"uv": {
								"south": {"uv": [16, 58], "uv_size": [1, 1]}
							}
						},
						{
							"origin": [-5.17172, 17.375, -136.875],
							"size": [10.34344, 21, 0],
							"pivot": [0, 1.375, -136.875],
							"rotation": [0, 0, -45],
							"uv": {
								"south": {"uv": [16, 58], "uv_size": [0.5, 1]}
							}
						},
						{
							"origin": [-8.17172, 17.375, -136.875],
							"size": [16.34344, 16, 0],
							"pivot": [0, 1.375, -136.875],
							"rotation": [0, 0, -67.5],
							"uv": {
								"south": {"uv": [16, 58], "uv_size": [1, 1]}
							}
						},
						{
							"origin": [-8.17172, 17.375, -136.875],
							"size": [16.34344, 16, 0],
							"pivot": [0, 1.375, -136.875],
							"rotation": [0, 0, -112.5],
							"uv": {
								"south": {"uv": [16, 58], "uv_size": [1, 1]}
							}
						},
						{
							"origin": [-5.17172, 17.375, -136.875],
							"size": [10.34344, 21, 0],
							"pivot": [0, 1.375, -136.875],
							"rotation": [0, 0, -135],
							"uv": {
								"south": {"uv": [16, 58], "uv_size": [0.5, 1]}
							}
						},
						{
							"origin": [-8.17172, 17.375, -136.875],
							"size": [16.34344, 16, 0],
							"pivot": [0, 1.375, -136.875],
							"rotation": [0, 0, -157.5],
							"uv": {
								"south": {"uv": [16, 58], "uv_size": [1, 1]}
							}
						},
						{
							"origin": [-8.17172, 17.375, -136.875],
							"size": [16.34344, 16, 0],
							"pivot": [0, 1.375, -136.875],
							"rotation": [0, 0, 157.5],
							"uv": {
								"south": {"uv": [16, 58], "uv_size": [1, 1]}
							}
						},
						{
							"origin": [-5.17172, 17.375, -136.875],
							"size": [10.34344, 21, 0],
							"pivot": [0, 1.375, -136.875],
							"rotation": [0, 0, 135],
							"uv": {
								"south": {"uv": [16, 58], "uv_size": [0.5, 1]}
							}
						},
						{
							"origin": [-8.17172, 17.375, -136.875],
							"size": [16.34344, 16, 0],
							"pivot": [0, 1.375, -136.875],
							"rotation": [0, 0, 112.5],
							"uv": {
								"south": {"uv": [16, 58], "uv_size": [1, 1]}
							}
						},
						{
							"origin": [-8.17172, 17.375, -136.875],
							"size": [16.34344, 16, 0],
							"pivot": [0, 1.375, -136.875],
							"rotation": [0, 0, 67.5],
							"uv": {
								"south": {"uv": [16, 58], "uv_size": [1, 1]}
							}
						},
						{
							"origin": [-5.17172, 17.375, -136.875],
							"size": [10.34344, 21, 0],
							"pivot": [0, 1.375, -136.875],
							"rotation": [0, 0, 45],
							"uv": {
								"south": {"uv": [16, 58], "uv_size": [0.5, 1]}
							}
						},
						{
							"origin": [-8.17172, 17.375, -136.875],
							"size": [16.34344, 16, 0],
							"pivot": [0, 1.375, -136.875],
							"rotation": [0, 0, 22.5],
							"uv": {
								"south": {"uv": [16, 58], "uv_size": [1, 1]}
							}
						}
					]
				},
				{
					"name": "bone3",
					"parent": "division",
					"pivot": [0, 1.375, -136.875],
					"cubes": [
						{
							"origin": [-5.17172, 17.375, -136.875],
							"size": [10.34344, 10, 0],
							"pivot": [0, 1.375, -136.875],
							"rotation": [0, 0, -90],
							"uv": {
								"south": {"uv": [16, 58], "uv_size": [0.5, 1]}
							}
						},
						{
							"origin": [-5.17172, 17.375, -136.875],
							"size": [10.34344, 10, 0],
							"pivot": [0, 1.375, -136.875],
							"rotation": [0, 0, -146.25],
							"uv": {
								"south": {"uv": [16, 58], "uv_size": [0.5, 1]}
							}
						},
						{
							"origin": [-5.17172, 17.375, -136.875],
							"size": [10.34344, 10, 0],
							"pivot": [0, 1.375, -136.875],
							"rotation": [0, 0, -123.75],
							"uv": {
								"south": {"uv": [16, 58], "uv_size": [0.5, 1]}
							}
						},
						{
							"origin": [-5.17172, 17.375, -136.875],
							"size": [10.34344, 10, 0],
							"pivot": [0, 1.375, -136.875],
							"rotation": [0, 0, -101.25],
							"uv": {
								"south": {"uv": [16, 58], "uv_size": [0.5, 1]}
							}
						},
						{
							"origin": [-5.17172, 17.375, -136.875],
							"size": [10.34344, 10, 0],
							"pivot": [0, 1.375, -136.875],
							"rotation": [0, 0, -78.75],
							"uv": {
								"south": {"uv": [16, 58], "uv_size": [0.5, 1]}
							}
						},
						{
							"origin": [-5.17172, 17.375, -136.875],
							"size": [10.34344, 10, 0],
							"pivot": [0, 1.375, -136.875],
							"rotation": [0, 0, -56.25],
							"uv": {
								"south": {"uv": [16, 58], "uv_size": [0.5, 1]}
							}
						},
						{
							"origin": [-5.17172, 17.375, -136.875],
							"size": [10.34344, 10, 0],
							"pivot": [0, 1.375, -136.875],
							"rotation": [0, 0, -33.75],
							"uv": {
								"south": {"uv": [16, 58], "uv_size": [0.5, 1]}
							}
						},
						{
							"origin": [-5.17172, 17.375, -136.875],
							"size": [10.34344, 10, 0],
							"uv": {
								"south": {"uv": [16, 58], "uv_size": [0.5, 1]}
							}
						},
						{
							"origin": [-5.17172, 17.375, -136.875],
							"size": [10.34344, 10, 0],
							"pivot": [0, 1.375, -136.875],
							"rotation": [0, 0, 33.75],
							"uv": {
								"south": {"uv": [16.5, 58], "uv_size": [-0.5, 1]}
							}
						},
						{
							"origin": [-5.17172, 17.375, -136.875],
							"size": [10.34344, 10, 0],
							"pivot": [0, 1.375, -136.875],
							"rotation": [0, 0, 56.25],
							"uv": {
								"south": {"uv": [16.5, 58], "uv_size": [-0.5, 1]}
							}
						},
						{
							"origin": [-5.17172, 17.375, -136.875],
							"size": [10.34344, 10, 0],
							"pivot": [0, 1.375, -136.875],
							"rotation": [0, 0, 78.75],
							"uv": {
								"south": {"uv": [16.5, 58], "uv_size": [-0.5, 1]}
							}
						},
						{
							"origin": [-5.17172, 17.375, -136.875],
							"size": [10.34344, 10, 0],
							"pivot": [0, 1.375, -136.875],
							"rotation": [0, 0, 101.25],
							"uv": {
								"south": {"uv": [16.5, 58], "uv_size": [-0.5, 1]}
							}
						},
						{
							"origin": [-5.17172, 17.375, -136.875],
							"size": [10.34344, 10, 0],
							"pivot": [0, 1.375, -136.875],
							"rotation": [0, 0, 123.75],
							"uv": {
								"south": {"uv": [16.5, 58], "uv_size": [-0.5, 1]}
							}
						},
						{
							"origin": [-5.17172, 17.375, -136.875],
							"size": [10.34344, 10, 0],
							"pivot": [0, 1.375, -136.875],
							"rotation": [0, 0, 146.25],
							"uv": {
								"south": {"uv": [16.5, 58], "uv_size": [-0.5, 1]}
							}
						},
						{
							"origin": [-5.17172, 17.375, -136.875],
							"size": [10.34344, 10, 0],
							"pivot": [0, 1.375, -136.875],
							"rotation": [0, 0, 90],
							"uv": {
								"south": {"uv": [16.5, 58], "uv_size": [-0.5, 1]}
							}
						},
						{
							"origin": [-5.17172, 17.375, -136.875],
							"size": [10.34344, 10, 0],
							"pivot": [0, 1.375, -136.875],
							"rotation": [0, 0, -11.25],
							"uv": {
								"south": {"uv": [16, 58], "uv_size": [0.5, 1]}
							}
						},
						{
							"origin": [-5.17172, 17.375, -136.875],
							"size": [10.34344, 10, 0],
							"uv": {
								"south": {"uv": [16, 58], "uv_size": [0.5, 1]}
							}
						},
						{
							"origin": [-5.17172, 17.375, -136.875],
							"size": [10.34344, 10, 0],
							"pivot": [0, 1.375, -136.875],
							"rotation": [0, 0, 11.25],
							"uv": {
								"south": {"uv": [16.5, 58], "uv_size": [-0.5, 1]}
							}
						},
						{
							"origin": [-5.17172, 17.375, -136.875],
							"size": [10.34344, 10, 0],
							"uv": {
								"south": {"uv": [16, 58], "uv_size": [0.5, 1]}
							}
						},
						{
							"origin": [-5.17172, 17.375, -136.875],
							"size": [10.34344, 10, 0],
							"pivot": [0, 1.375, -136.875],
							"rotation": [0, 0, -180],
							"uv": {
								"south": {"uv": [16, 58], "uv_size": [0.5, 1]}
							}
						},
						{
							"origin": [-5.17172, 17.375, -136.875],
							"size": [10.34344, 10, 0],
							"pivot": [0, 1.375, -136.875],
							"rotation": [0, 0, 168.75],
							"uv": {
								"south": {"uv": [16, 58], "uv_size": [0.5, 1]}
							}
						},
						{
							"origin": [-5.17172, 17.375, -136.875],
							"size": [10.34344, 10, 0],
							"pivot": [0, 1.375, -136.875],
							"rotation": [0, 0, -168.75],
							"uv": {
								"south": {"uv": [16.5, 58], "uv_size": [-0.5, 1]}
							}
						}
					]
				},
				{
					"name": "bone4",
					"parent": "division",
					"pivot": [0, 1.37501, -136.875],
					"cubes": [
						{
							"origin": [0, 1.25001, -136.875],
							"size": [16, 0.24999, 0],
							"uv": {
								"south": {"uv": [16, 58], "uv_size": [0.5, 1]}
							}
						},
						{
							"origin": [-16, 1.25001, -136.875],
							"size": [16, 0.24999, 0],
							"uv": {
								"south": {"uv": [16, 58], "uv_size": [0.5, 1]}
							}
						},
						{
							"origin": [-25.81249, 13.43752, -136.875],
							"size": [16, 0.24999, 0],
							"pivot": [1.18751, 12.37501, -27.875],
							"rotation": [0, 0, -90],
							"uv": {
								"south": {"uv": [16, 58], "uv_size": [0.5, 1]}
							}
						},
						{
							"origin": [12.18751, -8.56248, -136.875],
							"size": [16, 0.24999, 0],
							"pivot": [1.18751, -9.62499, -27.875],
							"rotation": [0, 0, -90],
							"uv": {
								"south": {"uv": [16, 58], "uv_size": [0.5, 1]}
							}
						}
					]
				},
				{
					"name": "dot_illuminated",
					"parent": "division",
					"pivot": [0, 1.375, -133.125]
				},
				{
					"name": "views",
					"pivot": [0, 0.1875, 1.125]
				},
				{
					"name": "scope_view",
					"parent": "views",
					"pivot": [0, 1.375, 10.5]
				}
			]
		}
	]
}