{
	"format_version": "1.12.0",
	"minecraft:geometry": [
		{
			"description": {
				"identifier": "geometry.unknown",
				"texture_width": 64,
				"texture_height": 64,
				"visible_bounds_width": 4,
				"visible_bounds_height": 1.5,
				"visible_bounds_offset": [0, 0.25, 0]
			},
			"bones": [
				{
					"name": "silencer",
					"pivot": [0, 0, 0]
				},
				{
					"name": "bone2",
					"parent": "silencer",
					"pivot": [0, -0.00683, 13.4],
					"cubes": [
						{
							"origin": [-0.192, -0.97208, 3.272],
							"size": [0.384, 1.9305, 14.216],
							"inflate": 0.003,
							"uv": {
								"north": {"uv": [40, 30], "uv_size": [0.5, 2]},
								"east": {"uv": [0, 0], "uv_size": [14.25, 2]},
								"south": {"uv": [40, 32], "uv_size": [0.5, 2]},
								"west": {"uv": [0, 2], "uv_size": [14.25, 2]},
								"up": {"uv": [0, 24], "uv_size": [0.5, 14.25]},
								"down": {"uv": [1, 38.25], "uv_size": [0.5, -14.25]}
							}
						},
						{
							"origin": [0.14065, -1.03825, 3.272],
							"size": [0.384, 1.9305, 14.216],
							"inflate": 0.003,
							"pivot": [0.33265, 0.79625, 13.4],
							"rotation": [0, 0, 22.5],
							"uv": {
								"north": {"uv": [40, 34], "uv_size": [0.5, 2]},
								"east": {"uv": [0, 4], "uv_size": [14.25, 2]},
								"south": {"uv": [40, 36], "uv_size": [0.5, 2]},
								"west": {"uv": [0, 6], "uv_size": [14.25, 2]},
								"up": {"uv": [2, 24], "uv_size": [0.5, 14.25]},
								"down": {"uv": [3, 38.25], "uv_size": [0.5, -14.25]}
							}
						},
						{
							"origin": [0.42265, -1.22668, 3.272],
							"size": [0.384, 1.9305, 14.216],
							"inflate": 0.003,
							"pivot": [0.61465, 0.60782, 13.4],
							"rotation": [0, 0, 45],
							"uv": {
								"north": {"uv": [40, 38], "uv_size": [0.5, 2]},
								"east": {"uv": [0, 8], "uv_size": [14.25, 2]},
								"south": {"uv": [40, 40], "uv_size": [0.5, 2]},
								"west": {"uv": [0, 10], "uv_size": [14.25, 2]},
								"up": {"uv": [4, 24], "uv_size": [0.5, 14.25]},
								"down": {"uv": [5, 38.25], "uv_size": [0.5, -14.25]}
							}
						},
						{
							"origin": [0.61108, -1.50869, 3.272],
							"size": [0.384, 1.9305, 14.216],
							"inflate": 0.003,
							"pivot": [0.80308, 0.32581, 13.4],
							"rotation": [0, 0, 67.5],
							"uv": {
								"north": {"uv": [41, 0], "uv_size": [0.5, 2]},
								"east": {"uv": [0, 12], "uv_size": [14.25, 2]},
								"south": {"uv": [41, 2], "uv_size": [0.5, 2]},
								"west": {"uv": [0, 14], "uv_size": [14.25, 2]},
								"up": {"uv": [6, 24], "uv_size": [0.5, 14.25]},
								"down": {"uv": [7, 38.25], "uv_size": [0.5, -14.25]}
							}
						},
						{
							"origin": [-0.52465, -1.03825, 3.272],
							"size": [0.384, 1.9305, 14.216],
							"inflate": 0.003,
							"pivot": [-0.33265, 0.79625, 13.4],
							"rotation": [0, 0, -22.5],
							"uv": {
								"north": {"uv": [41, 4], "uv_size": [0.5, 2]},
								"east": {"uv": [15, 0], "uv_size": [14.25, 2]},
								"south": {"uv": [41, 6], "uv_size": [0.5, 2]},
								"west": {"uv": [15, 2], "uv_size": [14.25, 2]},
								"up": {"uv": [8, 24], "uv_size": [0.5, 14.25]},
								"down": {"uv": [9, 38.25], "uv_size": [0.5, -14.25]}
							}
						},
						{
							"origin": [-0.80665, -1.22668, 3.272],
							"size": [0.384, 1.9305, 14.216],
							"inflate": 0.003,
							"pivot": [-0.61465, 0.60782, 13.4],
							"rotation": [0, 0, -45],
							"uv": {
								"north": {"uv": [41, 8], "uv_size": [0.5, 2]},
								"east": {"uv": [15, 4], "uv_size": [14.25, 2]},
								"south": {"uv": [41, 10], "uv_size": [0.5, 2]},
								"west": {"uv": [15, 6], "uv_size": [14.25, 2]},
								"up": {"uv": [10, 24], "uv_size": [0.5, 14.25]},
								"down": {"uv": [11, 38.25], "uv_size": [0.5, -14.25]}
							}
						},
						{
							"origin": [-0.99508, -1.50869, 3.272],
							"size": [0.384, 1.9305, 14.216],
							"inflate": 0.003,
							"pivot": [-0.80308, 0.32581, 13.4],
							"rotation": [0, 0, -67.5],
							"uv": {
								"north": {"uv": [41, 12], "uv_size": [0.5, 2]},
								"east": {"uv": [15, 8], "uv_size": [14.25, 2]},
								"south": {"uv": [41, 14], "uv_size": [0.5, 2]},
								"west": {"uv": [15, 10], "uv_size": [14.25, 2]},
								"up": {"uv": [12, 24], "uv_size": [0.5, 14.25]},
								"down": {"uv": [13, 38.25], "uv_size": [0.5, -14.25]}
							}
						},
						{
							"origin": [-1.06125, -1.84133, 3.272],
							"size": [0.384, 1.9305, 14.216],
							"inflate": 0.003,
							"pivot": [-0.86925, -0.00683, 13.4],
							"rotation": [0, 0, -90],
							"uv": {
								"north": {"uv": [41, 16], "uv_size": [0.5, 2]},
								"east": {"uv": [15, 12], "uv_size": [14.25, 2]},
								"south": {"uv": [41, 18], "uv_size": [0.5, 2]},
								"west": {"uv": [15, 14], "uv_size": [14.25, 2]},
								"up": {"uv": [14, 24], "uv_size": [0.5, 14.25]},
								"down": {"uv": [15, 38.25], "uv_size": [0.5, -14.25]}
							}
						}
					]
				},
				{
					"name": "bone4",
					"parent": "silencer",
					"pivot": [0, -0.00683, 29.6],
					"cubes": [
						{
							"origin": [-0.2304, -1.16513, 17.4464],
							"size": [0.4608, 2.4166, 2.4992],
							"inflate": 0.003,
							"uv": {
								"north": {"uv": [38, 2], "uv_size": [0.5, 2.5]},
								"east": {"uv": [16, 24], "uv_size": [2.5, 2.5]},
								"south": {"uv": [38, 5], "uv_size": [0.5, 2.5]},
								"west": {"uv": [19, 24], "uv_size": [2.5, 2.5]},
								"up": {"uv": [38, 8], "uv_size": [0.5, 2.5]},
								"down": {"uv": [38, 13.5], "uv_size": [0.5, -2.5]}
							}
						},
						{
							"origin": [-0.2304, 1.25146, 18.0464],
							"size": [0.4608, 0.1166, 1.2992],
							"inflate": 0.003,
							"uv": {
								"north": {"uv": [12, 46], "uv_size": [0.5, 0.25]},
								"east": {"uv": [45, 12], "uv_size": [1.25, 0.25]},
								"south": {"uv": [13, 46], "uv_size": [0.5, 0.25]},
								"west": {"uv": [45, 13], "uv_size": [1.25, 0.25]},
								"up": {"uv": [42, 37], "uv_size": [0.5, 1.25]},
								"down": {"uv": [39, 43.25], "uv_size": [0.5, -1.25]}
							}
						},
						{
							"origin": [0.16878, -1.24454, 17.4464],
							"size": [0.4608, 2.3166, 2.4992],
							"inflate": 0.003,
							"pivot": [0.39918, 0.95686, 29.6],
							"rotation": [0, 0, 22.5],
							"uv": {
								"north": {"uv": [38, 35], "uv_size": [0.5, 2.25]},
								"east": {"uv": [22, 24], "uv_size": [2.5, 2.25]},
								"south": {"uv": [37, 38], "uv_size": [0.5, 2.25]},
								"west": {"uv": [25, 24], "uv_size": [2.5, 2.25]},
								"up": {"uv": [38, 14], "uv_size": [0.5, 2.5]},
								"down": {"uv": [38, 19.5], "uv_size": [0.5, -2.5]}
							}
						},
						{
							"origin": [0.50718, -1.47065, 17.4464],
							"size": [0.4608, 2.3166, 2.4992],
							"inflate": 0.003,
							"pivot": [0.73758, 0.73075, 29.6],
							"rotation": [0, 0, 45],
							"uv": {
								"north": {"uv": [38, 38], "uv_size": [0.5, 2.25]},
								"east": {"uv": [16, 27], "uv_size": [2.5, 2.25]},
								"south": {"uv": [0, 39], "uv_size": [0.5, 2.25]},
								"west": {"uv": [19, 27], "uv_size": [2.5, 2.25]},
								"up": {"uv": [38, 20], "uv_size": [0.5, 2.5]},
								"down": {"uv": [23, 40.5], "uv_size": [0.5, -2.5]}
							}
						},
						{
							"origin": [0.7333, -1.80906, 17.4464],
							"size": [0.4608, 2.3166, 2.4992],
							"inflate": 0.003,
							"pivot": [0.9637, 0.39234, 29.6],
							"rotation": [0, 0, 67.5],
							"uv": {
								"north": {"uv": [39, 0], "uv_size": [0.5, 2.25]},
								"east": {"uv": [22, 27], "uv_size": [2.5, 2.25]},
								"south": {"uv": [1, 39], "uv_size": [0.5, 2.25]},
								"west": {"uv": [25, 27], "uv_size": [2.5, 2.25]},
								"up": {"uv": [38, 23], "uv_size": [0.5, 2.5]},
								"down": {"uv": [24, 40.5], "uv_size": [0.5, -2.5]}
							}
						},
						{
							"origin": [-0.62958, -1.24454, 17.4464],
							"size": [0.4608, 2.3166, 2.4992],
							"inflate": 0.003,
							"pivot": [-0.39918, 0.95686, 29.6],
							"rotation": [0, 0, -22.5],
							"uv": {
								"north": {"uv": [2, 39], "uv_size": [0.5, 2.25]},
								"east": {"uv": [28, 16], "uv_size": [2.5, 2.25]},
								"south": {"uv": [3, 39], "uv_size": [0.5, 2.25]},
								"west": {"uv": [28, 19], "uv_size": [2.5, 2.25]},
								"up": {"uv": [25, 38], "uv_size": [0.5, 2.5]},
								"down": {"uv": [26, 40.5], "uv_size": [0.5, -2.5]}
							}
						},
						{
							"origin": [-0.96798, -1.47065, 17.4464],
							"size": [0.4608, 2.3166, 2.4992],
							"inflate": 0.003,
							"pivot": [-0.73758, 0.73075, 29.6],
							"rotation": [0, 0, -45],
							"uv": {
								"north": {"uv": [39, 3], "uv_size": [0.5, 2.25]},
								"east": {"uv": [28, 22], "uv_size": [2.5, 2.25]},
								"south": {"uv": [4, 39], "uv_size": [0.5, 2.25]},
								"west": {"uv": [28, 25], "uv_size": [2.5, 2.25]},
								"up": {"uv": [38, 26], "uv_size": [0.5, 2.5]},
								"down": {"uv": [27, 40.5], "uv_size": [0.5, -2.5]}
							}
						},
						{
							"origin": [-1.1941, -1.80906, 17.4464],
							"size": [0.4608, 2.3166, 2.4992],
							"inflate": 0.003,
							"pivot": [-0.9637, 0.39234, 29.6],
							"rotation": [0, 0, -67.5],
							"uv": {
								"north": {"uv": [5, 39], "uv_size": [0.5, 2.25]},
								"east": {"uv": [28, 28], "uv_size": [2.5, 2.25]},
								"south": {"uv": [6, 39], "uv_size": [0.5, 2.25]},
								"west": {"uv": [30, 0], "uv_size": [2.5, 2.25]},
								"up": {"uv": [28, 38], "uv_size": [0.5, 2.5]},
								"down": {"uv": [29, 40.5], "uv_size": [0.5, -2.5]}
							}
						},
						{
							"origin": [-1.2735, -2.20823, 17.4464],
							"size": [0.4608, 2.3166, 2.4992],
							"inflate": 0.003,
							"pivot": [-1.0431, -0.00683, 29.6],
							"rotation": [0, 0, -90],
							"uv": {
								"north": {"uv": [39, 6], "uv_size": [0.5, 2.25]},
								"east": {"uv": [30, 3], "uv_size": [2.5, 2.25]},
								"south": {"uv": [7, 39], "uv_size": [0.5, 2.25]},
								"west": {"uv": [30, 6], "uv_size": [2.5, 2.25]},
								"up": {"uv": [38, 29], "uv_size": [0.5, 2.5]},
								"down": {"uv": [38, 34.5], "uv_size": [0.5, -2.5]}
							}
						},
						{
							"origin": [-0.1, 1.19317, 19.5],
							"size": [0.2, 0.1, 0.2],
							"inflate": 0.003,
							"pivot": [0, 1.14317, 19.6],
							"rotation": [0, -45, 0],
							"uv": {
								"north": {"uv": [46, 29], "uv_size": [0.25, 0.25]},
								"east": {"uv": [46, 30], "uv_size": [0.25, 0.25]},
								"south": {"uv": [46, 31], "uv_size": [0.25, 0.25]},
								"west": {"uv": [46, 32], "uv_size": [0.25, 0.25]},
								"up": {"uv": [46, 33], "uv_size": [0.25, 0.25]},
								"down": {"uv": [46, 34.25], "uv_size": [0.25, -0.25]}
							}
						},
						{
							"origin": [-1.4, 1.19317, 18.2],
							"size": [0.2, 0.1, 0.2],
							"inflate": 0.003,
							"pivot": [0, 1.14317, 19.6],
							"rotation": [0, -45, 0],
							"uv": {
								"north": {"uv": [46, 35], "uv_size": [0.25, 0.25]},
								"east": {"uv": [46, 36], "uv_size": [0.25, 0.25]},
								"south": {"uv": [46, 37], "uv_size": [0.25, 0.25]},
								"west": {"uv": [46, 38], "uv_size": [0.25, 0.25]},
								"up": {"uv": [46, 39], "uv_size": [0.25, 0.25]},
								"down": {"uv": [46, 40.25], "uv_size": [0.25, -0.25]}
							}
						}
					]
				},
				{
					"name": "bone5",
					"parent": "silencer",
					"pivot": [0, -0.00683, 4.696],
					"cubes": [
						{
							"origin": [-0.2304, -1.16513, 3.4464],
							"size": [0.4608, 2.3166, 1.4992],
							"inflate": 0.003,
							"uv": {
								"north": {"uv": [8, 39], "uv_size": [0.5, 2.25]},
								"east": {"uv": [31, 31], "uv_size": [1.5, 2.25]},
								"south": {"uv": [9, 39], "uv_size": [0.5, 2.25]},
								"west": {"uv": [16, 32], "uv_size": [1.5, 2.25]},
								"up": {"uv": [5, 42], "uv_size": [0.5, 1.5]},
								"down": {"uv": [6, 43.5], "uv_size": [0.5, -1.5]}
							}
						},
						{
							"origin": [0.16878, -1.24454, 3.4464],
							"size": [0.4608, 2.3166, 1.4992],
							"inflate": 0.003,
							"pivot": [0.39918, 0.95686, 15.6],
							"rotation": [0, 0, 22.5],
							"uv": {
								"north": {"uv": [39, 9], "uv_size": [0.5, 2.25]},
								"east": {"uv": [18, 32], "uv_size": [1.5, 2.25]},
								"south": {"uv": [10, 39], "uv_size": [0.5, 2.25]},
								"west": {"uv": [20, 32], "uv_size": [1.5, 2.25]},
								"up": {"uv": [42, 6], "uv_size": [0.5, 1.5]},
								"down": {"uv": [7, 43.5], "uv_size": [0.5, -1.5]}
							}
						},
						{
							"origin": [0.50718, -1.47065, 3.4464],
							"size": [0.4608, 2.3166, 1.4992],
							"inflate": 0.003,
							"pivot": [0.73758, 0.73075, 15.6],
							"rotation": [0, 0, 45],
							"uv": {
								"north": {"uv": [11, 39], "uv_size": [0.5, 2.25]},
								"east": {"uv": [22, 32], "uv_size": [1.5, 2.25]},
								"south": {"uv": [12, 39], "uv_size": [0.5, 2.25]},
								"west": {"uv": [24, 32], "uv_size": [1.5, 2.25]},
								"up": {"uv": [8, 42], "uv_size": [0.5, 1.5]},
								"down": {"uv": [42, 9.5], "uv_size": [0.5, -1.5]}
							}
						},
						{
							"origin": [0.7333, -1.80906, 3.4464],
							"size": [0.4608, 2.3166, 1.4992],
							"inflate": 0.003,
							"pivot": [0.9637, 0.39234, 15.6],
							"rotation": [0, 0, 67.5],
							"uv": {
								"north": {"uv": [39, 12], "uv_size": [0.5, 2.25]},
								"east": {"uv": [26, 32], "uv_size": [1.5, 2.25]},
								"south": {"uv": [13, 39], "uv_size": [0.5, 2.25]},
								"west": {"uv": [33, 0], "uv_size": [1.5, 2.25]},
								"up": {"uv": [9, 42], "uv_size": [0.5, 1.5]},
								"down": {"uv": [10, 43.5], "uv_size": [0.5, -1.5]}
							}
						},
						{
							"origin": [-0.62958, -1.24454, 3.4464],
							"size": [0.4608, 2.3166, 1.4992],
							"inflate": 0.003,
							"pivot": [-0.39918, 0.95686, 15.6],
							"rotation": [0, 0, -22.5],
							"uv": {
								"north": {"uv": [14, 39], "uv_size": [0.5, 2.25]},
								"east": {"uv": [33, 3], "uv_size": [1.5, 2.25]},
								"south": {"uv": [15, 39], "uv_size": [0.5, 2.25]},
								"west": {"uv": [33, 6], "uv_size": [1.5, 2.25]},
								"up": {"uv": [42, 10], "uv_size": [0.5, 1.5]},
								"down": {"uv": [11, 43.5], "uv_size": [0.5, -1.5]}
							}
						},
						{
							"origin": [-0.96798, -1.47065, 3.4464],
							"size": [0.4608, 2.3166, 1.4992],
							"inflate": 0.003,
							"pivot": [-0.73758, 0.73075, 15.6],
							"rotation": [0, 0, -45],
							"uv": {
								"north": {"uv": [39, 15], "uv_size": [0.5, 2.25]},
								"east": {"uv": [33, 9], "uv_size": [1.5, 2.25]},
								"south": {"uv": [39, 18], "uv_size": [0.5, 2.25]},
								"west": {"uv": [33, 12], "uv_size": [1.5, 2.25]},
								"up": {"uv": [12, 42], "uv_size": [0.5, 1.5]},
								"down": {"uv": [42, 13.5], "uv_size": [0.5, -1.5]}
							}
						},
						{
							"origin": [-1.1941, -1.80906, 3.4464],
							"size": [0.4608, 2.3166, 1.4992],
							"inflate": 0.003,
							"pivot": [-0.9637, 0.39234, 15.6],
							"rotation": [0, 0, -67.5],
							"uv": {
								"north": {"uv": [39, 21], "uv_size": [0.5, 2.25]},
								"east": {"uv": [28, 33], "uv_size": [1.5, 2.25]},
								"south": {"uv": [39, 24], "uv_size": [0.5, 2.25]},
								"west": {"uv": [33, 31], "uv_size": [1.5, 2.25]},
								"up": {"uv": [13, 42], "uv_size": [0.5, 1.5]},
								"down": {"uv": [14, 43.5], "uv_size": [0.5, -1.5]}
							}
						},
						{
							"origin": [-1.2735, -2.20823, 3.4464],
							"size": [0.4608, 2.3166, 1.4992],
							"inflate": 0.003,
							"pivot": [-1.0431, -0.00683, 15.6],
							"rotation": [0, 0, -90],
							"uv": {
								"north": {"uv": [39, 27], "uv_size": [0.5, 2.25]},
								"east": {"uv": [34, 15], "uv_size": [1.5, 2.25]},
								"south": {"uv": [39, 30], "uv_size": [0.5, 2.25]},
								"west": {"uv": [34, 18], "uv_size": [1.5, 2.25]},
								"up": {"uv": [42, 14], "uv_size": [0.5, 1.5]},
								"down": {"uv": [15, 43.5], "uv_size": [0.5, -1.5]}
							}
						}
					]
				},
				{
					"name": "bone10",
					"parent": "silencer",
					"pivot": [0, -0.00683, 1.746],
					"cubes": [
						{
							"origin": [-0.12718, -0.64622, 1.41502],
							"size": [0.25436, 1.27876, 0.26196],
							"inflate": 0.003,
							"uv": {
								"north": {"uv": [45, 14], "uv_size": [0.25, 1.25]},
								"east": {"uv": [15, 45], "uv_size": [0.25, 1.25]},
								"south": {"uv": [16, 45], "uv_size": [0.25, 1.25]},
								"west": {"uv": [45, 16], "uv_size": [0.25, 1.25]},
								"up": {"uv": [46, 41], "uv_size": [0.25, 0.25]},
								"down": {"uv": [46, 42.25], "uv_size": [0.25, -0.25]}
							}
						},
						{
							"origin": [0.09316, -0.69005, 1.41502],
							"size": [0.25436, 1.27876, 0.26196],
							"inflate": 0.003,
							"pivot": [0.22035, 0.52513, 8.12381],
							"rotation": [0, 0, 22.5],
							"uv": {
								"north": {"uv": [17, 45], "uv_size": [0.25, 1.25]},
								"east": {"uv": [18, 45], "uv_size": [0.25, 1.25]},
								"south": {"uv": [45, 18], "uv_size": [0.25, 1.25]},
								"west": {"uv": [19, 45], "uv_size": [0.25, 1.25]},
								"up": {"uv": [46, 43], "uv_size": [0.25, 0.25]},
								"down": {"uv": [46, 44.25], "uv_size": [0.25, -0.25]}
							}
						},
						{
							"origin": [0.27996, -0.81486, 1.41502],
							"size": [0.25436, 1.27876, 0.26196],
							"inflate": 0.003,
							"pivot": [0.40715, 0.40031, 8.12381],
							"rotation": [0, 0, 45],
							"uv": {
								"north": {"uv": [20, 45], "uv_size": [0.25, 1.25]},
								"east": {"uv": [45, 20], "uv_size": [0.25, 1.25]},
								"south": {"uv": [21, 45], "uv_size": [0.25, 1.25]},
								"west": {"uv": [22, 45], "uv_size": [0.25, 1.25]},
								"up": {"uv": [45, 46], "uv_size": [0.25, 0.25]},
								"down": {"uv": [46, 45.25], "uv_size": [0.25, -0.25]}
							}
						},
						{
							"origin": [0.40478, -1.00166, 1.41502],
							"size": [0.25436, 1.27876, 0.26196],
							"inflate": 0.003,
							"pivot": [0.53196, 0.21351, 8.12381],
							"rotation": [0, 0, 67.5],
							"uv": {
								"north": {"uv": [45, 22], "uv_size": [0.25, 1.25]},
								"east": {"uv": [23, 45], "uv_size": [0.25, 1.25]},
								"south": {"uv": [24, 45], "uv_size": [0.25, 1.25]},
								"west": {"uv": [45, 24], "uv_size": [0.25, 1.25]},
								"up": {"uv": [46, 46], "uv_size": [0.25, 0.25]},
								"down": {"uv": [47, 0.25], "uv_size": [0.25, -0.25]}
							}
						},
						{
							"origin": [-0.34753, -0.69005, 1.41502],
							"size": [0.25436, 1.27876, 0.26196],
							"inflate": 0.003,
							"pivot": [-0.22035, 0.52513, 8.12381],
							"rotation": [0, 0, -22.5],
							"uv": {
								"north": {"uv": [25, 45], "uv_size": [0.25, 1.25]},
								"east": {"uv": [26, 45], "uv_size": [0.25, 1.25]},
								"south": {"uv": [45, 26], "uv_size": [0.25, 1.25]},
								"west": {"uv": [27, 45], "uv_size": [0.25, 1.25]},
								"up": {"uv": [47, 1], "uv_size": [0.25, 0.25]},
								"down": {"uv": [47, 2.25], "uv_size": [0.25, -0.25]}
							}
						},
						{
							"origin": [-0.53433, -0.81486, 1.41502],
							"size": [0.25436, 1.27876, 0.26196],
							"inflate": 0.003,
							"pivot": [-0.40715, 0.40031, 8.12381],
							"rotation": [0, 0, -45],
							"uv": {
								"north": {"uv": [28, 45], "uv_size": [0.25, 1.25]},
								"east": {"uv": [45, 28], "uv_size": [0.25, 1.25]},
								"south": {"uv": [29, 45], "uv_size": [0.25, 1.25]},
								"west": {"uv": [30, 45], "uv_size": [0.25, 1.25]},
								"up": {"uv": [47, 3], "uv_size": [0.25, 0.25]},
								"down": {"uv": [47, 4.25], "uv_size": [0.25, -0.25]}
							}
						},
						{
							"origin": [-0.65914, -1.00166, 1.41502],
							"size": [0.25436, 1.27876, 0.26196],
							"inflate": 0.003,
							"pivot": [-0.53196, 0.21351, 8.12381],
							"rotation": [0, 0, -67.5],
							"uv": {
								"north": {"uv": [45, 30], "uv_size": [0.25, 1.25]},
								"east": {"uv": [31, 45], "uv_size": [0.25, 1.25]},
								"south": {"uv": [32, 45], "uv_size": [0.25, 1.25]},
								"west": {"uv": [45, 32], "uv_size": [0.25, 1.25]},
								"up": {"uv": [47, 5], "uv_size": [0.25, 0.25]},
								"down": {"uv": [47, 6.25], "uv_size": [0.25, -0.25]}
							}
						},
						{
							"origin": [-0.70297, -1.22201, 1.41502],
							"size": [0.25436, 1.27876, 0.26196],
							"inflate": 0.003,
							"pivot": [-0.57579, -0.00683, 8.12381],
							"rotation": [0, 0, -90],
							"uv": {
								"north": {"uv": [33, 45], "uv_size": [0.25, 1.25]},
								"east": {"uv": [34, 45], "uv_size": [0.25, 1.25]},
								"south": {"uv": [45, 34], "uv_size": [0.25, 1.25]},
								"west": {"uv": [35, 45], "uv_size": [0.25, 1.25]},
								"up": {"uv": [47, 7], "uv_size": [0.25, 0.25]},
								"down": {"uv": [47, 8.25], "uv_size": [0.25, -0.25]}
							}
						}
					]
				},
				{
					"name": "bone7",
					"parent": "silencer",
					"pivot": [0, -0.00683, 0.346],
					"cubes": [
						{
							"origin": [-0.12718, -0.64622, 0.01502],
							"size": [0.25436, 1.27876, 0.46196],
							"inflate": 0.003,
							"uv": {
								"north": {"uv": [36, 45], "uv_size": [0.25, 1.25]},
								"east": {"uv": [42, 39], "uv_size": [0.5, 1.25]},
								"south": {"uv": [45, 36], "uv_size": [0.25, 1.25]},
								"west": {"uv": [40, 42], "uv_size": [0.5, 1.25]},
								"up": {"uv": [14, 46], "uv_size": [0.25, 0.5]},
								"down": {"uv": [46, 14.5], "uv_size": [0.25, -0.5]}
							}
						},
						{
							"origin": [0.09316, -0.69005, 0.01502],
							"size": [0.25436, 1.27876, 0.46196],
							"inflate": 0.003,
							"pivot": [0.22035, 0.52513, 6.72381],
							"rotation": [0, 0, 22.5],
							"uv": {
								"north": {"uv": [37, 45], "uv_size": [0.25, 1.25]},
								"east": {"uv": [41, 42], "uv_size": [0.5, 1.25]},
								"south": {"uv": [38, 45], "uv_size": [0.25, 1.25]},
								"west": {"uv": [42, 41], "uv_size": [0.5, 1.25]},
								"up": {"uv": [46, 15], "uv_size": [0.25, 0.5]},
								"down": {"uv": [46, 16.5], "uv_size": [0.25, -0.5]}
							}
						},
						{
							"origin": [0.27996, -0.81486, 0.01502],
							"size": [0.25436, 1.27876, 0.46196],
							"inflate": 0.003,
							"pivot": [0.40715, 0.40031, 6.72381],
							"rotation": [0, 0, 45],
							"uv": {
								"north": {"uv": [45, 38], "uv_size": [0.25, 1.25]},
								"east": {"uv": [43, 0], "uv_size": [0.5, 1.25]},
								"south": {"uv": [39, 45], "uv_size": [0.25, 1.25]},
								"west": {"uv": [43, 2], "uv_size": [0.5, 1.25]},
								"up": {"uv": [46, 17], "uv_size": [0.25, 0.5]},
								"down": {"uv": [46, 18.5], "uv_size": [0.25, -0.5]}
							}
						},
						{
							"origin": [0.40478, -1.00166, 0.01502],
							"size": [0.25436, 1.27876, 0.46196],
							"inflate": 0.003,
							"pivot": [0.53196, 0.21351, 6.72381],
							"rotation": [0, 0, 67.5],
							"uv": {
								"north": {"uv": [40, 45], "uv_size": [0.25, 1.25]},
								"east": {"uv": [43, 4], "uv_size": [0.5, 1.25]},
								"south": {"uv": [45, 40], "uv_size": [0.25, 1.25]},
								"west": {"uv": [43, 6], "uv_size": [0.5, 1.25]},
								"up": {"uv": [46, 19], "uv_size": [0.25, 0.5]},
								"down": {"uv": [46, 20.5], "uv_size": [0.25, -0.5]}
							}
						},
						{
							"origin": [-0.34753, -0.69005, 0.01502],
							"size": [0.25436, 1.27876, 0.46196],
							"inflate": 0.003,
							"pivot": [-0.22035, 0.52513, 6.72381],
							"rotation": [0, 0, -22.5],
							"uv": {
								"north": {"uv": [41, 45], "uv_size": [0.25, 1.25]},
								"east": {"uv": [43, 8], "uv_size": [0.5, 1.25]},
								"south": {"uv": [42, 45], "uv_size": [0.25, 1.25]},
								"west": {"uv": [43, 10], "uv_size": [0.5, 1.25]},
								"up": {"uv": [46, 21], "uv_size": [0.25, 0.5]},
								"down": {"uv": [46, 22.5], "uv_size": [0.25, -0.5]}
							}
						},
						{
							"origin": [-0.53433, -0.81486, 0.01502],
							"size": [0.25436, 1.27876, 0.46196],
							"inflate": 0.003,
							"pivot": [-0.40715, 0.40031, 6.72381],
							"rotation": [0, 0, -45],
							"uv": {
								"north": {"uv": [45, 42], "uv_size": [0.25, 1.25]},
								"east": {"uv": [43, 12], "uv_size": [0.5, 1.25]},
								"south": {"uv": [43, 45], "uv_size": [0.25, 1.25]},
								"west": {"uv": [43, 14], "uv_size": [0.5, 1.25]},
								"up": {"uv": [46, 23], "uv_size": [0.25, 0.5]},
								"down": {"uv": [46, 24.5], "uv_size": [0.25, -0.5]}
							}
						},
						{
							"origin": [-0.65914, -1.00166, 0.01502],
							"size": [0.25436, 1.27876, 0.46196],
							"inflate": 0.003,
							"pivot": [-0.53196, 0.21351, 6.72381],
							"rotation": [0, 0, -67.5],
							"uv": {
								"north": {"uv": [44, 45], "uv_size": [0.25, 1.25]},
								"east": {"uv": [43, 16], "uv_size": [0.5, 1.25]},
								"south": {"uv": [45, 44], "uv_size": [0.25, 1.25]},
								"west": {"uv": [43, 18], "uv_size": [0.5, 1.25]},
								"up": {"uv": [46, 25], "uv_size": [0.25, 0.5]},
								"down": {"uv": [46, 26.5], "uv_size": [0.25, -0.5]}
							}
						},
						{
							"origin": [-0.70297, -1.22201, 0.01502],
							"size": [0.25436, 1.27876, 0.46196],
							"inflate": 0.003,
							"pivot": [-0.57579, -0.00683, 6.72381],
							"rotation": [0, 0, -90],
							"uv": {
								"north": {"uv": [0, 46], "uv_size": [0.25, 1.25]},
								"east": {"uv": [43, 20], "uv_size": [0.5, 1.25]},
								"south": {"uv": [46, 0], "uv_size": [0.25, 1.25]},
								"west": {"uv": [43, 22], "uv_size": [0.5, 1.25]},
								"up": {"uv": [46, 27], "uv_size": [0.25, 0.5]},
								"down": {"uv": [46, 28.5], "uv_size": [0.25, -0.5]}
							}
						}
					]
				},
				{
					"name": "bone12",
					"parent": "silencer",
					"pivot": [0, -0.00683, 1.862],
					"cubes": [
						{
							"origin": [-0.11861, -0.60313, 0.37611],
							"size": [0.23722, 1.19258, 2.97179],
							"inflate": 0.003,
							"uv": {
								"north": {"uv": [1, 46], "uv_size": [0.25, 1.25]},
								"east": {"uv": [30, 9], "uv_size": [3, 1.25]},
								"south": {"uv": [2, 46], "uv_size": [0.25, 1.25]},
								"west": {"uv": [30, 11], "uv_size": [3, 1.25]},
								"up": {"uv": [16, 42], "uv_size": [0.25, 3]},
								"down": {"uv": [42, 19], "uv_size": [0.25, -3]}
							}
						},
						{
							"origin": [0.08689, -0.644, 0.37611],
							"size": [0.23722, 1.19258, 2.97179],
							"inflate": 0.003,
							"pivot": [0.2055, 0.48928, 6.63278],
							"rotation": [0, 0, 22.5],
							"uv": {
								"north": {"uv": [46, 2], "uv_size": [0.25, 1.25]},
								"east": {"uv": [30, 13], "uv_size": [3, 1.25]},
								"south": {"uv": [3, 46], "uv_size": [0.25, 1.25]},
								"west": {"uv": [16, 30], "uv_size": [3, 1.25]},
								"up": {"uv": [17, 42], "uv_size": [0.25, 3]},
								"down": {"uv": [18, 45], "uv_size": [0.25, -3]}
							}
						},
						{
							"origin": [0.2611, -0.76041, 0.37611],
							"size": [0.23722, 1.19258, 2.97179],
							"inflate": 0.003,
							"pivot": [0.37971, 0.37287, 6.63278],
							"rotation": [0, 0, 45],
							"uv": {
								"north": {"uv": [4, 46], "uv_size": [0.25, 1.25]},
								"east": {"uv": [19, 30], "uv_size": [3, 1.25]},
								"south": {"uv": [46, 4], "uv_size": [0.25, 1.25]},
								"west": {"uv": [22, 30], "uv_size": [3, 1.25]},
								"up": {"uv": [19, 42], "uv_size": [0.25, 3]},
								"down": {"uv": [42, 22], "uv_size": [0.25, -3]}
							}
						},
						{
							"origin": [0.3775, -0.93462, 0.37611],
							"size": [0.23722, 1.19258, 2.97179],
							"inflate": 0.003,
							"pivot": [0.49611, 0.19866, 6.63278],
							"rotation": [0, 0, 67.5],
							"uv": {
								"north": {"uv": [5, 46], "uv_size": [0.25, 1.25]},
								"east": {"uv": [25, 30], "uv_size": [3, 1.25]},
								"south": {"uv": [6, 46], "uv_size": [0.25, 1.25]},
								"west": {"uv": [31, 15], "uv_size": [3, 1.25]},
								"up": {"uv": [20, 42], "uv_size": [0.25, 3]},
								"down": {"uv": [21, 45], "uv_size": [0.25, -3]}
							}
						},
						{
							"origin": [-0.32411, -0.644, 0.37611],
							"size": [0.23722, 1.19258, 2.97179],
							"inflate": 0.003,
							"pivot": [-0.2055, 0.48928, 6.63278],
							"rotation": [0, 0, -22.5],
							"uv": {
								"north": {"uv": [46, 6], "uv_size": [0.25, 1.25]},
								"east": {"uv": [31, 17], "uv_size": [3, 1.25]},
								"south": {"uv": [7, 46], "uv_size": [0.25, 1.25]},
								"west": {"uv": [31, 19], "uv_size": [3, 1.25]},
								"up": {"uv": [22, 42], "uv_size": [0.25, 3]},
								"down": {"uv": [42, 25], "uv_size": [0.25, -3]}
							}
						},
						{
							"origin": [-0.49832, -0.76041, 0.37611],
							"size": [0.23722, 1.19258, 2.97179],
							"inflate": 0.003,
							"pivot": [-0.37971, 0.37287, 6.63278],
							"rotation": [0, 0, -45],
							"uv": {
								"north": {"uv": [8, 46], "uv_size": [0.25, 1.25]},
								"east": {"uv": [31, 21], "uv_size": [3, 1.25]},
								"south": {"uv": [46, 8], "uv_size": [0.25, 1.25]},
								"west": {"uv": [31, 23], "uv_size": [3, 1.25]},
								"up": {"uv": [42, 25], "uv_size": [0.25, 3]},
								"down": {"uv": [42, 31], "uv_size": [0.25, -3]}
							}
						},
						{
							"origin": [-0.61472, -0.93462, 0.37611],
							"size": [0.23722, 1.19258, 2.97179],
							"inflate": 0.003,
							"pivot": [-0.49611, 0.19866, 6.63278],
							"rotation": [0, 0, -67.5],
							"uv": {
								"north": {"uv": [9, 46], "uv_size": [0.25, 1.25]},
								"east": {"uv": [31, 25], "uv_size": [3, 1.25]},
								"south": {"uv": [10, 46], "uv_size": [0.25, 1.25]},
								"west": {"uv": [31, 27], "uv_size": [3, 1.25]},
								"up": {"uv": [42, 31], "uv_size": [0.25, 3]},
								"down": {"uv": [42, 37], "uv_size": [0.25, -3]}
							}
						},
						{
							"origin": [-0.6556, -1.14011, 0.37611],
							"size": [0.23722, 1.19258, 2.97179],
							"inflate": 0.003,
							"pivot": [-0.53699, -0.00683, 6.63278],
							"rotation": [0, 0, -90],
							"uv": {
								"north": {"uv": [46, 10], "uv_size": [0.25, 1.25]},
								"east": {"uv": [28, 31], "uv_size": [3, 1.25]},
								"south": {"uv": [11, 46], "uv_size": [0.25, 1.25]},
								"west": {"uv": [31, 29], "uv_size": [3, 1.25]},
								"up": {"uv": [35, 42], "uv_size": [0.25, 3]},
								"down": {"uv": [36, 45], "uv_size": [0.25, -3]}
							}
						}
					]
				},
				{
					"name": "bone3",
					"parent": "silencer",
					"pivot": [0, -0.00683, -2.138],
					"cubes": [
						{
							"origin": [-0.17941, -0.90277, -6.86834],
							"size": [0.35883, 1.79188, 6.96068],
							"inflate": 0.003,
							"uv": {
								"north": {"uv": [23, 43], "uv_size": [0.25, 1.75]},
								"east": {"uv": [0, 16], "uv_size": [7, 1.75]},
								"south": {"uv": [24, 43], "uv_size": [0.25, 1.75]},
								"west": {"uv": [7, 16], "uv_size": [7, 1.75]},
								"up": {"uv": [30, 33], "uv_size": [0.25, 7]},
								"down": {"uv": [34, 28], "uv_size": [0.25, -7]}
							}
						},
						{
							"origin": [0.12883, -0.96409, -6.86834],
							"size": [0.35883, 1.79188, 6.96068],
							"inflate": 0.003,
							"pivot": [0.30824, 0.73733, 5.01817],
							"rotation": [0, 0, 22.5],
							"uv": {
								"north": {"uv": [43, 24], "uv_size": [0.25, 1.75]},
								"east": {"uv": [14, 16], "uv_size": [7, 1.75]},
								"south": {"uv": [25, 43], "uv_size": [0.25, 1.75]},
								"west": {"uv": [0, 18], "uv_size": [7, 1.75]},
								"up": {"uv": [31, 34], "uv_size": [0.25, 7]},
								"down": {"uv": [32, 41], "uv_size": [0.25, -7]}
							}
						},
						{
							"origin": [0.39015, -1.13869, -6.86834],
							"size": [0.35883, 1.79188, 6.96068],
							"inflate": 0.003,
							"pivot": [0.56956, 0.56273, 5.01817],
							"rotation": [0, 0, 45],
							"uv": {
								"north": {"uv": [26, 43], "uv_size": [0.25, 1.75]},
								"east": {"uv": [7, 18], "uv_size": [7, 1.75]},
								"south": {"uv": [43, 26], "uv_size": [0.25, 1.75]},
								"west": {"uv": [14, 18], "uv_size": [7, 1.75]},
								"up": {"uv": [33, 34], "uv_size": [0.25, 7]},
								"down": {"uv": [34, 41], "uv_size": [0.25, -7]}
							}
						},
						{
							"origin": [0.56475, -1.40001, -6.86834],
							"size": [0.35883, 1.79188, 6.96068],
							"inflate": 0.003,
							"pivot": [0.74417, 0.30141, 5.01817],
							"rotation": [0, 0, 67.5],
							"uv": {
								"north": {"uv": [27, 43], "uv_size": [0.25, 1.75]},
								"east": {"uv": [0, 20], "uv_size": [7, 1.75]},
								"south": {"uv": [28, 43], "uv_size": [0.25, 1.75]},
								"west": {"uv": [7, 20], "uv_size": [7, 1.75]},
								"up": {"uv": [35, 0], "uv_size": [0.25, 7]},
								"down": {"uv": [35, 14], "uv_size": [0.25, -7]}
							}
						},
						{
							"origin": [-0.48766, -0.96409, -6.86834],
							"size": [0.35883, 1.79188, 6.96068],
							"inflate": 0.003,
							"pivot": [-0.30824, 0.73733, 5.01817],
							"rotation": [0, 0, -22.5],
							"uv": {
								"north": {"uv": [43, 28], "uv_size": [0.25, 1.75]},
								"east": {"uv": [14, 20], "uv_size": [7, 1.75]},
								"south": {"uv": [29, 43], "uv_size": [0.25, 1.75]},
								"west": {"uv": [21, 16], "uv_size": [7, 1.75]},
								"up": {"uv": [16, 35], "uv_size": [0.25, 7]},
								"down": {"uv": [17, 42], "uv_size": [0.25, -7]}
							}
						},
						{
							"origin": [-0.74898, -1.13869, -6.86834],
							"size": [0.35883, 1.79188, 6.96068],
							"inflate": 0.003,
							"pivot": [-0.56956, 0.56273, 5.01817],
							"rotation": [0, 0, -45],
							"uv": {
								"north": {"uv": [30, 43], "uv_size": [0.25, 1.75]},
								"east": {"uv": [21, 18], "uv_size": [7, 1.75]},
								"south": {"uv": [43, 30], "uv_size": [0.25, 1.75]},
								"west": {"uv": [21, 20], "uv_size": [7, 1.75]},
								"up": {"uv": [18, 35], "uv_size": [0.25, 7]},
								"down": {"uv": [19, 42], "uv_size": [0.25, -7]}
							}
						},
						{
							"origin": [-0.92358, -1.40001, -6.86834],
							"size": [0.35883, 1.79188, 6.96068],
							"inflate": 0.003,
							"pivot": [-0.74417, 0.30141, 5.01817],
							"rotation": [0, 0, -67.5],
							"uv": {
								"north": {"uv": [31, 43], "uv_size": [0.25, 1.75]},
								"east": {"uv": [0, 22], "uv_size": [7, 1.75]},
								"south": {"uv": [32, 43], "uv_size": [0.25, 1.75]},
								"west": {"uv": [7, 22], "uv_size": [7, 1.75]},
								"up": {"uv": [20, 35], "uv_size": [0.25, 7]},
								"down": {"uv": [21, 42], "uv_size": [0.25, -7]}
							}
						},
						{
							"origin": [-0.9849, -1.70825, -6.86834],
							"size": [0.35883, 1.79188, 6.96068],
							"inflate": 0.003,
							"pivot": [-0.80548, -0.00683, 5.01817],
							"rotation": [0, 0, -90],
							"uv": {
								"north": {"uv": [43, 32], "uv_size": [0.25, 1.75]},
								"east": {"uv": [14, 22], "uv_size": [7, 1.75]},
								"south": {"uv": [33, 43], "uv_size": [0.25, 1.75]},
								"west": {"uv": [21, 22], "uv_size": [7, 1.75]},
								"up": {"uv": [35, 21], "uv_size": [0.25, 7]},
								"down": {"uv": [22, 42], "uv_size": [0.25, -7]}
							}
						}
					]
				},
				{
					"name": "bone8",
					"parent": "silencer",
					"pivot": [0, -0.00683, -6.888],
					"cubes": [
						{
							"origin": [-0.15461, -0.78052, -6.95701],
							"size": [0.30921, 1.54737, 0.13801],
							"inflate": 0.003,
							"uv": {
								"north": {"uv": [34, 43], "uv_size": [0.25, 1.5]},
								"east": {"uv": [43, 34], "uv_size": [0.25, 1.5]},
								"south": {"uv": [43, 36], "uv_size": [0.25, 1.5]},
								"west": {"uv": [37, 43], "uv_size": [0.25, 1.5]},
								"up": {"uv": [47, 9], "uv_size": [0.25, 0.25]},
								"down": {"uv": [47, 10.25], "uv_size": [0.25, -0.25]}
							}
						},
						{
							"origin": [0.11172, -0.83349, -6.95701],
							"size": [0.30921, 1.54737, 0.13801],
							"inflate": 0.002,
							"pivot": [0.26632, 0.63613, 3.31253],
							"rotation": [0, 0, 22.5],
							"uv": {
								"north": {"uv": [38, 43], "uv_size": [0.25, 1.5]},
								"east": {"uv": [43, 38], "uv_size": [0.25, 1.5]},
								"south": {"uv": [43, 40], "uv_size": [0.25, 1.5]},
								"west": {"uv": [42, 43], "uv_size": [0.25, 1.5]},
								"up": {"uv": [47, 11], "uv_size": [0.25, 0.25]},
								"down": {"uv": [12, 47.25], "uv_size": [0.25, -0.25]}
							}
						},
						{
							"origin": [0.33749, -0.98435, -6.95701],
							"size": [0.30921, 1.54737, 0.13801],
							"inflate": 0.002,
							"pivot": [0.4921, 0.48527, 3.31253],
							"rotation": [0, 0, 45],
							"uv": {
								"north": {"uv": [43, 42], "uv_size": [0.25, 1.5]},
								"east": {"uv": [0, 44], "uv_size": [0.25, 1.5]},
								"south": {"uv": [44, 0], "uv_size": [0.25, 1.5]},
								"west": {"uv": [1, 44], "uv_size": [0.25, 1.5]},
								"up": {"uv": [47, 12], "uv_size": [0.25, 0.25]},
								"down": {"uv": [13, 47.25], "uv_size": [0.25, -0.25]}
							}
						},
						{
							"origin": [0.48835, -1.21013, -6.95701],
							"size": [0.30921, 1.54737, 0.13801],
							"inflate": 0.002,
							"pivot": [0.64296, 0.25949, 3.31253],
							"rotation": [0, 0, 67.5],
							"uv": {
								"north": {"uv": [2, 44], "uv_size": [0.25, 1.5]},
								"east": {"uv": [44, 2], "uv_size": [0.25, 1.5]},
								"south": {"uv": [3, 44], "uv_size": [0.25, 1.5]},
								"west": {"uv": [4, 44], "uv_size": [0.25, 1.5]},
								"up": {"uv": [47, 13], "uv_size": [0.25, 0.25]},
								"down": {"uv": [14, 47.25], "uv_size": [0.25, -0.25]}
							}
						},
						{
							"origin": [-0.42093, -0.83349, -6.95701],
							"size": [0.30921, 1.54737, 0.13801],
							"inflate": 0.002,
							"pivot": [-0.26632, 0.63613, 3.31253],
							"rotation": [0, 0, -22.5],
							"uv": {
								"north": {"uv": [44, 4], "uv_size": [0.25, 1.5]},
								"east": {"uv": [5, 44], "uv_size": [0.25, 1.5]},
								"south": {"uv": [6, 44], "uv_size": [0.25, 1.5]},
								"west": {"uv": [44, 6], "uv_size": [0.25, 1.5]},
								"up": {"uv": [47, 14], "uv_size": [0.25, 0.25]},
								"down": {"uv": [15, 47.25], "uv_size": [0.25, -0.25]}
							}
						},
						{
							"origin": [-0.64671, -0.98435, -6.95701],
							"size": [0.30921, 1.54737, 0.13801],
							"inflate": 0.002,
							"pivot": [-0.4921, 0.48527, 3.31253],
							"rotation": [0, 0, -45],
							"uv": {
								"north": {"uv": [7, 44], "uv_size": [0.25, 1.5]},
								"east": {"uv": [8, 44], "uv_size": [0.25, 1.5]},
								"south": {"uv": [44, 8], "uv_size": [0.25, 1.5]},
								"west": {"uv": [9, 44], "uv_size": [0.25, 1.5]},
								"up": {"uv": [47, 15], "uv_size": [0.25, 0.25]},
								"down": {"uv": [16, 47.25], "uv_size": [0.25, -0.25]}
							}
						},
						{
							"origin": [-0.79757, -1.21013, -6.95701],
							"size": [0.30921, 1.54737, 0.13801],
							"inflate": 0.002,
							"pivot": [-0.64296, 0.25949, 3.31253],
							"rotation": [0, 0, -67.5],
							"uv": {
								"north": {"uv": [10, 44], "uv_size": [0.25, 1.5]},
								"east": {"uv": [44, 10], "uv_size": [0.25, 1.5]},
								"south": {"uv": [11, 44], "uv_size": [0.25, 1.5]},
								"west": {"uv": [12, 44], "uv_size": [0.25, 1.5]},
								"up": {"uv": [47, 16], "uv_size": [0.25, 0.25]},
								"down": {"uv": [17, 47.25], "uv_size": [0.25, -0.25]}
							}
						},
						{
							"origin": [-0.85054, -1.47645, -6.95701],
							"size": [0.30921, 1.54737, 0.13801],
							"inflate": 0.002,
							"pivot": [-0.69594, -0.00683, 3.31253],
							"rotation": [0, 0, -90],
							"uv": {
								"north": {"uv": [44, 12], "uv_size": [0.25, 1.5]},
								"east": {"uv": [13, 44], "uv_size": [0.25, 1.5]},
								"south": {"uv": [14, 44], "uv_size": [0.25, 1.5]},
								"west": {"uv": [44, 14], "uv_size": [0.25, 1.5]},
								"up": {"uv": [47, 17], "uv_size": [0.25, 0.25]},
								"down": {"uv": [18, 47.25], "uv_size": [0.25, -0.25]}
							}
						}
					]
				},
				{
					"name": "bone6",
					"parent": "silencer",
					"pivot": [0, -0.00683, 5.496],
					"cubes": [
						{
							"origin": [-0.22118, -1.1188, 4.77638],
							"size": [0.44237, 2.22393, 0.73923],
							"inflate": 0.003,
							"uv": {
								"north": {"uv": [39, 33], "uv_size": [0.5, 2.25]},
								"east": {"uv": [34, 28], "uv_size": [0.75, 2.25]},
								"south": {"uv": [35, 39], "uv_size": [0.5, 2.25]},
								"west": {"uv": [23, 35], "uv_size": [0.75, 2.25]},
								"up": {"uv": [30, 15], "uv_size": [0.5, 0.75]},
								"down": {"uv": [35, 14.75], "uv_size": [0.5, -0.75]}
							}
						},
						{
							"origin": [0.16203, -1.19503, 4.77638],
							"size": [0.44237, 2.22393, 0.73923],
							"inflate": 0.003,
							"pivot": [0.38321, 0.91832, 16.44384],
							"rotation": [0, 0, 22.5],
							"uv": {
								"north": {"uv": [36, 39], "uv_size": [0.5, 2.25]},
								"east": {"uv": [24, 35], "uv_size": [0.75, 2.25]},
								"south": {"uv": [39, 36], "uv_size": [0.5, 2.25]},
								"west": {"uv": [25, 35], "uv_size": [0.75, 2.25]},
								"up": {"uv": [15, 44], "uv_size": [0.5, 0.75]},
								"down": {"uv": [44, 16.75], "uv_size": [0.5, -0.75]}
							}
						},
						{
							"origin": [0.4869, -1.4121, 4.77638],
							"size": [0.44237, 2.22393, 0.73923],
							"inflate": 0.003,
							"pivot": [0.70808, 0.70124, 16.44384],
							"rotation": [0, 0, 45],
							"uv": {
								"north": {"uv": [39, 39], "uv_size": [0.5, 2.25]},
								"east": {"uv": [26, 35], "uv_size": [0.75, 2.25]},
								"south": {"uv": [40, 0], "uv_size": [0.5, 2.25]},
								"west": {"uv": [27, 35], "uv_size": [0.75, 2.25]},
								"up": {"uv": [44, 17], "uv_size": [0.5, 0.75]},
								"down": {"uv": [44, 18.75], "uv_size": [0.5, -0.75]}
							}
						},
						{
							"origin": [0.70397, -1.73697, 4.77638],
							"size": [0.44237, 2.22393, 0.73923],
							"inflate": 0.003,
							"pivot": [0.92515, 0.37637, 16.44384],
							"rotation": [0, 0, 67.5],
							"uv": {
								"north": {"uv": [40, 3], "uv_size": [0.5, 2.25]},
								"east": {"uv": [35, 28], "uv_size": [0.75, 2.25]},
								"south": {"uv": [40, 6], "uv_size": [0.5, 2.25]},
								"west": {"uv": [35, 31], "uv_size": [0.75, 2.25]},
								"up": {"uv": [44, 19], "uv_size": [0.5, 0.75]},
								"down": {"uv": [44, 20.75], "uv_size": [0.5, -0.75]}
							}
						},
						{
							"origin": [-0.60439, -1.19503, 4.77638],
							"size": [0.44237, 2.22393, 0.73923],
							"inflate": 0.003,
							"pivot": [-0.38321, 0.91832, 16.44384],
							"rotation": [0, 0, -22.5],
							"uv": {
								"north": {"uv": [40, 9], "uv_size": [0.5, 2.25]},
								"east": {"uv": [35, 34], "uv_size": [0.75, 2.25]},
								"south": {"uv": [40, 12], "uv_size": [0.5, 2.25]},
								"west": {"uv": [36, 0], "uv_size": [0.75, 2.25]},
								"up": {"uv": [44, 21], "uv_size": [0.5, 0.75]},
								"down": {"uv": [44, 22.75], "uv_size": [0.5, -0.75]}
							}
						},
						{
							"origin": [-0.92926, -1.4121, 4.77638],
							"size": [0.44237, 2.22393, 0.73923],
							"inflate": 0.003,
							"pivot": [-0.70808, 0.70124, 16.44384],
							"rotation": [0, 0, -45],
							"uv": {
								"north": {"uv": [40, 15], "uv_size": [0.5, 2.25]},
								"east": {"uv": [36, 3], "uv_size": [0.75, 2.25]},
								"south": {"uv": [40, 18], "uv_size": [0.5, 2.25]},
								"west": {"uv": [36, 6], "uv_size": [0.75, 2.25]},
								"up": {"uv": [44, 23], "uv_size": [0.5, 0.75]},
								"down": {"uv": [44, 24.75], "uv_size": [0.5, -0.75]}
							}
						},
						{
							"origin": [-1.14633, -1.73697, 4.77638],
							"size": [0.44237, 2.22393, 0.73923],
							"inflate": 0.003,
							"pivot": [-0.92515, 0.37637, 16.44384],
							"rotation": [0, 0, -67.5],
							"uv": {
								"north": {"uv": [40, 21], "uv_size": [0.5, 2.25]},
								"east": {"uv": [36, 9], "uv_size": [0.75, 2.25]},
								"south": {"uv": [40, 24], "uv_size": [0.5, 2.25]},
								"west": {"uv": [36, 12], "uv_size": [0.75, 2.25]},
								"up": {"uv": [44, 25], "uv_size": [0.5, 0.75]},
								"down": {"uv": [44, 26.75], "uv_size": [0.5, -0.75]}
							}
						},
						{
							"origin": [-1.22256, -2.12018, 4.77638],
							"size": [0.44237, 2.22393, 0.73923],
							"inflate": 0.003,
							"pivot": [-1.00138, -0.00683, 16.44384],
							"rotation": [0, 0, -90],
							"uv": {
								"north": {"uv": [40, 27], "uv_size": [0.5, 2.25]},
								"east": {"uv": [36, 15], "uv_size": [0.75, 2.25]},
								"south": {"uv": [30, 40], "uv_size": [0.5, 2.25]},
								"west": {"uv": [36, 18], "uv_size": [0.75, 2.25]},
								"up": {"uv": [44, 27], "uv_size": [0.5, 0.75]},
								"down": {"uv": [44, 28.75], "uv_size": [0.5, -0.75]}
							}
						}
					]
				},
				{
					"name": "bone9",
					"parent": "silencer",
					"pivot": [0, -0.00683, 6.096],
					"cubes": [
						{
							"origin": [-0.19907, -1.00761, 5.39365],
							"size": [0.39813, 2.00154, 0.66531],
							"inflate": 0.003,
							"uv": {
								"north": {"uv": [41, 20], "uv_size": [0.5, 2]},
								"east": {"uv": [36, 21], "uv_size": [0.75, 2]},
								"south": {"uv": [41, 22], "uv_size": [0.5, 2]},
								"west": {"uv": [36, 23], "uv_size": [0.75, 2]},
								"up": {"uv": [44, 29], "uv_size": [0.5, 0.75]},
								"down": {"uv": [44, 30.75], "uv_size": [0.5, -0.75]}
							}
						},
						{
							"origin": [0.14582, -1.07621, 5.39365],
							"size": [0.39813, 2.00154, 0.66531],
							"inflate": 0.003,
							"pivot": [0.34489, 0.8258, 15.89436],
							"rotation": [0, 0, 22.5],
							"uv": {
								"north": {"uv": [23, 41], "uv_size": [0.5, 2]},
								"east": {"uv": [36, 25], "uv_size": [0.75, 2]},
								"south": {"uv": [24, 41], "uv_size": [0.5, 2]},
								"west": {"uv": [36, 27], "uv_size": [0.75, 2]},
								"up": {"uv": [44, 31], "uv_size": [0.5, 0.75]},
								"down": {"uv": [44, 32.75], "uv_size": [0.5, -0.75]}
							}
						},
						{
							"origin": [0.43821, -1.27157, 5.39365],
							"size": [0.39813, 2.00154, 0.66531],
							"inflate": 0.003,
							"pivot": [0.63727, 0.63044, 15.89436],
							"rotation": [0, 0, 45],
							"uv": {
								"north": {"uv": [41, 24], "uv_size": [0.5, 2]},
								"east": {"uv": [28, 36], "uv_size": [0.75, 2]},
								"south": {"uv": [25, 41], "uv_size": [0.5, 2]},
								"west": {"uv": [29, 36], "uv_size": [0.75, 2]},
								"up": {"uv": [44, 33], "uv_size": [0.5, 0.75]},
								"down": {"uv": [44, 34.75], "uv_size": [0.5, -0.75]}
							}
						},
						{
							"origin": [0.63357, -1.56395, 5.39365],
							"size": [0.39813, 2.00154, 0.66531],
							"inflate": 0.003,
							"pivot": [0.83263, 0.33805, 15.89436],
							"rotation": [0, 0, 67.5],
							"uv": {
								"north": {"uv": [26, 41], "uv_size": [0.5, 2]},
								"east": {"uv": [36, 29], "uv_size": [0.75, 2]},
								"south": {"uv": [41, 26], "uv_size": [0.5, 2]},
								"west": {"uv": [36, 31], "uv_size": [0.75, 2]},
								"up": {"uv": [44, 35], "uv_size": [0.5, 0.75]},
								"down": {"uv": [44, 36.75], "uv_size": [0.5, -0.75]}
							}
						},
						{
							"origin": [-0.54395, -1.07621, 5.39365],
							"size": [0.39813, 2.00154, 0.66531],
							"inflate": 0.003,
							"pivot": [-0.34489, 0.8258, 15.89436],
							"rotation": [0, 0, -22.5],
							"uv": {
								"north": {"uv": [27, 41], "uv_size": [0.5, 2]},
								"east": {"uv": [36, 33], "uv_size": [0.75, 2]},
								"south": {"uv": [28, 41], "uv_size": [0.5, 2]},
								"west": {"uv": [36, 35], "uv_size": [0.75, 2]},
								"up": {"uv": [44, 37], "uv_size": [0.5, 0.75]},
								"down": {"uv": [44, 38.75], "uv_size": [0.5, -0.75]}
							}
						},
						{
							"origin": [-0.83634, -1.27157, 5.39365],
							"size": [0.39813, 2.00154, 0.66531],
							"inflate": 0.003,
							"pivot": [-0.63727, 0.63044, 15.89436],
							"rotation": [0, 0, -45],
							"uv": {
								"north": {"uv": [41, 28], "uv_size": [0.5, 2]},
								"east": {"uv": [37, 0], "uv_size": [0.75, 2]},
								"south": {"uv": [29, 41], "uv_size": [0.5, 2]},
								"west": {"uv": [37, 2], "uv_size": [0.75, 2]},
								"up": {"uv": [39, 44], "uv_size": [0.5, 0.75]},
								"down": {"uv": [44, 39.75], "uv_size": [0.5, -0.75]}
							}
						},
						{
							"origin": [-1.0317, -1.56395, 5.39365],
							"size": [0.39813, 2.00154, 0.66531],
							"inflate": 0.003,
							"pivot": [-0.83263, 0.33805, 15.89436],
							"rotation": [0, 0, -67.5],
							"uv": {
								"north": {"uv": [41, 30], "uv_size": [0.5, 2]},
								"east": {"uv": [37, 4], "uv_size": [0.75, 2]},
								"south": {"uv": [31, 41], "uv_size": [0.5, 2]},
								"west": {"uv": [37, 6], "uv_size": [0.75, 2]},
								"up": {"uv": [40, 44], "uv_size": [0.5, 0.75]},
								"down": {"uv": [44, 40.75], "uv_size": [0.5, -0.75]}
							}
						},
						{
							"origin": [-1.1003, -1.90884, 5.39365],
							"size": [0.39813, 2.00154, 0.66531],
							"inflate": 0.003,
							"pivot": [-0.90124, -0.00683, 15.89436],
							"rotation": [0, 0, -90],
							"uv": {
								"north": {"uv": [32, 41], "uv_size": [0.5, 2]},
								"east": {"uv": [37, 8], "uv_size": [0.75, 2]},
								"south": {"uv": [41, 32], "uv_size": [0.5, 2]},
								"west": {"uv": [37, 10], "uv_size": [0.75, 2]},
								"up": {"uv": [41, 44], "uv_size": [0.5, 0.75]},
								"down": {"uv": [44, 41.75], "uv_size": [0.5, -0.75]}
							}
						}
					]
				},
				{
					"name": "bone11",
					"parent": "silencer",
					"pivot": [0, -0.00683, 17.496],
					"cubes": [
						{
							"origin": [-0.19907, -1.00761, 16.79365],
							"size": [0.39813, 2.00154, 0.66531],
							"inflate": 0.003,
							"uv": {
								"north": {"uv": [33, 41], "uv_size": [0.5, 2]},
								"east": {"uv": [37, 12], "uv_size": [0.75, 2]},
								"south": {"uv": [34, 41], "uv_size": [0.5, 2]},
								"west": {"uv": [37, 14], "uv_size": [0.75, 2]},
								"up": {"uv": [44, 42], "uv_size": [0.5, 0.75]},
								"down": {"uv": [43, 44.75], "uv_size": [0.5, -0.75]}
							}
						},
						{
							"origin": [0.14582, -1.07621, 16.79365],
							"size": [0.39813, 2.00154, 0.66531],
							"inflate": 0.003,
							"pivot": [0.34489, 0.8258, 27.29436],
							"rotation": [0, 0, 22.5],
							"uv": {
								"north": {"uv": [41, 34], "uv_size": [0.5, 2]},
								"east": {"uv": [37, 16], "uv_size": [0.75, 2]},
								"south": {"uv": [41, 36], "uv_size": [0.5, 2]},
								"west": {"uv": [37, 18], "uv_size": [0.75, 2]},
								"up": {"uv": [44, 43], "uv_size": [0.5, 0.75]},
								"down": {"uv": [44, 44.75], "uv_size": [0.5, -0.75]}
							}
						},
						{
							"origin": [0.43821, -1.27157, 16.79365],
							"size": [0.39813, 2.00154, 0.66531],
							"inflate": 0.003,
							"pivot": [0.63727, 0.63044, 27.29436],
							"rotation": [0, 0, 45],
							"uv": {
								"north": {"uv": [37, 41], "uv_size": [0.5, 2]},
								"east": {"uv": [37, 20], "uv_size": [0.75, 2]},
								"south": {"uv": [38, 41], "uv_size": [0.5, 2]},
								"west": {"uv": [37, 22], "uv_size": [0.75, 2]},
								"up": {"uv": [45, 0], "uv_size": [0.5, 0.75]},
								"down": {"uv": [45, 1.75], "uv_size": [0.5, -0.75]}
							}
						},
						{
							"origin": [0.63357, -1.56395, 16.79365],
							"size": [0.39813, 2.00154, 0.66531],
							"inflate": 0.003,
							"pivot": [0.83263, 0.33805, 27.29436],
							"rotation": [0, 0, 67.5],
							"uv": {
								"north": {"uv": [41, 38], "uv_size": [0.5, 2]},
								"east": {"uv": [37, 24], "uv_size": [0.75, 2]},
								"south": {"uv": [41, 40], "uv_size": [0.5, 2]},
								"west": {"uv": [37, 26], "uv_size": [0.75, 2]},
								"up": {"uv": [45, 2], "uv_size": [0.5, 0.75]},
								"down": {"uv": [45, 3.75], "uv_size": [0.5, -0.75]}
							}
						},
						{
							"origin": [-0.54395, -1.07621, 16.79365],
							"size": [0.39813, 2.00154, 0.66531],
							"inflate": 0.003,
							"pivot": [-0.34489, 0.8258, 27.29436],
							"rotation": [0, 0, -22.5],
							"uv": {
								"north": {"uv": [0, 42], "uv_size": [0.5, 2]},
								"east": {"uv": [37, 28], "uv_size": [0.75, 2]},
								"south": {"uv": [42, 0], "uv_size": [0.5, 2]},
								"west": {"uv": [37, 30], "uv_size": [0.75, 2]},
								"up": {"uv": [45, 4], "uv_size": [0.5, 0.75]},
								"down": {"uv": [45, 5.75], "uv_size": [0.5, -0.75]}
							}
						},
						{
							"origin": [-0.83634, -1.27157, 16.79365],
							"size": [0.39813, 2.00154, 0.66531],
							"inflate": 0.003,
							"pivot": [-0.63727, 0.63044, 27.29436],
							"rotation": [0, 0, -45],
							"uv": {
								"north": {"uv": [1, 42], "uv_size": [0.5, 2]},
								"east": {"uv": [37, 32], "uv_size": [0.75, 2]},
								"south": {"uv": [2, 42], "uv_size": [0.5, 2]},
								"west": {"uv": [37, 34], "uv_size": [0.75, 2]},
								"up": {"uv": [45, 6], "uv_size": [0.5, 0.75]},
								"down": {"uv": [45, 7.75], "uv_size": [0.5, -0.75]}
							}
						},
						{
							"origin": [-1.0317, -1.56395, 16.79365],
							"size": [0.39813, 2.00154, 0.66531],
							"inflate": 0.003,
							"pivot": [-0.83263, 0.33805, 27.29436],
							"rotation": [0, 0, -67.5],
							"uv": {
								"north": {"uv": [42, 2], "uv_size": [0.5, 2]},
								"east": {"uv": [35, 37], "uv_size": [0.75, 2]},
								"south": {"uv": [3, 42], "uv_size": [0.5, 2]},
								"west": {"uv": [36, 37], "uv_size": [0.75, 2]},
								"up": {"uv": [45, 8], "uv_size": [0.5, 0.75]},
								"down": {"uv": [45, 9.75], "uv_size": [0.5, -0.75]}
							}
						},
						{
							"origin": [-1.1003, -1.90884, 16.79365],
							"size": [0.39813, 2.00154, 0.66531],
							"inflate": 0.003,
							"pivot": [-0.90124, -0.00683, 27.29436],
							"rotation": [0, 0, -90],
							"uv": {
								"north": {"uv": [4, 42], "uv_size": [0.5, 2]},
								"east": {"uv": [37, 36], "uv_size": [0.75, 2]},
								"south": {"uv": [42, 4], "uv_size": [0.5, 2]},
								"west": {"uv": [38, 0], "uv_size": [0.75, 2]},
								"up": {"uv": [45, 10], "uv_size": [0.5, 0.75]},
								"down": {"uv": [45, 11.75], "uv_size": [0.5, -0.75]}
							}
						}
					]
				}
			]
		}
	]
}