{
	"format_version": "1.12.0",
	"minecraft:geometry": [
		{
			"description": {
				"identifier": "geometry.unknown",
				"texture_width": 256,
				"texture_height": 256,
				"visible_bounds_width": 19,
				"visible_bounds_height": 11,
				"visible_bounds_offset": [0, 0.5, 0]
			},
			"bones": [
				{
					"name": "division",
					"pivot": [0.1275, 7.86, -70.59],
					"cubes": [
						{
							"origin": [-31.425, -29.25, -159.6],
							"size": [62.85, 62.85, 0.3],
							"uv": {
								"south": {"uv": [128, 0], "uv_size": [128, 128]}
							}
						},
						{
							"origin": [-28.935, -26.76, -159.6],
							"size": [57.87, 57.87, 0.3],
							"uv": {}
						},
						{
							"origin": [-111.6225, -73.77, -159.6],
							"size": [80.22, 150.15, 0.3],
							"uv": {
								"south": {"uv": [128, 0], "uv_size": [1, 1]}
							}
						},
						{
							"origin": [31.0275, -73.38, -159.6],
							"size": [80.97, 149.64, 0.3],
							"uv": {
								"south": {"uv": [128, 0], "uv_size": [1, 1]}
							}
						},
						{
							"origin": [-32.4525, 32.7, -159.6],
							"size": [64.89, 43.2, 0.3],
							"uv": {
								"south": {"uv": [128, 0], "uv_size": [1, 1]}
							}
						},
						{
							"origin": [-32.4525, -73.275, -159.6],
							"size": [64.89, 44.085, 0.3],
							"uv": {
								"south": {"uv": [128, 0], "uv_size": [1, 1]}
							}
						}
					]
				},
				{
					"name": "division_illuminated",
					"parent": "division",
					"pivot": [0, 1.962, -159.42],
					"cubes": [
						{
							"origin": [-31.02, -29.058, -159.57],
							"size": [62.04, 62.04, 0.3],
							"uv": {
								"south": {"uv": [135.5, 140.7], "uv_size": [100, 100]}
							}
						}
					]
				},
				{
					"name": "scope_view",
					"pivot": [0, 1.6539, 4.7958]
				},
				{
					"name": "ocular",
					"pivot": [0, 1.7034, 0.747],
					"rotation": [-90, 0, 0],
					"cubes": [
						{
							"origin": [-0.26392, 1.84164, -0.20706],
							"size": [0.52784, 0, 1.96992],
							"uv": {
								"up": {"uv": [20, 41], "uv_size": [0.5, 1.5]}
							}
						},
						{
							"origin": [-0.20392, 1.84164, -0.22314],
							"size": [0.52784, 0, 1.96992],
							"pivot": [0, 1.67748, 0.6579],
							"rotation": [0, -30, 0],
							"uv": {
								"up": {"uv": [37, 41], "uv_size": [0.5, 1.5]}
							}
						},
						{
							"origin": [-0.16, 1.84164, -0.26706],
							"size": [0.52784, 0, 1.96992],
							"pivot": [0, 1.67748, 0.6579],
							"rotation": [0, -60, 0],
							"uv": {
								"up": {"uv": [41, 41], "uv_size": [0.5, 1.5]}
							}
						},
						{
							"origin": [-0.14392, 1.84164, -0.32706],
							"size": [0.52784, 0, 1.96992],
							"pivot": [0, 1.67748, 0.6579],
							"rotation": [0, -90, 0],
							"uv": {
								"up": {"uv": [42, 5], "uv_size": [0.5, 1.5]}
							}
						},
						{
							"origin": [-0.16, 1.84164, -0.38706],
							"size": [0.52784, 0, 1.96992],
							"pivot": [0, 1.67748, 0.6579],
							"rotation": [0, -120, 0],
							"uv": {
								"up": {"uv": [42, 11], "uv_size": [0.5, 1.5]}
							}
						},
						{
							"origin": [-0.20392, 1.84164, -0.43098],
							"size": [0.52784, 0, 1.96992],
							"pivot": [0, 1.67748, 0.6579],
							"rotation": [0, -150, 0],
							"uv": {
								"up": {"uv": [42, 17], "uv_size": [0.5, 1.5]}
							}
						}
					]
				},
				{
					"name": "ocular_ring",
					"pivot": [0, 1.81741, 0.60632],
					"cubes": [
						{
							"origin": [-0.27712, 0.89688, 1.47638],
							"size": [0.55423, 1.23941, 0.08208],
							"pivot": [0, 1.67254, 0.52426],
							"rotation": [90, 0, -30],
							"uv": {
								"north": {"uv": [36, 44], "uv_size": [0.5, 1]},
								"east": {"uv": [44, 36], "uv_size": [0.5, 1]},
								"south": {"uv": [38, 44], "uv_size": [0.5, 1]},
								"west": {"uv": [44, 38], "uv_size": [0.5, 1]},
								"up": {"uv": [54, 34], "uv_size": [0.5, 0.5]},
								"down": {"uv": [36, 54.5], "uv_size": [0.5, -0.5]}
							}
						},
						{
							"origin": [-0.27712, 0.89688, 1.47638],
							"size": [0.55423, 1.23941, 0.08208],
							"pivot": [0, 1.67254, 0.52426],
							"rotation": [90, 0, 0],
							"uv": {
								"north": {"uv": [40, 44], "uv_size": [0.5, 1]},
								"east": {"uv": [0, 45], "uv_size": [0.5, 1]},
								"south": {"uv": [4, 45], "uv_size": [0.5, 1]},
								"west": {"uv": [12, 45], "uv_size": [0.5, 1]},
								"up": {"uv": [54, 36], "uv_size": [0.5, 0.5]},
								"down": {"uv": [38, 54.5], "uv_size": [0.5, -0.5]}
							}
						},
						{
							"origin": [-0.27712, 0.89688, 1.47638],
							"size": [0.55423, 1.23941, 0.08208],
							"pivot": [0, 1.67254, 0.52426],
							"rotation": [90, 0, 30],
							"uv": {
								"north": {"uv": [14, 45], "uv_size": [0.5, 1]},
								"east": {"uv": [21, 45], "uv_size": [0.5, 1]},
								"south": {"uv": [23, 45], "uv_size": [0.5, 1]},
								"west": {"uv": [25, 45], "uv_size": [0.5, 1]},
								"up": {"uv": [54, 38], "uv_size": [0.5, 0.5]},
								"down": {"uv": [44, 54.5], "uv_size": [0.5, -0.5]}
							}
						},
						{
							"origin": [-0.27712, 0.89688, 1.47638],
							"size": [0.55423, 1.23941, 0.08208],
							"pivot": [0, 1.67254, 0.52426],
							"rotation": [90, 0, 60],
							"uv": {
								"north": {"uv": [27, 45], "uv_size": [0.5, 1]},
								"east": {"uv": [32, 45], "uv_size": [0.5, 1]},
								"south": {"uv": [34, 45], "uv_size": [0.5, 1]},
								"west": {"uv": [45, 40], "uv_size": [0.5, 1]},
								"up": {"uv": [54, 44], "uv_size": [0.5, 0.5]},
								"down": {"uv": [46, 54.5], "uv_size": [0.5, -0.5]}
							}
						},
						{
							"origin": [-0.27712, 0.89688, 1.47638],
							"size": [0.55423, 1.23941, 0.08208],
							"pivot": [0, 1.67254, 0.52426],
							"rotation": [90, 0, 90],
							"uv": {
								"north": {"uv": [42, 45], "uv_size": [0.5, 1]},
								"east": {"uv": [45, 42], "uv_size": [0.5, 1]},
								"south": {"uv": [44, 45], "uv_size": [0.5, 1]},
								"west": {"uv": [46, 0], "uv_size": [0.5, 1]},
								"up": {"uv": [54, 46], "uv_size": [0.5, 0.5]},
								"down": {"uv": [48, 54.5], "uv_size": [0.5, -0.5]}
							}
						},
						{
							"origin": [-0.27712, 0.89688, 1.47638],
							"size": [0.55423, 1.23941, 0.08208],
							"pivot": [0, 1.67254, 0.52426],
							"rotation": [90, 0, 120],
							"uv": {
								"north": {"uv": [2, 46], "uv_size": [0.5, 1]},
								"east": {"uv": [46, 2], "uv_size": [0.5, 1]},
								"south": {"uv": [46, 4], "uv_size": [0.5, 1]},
								"west": {"uv": [6, 46], "uv_size": [0.5, 1]},
								"up": {"uv": [54, 48], "uv_size": [0.5, 0.5]},
								"down": {"uv": [50, 54.5], "uv_size": [0.5, -0.5]}
							}
						},
						{
							"origin": [-0.27712, 0.89688, 1.47638],
							"size": [0.55423, 1.23941, 0.08208],
							"pivot": [0, 1.67254, 0.52426],
							"rotation": [90, 0, 150],
							"uv": {
								"north": {"uv": [46, 6], "uv_size": [0.5, 1]},
								"east": {"uv": [8, 46], "uv_size": [0.5, 1]},
								"south": {"uv": [46, 8], "uv_size": [0.5, 1]},
								"west": {"uv": [10, 46], "uv_size": [0.5, 1]},
								"up": {"uv": [52, 54], "uv_size": [0.5, 0.5]},
								"down": {"uv": [54, 52.5], "uv_size": [0.5, -0.5]}
							}
						},
						{
							"origin": [-0.27712, 0.89688, 1.47638],
							"size": [0.55423, 1.23941, 0.08208],
							"pivot": [0, 1.67254, 0.52426],
							"rotation": [90, 0, -180],
							"uv": {
								"north": {"uv": [46, 10], "uv_size": [0.5, 1]},
								"east": {"uv": [46, 12], "uv_size": [0.5, 1]},
								"south": {"uv": [46, 14], "uv_size": [0.5, 1]},
								"west": {"uv": [16, 46], "uv_size": [0.5, 1]},
								"up": {"uv": [54, 54], "uv_size": [0.5, 0.5]},
								"down": {"uv": [0, 55.5], "uv_size": [0.5, -0.5]}
							}
						},
						{
							"origin": [-0.27712, 0.89688, 1.47638],
							"size": [0.55423, 1.23941, 0.08208],
							"pivot": [0, 1.67254, 0.52426],
							"rotation": [90, 0, -150],
							"uv": {
								"north": {"uv": [46, 16], "uv_size": [0.5, 1]},
								"east": {"uv": [18, 46], "uv_size": [0.5, 1]},
								"south": {"uv": [46, 18], "uv_size": [0.5, 1]},
								"west": {"uv": [46, 20], "uv_size": [0.5, 1]},
								"up": {"uv": [4, 55], "uv_size": [0.5, 0.5]},
								"down": {"uv": [12, 55.5], "uv_size": [0.5, -0.5]}
							}
						},
						{
							"origin": [-0.27712, 0.89688, 1.47638],
							"size": [0.55423, 1.23941, 0.08208],
							"pivot": [0, 1.67254, 0.52426],
							"rotation": [90, 0, -120],
							"uv": {
								"north": {"uv": [46, 22], "uv_size": [0.5, 1]},
								"east": {"uv": [46, 24], "uv_size": [0.5, 1]},
								"south": {"uv": [46, 26], "uv_size": [0.5, 1]},
								"west": {"uv": [46, 28], "uv_size": [0.5, 1]},
								"up": {"uv": [14, 55], "uv_size": [0.5, 0.5]},
								"down": {"uv": [20, 55.5], "uv_size": [0.5, -0.5]}
							}
						},
						{
							"origin": [-0.27712, 0.89688, 1.47638],
							"size": [0.55423, 1.23941, 0.08208],
							"pivot": [0, 1.67254, 0.52426],
							"rotation": [90, 0, -90],
							"uv": {
								"north": {"uv": [29, 46], "uv_size": [0.5, 1]},
								"east": {"uv": [46, 30], "uv_size": [0.5, 1]},
								"south": {"uv": [46, 32], "uv_size": [0.5, 1]},
								"west": {"uv": [46, 34], "uv_size": [0.5, 1]},
								"up": {"uv": [22, 55], "uv_size": [0.5, 0.5]},
								"down": {"uv": [24, 55.5], "uv_size": [0.5, -0.5]}
							}
						},
						{
							"origin": [-0.27712, 0.89688, 1.47638],
							"size": [0.55423, 1.23941, 0.08208],
							"pivot": [0, 1.67254, 0.52426],
							"rotation": [90, 0, -60],
							"uv": {
								"north": {"uv": [36, 46], "uv_size": [0.5, 1]},
								"east": {"uv": [46, 36], "uv_size": [0.5, 1]},
								"south": {"uv": [38, 46], "uv_size": [0.5, 1]},
								"west": {"uv": [46, 38], "uv_size": [0.5, 1]},
								"up": {"uv": [26, 55], "uv_size": [0.5, 0.5]},
								"down": {"uv": [30, 55.5], "uv_size": [0.5, -0.5]}
							}
						}
					]
				},
				{
					"name": "scope_body",
					"pivot": [-0.756, 2.92675, -0.9964],
					"cubes": [
						{
							"origin": [-0.7947, -0.13669, -4.82429],
							"size": [0.32832, 0.16416, 3.80646],
							"pivot": [-0.63054, -0.05461, -2.92105],
							"rotation": [0, 0, -45],
							"uv": {
								"north": {"uv": [40, 46], "uv_size": [0.5, 0.5]},
								"east": {"uv": [10, 24], "uv_size": [3, 0.5]},
								"south": {"uv": [46, 44], "uv_size": [0.5, 0.5]},
								"west": {"uv": [24, 12], "uv_size": [3, 0.5]},
								"up": {"uv": [14, 24], "uv_size": [0.5, 3]},
								"down": {"uv": [24, 17], "uv_size": [0.5, -3]}
							}
						},
						{
							"origin": [0.54846, -0.40678, -4.82429],
							"size": [0.24624, 0.16416, 3.80646],
							"pivot": [0.63054, -0.3247, -2.92105],
							"rotation": [0, 0, -45],
							"uv": {
								"north": {"uv": [46, 46], "uv_size": [0.5, 0.5]},
								"east": {"uv": [16, 24], "uv_size": [3, 0.5]},
								"south": {"uv": [0, 47], "uv_size": [0.5, 0.5]},
								"west": {"uv": [24, 18], "uv_size": [3, 0.5]},
								"up": {"uv": [20, 24], "uv_size": [0.5, 3]},
								"down": {"uv": [24, 23], "uv_size": [0.5, -3]}
							}
						},
						{
							"origin": [0.51445, -0.47347, -4.82429],
							"size": [0.19494, 0.14878, 3.80646],
							"uv": {
								"north": {"uv": [4, 47], "uv_size": [0.5, 0.5]},
								"east": {"uv": [22, 24], "uv_size": [3, 0.5]},
								"south": {"uv": [12, 47], "uv_size": [0.5, 0.5]},
								"west": {"uv": [0, 26], "uv_size": [3, 0.5]},
								"up": {"uv": [26, 0], "uv_size": [0.5, 3]},
								"down": {"uv": [4, 29], "uv_size": [0.5, -3]}
							}
						},
						{
							"origin": [0.46638, -0.13669, -4.82429],
							"size": [0.32832, 0.16416, 3.80646],
							"pivot": [0.63054, -0.05461, -2.92105],
							"rotation": [0, 0, 45],
							"uv": {
								"north": {"uv": [14, 47], "uv_size": [0.5, 0.5]},
								"east": {"uv": [26, 4], "uv_size": [3, 0.5]},
								"south": {"uv": [20, 47], "uv_size": [0.5, 0.5]},
								"west": {"uv": [26, 6], "uv_size": [3, 0.5]},
								"up": {"uv": [26, 8], "uv_size": [0.5, 3]},
								"down": {"uv": [10, 29], "uv_size": [0.5, -3]}
							}
						},
						{
							"origin": [0.54892, -0.27686, -4.82429],
							"size": [0.21546, 0.54892, 3.80646],
							"pivot": [0.76436, 0.27205, -1.01783],
							"rotation": [0, 0, -17],
							"uv": {
								"north": {"uv": [22, 47], "uv_size": [0.5, 0.5]},
								"east": {"uv": [26, 14], "uv_size": [3, 0.5]},
								"south": {"uv": [24, 47], "uv_size": [0.5, 0.5]},
								"west": {"uv": [16, 26], "uv_size": [3, 0.5]},
								"up": {"uv": [12, 26], "uv_size": [0.5, 3]},
								"down": {"uv": [26, 23], "uv_size": [0.5, -3]}
							}
						},
						{
							"origin": [0.70939, -0.47347, -4.82429],
							"size": [0.21546, 0.2206, 3.80646],
							"uv": {
								"north": {"uv": [26, 47], "uv_size": [0.5, 0.5]},
								"east": {"uv": [26, 16], "uv_size": [3, 0.5]},
								"south": {"uv": [31, 47], "uv_size": [0.5, 0.5]},
								"west": {"uv": [22, 26], "uv_size": [3, 0.5]},
								"up": {"uv": [26, 24], "uv_size": [0.5, 3]},
								"down": {"uv": [0, 31], "uv_size": [0.5, -3]}
							}
						},
						{
							"origin": [-0.7947, -0.40678, -4.82429],
							"size": [0.24624, 0.16416, 3.80646],
							"pivot": [-0.63054, -0.3247, -2.92105],
							"rotation": [0, 0, 45],
							"uv": {
								"north": {"uv": [33, 47], "uv_size": [0.5, 0.5]},
								"east": {"uv": [28, 0], "uv_size": [3, 0.5]},
								"south": {"uv": [47, 40], "uv_size": [0.5, 0.5]},
								"west": {"uv": [28, 2], "uv_size": [3, 0.5]},
								"up": {"uv": [2, 28], "uv_size": [0.5, 3]},
								"down": {"uv": [6, 31], "uv_size": [0.5, -3]}
							}
						},
						{
							"origin": [-0.70939, -0.47347, -4.82429],
							"size": [0.19494, 0.14878, 3.80646],
							"uv": {
								"north": {"uv": [42, 47], "uv_size": [0.5, 0.5]},
								"east": {"uv": [28, 8], "uv_size": [3, 0.5]},
								"south": {"uv": [47, 42], "uv_size": [0.5, 0.5]},
								"west": {"uv": [28, 10], "uv_size": [3, 0.5]},
								"up": {"uv": [14, 28], "uv_size": [0.5, 3]},
								"down": {"uv": [16, 31], "uv_size": [0.5, -3]}
							}
						},
						{
							"origin": [-0.92485, -0.47347, -4.82429],
							"size": [0.21546, 0.2206, 3.80646],
							"uv": {
								"north": {"uv": [44, 47], "uv_size": [0.5, 0.5]},
								"east": {"uv": [28, 12], "uv_size": [3, 0.5]},
								"south": {"uv": [48, 0], "uv_size": [0.5, 0.5]},
								"west": {"uv": [18, 28], "uv_size": [3, 0.5]},
								"up": {"uv": [28, 18], "uv_size": [0.5, 3]},
								"down": {"uv": [22, 31], "uv_size": [0.5, -3]}
							}
						},
						{
							"origin": [-0.76436, -0.27686, -4.82429],
							"size": [0.21546, 0.54892, 3.80646],
							"pivot": [-0.76436, 0.27205, -1.01783],
							"rotation": [0, 0, 17],
							"uv": {
								"north": {"uv": [2, 48], "uv_size": [0.5, 0.5]},
								"east": {"uv": [28, 22], "uv_size": [3, 0.5]},
								"south": {"uv": [48, 2], "uv_size": [0.5, 0.5]},
								"west": {"uv": [24, 28], "uv_size": [3, 0.5]},
								"up": {"uv": [28, 24], "uv_size": [0.5, 3]},
								"down": {"uv": [28, 31], "uv_size": [0.5, -3]}
							}
						},
						{
							"origin": [-0.76475, 0.72995, -4.82429],
							"size": [0.2565, 0.2565, 3.80646],
							"uv": {
								"north": {"uv": [48, 4], "uv_size": [0.5, 0.5]},
								"east": {"uv": [30, 4], "uv_size": [3, 0.5]},
								"south": {"uv": [6, 48], "uv_size": [0.5, 0.5]},
								"west": {"uv": [30, 6], "uv_size": [3, 0.5]},
								"up": {"uv": [4, 30], "uv_size": [0.5, 3]},
								"down": {"uv": [8, 33], "uv_size": [0.5, -3]}
							}
						},
						{
							"origin": [-0.52326, 0.49264, -4.82429],
							"size": [0.2565, 0.33858, 3.80646],
							"pivot": [-0.52326, 0.49264, -1.01783],
							"rotation": [0, 0, -45.5],
							"uv": {
								"north": {"uv": [48, 6], "uv_size": [0.5, 0.5]},
								"east": {"uv": [10, 30], "uv_size": [3, 0.5]},
								"south": {"uv": [8, 48], "uv_size": [0.5, 0.5]},
								"west": {"uv": [30, 14], "uv_size": [3, 0.5]},
								"up": {"uv": [30, 16], "uv_size": [0.5, 3]},
								"down": {"uv": [18, 33], "uv_size": [0.5, -3]}
							}
						},
						{
							"origin": [0.37962, 0.17971, -4.82429],
							"size": [0.14364, 0.19494, 3.80646],
							"pivot": [0.52326, 0.37465, -1.01783],
							"rotation": [0, 0, -45],
							"uv": {
								"north": {"uv": [48, 8], "uv_size": [0.5, 0.5]},
								"east": {"uv": [30, 20], "uv_size": [3, 0.5]},
								"south": {"uv": [10, 48], "uv_size": [0.5, 0.5]},
								"west": {"uv": [24, 30], "uv_size": [3, 0.5]},
								"up": {"uv": [20, 30], "uv_size": [0.5, 3]},
								"down": {"uv": [30, 27], "uv_size": [0.5, -3]}
							}
						},
						{
							"origin": [0.26676, 0.49264, -4.82429],
							"size": [0.2565, 0.33858, 3.80646],
							"pivot": [0.52326, 0.49264, -1.01783],
							"rotation": [0, 0, 45.5],
							"uv": {
								"north": {"uv": [48, 10], "uv_size": [0.5, 0.5]},
								"east": {"uv": [0, 32], "uv_size": [3, 0.5]},
								"south": {"uv": [48, 12], "uv_size": [0.5, 0.5]},
								"west": {"uv": [32, 0], "uv_size": [3, 0.5]},
								"up": {"uv": [6, 32], "uv_size": [0.5, 3]},
								"down": {"uv": [32, 11], "uv_size": [0.5, -3]}
							}
						},
						{
							"origin": [0.50825, 0.72995, -4.82429],
							"size": [0.2565, 0.2565, 3.80646],
							"uv": {
								"north": {"uv": [48, 14], "uv_size": [0.5, 0.5]},
								"east": {"uv": [32, 2], "uv_size": [3, 0.5]},
								"south": {"uv": [16, 48], "uv_size": [0.5, 0.5]},
								"west": {"uv": [10, 32], "uv_size": [3, 0.5]},
								"up": {"uv": [14, 32], "uv_size": [0.5, 3]},
								"down": {"uv": [16, 35], "uv_size": [0.5, -3]}
							}
						},
						{
							"origin": [-0.52326, 0.17971, -4.82429],
							"size": [0.14364, 0.19494, 3.80646],
							"pivot": [-0.52326, 0.37465, -1.01783],
							"rotation": [0, 0, 45],
							"uv": {
								"north": {"uv": [48, 16], "uv_size": [0.5, 0.5]},
								"east": {"uv": [32, 12], "uv_size": [3, 0.5]},
								"south": {"uv": [18, 48], "uv_size": [0.5, 0.5]},
								"west": {"uv": [32, 16], "uv_size": [3, 0.5]},
								"up": {"uv": [22, 32], "uv_size": [0.5, 3]},
								"down": {"uv": [32, 25], "uv_size": [0.5, -3]}
							}
						},
						{
							"origin": [-0.52326, 0.27205, -4.82429],
							"size": [1.04652, 0.4104, 3.80646],
							"uv": {
								"north": {"uv": [42, 23], "uv_size": [1, 0.5]},
								"east": {"uv": [32, 18], "uv_size": [3, 0.5]},
								"south": {"uv": [42, 25], "uv_size": [1, 0.5]},
								"west": {"uv": [24, 32], "uv_size": [3, 0.5]},
								"up": {"uv": [4, 4], "uv_size": [1, 3]},
								"down": {"uv": [6, 3], "uv_size": [1, -3]}
							}
						},
						{
							"origin": [-0.34372, 0.05158, -1.06266],
							"size": [0.68742, 0.53352, 0.16928],
							"uv": {
								"north": {"uv": [48, 18], "uv_size": [0.5, 0.5]},
								"east": {"uv": [48, 20], "uv_size": [0.5, 0.5]},
								"south": {"uv": [48, 22], "uv_size": [0.5, 0.5]},
								"west": {"uv": [48, 24], "uv_size": [0.5, 0.5]},
								"up": {"uv": [48, 26], "uv_size": [0.5, 0.5]},
								"down": {"uv": [28, 48.5], "uv_size": [0.5, -0.5]}
							}
						},
						{
							"origin": [-0.34372, 0.55933, -1.04861],
							"size": [0.68742, 0.53352, 0.90802],
							"pivot": [-0.3437, 0.55933, -0.14059],
							"rotation": [34, 0, 0],
							"uv": {
								"north": {"uv": [48, 28], "uv_size": [0.5, 0.5]},
								"east": {"uv": [42, 27], "uv_size": [1, 0.5]},
								"south": {"uv": [48, 30], "uv_size": [0.5, 0.5]},
								"west": {"uv": [42, 29], "uv_size": [1, 0.5]},
								"up": {"uv": [42, 31], "uv_size": [0.5, 1]},
								"down": {"uv": [42, 34], "uv_size": [0.5, -1]}
							}
						},
						{
							"origin": [-0.34372, 0.55933, -1.04861],
							"size": [0.68742, 0.12312, 0.90802],
							"uv": {
								"north": {"uv": [48, 32], "uv_size": [0.5, 0.5]},
								"east": {"uv": [42, 35], "uv_size": [1, 0.5]},
								"south": {"uv": [48, 34], "uv_size": [0.5, 0.5]},
								"west": {"uv": [42, 37], "uv_size": [1, 0.5]},
								"up": {"uv": [42, 39], "uv_size": [0.5, 1]},
								"down": {"uv": [0, 44], "uv_size": [0.5, -1]}
							}
						},
						{
							"origin": [-0.76436, -0.03062, -4.82429],
							"size": [1.52874, 0.30268, 3.80646],
							"uv": {
								"north": {"uv": [0, 38], "uv_size": [1.5, 0.5]},
								"east": {"uv": [32, 26], "uv_size": [3, 0.5]},
								"south": {"uv": [38, 0], "uv_size": [1.5, 0.5]},
								"west": {"uv": [28, 32], "uv_size": [3, 0.5]},
								"up": {"uv": [0, 0], "uv_size": [1.5, 3]},
								"down": {"uv": [3, 3], "uv_size": [1.5, -3]}
							}
						},
						{
							"origin": [-0.33254, 8.1388, 2.75354],
							"size": [0.66508, 1.53593, 0.22901],
							"pivot": [0, 1.67254, 1.7415],
							"rotation": [90, 0, 0],
							"uv": {
								"north": {"uv": [38, 2], "uv_size": [0.5, 1.5]},
								"east": {"uv": [3, 38], "uv_size": [0.5, 1.5]},
								"south": {"uv": [38, 5], "uv_size": [0.5, 1.5]},
								"west": {"uv": [8, 38], "uv_size": [0.5, 1.5]},
								"up": {"uv": [35, 48], "uv_size": [0.5, 0.5]},
								"down": {"uv": [48, 36.5], "uv_size": [0.5, -0.5]}
							}
						},
						{
							"origin": [-0.33254, 8.1388, 2.75354],
							"size": [0.66508, 1.53593, 0.22901],
							"pivot": [0, 1.67254, 1.7415],
							"rotation": [90, 0, -30],
							"uv": {
								"north": {"uv": [38, 8], "uv_size": [0.5, 1.5]},
								"east": {"uv": [10, 38], "uv_size": [0.5, 1.5]},
								"south": {"uv": [38, 11], "uv_size": [0.5, 1.5]},
								"west": {"uv": [12, 38], "uv_size": [0.5, 1.5]},
								"up": {"uv": [37, 48], "uv_size": [0.5, 0.5]},
								"down": {"uv": [48, 38.5], "uv_size": [0.5, -0.5]}
							}
						},
						{
							"origin": [-0.33254, 8.1388, 2.75354],
							"size": [0.66508, 1.53593, 0.22901],
							"pivot": [0, 1.67254, 1.7415],
							"rotation": [90, 0, -60],
							"uv": {
								"north": {"uv": [38, 14], "uv_size": [0.5, 1.5]},
								"east": {"uv": [38, 17], "uv_size": [0.5, 1.5]},
								"south": {"uv": [18, 38], "uv_size": [0.5, 1.5]},
								"west": {"uv": [20, 38], "uv_size": [0.5, 1.5]},
								"up": {"uv": [39, 48], "uv_size": [0.5, 0.5]},
								"down": {"uv": [48, 44.5], "uv_size": [0.5, -0.5]}
							}
						},
						{
							"origin": [-0.33254, 8.1388, 2.75354],
							"size": [0.66508, 1.53593, 0.22901],
							"pivot": [0, 1.67254, 1.7415],
							"rotation": [90, 0, -90],
							"uv": {
								"north": {"uv": [38, 20], "uv_size": [0.5, 1.5]},
								"east": {"uv": [38, 23], "uv_size": [0.5, 1.5]},
								"south": {"uv": [24, 38], "uv_size": [0.5, 1.5]},
								"west": {"uv": [26, 38], "uv_size": [0.5, 1.5]},
								"up": {"uv": [46, 48], "uv_size": [0.5, 0.5]},
								"down": {"uv": [48, 46.5], "uv_size": [0.5, -0.5]}
							}
						},
						{
							"origin": [-0.33254, 8.1388, 2.75354],
							"size": [0.66508, 1.53593, 0.22901],
							"pivot": [0, 1.67254, 1.7415],
							"rotation": [90, 0, -120],
							"uv": {
								"north": {"uv": [38, 26], "uv_size": [0.5, 1.5]},
								"east": {"uv": [28, 38], "uv_size": [0.5, 1.5]},
								"south": {"uv": [38, 29], "uv_size": [0.5, 1.5]},
								"west": {"uv": [30, 38], "uv_size": [0.5, 1.5]},
								"up": {"uv": [48, 48], "uv_size": [0.5, 0.5]},
								"down": {"uv": [0, 49.5], "uv_size": [0.5, -0.5]}
							}
						},
						{
							"origin": [-0.33254, 8.1388, 2.75354],
							"size": [0.66508, 1.53593, 0.22901],
							"pivot": [0, 1.67254, 1.7415],
							"rotation": [90, 0, -150],
							"uv": {
								"north": {"uv": [38, 32], "uv_size": [0.5, 1.5]},
								"east": {"uv": [34, 38], "uv_size": [0.5, 1.5]},
								"south": {"uv": [36, 38], "uv_size": [0.5, 1.5]},
								"west": {"uv": [38, 38], "uv_size": [0.5, 1.5]},
								"up": {"uv": [4, 49], "uv_size": [0.5, 0.5]},
								"down": {"uv": [12, 49.5], "uv_size": [0.5, -0.5]}
							}
						},
						{
							"origin": [-0.33254, 8.1388, 2.75354],
							"size": [0.66508, 1.53593, 0.22901],
							"pivot": [0, 1.67254, 1.7415],
							"rotation": [90, 0, -180],
							"uv": {
								"north": {"uv": [0, 40], "uv_size": [0.5, 1.5]},
								"east": {"uv": [40, 2], "uv_size": [0.5, 1.5]},
								"south": {"uv": [5, 40], "uv_size": [0.5, 1.5]},
								"west": {"uv": [40, 5], "uv_size": [0.5, 1.5]},
								"up": {"uv": [14, 49], "uv_size": [0.5, 0.5]},
								"down": {"uv": [20, 49.5], "uv_size": [0.5, -0.5]}
							}
						},
						{
							"origin": [-0.33254, 8.1388, 2.75354],
							"size": [0.66508, 1.53593, 0.22901],
							"pivot": [0, 1.67254, 1.7415],
							"rotation": [90, 0, 150],
							"uv": {
								"north": {"uv": [40, 8], "uv_size": [0.5, 1.5]},
								"east": {"uv": [40, 11], "uv_size": [0.5, 1.5]},
								"south": {"uv": [14, 40], "uv_size": [0.5, 1.5]},
								"west": {"uv": [40, 14], "uv_size": [0.5, 1.5]},
								"up": {"uv": [22, 49], "uv_size": [0.5, 0.5]},
								"down": {"uv": [24, 49.5], "uv_size": [0.5, -0.5]}
							}
						},
						{
							"origin": [-0.33254, 8.1388, 2.75354],
							"size": [0.66508, 1.53593, 0.22901],
							"pivot": [0, 1.67254, 1.7415],
							"rotation": [90, 0, 120],
							"uv": {
								"north": {"uv": [16, 40], "uv_size": [0.5, 1.5]},
								"east": {"uv": [40, 17], "uv_size": [0.5, 1.5]},
								"south": {"uv": [40, 20], "uv_size": [0.5, 1.5]},
								"west": {"uv": [22, 40], "uv_size": [0.5, 1.5]},
								"up": {"uv": [26, 49], "uv_size": [0.5, 0.5]},
								"down": {"uv": [30, 49.5], "uv_size": [0.5, -0.5]}
							}
						},
						{
							"origin": [-0.33254, 8.1388, 2.75354],
							"size": [0.66508, 1.53593, 0.22901],
							"pivot": [0, 1.67254, 1.7415],
							"rotation": [90, 0, 90],
							"uv": {
								"north": {"uv": [40, 23], "uv_size": [0.5, 1.5]},
								"east": {"uv": [40, 26], "uv_size": [0.5, 1.5]},
								"south": {"uv": [40, 29], "uv_size": [0.5, 1.5]},
								"west": {"uv": [32, 40], "uv_size": [0.5, 1.5]},
								"up": {"uv": [32, 49], "uv_size": [0.5, 0.5]},
								"down": {"uv": [49, 40.5], "uv_size": [0.5, -0.5]}
							}
						},
						{
							"origin": [-0.33254, 8.1388, 2.75354],
							"size": [0.66508, 1.53593, 0.22901],
							"pivot": [0, 1.67254, 1.7415],
							"rotation": [90, 0, 60],
							"uv": {
								"north": {"uv": [40, 32], "uv_size": [0.5, 1.5]},
								"east": {"uv": [40, 35], "uv_size": [0.5, 1.5]},
								"south": {"uv": [40, 38], "uv_size": [0.5, 1.5]},
								"west": {"uv": [2, 41], "uv_size": [0.5, 1.5]},
								"up": {"uv": [41, 49], "uv_size": [0.5, 0.5]},
								"down": {"uv": [49, 42.5], "uv_size": [0.5, -0.5]}
							}
						},
						{
							"origin": [-0.33254, 8.1388, 2.75354],
							"size": [0.66508, 1.53593, 0.22901],
							"pivot": [0, 1.67254, 1.7415],
							"rotation": [90, 0, 30],
							"uv": {
								"north": {"uv": [7, 41], "uv_size": [0.5, 1.5]},
								"east": {"uv": [9, 41], "uv_size": [0.5, 1.5]},
								"south": {"uv": [11, 41], "uv_size": [0.5, 1.5]},
								"west": {"uv": [18, 41], "uv_size": [0.5, 1.5]},
								"up": {"uv": [43, 49], "uv_size": [0.5, 0.5]},
								"down": {"uv": [50, 0.5], "uv_size": [0.5, -0.5]}
							}
						},
						{
							"origin": [-0.27712, 2.2512, 1.45997],
							"size": [0.55423, 6.04109, 0.0985],
							"pivot": [0, 1.67254, 0.52426],
							"rotation": [90, 0, -30],
							"uv": {
								"north": {"uv": [6, 4], "uv_size": [0.5, 5]},
								"east": {"uv": [0, 8], "uv_size": [0.5, 5]},
								"south": {"uv": [8, 0], "uv_size": [0.5, 5]},
								"west": {"uv": [2, 8], "uv_size": [0.5, 5]},
								"up": {"uv": [2, 50], "uv_size": [0.5, 0.5]},
								"down": {"uv": [50, 2.5], "uv_size": [0.5, -0.5]}
							}
						},
						{
							"origin": [-0.27712, 2.2512, 1.45997],
							"size": [0.55423, 6.04109, 0.0985],
							"pivot": [0, 1.67254, 0.52426],
							"rotation": [90, 0, 0],
							"uv": {
								"north": {"uv": [4, 8], "uv_size": [0.5, 5]},
								"east": {"uv": [8, 6], "uv_size": [0.5, 5]},
								"south": {"uv": [10, 0], "uv_size": [0.5, 5]},
								"west": {"uv": [6, 10], "uv_size": [0.5, 5]},
								"up": {"uv": [50, 4], "uv_size": [0.5, 0.5]},
								"down": {"uv": [6, 50.5], "uv_size": [0.5, -0.5]}
							}
						},
						{
							"origin": [-0.27712, 2.2512, 1.45997],
							"size": [0.55423, 6.04109, 0.0985],
							"pivot": [0, 1.67254, 0.52426],
							"rotation": [90, 0, 30],
							"uv": {
								"north": {"uv": [10, 6], "uv_size": [0.5, 5]},
								"east": {"uv": [12, 0], "uv_size": [0.5, 5]},
								"south": {"uv": [12, 6], "uv_size": [0.5, 5]},
								"west": {"uv": [8, 12], "uv_size": [0.5, 5]},
								"up": {"uv": [50, 6], "uv_size": [0.5, 0.5]},
								"down": {"uv": [8, 50.5], "uv_size": [0.5, -0.5]}
							}
						},
						{
							"origin": [-0.27712, 2.2512, 1.45997],
							"size": [0.55423, 6.04109, 0.0985],
							"pivot": [0, 1.67254, 0.52426],
							"rotation": [90, 0, 60],
							"uv": {
								"north": {"uv": [10, 12], "uv_size": [0.5, 5]},
								"east": {"uv": [12, 12], "uv_size": [0.5, 5]},
								"south": {"uv": [0, 14], "uv_size": [0.5, 5]},
								"west": {"uv": [14, 0], "uv_size": [0.5, 5]},
								"up": {"uv": [50, 8], "uv_size": [0.5, 0.5]},
								"down": {"uv": [10, 50.5], "uv_size": [0.5, -0.5]}
							}
						},
						{
							"origin": [-0.27712, 2.2512, 1.45997],
							"size": [0.55423, 6.04109, 0.0985],
							"pivot": [0, 1.67254, 0.52426],
							"rotation": [90, 0, 90],
							"uv": {
								"north": {"uv": [2, 14], "uv_size": [0.5, 5]},
								"east": {"uv": [4, 14], "uv_size": [0.5, 5]},
								"south": {"uv": [14, 6], "uv_size": [0.5, 5]},
								"west": {"uv": [14, 12], "uv_size": [0.5, 5]},
								"up": {"uv": [50, 10], "uv_size": [0.5, 0.5]},
								"down": {"uv": [50, 12.5], "uv_size": [0.5, -0.5]}
							}
						},
						{
							"origin": [-0.27712, 2.2512, 1.45997],
							"size": [0.55423, 6.04109, 0.0985],
							"pivot": [0, 1.67254, 0.52426],
							"rotation": [90, 0, 120],
							"uv": {
								"north": {"uv": [16, 0], "uv_size": [0.5, 5]},
								"east": {"uv": [6, 16], "uv_size": [0.5, 5]},
								"south": {"uv": [16, 6], "uv_size": [0.5, 5]},
								"west": {"uv": [16, 12], "uv_size": [0.5, 5]},
								"up": {"uv": [50, 14], "uv_size": [0.5, 0.5]},
								"down": {"uv": [16, 50.5], "uv_size": [0.5, -0.5]}
							}
						},
						{
							"origin": [-0.27712, 2.2512, 1.45997],
							"size": [0.55423, 6.04109, 0.0985],
							"pivot": [0, 1.67254, 0.52426],
							"rotation": [90, 0, 150],
							"uv": {
								"north": {"uv": [18, 0], "uv_size": [0.5, 5]},
								"east": {"uv": [18, 6], "uv_size": [0.5, 5]},
								"south": {"uv": [8, 18], "uv_size": [0.5, 5]},
								"west": {"uv": [10, 18], "uv_size": [0.5, 5]},
								"up": {"uv": [50, 16], "uv_size": [0.5, 0.5]},
								"down": {"uv": [18, 50.5], "uv_size": [0.5, -0.5]}
							}
						},
						{
							"origin": [-0.27712, 2.2512, 1.45997],
							"size": [0.55423, 6.04109, 0.0985],
							"pivot": [0, 1.67254, 0.52426],
							"rotation": [90, 0, -180],
							"uv": {
								"north": {"uv": [12, 18], "uv_size": [0.5, 5]},
								"east": {"uv": [18, 12], "uv_size": [0.5, 5]},
								"south": {"uv": [14, 18], "uv_size": [0.5, 5]},
								"west": {"uv": [16, 18], "uv_size": [0.5, 5]},
								"up": {"uv": [50, 18], "uv_size": [0.5, 0.5]},
								"down": {"uv": [50, 20.5], "uv_size": [0.5, -0.5]}
							}
						},
						{
							"origin": [-0.27712, 2.2512, 1.45997],
							"size": [0.55423, 6.04109, 0.0985],
							"pivot": [0, 1.67254, 0.52426],
							"rotation": [90, 0, -150],
							"uv": {
								"north": {"uv": [18, 18], "uv_size": [0.5, 5]},
								"east": {"uv": [0, 20], "uv_size": [0.5, 5]},
								"south": {"uv": [20, 0], "uv_size": [0.5, 5]},
								"west": {"uv": [2, 20], "uv_size": [0.5, 5]},
								"up": {"uv": [50, 22], "uv_size": [0.5, 0.5]},
								"down": {"uv": [50, 24.5], "uv_size": [0.5, -0.5]}
							}
						},
						{
							"origin": [-0.27712, 2.2512, 1.45997],
							"size": [0.55423, 6.04109, 0.0985],
							"pivot": [0, 1.67254, 0.52426],
							"rotation": [90, 0, -120],
							"uv": {
								"north": {"uv": [4, 20], "uv_size": [0.5, 5]},
								"east": {"uv": [20, 6], "uv_size": [0.5, 5]},
								"south": {"uv": [20, 12], "uv_size": [0.5, 5]},
								"west": {"uv": [20, 18], "uv_size": [0.5, 5]},
								"up": {"uv": [50, 26], "uv_size": [0.5, 0.5]},
								"down": {"uv": [28, 50.5], "uv_size": [0.5, -0.5]}
							}
						},
						{
							"origin": [-0.27712, 2.2512, 1.45997],
							"size": [0.55423, 6.04109, 0.0985],
							"pivot": [0, 1.67254, 0.52426],
							"rotation": [90, 0, -90],
							"uv": {
								"north": {"uv": [22, 0], "uv_size": [0.5, 5]},
								"east": {"uv": [6, 22], "uv_size": [0.5, 5]},
								"south": {"uv": [22, 6], "uv_size": [0.5, 5]},
								"west": {"uv": [22, 12], "uv_size": [0.5, 5]},
								"up": {"uv": [50, 28], "uv_size": [0.5, 0.5]},
								"down": {"uv": [50, 30.5], "uv_size": [0.5, -0.5]}
							}
						},
						{
							"origin": [-0.26172, 2.12808, 1.45997],
							"size": [0.52345, 0.12312, 0.04207],
							"pivot": [0, 1.67254, 0.52426],
							"rotation": [90, 0, -60],
							"uv": {
								"north": {"uv": [50, 32], "uv_size": [0.5, 0.5]},
								"east": {"uv": [34, 50], "uv_size": [0.5, 0.5]},
								"south": {"uv": [50, 34], "uv_size": [0.5, 0.5]},
								"west": {"uv": [36, 50], "uv_size": [0.5, 0.5]},
								"up": {"uv": [50, 36], "uv_size": [0.5, 0.5]},
								"down": {"uv": [38, 50.5], "uv_size": [0.5, -0.5]}
							}
						},
						{
							"origin": [-0.26172, 2.12808, 1.45997],
							"size": [0.52345, 0.12312, 0.04207],
							"pivot": [0, 1.67254, 0.52426],
							"rotation": [90, 0, -90],
							"uv": {
								"north": {"uv": [50, 38], "uv_size": [0.5, 0.5]},
								"east": {"uv": [50, 44], "uv_size": [0.5, 0.5]},
								"south": {"uv": [45, 50], "uv_size": [0.5, 0.5]},
								"west": {"uv": [50, 46], "uv_size": [0.5, 0.5]},
								"up": {"uv": [47, 50], "uv_size": [0.5, 0.5]},
								"down": {"uv": [50, 48.5], "uv_size": [0.5, -0.5]}
							}
						},
						{
							"origin": [-0.26172, 2.12808, 1.45997],
							"size": [0.52345, 0.12312, 0.04207],
							"pivot": [0, 1.67254, 0.52426],
							"rotation": [90, 0, -120],
							"uv": {
								"north": {"uv": [49, 50], "uv_size": [0.5, 0.5]},
								"east": {"uv": [0, 51], "uv_size": [0.5, 0.5]},
								"south": {"uv": [4, 51], "uv_size": [0.5, 0.5]},
								"west": {"uv": [12, 51], "uv_size": [0.5, 0.5]},
								"up": {"uv": [14, 51], "uv_size": [0.5, 0.5]},
								"down": {"uv": [20, 51.5], "uv_size": [0.5, -0.5]}
							}
						},
						{
							"origin": [-0.26172, 2.12808, 1.45997],
							"size": [0.52345, 0.12312, 0.04207],
							"pivot": [0, 1.67254, 0.52426],
							"rotation": [90, 0, -150],
							"uv": {
								"north": {"uv": [22, 51], "uv_size": [0.5, 0.5]},
								"east": {"uv": [24, 51], "uv_size": [0.5, 0.5]},
								"south": {"uv": [26, 51], "uv_size": [0.5, 0.5]},
								"west": {"uv": [30, 51], "uv_size": [0.5, 0.5]},
								"up": {"uv": [32, 51], "uv_size": [0.5, 0.5]},
								"down": {"uv": [40, 51.5], "uv_size": [0.5, -0.5]}
							}
						},
						{
							"origin": [-0.26172, 2.12808, 1.45997],
							"size": [0.52345, 0.12312, 0.04207],
							"pivot": [0, 1.67254, 0.52426],
							"rotation": [90, 0, -30],
							"uv": {
								"north": {"uv": [51, 40], "uv_size": [0.5, 0.5]},
								"east": {"uv": [42, 51], "uv_size": [0.5, 0.5]},
								"south": {"uv": [51, 42], "uv_size": [0.5, 0.5]},
								"west": {"uv": [51, 50], "uv_size": [0.5, 0.5]},
								"up": {"uv": [52, 0], "uv_size": [0.5, 0.5]},
								"down": {"uv": [2, 52.5], "uv_size": [0.5, -0.5]}
							}
						},
						{
							"origin": [-0.26172, 2.12808, 1.45997],
							"size": [0.52345, 0.12312, 0.04207],
							"pivot": [0, 1.67254, 0.52426],
							"rotation": [90, 0, 0],
							"uv": {
								"north": {"uv": [52, 2], "uv_size": [0.5, 0.5]},
								"east": {"uv": [52, 4], "uv_size": [0.5, 0.5]},
								"south": {"uv": [6, 52], "uv_size": [0.5, 0.5]},
								"west": {"uv": [52, 6], "uv_size": [0.5, 0.5]},
								"up": {"uv": [8, 52], "uv_size": [0.5, 0.5]},
								"down": {"uv": [52, 8.5], "uv_size": [0.5, -0.5]}
							}
						},
						{
							"origin": [-0.26172, 2.12808, 1.45997],
							"size": [0.52345, 0.12312, 0.04207],
							"pivot": [0, 1.67254, 0.52426],
							"rotation": [90, 0, 30],
							"uv": {
								"north": {"uv": [10, 52], "uv_size": [0.5, 0.5]},
								"east": {"uv": [52, 10], "uv_size": [0.5, 0.5]},
								"south": {"uv": [52, 12], "uv_size": [0.5, 0.5]},
								"west": {"uv": [52, 14], "uv_size": [0.5, 0.5]},
								"up": {"uv": [16, 52], "uv_size": [0.5, 0.5]},
								"down": {"uv": [52, 16.5], "uv_size": [0.5, -0.5]}
							}
						},
						{
							"origin": [-0.26172, 2.12808, 1.45997],
							"size": [0.52345, 0.12312, 0.04207],
							"pivot": [0, 1.67254, 0.52426],
							"rotation": [90, 0, 60],
							"uv": {
								"north": {"uv": [18, 52], "uv_size": [0.5, 0.5]},
								"east": {"uv": [52, 18], "uv_size": [0.5, 0.5]},
								"south": {"uv": [52, 20], "uv_size": [0.5, 0.5]},
								"west": {"uv": [52, 22], "uv_size": [0.5, 0.5]},
								"up": {"uv": [52, 24], "uv_size": [0.5, 0.5]},
								"down": {"uv": [52, 26.5], "uv_size": [0.5, -0.5]}
							}
						},
						{
							"origin": [-0.26172, 2.12808, 1.45997],
							"size": [0.52345, 0.12312, 0.04207],
							"pivot": [0, 1.67254, 0.52426],
							"rotation": [90, 0, 90],
							"uv": {
								"north": {"uv": [28, 52], "uv_size": [0.5, 0.5]},
								"east": {"uv": [52, 28], "uv_size": [0.5, 0.5]},
								"south": {"uv": [52, 30], "uv_size": [0.5, 0.5]},
								"west": {"uv": [52, 32], "uv_size": [0.5, 0.5]},
								"up": {"uv": [34, 52], "uv_size": [0.5, 0.5]},
								"down": {"uv": [52, 34.5], "uv_size": [0.5, -0.5]}
							}
						},
						{
							"origin": [-0.26172, 2.12808, 1.45997],
							"size": [0.52345, 0.12312, 0.04207],
							"pivot": [0, 1.67254, 0.52426],
							"rotation": [90, 0, 120],
							"uv": {
								"north": {"uv": [36, 52], "uv_size": [0.5, 0.5]},
								"east": {"uv": [52, 36], "uv_size": [0.5, 0.5]},
								"south": {"uv": [38, 52], "uv_size": [0.5, 0.5]},
								"west": {"uv": [52, 38], "uv_size": [0.5, 0.5]},
								"up": {"uv": [44, 52], "uv_size": [0.5, 0.5]},
								"down": {"uv": [52, 44.5], "uv_size": [0.5, -0.5]}
							}
						},
						{
							"origin": [-0.26172, 2.12808, 1.45997],
							"size": [0.52345, 0.12312, 0.04207],
							"pivot": [0, 1.67254, 0.52426],
							"rotation": [90, 0, 150],
							"uv": {
								"north": {"uv": [46, 52], "uv_size": [0.5, 0.5]},
								"east": {"uv": [52, 46], "uv_size": [0.5, 0.5]},
								"south": {"uv": [48, 52], "uv_size": [0.5, 0.5]},
								"west": {"uv": [52, 48], "uv_size": [0.5, 0.5]},
								"up": {"uv": [50, 52], "uv_size": [0.5, 0.5]},
								"down": {"uv": [52, 52.5], "uv_size": [0.5, -0.5]}
							}
						},
						{
							"origin": [-0.26172, 2.12808, 1.45997],
							"size": [0.52345, 0.12312, 0.04207],
							"pivot": [0, 1.67254, 0.52426],
							"rotation": [90, 0, -180],
							"uv": {
								"north": {"uv": [0, 53], "uv_size": [0.5, 0.5]},
								"east": {"uv": [4, 53], "uv_size": [0.5, 0.5]},
								"south": {"uv": [12, 53], "uv_size": [0.5, 0.5]},
								"west": {"uv": [14, 53], "uv_size": [0.5, 0.5]},
								"up": {"uv": [20, 53], "uv_size": [0.5, 0.5]},
								"down": {"uv": [22, 53.5], "uv_size": [0.5, -0.5]}
							}
						},
						{
							"origin": [-0.27712, 2.2512, 1.45997],
							"size": [0.55423, 6.04109, 0.0985],
							"pivot": [0, 1.67254, 0.52426],
							"rotation": [90, 0, -60],
							"uv": {
								"north": {"uv": [22, 18], "uv_size": [0.5, 5]},
								"east": {"uv": [24, 0], "uv_size": [0.5, 5]},
								"south": {"uv": [24, 6], "uv_size": [0.5, 5]},
								"west": {"uv": [8, 24], "uv_size": [0.5, 5]},
								"up": {"uv": [24, 53], "uv_size": [0.5, 0.5]},
								"down": {"uv": [26, 53.5], "uv_size": [0.5, -0.5]}
							}
						},
						{
							"origin": [0.8893, 1.29384, -1.23944],
							"size": [0.32851, 3.79415, 0.2411],
							"pivot": [1.21781, 1.29384, -0.99833],
							"rotation": [90, 0, 99],
							"uv": {
								"north": {"uv": [32, 32], "uv_size": [0.5, 3]},
								"east": {"uv": [0, 34], "uv_size": [0.5, 3]},
								"south": {"uv": [2, 34], "uv_size": [0.5, 3]},
								"west": {"uv": [4, 34], "uv_size": [0.5, 3]},
								"up": {"uv": [30, 53], "uv_size": [0.5, 0.5]},
								"down": {"uv": [32, 53.5], "uv_size": [0.5, -0.5]}
							}
						},
						{
							"origin": [0.8893, 0.37558, -1.23944],
							"size": [0.32851, 0.91828, 0.2411],
							"pivot": [1.21781, 1.29384, -0.99833],
							"rotation": [78.4704, -3.905, 99.8671],
							"uv": {
								"north": {"uv": [4, 43], "uv_size": [0.5, 1]},
								"east": {"uv": [13, 43], "uv_size": [0.5, 1]},
								"south": {"uv": [15, 43], "uv_size": [0.5, 1]},
								"west": {"uv": [22, 43], "uv_size": [0.5, 1]},
								"up": {"uv": [40, 53], "uv_size": [0.5, 0.5]},
								"down": {"uv": [53, 40.5], "uv_size": [0.5, -0.5]}
							}
						},
						{
							"origin": [1.21781, 1.29384, -1.23944],
							"size": [0.32832, 3.79415, 0.2411],
							"pivot": [1.21781, 1.29384, -0.99833],
							"rotation": [90, 0, 117.5],
							"uv": {
								"north": {"uv": [34, 4], "uv_size": [0.5, 3]},
								"east": {"uv": [8, 34], "uv_size": [0.5, 3]},
								"south": {"uv": [34, 8], "uv_size": [0.5, 3]},
								"west": {"uv": [10, 34], "uv_size": [0.5, 3]},
								"up": {"uv": [42, 53], "uv_size": [0.5, 0.5]},
								"down": {"uv": [53, 42.5], "uv_size": [0.5, -0.5]}
							}
						},
						{
							"origin": [1.21781, 0.3807, -1.23944],
							"size": [0.32832, 0.91314, 0.2411],
							"pivot": [1.21781, 1.29384, -0.99833],
							"rotation": [77.5, 0, 117.5],
							"uv": {
								"north": {"uv": [24, 43], "uv_size": [0.5, 1]},
								"east": {"uv": [26, 43], "uv_size": [0.5, 1]},
								"south": {"uv": [28, 43], "uv_size": [0.5, 1]},
								"west": {"uv": [32, 43], "uv_size": [0.5, 1]},
								"up": {"uv": [53, 50], "uv_size": [0.5, 0.5]},
								"down": {"uv": [54, 0.5], "uv_size": [0.5, -0.5]}
							}
						},
						{
							"origin": [-1.21781, 1.29384, -1.23944],
							"size": [0.32851, 3.79415, 0.2411],
							"pivot": [-1.21781, 1.29384, -0.99833],
							"rotation": [90, 0, -99],
							"uv": {
								"north": {"uv": [12, 34], "uv_size": [0.5, 3]},
								"east": {"uv": [18, 34], "uv_size": [0.5, 3]},
								"south": {"uv": [20, 34], "uv_size": [0.5, 3]},
								"west": {"uv": [34, 20], "uv_size": [0.5, 3]},
								"up": {"uv": [2, 54], "uv_size": [0.5, 0.5]},
								"down": {"uv": [54, 2.5], "uv_size": [0.5, -0.5]}
							}
						},
						{
							"origin": [-1.21781, 0.37558, -1.23944],
							"size": [0.32851, 0.91828, 0.2411],
							"pivot": [-1.21781, 1.29384, -0.99833],
							"rotation": [78.4704, 3.905, -99.8671],
							"uv": {
								"north": {"uv": [34, 43], "uv_size": [0.5, 1]},
								"east": {"uv": [43, 41], "uv_size": [0.5, 1]},
								"south": {"uv": [43, 43], "uv_size": [0.5, 1]},
								"west": {"uv": [44, 0], "uv_size": [0.5, 1]},
								"up": {"uv": [54, 4], "uv_size": [0.5, 0.5]},
								"down": {"uv": [6, 54.5], "uv_size": [0.5, -0.5]}
							}
						},
						{
							"origin": [-1.54613, 1.29384, -1.23944],
							"size": [0.32832, 3.79415, 0.2411],
							"pivot": [-1.21781, 1.29384, -0.99833],
							"rotation": [90, 0, -117.5],
							"uv": {
								"north": {"uv": [24, 34], "uv_size": [0.5, 3]},
								"east": {"uv": [26, 34], "uv_size": [0.5, 3]},
								"south": {"uv": [28, 34], "uv_size": [0.5, 3]},
								"west": {"uv": [34, 28], "uv_size": [0.5, 3]},
								"up": {"uv": [54, 6], "uv_size": [0.5, 0.5]},
								"down": {"uv": [8, 54.5], "uv_size": [0.5, -0.5]}
							}
						},
						{
							"origin": [-1.54613, 0.3807, -1.23944],
							"size": [0.32832, 0.91314, 0.2411],
							"pivot": [-1.21781, 1.29384, -0.99833],
							"rotation": [77.5, 0, -117.5],
							"uv": {
								"north": {"uv": [2, 44], "uv_size": [0.5, 1]},
								"east": {"uv": [44, 2], "uv_size": [0.5, 1]},
								"south": {"uv": [44, 4], "uv_size": [0.5, 1]},
								"west": {"uv": [6, 44], "uv_size": [0.5, 1]},
								"up": {"uv": [54, 8], "uv_size": [0.5, 0.5]},
								"down": {"uv": [10, 54.5], "uv_size": [0.5, -0.5]}
							}
						},
						{
							"origin": [0.38969, 2.72641, -1.23944],
							"size": [0.32851, 3.79415, 0.2411],
							"pivot": [0.7182, 2.72641, -0.99833],
							"rotation": [90, 0, 26],
							"uv": {
								"north": {"uv": [30, 34], "uv_size": [0.5, 3]},
								"east": {"uv": [34, 32], "uv_size": [0.5, 3]},
								"south": {"uv": [36, 0], "uv_size": [0.5, 3]},
								"west": {"uv": [36, 4], "uv_size": [0.5, 3]},
								"up": {"uv": [54, 10], "uv_size": [0.5, 0.5]},
								"down": {"uv": [54, 12.5], "uv_size": [0.5, -0.5]}
							}
						},
						{
							"origin": [0.38969, 1.80814, -1.23944],
							"size": [0.32851, 0.91828, 0.2411],
							"pivot": [0.7182, 2.72641, -0.99833],
							"rotation": [78.4704, -3.905, 26.8671],
							"uv": {
								"north": {"uv": [44, 6], "uv_size": [0.5, 1]},
								"east": {"uv": [8, 44], "uv_size": [0.5, 1]},
								"south": {"uv": [44, 8], "uv_size": [0.5, 1]},
								"west": {"uv": [10, 44], "uv_size": [0.5, 1]},
								"up": {"uv": [54, 14], "uv_size": [0.5, 0.5]},
								"down": {"uv": [16, 54.5], "uv_size": [0.5, -0.5]}
							}
						},
						{
							"origin": [0.7182, 2.72641, -1.23944],
							"size": [0.32832, 3.79415, 0.2411],
							"pivot": [0.7182, 2.72641, -0.99833],
							"rotation": [90, 0, 44.5],
							"uv": {
								"north": {"uv": [6, 36], "uv_size": [0.5, 3]},
								"east": {"uv": [36, 8], "uv_size": [0.5, 3]},
								"south": {"uv": [36, 12], "uv_size": [0.5, 3]},
								"west": {"uv": [14, 36], "uv_size": [0.5, 3]},
								"up": {"uv": [54, 16], "uv_size": [0.5, 0.5]},
								"down": {"uv": [18, 54.5], "uv_size": [0.5, -0.5]}
							}
						},
						{
							"origin": [0.7182, 1.81327, -1.23944],
							"size": [0.32832, 0.91314, 0.2411],
							"pivot": [0.7182, 2.72641, -0.99833],
							"rotation": [77.5, 0, 44.5],
							"uv": {
								"north": {"uv": [44, 10], "uv_size": [0.5, 1]},
								"east": {"uv": [44, 12], "uv_size": [0.5, 1]},
								"south": {"uv": [44, 14], "uv_size": [0.5, 1]},
								"west": {"uv": [44, 16], "uv_size": [0.5, 1]},
								"up": {"uv": [54, 18], "uv_size": [0.5, 0.5]},
								"down": {"uv": [54, 20.5], "uv_size": [0.5, -0.5]}
							}
						},
						{
							"origin": [-0.7182, 2.72641, -1.23944],
							"size": [0.32851, 3.79415, 0.2411],
							"pivot": [-0.7182, 2.72641, -0.99833],
							"rotation": [90, 0, -26],
							"uv": {
								"north": {"uv": [16, 36], "uv_size": [0.5, 3]},
								"east": {"uv": [36, 16], "uv_size": [0.5, 3]},
								"south": {"uv": [36, 20], "uv_size": [0.5, 3]},
								"west": {"uv": [22, 36], "uv_size": [0.5, 3]},
								"up": {"uv": [54, 22], "uv_size": [0.5, 0.5]},
								"down": {"uv": [54, 24.5], "uv_size": [0.5, -0.5]}
							}
						},
						{
							"origin": [-0.7182, 1.80814, -1.23944],
							"size": [0.32851, 0.91828, 0.2411],
							"pivot": [-0.7182, 2.72641, -0.99833],
							"rotation": [78.4704, 3.905, -26.8671],
							"uv": {
								"north": {"uv": [17, 44], "uv_size": [0.5, 1]},
								"east": {"uv": [44, 18], "uv_size": [0.5, 1]},
								"south": {"uv": [19, 44], "uv_size": [0.5, 1]},
								"west": {"uv": [44, 20], "uv_size": [0.5, 1]},
								"up": {"uv": [54, 26], "uv_size": [0.5, 0.5]},
								"down": {"uv": [28, 54.5], "uv_size": [0.5, -0.5]}
							}
						},
						{
							"origin": [-1.04652, 2.72641, -1.23944],
							"size": [0.32832, 3.79415, 0.2411],
							"pivot": [-0.7182, 2.72641, -0.99833],
							"rotation": [90, 0, -44.5],
							"uv": {
								"north": {"uv": [36, 24], "uv_size": [0.5, 3]},
								"east": {"uv": [36, 28], "uv_size": [0.5, 3]},
								"south": {"uv": [32, 36], "uv_size": [0.5, 3]},
								"west": {"uv": [36, 32], "uv_size": [0.5, 3]},
								"up": {"uv": [54, 28], "uv_size": [0.5, 0.5]},
								"down": {"uv": [54, 30.5], "uv_size": [0.5, -0.5]}
							}
						},
						{
							"origin": [-1.04652, 1.81327, -1.23944],
							"size": [0.32832, 0.91314, 0.2411],
							"pivot": [-0.7182, 2.72641, -0.99833],
							"rotation": [77.5, 0, -44.5],
							"uv": {
								"north": {"uv": [44, 22], "uv_size": [0.5, 1]},
								"east": {"uv": [44, 24], "uv_size": [0.5, 1]},
								"south": {"uv": [44, 26], "uv_size": [0.5, 1]},
								"west": {"uv": [44, 28], "uv_size": [0.5, 1]},
								"up": {"uv": [54, 32], "uv_size": [0.5, 0.5]},
								"down": {"uv": [34, 54.5], "uv_size": [0.5, -0.5]}
							}
						}
					]
				},
				{
					"name": "lens",
					"parent": "scope_body",
					"pivot": [0, -10.46759, 5.65208],
					"cubes": [
						{
							"origin": [-1.06704, 1.42572, -5.66226],
							"size": [2.13408, 0.49248, 0],
							"pivot": [0, 1.67196, -7.5501],
							"rotation": [0, 0, 45],
							"uv": {
								"north": {"uv": [34, 36], "uv_size": [2, 0.5]},
								"east": {"uv": [5, 38], "uv_size": [0, 0.5]},
								"south": {"uv": [37, 36], "uv_size": [2, 0.5]},
								"west": {"uv": [4, 41], "uv_size": [0, 0.5]},
								"up": {"uv": [40, 55], "uv_size": [2, 0]},
								"down": {"uv": [55, 40], "uv_size": [2, 0]}
							}
						},
						{
							"origin": [-0.90288, 1.9182, -5.66226],
							"size": [1.80576, 0.49248, 0],
							"pivot": [0, 1.67196, -7.5501],
							"rotation": [0, 0, 45],
							"uv": {
								"north": {"uv": [41, 0], "uv_size": [1.5, 0.5]},
								"east": {"uv": [13, 41], "uv_size": [0, 0.5]},
								"south": {"uv": [24, 41], "uv_size": [1.5, 0.5]},
								"west": {"uv": [32, 55], "uv_size": [0, 0.5]},
								"up": {"uv": [55, 41], "uv_size": [1.5, 0]},
								"down": {"uv": [55, 42], "uv_size": [1.5, 0]}
							}
						},
						{
							"origin": [-0.90288, 0.93324, -5.66226],
							"size": [1.80576, 0.49248, 0],
							"pivot": [0, 1.67196, -7.5501],
							"rotation": [0, 0, 45],
							"uv": {
								"north": {"uv": [27, 41], "uv_size": [1.5, 0.5]},
								"east": {"uv": [33, 55], "uv_size": [0, 0.5]},
								"south": {"uv": [34, 41], "uv_size": [1.5, 0.5]},
								"west": {"uv": [43, 55], "uv_size": [0, 0.5]},
								"up": {"uv": [55, 43], "uv_size": [1.5, 0]},
								"down": {"uv": [55, 50], "uv_size": [1.5, 0]}
							}
						},
						{
							"origin": [-0.65664, 2.41068, -5.66226],
							"size": [1.31328, 0.24624, 0],
							"pivot": [0, 1.67196, -7.5501],
							"rotation": [0, 0, 45],
							"uv": {
								"north": {"uv": [30, 44], "uv_size": [1, 0.5]},
								"east": {"uv": [56, 0], "uv_size": [0, 0.5]},
								"south": {"uv": [44, 30], "uv_size": [1, 0.5]},
								"west": {"uv": [2, 56], "uv_size": [0, 0.5]},
								"up": {"uv": [38, 35], "uv_size": [1, 0]},
								"down": {"uv": [55, 51], "uv_size": [1, 0]}
							}
						},
						{
							"origin": [-0.65664, 0.687, -5.66226],
							"size": [1.31328, 0.24624, 0],
							"pivot": [0, 1.67196, -7.5501],
							"rotation": [0, 0, 45],
							"uv": {
								"north": {"uv": [44, 32], "uv_size": [1, 0.5]},
								"east": {"uv": [56, 2], "uv_size": [0, 0.5]},
								"south": {"uv": [44, 34], "uv_size": [1, 0.5]},
								"west": {"uv": [3, 56], "uv_size": [0, 0.5]},
								"up": {"uv": [56, 4], "uv_size": [1, 0]},
								"down": {"uv": [56, 5], "uv_size": [1, 0]}
							}
						}
					]
				}
			]
		}
	]
}