{
	"format_version": "1.12.0",
	"minecraft:geometry": [
		{
			"description": {
				"identifier": "geometry.unknown",
				"texture_width": 16,
				"texture_height": 16,
				"visible_bounds_width": 2,
				"visible_bounds_height": 1.5,
				"visible_bounds_offset": [0, 0.25, 0]
			},
			"bones": [
				{
					"name": "grip3",
					"pivot": [0.00001, -1.3664, 3.29069],
					"cubes": [
						{
							"origin": [-0.20228, -2.98705, 0.13695],
							"size": [1, 3.10019, 0.97611],
							"inflate": -0.48705,
							"pivot": [0.31066, -2.5, 0.625],
							"rotation": [177.6184, -44.9752, -179.0142],
							"uv": {
								"north": {"uv": [2, 0], "uv_size": [1, 3]}
							}
						},
						{
							"origin": [0.21876, -2.98737, -0.28408],
							"size": [1, 3.10019, 0.97611],
							"inflate": -0.48705,
							"pivot": [0.7317, -2.50032, 0.20397],
							"rotation": [179.013, -45.0163, 179.0134],
							"uv": {
								"north": {"uv": [0, 3], "uv_size": [1, 3]}
							}
						},
						{
							"origin": [-0.5, -2.73759, -1.0919],
							"size": [1, 2.55669, 0.43446],
							"inflate": -0.21523,
							"pivot": [0, -2.5, -0.125],
							"rotation": [178.3153, -45, 180],
							"uv": {
								"north": {"uv": [5, 9], "uv_size": [1, 2.5]}
							}
						},
						{
							"origin": [0.23705, -2.98705, -0.30239],
							"size": [1, 3.10019, 0.97611],
							"inflate": -0.48705,
							"pivot": [0.75, -2.5, 0.18566],
							"rotation": [90, -89.3023, -91.6847],
							"uv": {
								"north": {"uv": [3, 0], "uv_size": [1, 3]}
							}
						},
						{
							"origin": [0.23706, -2.98737, -0.89783],
							"size": [1, 3.10019, 0.97611],
							"inflate": -0.48705,
							"pivot": [0.75001, -2.50032, -0.40977],
							"rotation": [-90, -89.3023, 88.3153],
							"uv": {
								"north": {"uv": [1, 3], "uv_size": [1, 3]}
							}
						},
						{
							"origin": [-0.5, -2.73759, -1.0919],
							"size": [1, 2.55669, 0.43446],
							"inflate": -0.21523,
							"pivot": [0, -2.5, -0.125],
							"rotation": [0, -90, -1.6847],
							"uv": {
								"north": {"uv": [6, 9], "uv_size": [1, 2.5]}
							}
						},
						{
							"origin": [0.23705, -2.98705, -0.92372],
							"size": [1, 3.10019, 0.97611],
							"inflate": -0.48705,
							"pivot": [0.75, -2.5, -0.43566],
							"rotation": [-0.987, -45.0163, -0.9866],
							"uv": {
								"north": {"uv": [2, 3], "uv_size": [1, 3]}
							}
						},
						{
							"origin": [-0.18397, -2.98737, -1.34476],
							"size": [1, 3.10019, 0.97611],
							"inflate": -0.48705,
							"pivot": [0.32897, -2.50032, -0.8567],
							"rotation": [-2.3816, -44.9752, 0.9858],
							"uv": {
								"north": {"uv": [3, 3], "uv_size": [1, 3]}
							}
						},
						{
							"origin": [-0.5, -2.73759, -1.0919],
							"size": [1, 2.55669, 0.43446],
							"inflate": -0.21523,
							"pivot": [0, -2.5, -0.125],
							"rotation": [-1.6847, -45, 0],
							"uv": {
								"north": {"uv": [9, 6], "uv_size": [1, 2.5]}
							}
						},
						{
							"origin": [-0.20228, -2.98705, -1.36305],
							"size": [1, 3.10019, 0.97611],
							"inflate": -0.48705,
							"pivot": [0.31066, -2.5, -0.875],
							"rotation": [-1.6846, -0.0205, -0.6974],
							"uv": {
								"north": {"uv": [4, 0], "uv_size": [1, 3]}
							}
						},
						{
							"origin": [-0.79772, -2.98737, -1.36306],
							"size": [1, 3.10019, 0.97611],
							"inflate": -0.48705,
							"pivot": [-0.28477, -2.50032, -0.87501],
							"rotation": [-1.6846, 0.0205, 0.6974],
							"uv": {
								"north": {"uv": [4, 3], "uv_size": [1, 3]}
							}
						},
						{
							"origin": [-0.5, -2.73759, -1.0919],
							"size": [1, 2.55669, 0.43446],
							"inflate": -0.21523,
							"pivot": [0, -2.5, -0.125],
							"rotation": [-1.6847, 0, 0],
							"uv": {
								"north": {"uv": [7, 9], "uv_size": [1, 2.5]}
							}
						},
						{
							"origin": [-0.82361, -2.98705, -1.36305],
							"size": [1, 3.10019, 0.97611],
							"inflate": -0.48705,
							"pivot": [-0.31066, -2.5, -0.875],
							"rotation": [-2.3816, 44.9752, -0.9858],
							"uv": {
								"north": {"uv": [5, 0], "uv_size": [1, 3]}
							}
						},
						{
							"origin": [-1.24465, -2.98737, -0.94203],
							"size": [1, 3.10019, 0.97611],
							"inflate": -0.48705,
							"pivot": [-0.7317, -2.50032, -0.45397],
							"rotation": [-0.987, 45.0163, 0.9866],
							"uv": {
								"north": {"uv": [5, 3], "uv_size": [1, 3]}
							}
						},
						{
							"origin": [-0.5, -2.73759, -1.0919],
							"size": [1, 2.55669, 0.43446],
							"inflate": -0.21523,
							"pivot": [0, -2.5, -0.125],
							"rotation": [-1.6847, 45, 0],
							"uv": {
								"north": {"uv": [8, 9], "uv_size": [1, 2.5]}
							}
						},
						{
							"origin": [-1.26295, -2.98705, -0.92372],
							"size": [1, 3.10019, 0.97611],
							"inflate": -0.48705,
							"pivot": [-0.75, -2.5, -0.43566],
							"rotation": [-90, 89.3023, -88.3153],
							"uv": {
								"north": {"uv": [0, 6], "uv_size": [1, 3]}
							}
						},
						{
							"origin": [-1.26295, -2.98737, -0.32828],
							"size": [1, 3.10019, 0.97611],
							"inflate": -0.48705,
							"pivot": [-0.75001, -2.50032, 0.15977],
							"rotation": [90, 89.3023, 91.6847],
							"uv": {
								"north": {"uv": [6, 0], "uv_size": [1, 3]}
							}
						},
						{
							"origin": [-0.5, -2.73759, -1.0919],
							"size": [1, 2.55669, 0.43446],
							"inflate": -0.21523,
							"pivot": [0, -2.5, -0.125],
							"rotation": [0, 90, 1.6847],
							"uv": {
								"north": {"uv": [9, 9], "uv_size": [1, 2.5]}
							}
						},
						{
							"origin": [-1.26295, -2.98705, -0.30239],
							"size": [1, 3.10019, 0.97611],
							"inflate": -0.48705,
							"pivot": [-0.75, -2.5, 0.18566],
							"rotation": [179.013, 45.0163, -179.0134],
							"uv": {
								"north": {"uv": [1, 6], "uv_size": [1, 3]}
							}
						},
						{
							"origin": [-0.84192, -2.98737, 0.11865],
							"size": [1, 3.10019, 0.97611],
							"inflate": -0.48705,
							"pivot": [-0.32897, -2.50032, 0.6067],
							"rotation": [177.6184, 44.9752, 179.0142],
							"uv": {
								"north": {"uv": [2, 6], "uv_size": [1, 3]}
							}
						},
						{
							"origin": [-0.5, -2.73759, -1.0919],
							"size": [1, 2.55669, 0.43446],
							"inflate": -0.21523,
							"pivot": [0, -2.5, -0.125],
							"rotation": [178.3153, 45, -180],
							"uv": {
								"north": {"uv": [10, 0], "uv_size": [1, 2.5]}
							}
						},
						{
							"origin": [-0.82361, -2.98705, 0.13695],
							"size": [1, 3.10019, 0.97611],
							"inflate": -0.48705,
							"pivot": [-0.31066, -2.5, 0.625],
							"rotation": [178.3154, 0.0205, -179.3026],
							"uv": {
								"north": {"uv": [3, 6], "uv_size": [1, 3]}
							}
						},
						{
							"origin": [-0.22817, -2.98737, 0.13695],
							"size": [1, 3.10019, 0.97611],
							"inflate": -0.48705,
							"pivot": [0.28477, -2.50032, 0.62501],
							"rotation": [178.3154, -0.0205, 179.3026],
							"uv": {
								"north": {"uv": [6, 3], "uv_size": [1, 3]}
							}
						},
						{
							"origin": [-0.5, -2.73759, -1.0919],
							"size": [1, 2.55669, 0.43446],
							"inflate": -0.21523,
							"pivot": [0, -2.5, -0.125],
							"rotation": [178.3153, 0, 180],
							"uv": {
								"north": {"uv": [10, 3], "uv_size": [1, 2.5]}
							}
						},
						{
							"origin": [-0.31066, -3.25, -0.875],
							"size": [0.62132, 0.75, 1.5],
							"pivot": [0, -3.5, -0.125],
							"rotation": [-180, -45, 180],
							"uv": {
								"north": {"uv": [3, 13], "uv_size": [0.5, 1]},
								"south": {"uv": [4, 13], "uv_size": [0.5, 1]}
							}
						},
						{
							"origin": [-0.31066, -3.25, -0.875],
							"size": [0.62132, 0.75, 1.5],
							"pivot": [0, -3.5, -0.125],
							"rotation": [0, -90, 0],
							"uv": {
								"north": {"uv": [5, 13], "uv_size": [0.5, 1]},
								"south": {"uv": [6, 13], "uv_size": [0.5, 1]}
							}
						},
						{
							"origin": [-0.31066, -3.25, -0.875],
							"size": [0.62132, 0.75, 1.5],
							"pivot": [0, -3.5, -0.125],
							"rotation": [0, -45, 0],
							"uv": {
								"north": {"uv": [13, 6], "uv_size": [0.5, 1]},
								"south": {"uv": [7, 13], "uv_size": [0.5, 1]}
							}
						},
						{
							"origin": [-0.31066, -3.25, -0.875],
							"size": [0.62132, 0.75, 1.5],
							"uv": {
								"north": {"uv": [13, 7], "uv_size": [0.5, 1]},
								"south": {"uv": [13, 8], "uv_size": [0.5, 1]}
							}
						},
						{
							"origin": [-0.33655, -6.125, -0.9375],
							"size": [0.6731, 0.75, 1.625],
							"pivot": [0, -6.375, -0.125],
							"rotation": [-180, -45, 180],
							"uv": {
								"north": {"uv": [13, 9], "uv_size": [0.5, 1]},
								"south": {"uv": [13, 10], "uv_size": [0.5, 1]},
								"up": {"uv": [12, 6], "uv_size": [0.5, 1.5]},
								"down": {"uv": [8, 13.5], "uv_size": [0.5, -1.5]}
							}
						},
						{
							"origin": [-0.33655, -6.125, -0.9375],
							"size": [0.6731, 0.75, 1.625],
							"pivot": [0, -6.375, -0.125],
							"rotation": [0, -90, 0],
							"uv": {
								"north": {"uv": [13, 11], "uv_size": [0.5, 1]},
								"south": {"uv": [13, 12], "uv_size": [0.5, 1]},
								"up": {"uv": [12, 8], "uv_size": [0.5, 1.5]},
								"down": {"uv": [9, 13.5], "uv_size": [0.5, -1.5]}
							}
						},
						{
							"origin": [-0.33655, -6.125, -0.9375],
							"size": [0.6731, 0.75, 1.625],
							"pivot": [0, -6.375, -0.125],
							"rotation": [0, -45, 0],
							"uv": {
								"north": {"uv": [13, 13], "uv_size": [0.5, 1]},
								"south": {"uv": [1, 14], "uv_size": [0.5, 1]},
								"up": {"uv": [10, 12], "uv_size": [0.5, 1.5]},
								"down": {"uv": [12, 11.5], "uv_size": [0.5, -1.5]}
							}
						},
						{
							"origin": [-0.33655, -6.125, -0.9375],
							"size": [0.6731, 0.75, 1.625],
							"uv": {
								"north": {"uv": [2, 14], "uv_size": [0.5, 1]},
								"south": {"uv": [3, 14], "uv_size": [0.5, 1]},
								"up": {"uv": [11, 12], "uv_size": [0.5, 1.5]},
								"down": {"uv": [12, 13.5], "uv_size": [0.5, -1.5]}
							}
						},
						{
							"origin": [-0.20228, -5.86313, 0.13695],
							"size": [1, 3.10019, 0.97611],
							"inflate": -0.48705,
							"pivot": [0.31066, -3.25, 0.625],
							"rotation": [-177.6184, -44.9752, 179.0142],
							"uv": {
								"north": {"uv": [4, 6], "uv_size": [1, 3]}
							}
						},
						{
							"origin": [0.21876, -5.86282, -0.28408],
							"size": [1, 3.10019, 0.97611],
							"inflate": -0.48705,
							"pivot": [0.7317, -3.24968, 0.20397],
							"rotation": [-179.013, -45.0163, -179.0134],
							"uv": {
								"north": {"uv": [5, 6], "uv_size": [1, 3]}
							}
						},
						{
							"origin": [-0.5, -5.5691, -1.0919],
							"size": [1, 2.55669, 0.43446],
							"inflate": -0.21523,
							"pivot": [0, -3.25, -0.125],
							"rotation": [-178.3153, -45, -180],
							"uv": {
								"north": {"uv": [10, 6], "uv_size": [1, 2.5]}
							}
						},
						{
							"origin": [0.23705, -5.86313, -0.30239],
							"size": [1, 3.10019, 0.97611],
							"inflate": -0.48705,
							"pivot": [0.75, -3.25, 0.18566],
							"rotation": [-90, -89.3023, 91.6847],
							"uv": {
								"north": {"uv": [6, 6], "uv_size": [1, 3]}
							}
						},
						{
							"origin": [0.23706, -5.86282, -0.89783],
							"size": [1, 3.10019, 0.97611],
							"inflate": -0.48705,
							"pivot": [0.75001, -3.24968, -0.40977],
							"rotation": [90, -89.3023, -88.3153],
							"uv": {
								"north": {"uv": [7, 0], "uv_size": [1, 3]}
							}
						},
						{
							"origin": [-0.5, -5.5691, -1.0919],
							"size": [1, 2.55669, 0.43446],
							"inflate": -0.21523,
							"pivot": [0, -3.25, -0.125],
							"rotation": [0, -90, 1.6847],
							"uv": {
								"north": {"uv": [10, 9], "uv_size": [1, 2.5]}
							}
						},
						{
							"origin": [0.23705, -5.86313, -0.92372],
							"size": [1, 3.10019, 0.97611],
							"inflate": -0.48705,
							"pivot": [0.75, -3.25, -0.43566],
							"rotation": [0.987, -45.0163, 0.9866],
							"uv": {
								"north": {"uv": [7, 3], "uv_size": [1, 3]}
							}
						},
						{
							"origin": [-0.18397, -5.86282, -1.34476],
							"size": [1, 3.10019, 0.97611],
							"inflate": -0.48705,
							"pivot": [0.32897, -3.24968, -0.8567],
							"rotation": [2.3816, -44.9752, -0.9858],
							"uv": {
								"north": {"uv": [7, 6], "uv_size": [1, 3]}
							}
						},
						{
							"origin": [-0.5, -5.5691, -1.0919],
							"size": [1, 2.55669, 0.43446],
							"inflate": -0.21523,
							"pivot": [0, -3.25, -0.125],
							"rotation": [1.6847, -45, 0],
							"uv": {
								"north": {"uv": [11, 0], "uv_size": [1, 2.5]}
							}
						},
						{
							"origin": [-0.20228, -5.86313, -1.36305],
							"size": [1, 3.10019, 0.97611],
							"inflate": -0.48705,
							"pivot": [0.31066, -3.25, -0.875],
							"rotation": [1.6846, -0.0205, 0.6974],
							"uv": {
								"north": {"uv": [8, 0], "uv_size": [1, 3]}
							}
						},
						{
							"origin": [-0.79772, -5.86282, -1.36306],
							"size": [1, 3.10019, 0.97611],
							"inflate": -0.48705,
							"pivot": [-0.28477, -3.24968, -0.87501],
							"rotation": [1.6846, 0.0205, -0.6974],
							"uv": {
								"north": {"uv": [8, 3], "uv_size": [1, 3]}
							}
						},
						{
							"origin": [-0.5, -5.5691, -1.0919],
							"size": [1, 2.55669, 0.43446],
							"inflate": -0.21523,
							"pivot": [0, -3.25, -0.125],
							"rotation": [1.6847, 0, 0],
							"uv": {
								"north": {"uv": [11, 3], "uv_size": [1, 2.5]}
							}
						},
						{
							"origin": [-0.82361, -5.86313, -1.36305],
							"size": [1, 3.10019, 0.97611],
							"inflate": -0.48705,
							"pivot": [-0.31066, -3.25, -0.875],
							"rotation": [2.3816, 44.9752, 0.9858],
							"uv": {
								"north": {"uv": [8, 6], "uv_size": [1, 3]}
							}
						},
						{
							"origin": [-1.24465, -5.86282, -0.94203],
							"size": [1, 3.10019, 0.97611],
							"inflate": -0.48705,
							"pivot": [-0.7317, -3.24968, -0.45397],
							"rotation": [0.987, 45.0163, -0.9866],
							"uv": {
								"north": {"uv": [0, 9], "uv_size": [1, 3]}
							}
						},
						{
							"origin": [-0.5, -5.5691, -1.0919],
							"size": [1, 2.55669, 0.43446],
							"inflate": -0.21523,
							"pivot": [0, -3.25, -0.125],
							"rotation": [1.6847, 45, 0],
							"uv": {
								"north": {"uv": [11, 6], "uv_size": [1, 2.5]}
							}
						},
						{
							"origin": [-1.26295, -5.86313, -0.92372],
							"size": [1, 3.10019, 0.97611],
							"inflate": -0.48705,
							"pivot": [-0.75, -3.25, -0.43566],
							"rotation": [90, 89.3023, 88.3153],
							"uv": {
								"north": {"uv": [9, 0], "uv_size": [1, 3]}
							}
						},
						{
							"origin": [-1.26295, -5.86282, -0.32828],
							"size": [1, 3.10019, 0.97611],
							"inflate": -0.48705,
							"pivot": [-0.75001, -3.24968, 0.15977],
							"rotation": [-90, 89.3023, -91.6847],
							"uv": {
								"north": {"uv": [1, 9], "uv_size": [1, 3]}
							}
						},
						{
							"origin": [-0.5, -5.5691, -1.0919],
							"size": [1, 2.55669, 0.43446],
							"inflate": -0.21523,
							"pivot": [0, -3.25, -0.125],
							"rotation": [0, 90, -1.6847],
							"uv": {
								"north": {"uv": [11, 9], "uv_size": [1, 2.5]}
							}
						},
						{
							"origin": [-1.26295, -5.86313, -0.30239],
							"size": [1, 3.10019, 0.97611],
							"inflate": -0.48705,
							"pivot": [-0.75, -3.25, 0.18566],
							"rotation": [-179.013, 45.0163, 179.0134],
							"uv": {
								"north": {"uv": [2, 9], "uv_size": [1, 3]}
							}
						},
						{
							"origin": [-0.84192, -5.86282, 0.11865],
							"size": [1, 3.10019, 0.97611],
							"inflate": -0.48705,
							"pivot": [-0.32897, -3.24968, 0.6067],
							"rotation": [-177.6184, 44.9752, -179.0142],
							"uv": {
								"north": {"uv": [3, 9], "uv_size": [1, 3]}
							}
						},
						{
							"origin": [-0.5, -5.5691, -1.0919],
							"size": [1, 2.55669, 0.43446],
							"inflate": -0.21523,
							"pivot": [0, -3.25, -0.125],
							"rotation": [-178.3153, 45, 180],
							"uv": {
								"north": {"uv": [0, 12], "uv_size": [1, 2.5]}
							}
						},
						{
							"origin": [-0.82361, -5.86313, 0.13695],
							"size": [1, 3.10019, 0.97611],
							"inflate": -0.48705,
							"pivot": [-0.31066, -3.25, 0.625],
							"rotation": [-178.3154, 0.0205, 179.3026],
							"uv": {
								"north": {"uv": [9, 3], "uv_size": [1, 3]}
							}
						},
						{
							"origin": [-0.22817, -5.86282, 0.13695],
							"size": [1, 3.10019, 0.97611],
							"inflate": -0.48705,
							"pivot": [0.28477, -3.24968, 0.62501],
							"rotation": [-178.3154, -0.0205, -179.3026],
							"uv": {
								"north": {"uv": [4, 9], "uv_size": [1, 3]}
							}
						},
						{
							"origin": [-0.5, -5.5691, -1.0919],
							"size": [1, 2.55669, 0.43446],
							"inflate": -0.21523,
							"pivot": [0, -3.25, -0.125],
							"rotation": [-178.3153, 0, -180],
							"uv": {
								"north": {"uv": [12, 0], "uv_size": [1, 2.5]}
							}
						},
						{
							"origin": [-0.6875, -0.375, -1.25],
							"size": [1.375, 0.75, 2.25],
							"uv": {
								"north": {"uv": [4, 12], "uv_size": [1.5, 1]},
								"east": {"uv": [1, 12], "uv_size": [2.5, 1]},
								"south": {"uv": [12, 4], "uv_size": [1.5, 1]},
								"west": {"uv": [12, 3], "uv_size": [2.5, 1]},
								"up": {"uv": [0, 0], "uv_size": [1.5, 2.5]}
							}
						},
						{
							"origin": [-0.6875, -0.67256, -1.2398],
							"size": [1.375, 0.21752, 0.87408],
							"pivot": [0, -0.48506, -0.1148],
							"rotation": [-15, 0, 0],
							"uv": {
								"east": {"uv": [4, 14], "uv_size": [1, 0.5]},
								"west": {"uv": [14, 4], "uv_size": [1, 0.5]},
								"down": {"uv": [12, 6], "uv_size": [1.5, -1]}
							}
						},
						{
							"origin": [-0.6875, -0.67256, 0.11572],
							"size": [1.375, 0.21752, 0.87408],
							"pivot": [0, -0.48506, -0.1352],
							"rotation": [15, 0, 0],
							"uv": {
								"east": {"uv": [5, 14], "uv_size": [1, 0.5]},
								"west": {"uv": [14, 5], "uv_size": [1, 0.5]},
								"down": {"uv": [6, 13], "uv_size": [1.5, -1]}
							}
						},
						{
							"origin": [-0.71875, -0.15625, -0.28125],
							"size": [1.4375, 0.3125, 0.3125],
							"pivot": [-0.29687, 0, -0.125],
							"rotation": [-45, 0, 0],
							"uv": {
								"north": {"uv": [13, 0], "uv_size": [1.5, 0.5]},
								"east": {"uv": [6, 14], "uv_size": [0.5, 0.5]},
								"south": {"uv": [1, 13], "uv_size": [1.5, 0.5]},
								"west": {"uv": [14, 6], "uv_size": [0.5, 0.5]},
								"up": {"uv": [13, 1], "uv_size": [1.5, 0.5]},
								"down": {"uv": [13, 2.5], "uv_size": [1.5, -0.5]}
							}
						}
					]
				}
			]
		}
	]
}