{
	"format_version": "1.12.0",
	"minecraft:geometry": [
		{
			"description": {
				"identifier": "geometry.unknown",
				"texture_width": 32,
				"texture_height": 32,
				"visible_bounds_width": 2,
				"visible_bounds_height": 1.5,
				"visible_bounds_offset": [0, 0.25, 0]
			},
			"bones": [
				{
					"name": "cqr",
					"pivot": [0, 0, 0]
				},
				{
					"name": "pin",
					"parent": "cqr",
					"pivot": [0, -2.82288, 1.90178],
					"cubes": [
						{
							"origin": [-0.625, -2.01038, 2.71428],
							"size": [1.25, 0.375, 0.375],
							"pivot": [0, -1.82288, 2.90178],
							"rotation": [135, 0, 0],
							"uv": {
								"north": {"uv": [13, 12], "uv_size": [1.5, 0.5]},
								"east": {"uv": [15, 15], "uv_size": [0.5, 0.5]},
								"south": {"uv": [13, 13], "uv_size": [1.5, 0.5]},
								"west": {"uv": [0, 16], "uv_size": [0.5, 0.5]},
								"up": {"uv": [14, 0], "uv_size": [1.5, 0.5]},
								"down": {"uv": [14, 1.5], "uv_size": [1.5, -0.5]}
							}
						},
						{
							"origin": [-0.625, -3.01038, 1.71428],
							"size": [1.25, 0.375, 0.375],
							"pivot": [0, -2.82288, 1.90178],
							"rotation": [135, 0, 0],
							"uv": {
								"north": {"uv": [2, 14], "uv_size": [1.5, 0.5]},
								"east": {"uv": [16, 0], "uv_size": [0.5, 0.5]},
								"south": {"uv": [14, 2], "uv_size": [1.5, 0.5]},
								"west": {"uv": [1, 16], "uv_size": [0.5, 0.5]},
								"up": {"uv": [14, 3], "uv_size": [1.5, 0.5]},
								"down": {"uv": [14, 4.5], "uv_size": [1.5, -0.5]}
							}
						}
					]
				},
				{
					"name": "hand_support",
					"parent": "cqr",
					"pivot": [0, -3.27133, -0.15657],
					"cubes": [
						{
							"origin": [-0.625, -0.47311, -1.64582],
							"size": [1.25, 0.1875, 1.25],
							"uv": {
								"north": {"uv": [13, 5], "uv_size": [1.5, 0.5]},
								"east": {"uv": [6, 13], "uv_size": [1.5, 0.5]},
								"south": {"uv": [13, 6], "uv_size": [1.5, 0.5]},
								"west": {"uv": [13, 7], "uv_size": [1.5, 0.5]},
								"up": {"uv": [2, 11], "uv_size": [1.5, 1.5]}
							}
						},
						{
							"origin": [-0.625, -0.61105, -0.72884],
							"size": [1.25, 0.1875, 0.3125],
							"inflate": -0.001,
							"pivot": [0, -0.5173, -0.57259],
							"rotation": [-135, 0, 0],
							"uv": {
								"east": {"uv": [6, 15], "uv_size": [0.5, 0.5]},
								"west": {"uv": [15, 6], "uv_size": [0.5, 0.5]},
								"up": {"uv": [9, 13], "uv_size": [1.5, 0.5]}
							}
						},
						{
							"origin": [-0.625, -0.94251, -1.76258],
							"size": [1.25, 0.1875, 0.3125],
							"inflate": -0.001,
							"pivot": [0, -0.84876, -1.13758],
							"rotation": [-45, 0, 0],
							"uv": {
								"east": {"uv": [5, 15], "uv_size": [0.5, 0.5]},
								"west": {"uv": [15, 5], "uv_size": [0.5, 0.5]},
								"down": {"uv": [13, 8.5], "uv_size": [1.5, -0.5]}
							}
						},
						{
							"origin": [-0.625, -2.09811, -1.45832],
							"size": [1.25, 1.625, 0.875],
							"uv": {
								"north": {"uv": [9, 9], "uv_size": [1.5, 1.5]},
								"east": {"uv": [10, 11], "uv_size": [1, 1.5]},
								"south": {"uv": [0, 11], "uv_size": [1.5, 1.5]},
								"west": {"uv": [11, 11], "uv_size": [1, 1.5]}
							}
						},
						{
							"origin": [-0.625, -3.30675, -1.56436],
							"size": [1.25, 2.0625, 0.875],
							"inflate": 0.001,
							"pivot": [0, -1.74425, -0.93936],
							"rotation": [40, 0, 0],
							"uv": {
								"north": {"uv": [4, 7], "uv_size": [1.5, 2]},
								"east": {"uv": [8, 10], "uv_size": [1, 2]},
								"south": {"uv": [6, 7], "uv_size": [1.5, 2]},
								"west": {"uv": [6, 11], "uv_size": [1, 2]},
								"up": {"uv": [6, 5], "uv_size": [1.5, 1]},
								"down": {"uv": [8, 6], "uv_size": [1.5, -1]}
							}
						},
						{
							"origin": [-0.625, -3.11512, 0.12615],
							"size": [1.25, 0.1875, 0.26517],
							"inflate": -0.001,
							"pivot": [0, -3.02137, 0.14132],
							"rotation": [85, 0, 0],
							"uv": {
								"east": {"uv": [12, 15], "uv_size": [0.5, 0.5]},
								"west": {"uv": [15, 12], "uv_size": [0.5, 0.5]},
								"down": {"uv": [13, 11.5], "uv_size": [1.5, -0.5]}
							}
						},
						{
							"origin": [-0.625, -3.22728, -0.26838],
							"size": [1.25, 0.1875, 0.5],
							"pivot": [0, -3.13353, -0.01838],
							"rotation": [40, 0, 0],
							"uv": {
								"east": {"uv": [10, 15], "uv_size": [0.5, 0.5]},
								"west": {"uv": [15, 10], "uv_size": [0.5, 0.5]},
								"down": {"uv": [13, 9.5], "uv_size": [1.5, -0.5]}
							}
						},
						{
							"origin": [-0.625, -3.36508, -0.40657],
							"size": [1.25, 0.1875, 0.26517],
							"inflate": -0.001,
							"pivot": [0, -3.27133, -0.15657],
							"rotation": [-5, 0, 0],
							"uv": {
								"east": {"uv": [11, 15], "uv_size": [0.5, 0.5]},
								"west": {"uv": [15, 11], "uv_size": [0.5, 0.5]},
								"down": {"uv": [13, 10.5], "uv_size": [1.5, -0.5]}
							}
						}
					]
				},
				{
					"name": "hera_arms_cqr_gen1",
					"parent": "cqr",
					"pivot": [0, 0, -2],
					"cubes": [
						{
							"origin": [-0.5625, -1.8125, -1.6875],
							"size": [1.125, 1.5, 1.3125],
							"uv": {
								"north": {"uv": [9, 11], "uv_size": [1, 1.5]},
								"east": {"uv": [6, 9], "uv_size": [1.5, 1.5]},
								"south": {"uv": [11, 9], "uv_size": [1, 1.5]},
								"west": {"uv": [9, 7], "uv_size": [1.5, 1.5]}
							}
						},
						{
							"origin": [-0.5625, -0.25379, -0.34938],
							"size": [1.125, 0.5625, 0.3125],
							"inflate": -0.001,
							"pivot": [0, -0.1875, -1.03125],
							"rotation": [-45, 0, 0],
							"uv": {
								"east": {"uv": [7, 15], "uv_size": [0.5, 0.5]},
								"south": {"uv": [11, 13], "uv_size": [1, 0.5]},
								"west": {"uv": [15, 7], "uv_size": [0.5, 0.5]}
							}
						},
						{
							"origin": [-0.5625, -0.62879, -1.97438],
							"size": [1.125, 0.67187, 0.29687],
							"inflate": -0.001,
							"pivot": [0, -0.37879, -1.31813],
							"rotation": [45, 0, 0],
							"uv": {
								"north": {"uv": [4, 14], "uv_size": [1, 0.5]},
								"east": {"uv": [8, 15], "uv_size": [0.5, 0.5]},
								"west": {"uv": [15, 8], "uv_size": [0.5, 0.5]}
							}
						},
						{
							"origin": [-0.5625, -3.68175, -1.75186],
							"size": [1.125, 2.5625, 1.25],
							"inflate": 0.001,
							"pivot": [0, -1.74425, -0.93936],
							"rotation": [40, 0, 0],
							"uv": {
								"east": {"uv": [4, 0], "uv_size": [1.5, 2.5]},
								"south": {"uv": [4, 9], "uv_size": [1, 2.5]},
								"west": {"uv": [4, 3], "uv_size": [1.5, 2.5]},
								"down": {"uv": [4, 13.5], "uv_size": [1, -1.5]}
							}
						},
						{
							"origin": [-0.5625, -1.72844, -1.9823],
							"size": [1.125, 0.27676, 0.61292],
							"inflate": -0.001,
							"pivot": [0, -1.60344, -1.68188],
							"rotation": [60, 0, 0],
							"uv": {
								"east": {"uv": [9, 15], "uv_size": [0.5, 0.5]},
								"west": {"uv": [15, 9], "uv_size": [0.5, 0.5]},
								"up": {"uv": [6, 14], "uv_size": [1, 0.5]}
							}
						},
						{
							"origin": [-0.375, -3.68175, -1.93936],
							"size": [0.75, 2.5625, 0.1875],
							"pivot": [0, -1.74425, -0.93936],
							"rotation": [40, 0, 0],
							"uv": {
								"north": {"uv": [5, 9], "uv_size": [1, 2.5]},
								"up": {"uv": [7, 14], "uv_size": [1, 0.5]},
								"down": {"uv": [8, 14.5], "uv_size": [1, -0.5]}
							}
						},
						{
							"origin": [0.19887, -3.97257, -1.16359],
							"size": [0.26517, 2.5625, 0.1875],
							"inflate": -0.001,
							"pivot": [0.57387, -2.62882, -1.06984],
							"rotation": [49.87926, -32.79775, -32.73241],
							"uv": {
								"north": {"uv": [5, 12], "uv_size": [0.5, 2.5]},
								"up": {"uv": [13, 15], "uv_size": [0.5, 0.5]},
								"down": {"uv": [15, 13.5], "uv_size": [0.5, -0.5]}
							}
						},
						{
							"origin": [-0.46404, -3.97257, -1.16359],
							"size": [0.26517, 2.5625, 0.1875],
							"inflate": -0.001,
							"pivot": [-0.57387, -2.62882, -1.06984],
							"rotation": [49.87926, 32.79775, 32.73241],
							"uv": {
								"north": {"uv": [12, 5], "uv_size": [0.5, 2.5]},
								"up": {"uv": [14, 15], "uv_size": [0.5, 0.5]},
								"down": {"uv": [15, 14.5], "uv_size": [0.5, -0.5]}
							}
						},
						{
							"origin": [-0.5625, -4.28508, 0.10501],
							"size": [1.125, 2.00759, 0.6875],
							"pivot": [0, -3.05874, 0.53493],
							"rotation": [90, 0, 0],
							"uv": {
								"north": {"uv": [7, 11], "uv_size": [1, 2]},
								"east": {"uv": [8, 12], "uv_size": [0.5, 2]},
								"south": {"uv": [11, 7], "uv_size": [1, 2]},
								"west": {"uv": [12, 8], "uv_size": [0.5, 2]}
							}
						},
						{
							"origin": [-0.1875, -3.97572, -0.20435],
							"size": [0.375, 1.875, 0.125],
							"pivot": [0, -3.05874, 0.53493],
							"rotation": [90, 0, 0],
							"uv": {
								"north": {"uv": [12, 10], "uv_size": [0.5, 2]},
								"east": {"uv": [12, 12], "uv_size": [0.5, 2]},
								"south": {"uv": [0, 13], "uv_size": [0.5, 2]},
								"west": {"uv": [1, 13], "uv_size": [0.5, 2]}
							}
						},
						{
							"origin": [-0.5625, -4.12465, 1.7878],
							"size": [1.125, 2.8125, 0.75],
							"inflate": -0.001,
							"pivot": [0, -2.4059, 2.2253],
							"rotation": [135, 0, 0],
							"uv": {
								"north": {"uv": [0, 8], "uv_size": [1, 3]},
								"east": {"uv": [1, 8], "uv_size": [1, 3]},
								"south": {"uv": [2, 8], "uv_size": [1, 3]},
								"west": {"uv": [3, 8], "uv_size": [1, 3]}
							}
						},
						{
							"origin": [-0.1875, -1.31215, 1.7878],
							"size": [0.375, 0.4375, 0.125],
							"inflate": -0.001,
							"pivot": [0, -2.4059, 2.2253],
							"rotation": [135, 0, 0],
							"uv": {
								"north": {"uv": [16, 1], "uv_size": [0.5, 0.5]},
								"east": {"uv": [2, 16], "uv_size": [0.5, 0.5]},
								"south": {"uv": [16, 2], "uv_size": [0.5, 0.5]},
								"west": {"uv": [3, 16], "uv_size": [0.5, 0.5]}
							}
						},
						{
							"origin": [-0.5625, -1.74984, 2.82262],
							"size": [1.125, 0.93742, 0.75],
							"pivot": [0, -1.15617, 3.28631],
							"rotation": [180, 0, 0],
							"uv": {
								"north": {"uv": [10, 5], "uv_size": [1, 1]},
								"east": {"uv": [11, 5], "uv_size": [1, 1]},
								"south": {"uv": [2, 13], "uv_size": [1, 1]},
								"west": {"uv": [3, 13], "uv_size": [1, 1]}
							}
						},
						{
							"origin": [-0.5625, -0.5625, -3.75],
							"size": [1.125, 0.3125, 7.5],
							"uv": {
								"north": {"uv": [9, 14], "uv_size": [1, 0.5]},
								"east": {"uv": [6, 0], "uv_size": [7.5, 0.5]},
								"south": {"uv": [10, 14], "uv_size": [1, 0.5]},
								"west": {"uv": [6, 1], "uv_size": [7.5, 0.5]},
								"up": {"uv": [0, 0], "uv_size": [1, 7.5]},
								"down": {"uv": [1, 7.5], "uv_size": [1, -7.5]}
							}
						},
						{
							"origin": [-0.5625, -0.75, -3.75],
							"size": [1.125, 0.1875, 0.5],
							"uv": {
								"north": {"uv": [11, 14], "uv_size": [1, 0.5]},
								"east": {"uv": [16, 3], "uv_size": [0.5, 0.5]},
								"west": {"uv": [4, 16], "uv_size": [0.5, 0.5]}
							}
						},
						{
							"origin": [-0.5625, -0.9375, -3.5625],
							"size": [1.125, 0.1875, 0.3125],
							"uv": {
								"east": {"uv": [16, 4], "uv_size": [0.5, 0.5]},
								"south": {"uv": [12, 14], "uv_size": [1, 0.5]},
								"west": {"uv": [5, 16], "uv_size": [0.5, 0.5]},
								"down": {"uv": [13, 14.5], "uv_size": [1, -0.5]}
							}
						},
						{
							"origin": [-0.5625, -0.66697, -3.36206],
							"size": [1.125, 0.1875, 0.3125],
							"inflate": -0.001,
							"pivot": [0, -0.57322, -3.20581],
							"rotation": [45, 0, 0],
							"uv": {
								"east": {"uv": [16, 5], "uv_size": [0.5, 0.5]},
								"west": {"uv": [6, 16], "uv_size": [0.5, 0.5]},
								"down": {"uv": [14, 14.5], "uv_size": [1, -0.5]}
							}
						},
						{
							"origin": [-0.5625, -1.00758, -3.74686],
							"size": [1.125, 0.1875, 0.26517],
							"inflate": -0.001,
							"pivot": [0, -0.875, -3.4375],
							"rotation": [-45, 0, 0],
							"uv": {
								"east": {"uv": [16, 6], "uv_size": [0.5, 0.5]},
								"west": {"uv": [7, 16], "uv_size": [0.5, 0.5]},
								"down": {"uv": [0, 15.5], "uv_size": [1, -0.5]}
							}
						},
						{
							"origin": [-0.4375, -0.25, -3.75],
							"size": [0.875, 0.25, 7.5],
							"uv": {
								"north": {"uv": [1, 15], "uv_size": [1, 0.5]},
								"east": {"uv": [6, 2], "uv_size": [7.5, 0.5]},
								"south": {"uv": [2, 15], "uv_size": [1, 0.5]},
								"west": {"uv": [6, 3], "uv_size": [7.5, 0.5]}
							}
						},
						{
							"origin": [-0.5625, 0, -3.75],
							"size": [1.125, 0.25, 7.5],
							"uv": {
								"north": {"uv": [3, 15], "uv_size": [1, 0.5]},
								"east": {"uv": [4, 6], "uv_size": [7.5, 0.5]},
								"south": {"uv": [4, 15], "uv_size": [1, 0.5]},
								"west": {"uv": [6, 4], "uv_size": [7.5, 0.5]},
								"up": {"uv": [2, 0], "uv_size": [1, 7.5]},
								"down": {"uv": [3, 7.5], "uv_size": [1, -7.5]}
							}
						}
					]
				}
			]
		}
	]
}