{
	"format_version": "1.12.0",
	"minecraft:geometry": [
		{
			"description": {
				"identifier": "geometry.an peq15 top",
				"texture_width": 64,
				"texture_height": 64,
				"visible_bounds_width": 6,
				"visible_bounds_height": 1.5,
				"visible_bounds_offset": [0, 0.25, 0]
			},
			"bones": [
				{
					"name": "peq",
					"pivot": [0, -0.175, 0]
				},
				{
					"name": "an_peq15",
					"parent": "peq",
					"pivot": [0, 7.7, 0]
				},
				{
					"name": "nodyed",
					"parent": "an_peq15",
					"pivot": [0, 7.7, 0],
					"cubes": [
						{
							"origin": [-0.31927, 1.04909, -1.5],
							"size": [1.3125, 0.25, 1],
							"uv": {
								"north": {"uv": [22, 7], "uv_size": [1.5, 0.5]},
								"east": {"uv": [20, 25], "uv_size": [1, 0.5]},
								"south": {"uv": [12, 22], "uv_size": [1.5, 0.5]},
								"west": {"uv": [25, 21], "uv_size": [1, 0.5]},
								"up": {"uv": [20, 19], "uv_size": [1.5, 1]}
							}
						},
						{
							"origin": [-0.63177, -0.27904, -1],
							"size": [1.25, 0.75, 2.625],
							"uv": {
								"north": {"uv": [8, 20], "uv_size": [1, 1]},
								"east": {"uv": [4, 11], "uv_size": [2.5, 1]},
								"south": {"uv": [12, 20], "uv_size": [1, 1]},
								"west": {"uv": [11, 9], "uv_size": [2.5, 1]},
								"down": {"uv": [11, 13.5], "uv_size": [1, -2.5]}
							}
						}
					]
				},
				{
					"name": "pins",
					"parent": "nodyed",
					"pivot": [-2.25, 3.7, -3.75],
					"cubes": [
						{
							"origin": [4.28199, 0.97096, -3.07742],
							"size": [0.3125, 0.375, 0.3125],
							"pivot": [-0.0054, -0.39863, -5.54321],
							"rotation": [0, -45, 0],
							"uv": {
								"north": {"uv": [10, 28], "uv_size": [0.5, 0.5]},
								"east": {"uv": [28, 10], "uv_size": [0.5, 0.5]},
								"south": {"uv": [12, 28], "uv_size": [0.5, 0.5]},
								"west": {"uv": [28, 12], "uv_size": [0.5, 0.5]},
								"up": {"uv": [14, 28], "uv_size": [0.5, 0.5]},
								"down": {"uv": [28, 14.5], "uv_size": [0.5, -0.5]}
							}
						},
						{
							"origin": [1.34517, 3.59285, -2.78152],
							"size": [0.375, 0.3125, 0.3125],
							"pivot": [-0.0054, -0.39863, -5.54321],
							"rotation": [-45, 0, 0],
							"uv": {
								"north": {"uv": [31, 18], "uv_size": [0.5, 0.5]},
								"east": {"uv": [20, 31], "uv_size": [0.5, 0.5]},
								"south": {"uv": [31, 20], "uv_size": [0.5, 0.5]},
								"west": {"uv": [22, 31], "uv_size": [0.5, 0.5]},
								"up": {"uv": [24, 31], "uv_size": [0.5, 0.5]},
								"down": {"uv": [26, 31.5], "uv_size": [0.5, -0.5]}
							}
						},
						{
							"origin": [3.01866, 1.22096, -1.57482],
							"size": [0.3125, 0.125, 0.3125],
							"pivot": [-0.0054, -0.39863, -5.54321],
							"rotation": [0, -45, 0],
							"uv": {
								"north": {"uv": [16, 28], "uv_size": [0.5, 0.5]},
								"east": {"uv": [18, 28], "uv_size": [0.5, 0.5]},
								"south": {"uv": [28, 22], "uv_size": [0.5, 0.5]},
								"west": {"uv": [28, 24], "uv_size": [0.5, 0.5]},
								"up": {"uv": [28, 26], "uv_size": [0.5, 0.5]},
								"down": {"uv": [28, 28.5], "uv_size": [0.5, -0.5]}
							}
						},
						{
							"origin": [2.21591, 1.22096, -2.84161],
							"size": [0.4375, 0.25, 0.4375],
							"pivot": [-0.0054, -0.39863, -5.54321],
							"rotation": [0, -45, 0],
							"uv": {
								"north": {"uv": [8, 30], "uv_size": [0.5, 0.5]},
								"east": {"uv": [10, 30], "uv_size": [0.5, 0.5]},
								"south": {"uv": [30, 10], "uv_size": [0.5, 0.5]},
								"west": {"uv": [12, 30], "uv_size": [0.5, 0.5]},
								"up": {"uv": [30, 12], "uv_size": [0.5, 0.5]},
								"down": {"uv": [14, 30.5], "uv_size": [0.5, -0.5]}
							}
						}
					]
				},
				{
					"name": "octagon",
					"parent": "nodyed",
					"pivot": [0, 7.7, 0],
					"cubes": [
						{
							"origin": [4.38424, 0.97096, -0.85614],
							"size": [0.20711, 0.5, 0.5],
							"pivot": [-0.0054, -0.39863, -5.54321],
							"rotation": [0, -45, 0],
							"uv": {
								"north": {"uv": [30, 14], "uv_size": [0.5, 0.5]},
								"south": {"uv": [16, 30], "uv_size": [0.5, 0.5]},
								"up": {"uv": [18, 30], "uv_size": [0.5, 0.5]},
								"down": {"uv": [30, 22.5], "uv_size": [0.5, -0.5]}
							}
						},
						{
							"origin": [-0.42282, 0.97096, 0.875],
							"size": [0.2071, 0.5, 0.5],
							"uv": {
								"north": {"uv": [30, 24], "uv_size": [0.5, 0.5]},
								"south": {"uv": [30, 26], "uv_size": [0.5, 0.5]},
								"up": {"uv": [28, 30], "uv_size": [0.5, 0.5]}
							}
						},
						{
							"origin": [4.23779, 0.97096, -0.70969],
							"size": [0.5, 0.5, 0.20711],
							"pivot": [-0.0054, -0.39863, -5.54321],
							"rotation": [0, -45, 0],
							"uv": {
								"east": {"uv": [30, 28], "uv_size": [0.5, 0.5]},
								"west": {"uv": [30, 30], "uv_size": [0.5, 0.5]},
								"up": {"uv": [0, 31], "uv_size": [0.5, 0.5]},
								"down": {"uv": [2, 31.5], "uv_size": [0.5, -0.5]}
							}
						},
						{
							"origin": [-0.56927, 0.97096, 1.02145],
							"size": [0.5, 0.5, 0.2071],
							"uv": {
								"east": {"uv": [31, 2], "uv_size": [0.5, 0.5]},
								"west": {"uv": [31, 4], "uv_size": [0.5, 0.5]},
								"up": {"uv": [31, 6], "uv_size": [0.5, 0.5]}
							}
						}
					]
				},
				{
					"name": "hole",
					"parent": "nodyed",
					"pivot": [-1.88739, 10.32458, -8.5054],
					"cubes": [
						{
							"origin": [-1.19373, -0.02773, -2.6304],
							"size": [0.25, 0.25, 0.1875],
							"pivot": [-0.0054, -0.39863, -5.54321],
							"rotation": [0, 0, 22.5],
							"uv": {
								"north": {"uv": [32, 28], "uv_size": [0.5, 0.5]},
								"east": {"uv": [30, 32], "uv_size": [0.5, 0.5]},
								"south": {"uv": [32, 30], "uv_size": [0.5, 0.5]},
								"west": {"uv": [32, 32], "uv_size": [0.5, 0.5]},
								"up": {"uv": [0, 33], "uv_size": [0.5, 0.5]},
								"down": {"uv": [2, 33.5], "uv_size": [0.5, -0.5]}
							}
						},
						{
							"origin": [1.19911, -0.7826, -2.9429],
							"size": [0.25, 0.25, 0.1875],
							"pivot": [-0.0054, -0.39863, -5.54321],
							"rotation": [0, 0, -45],
							"uv": {
								"north": {"uv": [33, 2], "uv_size": [0.5, 0.5]},
								"east": {"uv": [33, 4], "uv_size": [0.5, 0.5]},
								"west": {"uv": [33, 6], "uv_size": [0.5, 0.5]},
								"up": {"uv": [33, 8], "uv_size": [0.5, 0.5]},
								"down": {"uv": [33, 16.5], "uv_size": [0.5, -0.5]}
							}
						}
					]
				},
				{
					"name": "botton",
					"parent": "nodyed",
					"pivot": [1.5, 7.7, 0],
					"cubes": [
						{
							"origin": [4.02631, 0.90846, -2.19516],
							"size": [0.40709, 0.4375, 0.9828],
							"pivot": [-0.0054, -0.39863, -5.54321],
							"rotation": [0, -45, 0],
							"uv": {
								"north": {"uv": [29, 2], "uv_size": [0.5, 0.5]},
								"south": {"uv": [29, 4], "uv_size": [0.5, 0.5]},
								"up": {"uv": [24, 11], "uv_size": [0.5, 1]},
								"down": {"uv": [12, 25], "uv_size": [0.5, -1]}
							}
						},
						{
							"origin": [-0.21692, 0.90846, -0.03707],
							"size": [0.9828, 0.4375, 0.40709],
							"uv": {
								"east": {"uv": [29, 6], "uv_size": [0.5, 0.5]},
								"west": {"uv": [29, 8], "uv_size": [0.5, 0.5]},
								"up": {"uv": [24, 13], "uv_size": [1, 0.5]}
							}
						},
						{
							"origin": [3.73846, 0.90846, -1.90731],
							"size": [0.9828, 0.4375, 0.40709],
							"pivot": [-0.0054, -0.39863, -5.54321],
							"rotation": [0, -45, 0],
							"uv": {
								"east": {"uv": [29, 16], "uv_size": [0.5, 0.5]},
								"west": {"uv": [29, 18], "uv_size": [0.5, 0.5]},
								"up": {"uv": [14, 24], "uv_size": [1, 0.5]},
								"down": {"uv": [24, 15.5], "uv_size": [1, -0.5]}
							}
						},
						{
							"origin": [0.07094, 0.90846, -0.32492],
							"size": [0.40708, 0.4375, 0.9828],
							"uv": {
								"north": {"uv": [20, 29], "uv_size": [0.5, 0.5]},
								"south": {"uv": [29, 20], "uv_size": [0.5, 0.5]},
								"up": {"uv": [16, 24], "uv_size": [0.5, 1]}
							}
						}
					]
				},
				{
					"name": "dyed",
					"parent": "an_peq15",
					"pivot": [0, 7.7, 0],
					"cubes": [
						{
							"origin": [3.8669, 0.22096, 0.54456],
							"size": [0.625, 0.25, 0.5],
							"pivot": [-0.0054, -0.39863, -5.54321],
							"rotation": [0, -22.5, 0],
							"uv": {
								"north": {"uv": [33, 18], "uv_size": [0.5, 0.5]},
								"east": {"uv": [20, 33], "uv_size": [0.5, 0.5]},
								"south": {"uv": [33, 20], "uv_size": [0.5, 0.5]},
								"west": {"uv": [22, 33], "uv_size": [0.5, 0.5]},
								"up": {"uv": [24, 33], "uv_size": [0.5, 0.5]},
								"down": {"uv": [26, 33.5], "uv_size": [0.5, -0.5]}
							}
						}
					]
				},
				{
					"name": "shell",
					"parent": "dyed",
					"pivot": [8, -0.3, -8],
					"cubes": [
						{
							"origin": [-0.69427, 1.01784, -2.1875],
							"size": [1.75, 0.26562, 2.75],
							"uv": {
								"north": {"uv": [20, 21], "uv_size": [1.5, 0.5]},
								"south": {"uv": [22, 5], "uv_size": [1.5, 0.5]},
								"up": {"uv": [8, 0], "uv_size": [1.5, 3]}
							}
						},
						{
							"origin": [-0.00677, 1.01784, 0.5625],
							"size": [1.0625, 0.26562, 1.125],
							"uv": {
								"east": {"uv": [8, 24], "uv_size": [1, 0.5]},
								"south": {"uv": [10, 24], "uv_size": [1, 0.5]},
								"up": {"uv": [21, 17], "uv_size": [1, 1]}
							}
						},
						{
							"origin": [1.8221, 1.01784, 1.13565],
							"size": [0.9375, 0.26562, 0.39063],
							"pivot": [-0.0054, -0.39863, -5.54321],
							"rotation": [0, -22.5, 0],
							"uv": {
								"north": {"uv": [22, 23], "uv_size": [1, 0.5]},
								"south": {"uv": [24, 0], "uv_size": [1, 0.5]},
								"west": {"uv": [8, 28], "uv_size": [0.5, 0.5]},
								"up": {"uv": [4, 24], "uv_size": [1, 0.5]},
								"down": {"uv": [6, 24.5], "uv_size": [1, -0.5]}
							}
						},
						{
							"origin": [-1.02239, 1.01784, -0.375],
							"size": [0.32812, 0.26562, 2.0625],
							"uv": {
								"up": {"uv": [10, 21], "uv_size": [0.5, 2]}
							}
						},
						{
							"origin": [-4.37899, 1.01784, -2.60786],
							"size": [0.46116, 0.26562, 0.42106],
							"pivot": [-0.0054, -0.39863, -5.54321],
							"rotation": [0, 45, 0],
							"uv": {
								"north": {"uv": [26, 29], "uv_size": [0.5, 0.5]},
								"west": {"uv": [30, 0], "uv_size": [0.5, 0.5]},
								"up": {"uv": [4, 30], "uv_size": [0.5, 0.5]},
								"down": {"uv": [6, 30.5], "uv_size": [0.5, -0.5]}
							}
						},
						{
							"origin": [0.62886, -0.2448, -2.1875],
							"size": [0.79687, 0.26563, 3.875],
							"uv": {
								"north": {"uv": [8, 22], "uv_size": [1, 0.5]},
								"south": {"uv": [23, 2], "uv_size": [1, 0.5]},
								"down": {"uv": [9, 13], "uv_size": [1, -4]}
							}
						},
						{
							"origin": [-0.08757, 0.15863, -2.1875],
							"size": [0.42187, 0.20313, 3.875],
							"pivot": [-0.0054, -0.39863, -5.54321],
							"rotation": [0, 0, 45],
							"uv": {
								"north": {"uv": [27, 16], "uv_size": [0.5, 0.5]},
								"south": {"uv": [27, 18], "uv_size": [0.5, 0.5]},
								"down": {"uv": [16, 23], "uv_size": [0.5, -4]}
							}
						},
						{
							"origin": [-1.242, 1.02037, -0.65567],
							"size": [0.80208, 0.26309, 0.59416],
							"pivot": [-0.0054, -0.39863, -5.54321],
							"rotation": [0, 22.5, 0],
							"uv": {
								"south": {"uv": [22, 25], "uv_size": [1, 0.5]},
								"up": {"uv": [24, 25], "uv_size": [1, 0.5]},
								"down": {"uv": [26, 0.5], "uv_size": [1, -0.5]}
							}
						},
						{
							"origin": [-0.76375, -0.7363, -2.1875],
							"size": [0.20312, 0.42187, 3.875],
							"pivot": [-0.0054, -0.39863, -5.54321],
							"rotation": [0, 0, 45],
							"uv": {
								"north": {"uv": [20, 27], "uv_size": [0.5, 0.5]},
								"south": {"uv": [27, 20], "uv_size": [0.5, 0.5]},
								"west": {"uv": [19, 13], "uv_size": [4, 0.5]}
							}
						},
						{
							"origin": [2.57313, 1.02037, -1.81435],
							"size": [0.80208, 0.26309, 0.59416],
							"pivot": [-0.0054, -0.39863, -5.54321],
							"rotation": [0, -22.5, 0],
							"uv": {
								"north": {"uv": [4, 26], "uv_size": [1, 0.5]},
								"up": {"uv": [6, 26], "uv_size": [1, 0.5]},
								"down": {"uv": [8, 26.5], "uv_size": [1, -0.5]}
							}
						},
						{
							"origin": [-1.05864, -0.2448, -2.1875],
							"size": [0.42187, 0.26563, 3.875],
							"uv": {
								"north": {"uv": [27, 6], "uv_size": [0.5, 0.5]},
								"east": {"uv": [19, 11], "uv_size": [4, 0.5]},
								"south": {"uv": [27, 8], "uv_size": [0.5, 0.5]},
								"down": {"uv": [6, 23], "uv_size": [0.5, -4]}
							}
						},
						{
							"origin": [0.33125, 1.1865, -2.1875],
							"size": [0.6875, 0.375, 3.875],
							"inflate": -0.0005,
							"pivot": [-0.0054, -0.39863, -5.54321],
							"rotation": [0, 0, 22.5],
							"uv": {
								"north": {"uv": [14, 26], "uv_size": [0.5, 0.5]},
								"south": {"uv": [26, 14], "uv_size": [0.5, 0.5]},
								"up": {"uv": [12, 15], "uv_size": [0.5, 4]}
							}
						},
						{
							"origin": [1.05566, 1.02037, -0.80448],
							"size": [0.63524, 0.26309, 0.49198],
							"uv": {
								"west": {"uv": [31, 8], "uv_size": [0.5, 0.5]},
								"up": {"uv": [31, 16], "uv_size": [0.5, 0.5]}
							}
						},
						{
							"origin": [-0.43562, 1.04404, -2.1875],
							"size": [0.4375, 0.375, 3.875],
							"pivot": [-0.0054, -0.39863, -5.54321],
							"rotation": [0, 0, -22.5],
							"uv": {
								"north": {"uv": [26, 23], "uv_size": [0.5, 0.5]},
								"south": {"uv": [26, 25], "uv_size": [0.5, 0.5]},
								"west": {"uv": [14, 15], "uv_size": [4, 0.5]},
								"up": {"uv": [14, 17], "uv_size": [0.5, 4]}
							}
						},
						{
							"origin": [-1.5949, -0.0113, -2.1875],
							"size": [0.375, 0.59375, 3.875],
							"pivot": [-0.0054, -0.39863, -5.54321],
							"rotation": [0, 0, 22.5],
							"uv": {
								"north": {"uv": [22, 27], "uv_size": [0.5, 0.5]},
								"east": {"uv": [19, 15], "uv_size": [4, 0.5]},
								"south": {"uv": [24, 27], "uv_size": [0.5, 0.5]},
								"down": {"uv": [18, 23], "uv_size": [0.5, -4]}
							}
						},
						{
							"origin": [-1.5949, 0.58245, -0.375],
							"size": [0.1875, 0.18379, 2.0625],
							"pivot": [-0.0054, -0.39863, -5.54321],
							"rotation": [0, 0, 22.5],
							"uv": {
								"north": {"uv": [4, 28], "uv_size": [0.5, 0.5]},
								"east": {"uv": [21, 0], "uv_size": [2, 0.5]},
								"south": {"uv": [6, 28], "uv_size": [0.5, 0.5]},
								"up": {"uv": [21, 2], "uv_size": [0.5, 2]}
							}
						},
						{
							"origin": [-1.32473, 0.02037, -2.1875],
							"size": [0.375, 0.54687, 3.875],
							"uv": {
								"north": {"uv": [26, 27], "uv_size": [0.5, 0.5]},
								"east": {"uv": [20, 9], "uv_size": [4, 0.5]},
								"south": {"uv": [28, 0], "uv_size": [0.5, 0.5]}
							}
						},
						{
							"origin": [-1.13723, 0.02037, -2.1875],
							"size": [2.82813, 1, 3.875],
							"uv": {
								"north": {"uv": [11, 0], "uv_size": [3, 1]},
								"south": {"uv": [11, 2], "uv_size": [3, 1]},
								"west": {"uv": [4, 9], "uv_size": [4, 1]},
								"up": {"uv": [0, 0], "uv_size": [3, 4]},
								"down": {"uv": [4, 4], "uv_size": [3, -4]}
							}
						},
						{
							"origin": [0.64778, 0.72211, -2.1875],
							"size": [0.25, 0.375, 3.875],
							"pivot": [-0.0054, -0.39863, -5.54321],
							"rotation": [0, 0, 45],
							"uv": {
								"north": {"uv": [16, 26], "uv_size": [0.5, 0.5]},
								"south": {"uv": [18, 26], "uv_size": [0.5, 0.5]},
								"west": {"uv": [15, 9], "uv_size": [4, 0.5]}
							}
						},
						{
							"origin": [-1.23459, -1.03526, -2.1875],
							"size": [0.375, 0.25, 3.875],
							"pivot": [-0.0054, -0.39863, -5.54321],
							"rotation": [0, 0, 45],
							"uv": {
								"north": {"uv": [27, 2], "uv_size": [0.5, 0.5]},
								"south": {"uv": [27, 4], "uv_size": [0.5, 0.5]},
								"west": {"uv": [16, 17], "uv_size": [4, 0.5]},
								"down": {"uv": [4, 23], "uv_size": [0.5, -4]}
							}
						},
						{
							"origin": [-0.45486, 0.21557, -2.59915],
							"size": [0.65709, 0.9203, 0.625],
							"pivot": [-0.0054, -0.39863, -5.54321],
							"rotation": [0, 0, -22.5],
							"uv": {
								"north": {"uv": [10, 26], "uv_size": [0.5, 1]},
								"south": {"uv": [26, 10], "uv_size": [0.5, 1]},
								"up": {"uv": [32, 0], "uv_size": [0.5, 0.5]},
								"down": {"uv": [4, 32.5], "uv_size": [0.5, -0.5]}
							}
						},
						{
							"origin": [-0.94363, 0.60045, -2.59915],
							"size": [0.40708, 0.2328, 0.625],
							"pivot": [-0.0054, -0.39863, -5.54321],
							"rotation": [0, 0, 22.5],
							"uv": {
								"north": {"uv": [6, 32], "uv_size": [0.5, 0.5]},
								"south": {"uv": [8, 32], "uv_size": [0.5, 0.5]},
								"up": {"uv": [10, 32], "uv_size": [0.5, 0.5]}
							}
						},
						{
							"origin": [-0.74271, 0.50342, -2.59915],
							"size": [1.2328, 0.34459, 0.625],
							"pivot": [-0.0054, -0.39863, -5.54321],
							"rotation": [0, 0, -22.5],
							"uv": {
								"north": {"uv": [12, 26], "uv_size": [1, 0.5]},
								"east": {"uv": [32, 10], "uv_size": [0.5, 0.5]},
								"south": {"uv": [26, 12], "uv_size": [1, 0.5]},
								"west": {"uv": [12, 32], "uv_size": [0.5, 0.5]}
							}
						},
						{
							"origin": [-0.52568, 0.1825, -2.59915],
							"size": [0.2328, 0.40709, 0.625],
							"pivot": [-0.0054, -0.39863, -5.54321],
							"rotation": [0, 0, 22.5],
							"uv": {
								"north": {"uv": [32, 12], "uv_size": [0.5, 0.5]},
								"south": {"uv": [14, 32], "uv_size": [0.5, 0.5]},
								"west": {"uv": [32, 14], "uv_size": [0.5, 0.5]}
							}
						},
						{
							"origin": [-1.40827, -0.03847, -2.59915],
							"size": [0.2328, 0.40709, 0.625],
							"pivot": [-0.0054, -0.39863, -5.54321],
							"rotation": [0, 0, 22.5],
							"uv": {
								"north": {"uv": [16, 32], "uv_size": [0.5, 0.5]},
								"east": {"uv": [18, 32], "uv_size": [0.5, 0.5]},
								"south": {"uv": [32, 22], "uv_size": [0.5, 0.5]}
							}
						},
						{
							"origin": [-1.16461, -0.28213, -2.59915],
							"size": [0.40709, 0.2328, 0.625],
							"pivot": [-0.0054, -0.39863, -5.54321],
							"rotation": [0, 0, 22.5],
							"uv": {
								"north": {"uv": [32, 24], "uv_size": [0.5, 0.5]},
								"south": {"uv": [32, 26], "uv_size": [0.5, 0.5]},
								"down": {"uv": [28, 32.5], "uv_size": [0.5, -0.5]}
							}
						}
					]
				},
				{
					"name": "flashlight",
					"parent": "dyed",
					"pivot": [1.5, 7.7, 0],
					"cubes": [
						{
							"origin": [1.1121, -1.15806, -2.91165],
							"size": [0.40709, 0.9828, 4.8125],
							"pivot": [-0.0054, -0.39863, -5.54321],
							"rotation": [0, 0, -45],
							"uv": {
								"north": {"uv": [25, 6], "uv_size": [0.5, 1]},
								"south": {"uv": [25, 8], "uv_size": [0.5, 1]},
								"up": {"uv": [8, 14], "uv_size": [0.5, 5]},
								"down": {"uv": [10, 20], "uv_size": [0.5, -5]}
							}
						},
						{
							"origin": [0.62683, 0.14242, -2.91165],
							"size": [0.9828, 0.40708, 4.8125],
							"uv": {
								"north": {"uv": [23, 17], "uv_size": [1, 0.5]},
								"east": {"uv": [13, 11], "uv_size": [5, 0.5]},
								"south": {"uv": [23, 19], "uv_size": [1, 0.5]},
								"west": {"uv": [13, 13], "uv_size": [5, 0.5]}
							}
						},
						{
							"origin": [0.82424, -0.8702, -2.91165],
							"size": [0.9828, 0.40709, 4.8125],
							"pivot": [-0.0054, -0.39863, -5.54321],
							"rotation": [0, 0, -45],
							"uv": {
								"north": {"uv": [25, 17], "uv_size": [1, 0.5]},
								"east": {"uv": [15, 0], "uv_size": [5, 0.5]},
								"south": {"uv": [25, 19], "uv_size": [1, 0.5]},
								"west": {"uv": [15, 2], "uv_size": [5, 0.5]}
							}
						},
						{
							"origin": [0.91469, -0.14544, -2.91165],
							"size": [0.40708, 0.9828, 4.8125],
							"uv": {
								"north": {"uv": [20, 23], "uv_size": [0.5, 1]},
								"south": {"uv": [23, 21], "uv_size": [0.5, 1]},
								"up": {"uv": [4, 13], "uv_size": [0.5, 5]},
								"down": {"uv": [6, 18], "uv_size": [0.5, -5]}
							}
						},
						{
							"origin": [1.19911, -0.7826, 1.8504],
							"size": [0.25, 0.25, 0.1875],
							"pivot": [-0.0054, -0.39863, 4.63821],
							"rotation": [0, 0, -45],
							"uv": {
								"east": {"uv": [33.5, 4], "uv_size": [-0.5, 0.5]},
								"south": {"uv": [33.5, 2], "uv_size": [-0.5, 0.5]},
								"west": {"uv": [33.5, 6], "uv_size": [-0.5, 0.5]},
								"up": {"uv": [33, 8.5], "uv_size": [0.5, -0.5]},
								"down": {"uv": [33, 16], "uv_size": [0.5, 0.5]}
							}
						}
					]
				},
				{
					"name": "rubber",
					"parent": "dyed",
					"pivot": [-1.875, 9.8875, -6.22415],
					"cubes": [
						{
							"origin": [-0.4987, -0.48133, -2.24291],
							"size": [0.28209, 0.375, 0.8578],
							"pivot": [-0.0054, -0.39863, -5.54321],
							"rotation": [22.5, 0, 0],
							"uv": {
								"north": {"uv": [22, 29], "uv_size": [0.5, 0.5]},
								"east": {"uv": [18, 24], "uv_size": [1, 0.5]},
								"south": {"uv": [24, 29], "uv_size": [0.5, 0.5]},
								"west": {"uv": [24, 23], "uv_size": [1, 0.5]},
								"up": {"uv": [25, 2], "uv_size": [0.5, 1]},
								"down": {"uv": [25, 5], "uv_size": [0.5, -1]}
							}
						}
					]
				},
				{
					"name": "laser_beam",
					"parent": "peq",
					"pivot": [1.1, 0.35, -3]
				}
			]
		}
	]
}