{
	"format_version": "1.12.0",
	"minecraft:geometry": [
		{
			"description": {
				"identifier": "geometry.unknown",
				"texture_width": 16,
				"texture_height": 16,
				"visible_bounds_width": 2,
				"visible_bounds_height": 1.5,
				"visible_bounds_offset": [0, 0.25, 0]
			},
			"bones": [
				{
					"name": "comb",
					"pivot": [-0.00062, 1.21417, 0.30489]
				},
				{
					"name": "body",
					"parent": "comb",
					"pivot": [0.82636, 1.8999, 0.808],
					"cubes": [
						{
							"origin": [0.23786, 1.75261, -2.42875],
							"size": [0.93629, 0.29425, 5.29661],
							"pivot": [0.82636, 1.8999, 0.808],
							"rotation": [0, 0, 45],
							"uv": {
								"north": {"uv": [5, 10], "uv_size": [1, 0.5]},
								"south": {"uv": [10, 9], "uv_size": [1, 0.5]},
								"up": {"uv": [0, 0], "uv_size": [1, 5.5]},
								"down": {"uv": [1, 5.5], "uv_size": [1, -5.5]}
							}
						},
						{
							"origin": [-0.51562, 2.12581, -2.42875],
							"size": [1.02987, 0.29425, 5.2965],
							"uv": {
								"north": {"uv": [10, 10], "uv_size": [1, 0.5]},
								"south": {"uv": [11, 0], "uv_size": [1, 0.5]},
								"up": {"uv": [2, 0], "uv_size": [1, 5.5]},
								"down": {"uv": [3, 5.5], "uv_size": [1, -5.5]}
							}
						},
						{
							"origin": [-1.17552, 1.75261, -2.42875],
							"size": [0.93629, 0.29425, 5.29661],
							"pivot": [-0.82773, 1.8999, 0.808],
							"rotation": [0, 0, -45],
							"uv": {
								"north": {"uv": [1, 11], "uv_size": [1, 0.5]},
								"south": {"uv": [2, 11], "uv_size": [1, 0.5]},
								"up": {"uv": [4, 0], "uv_size": [1, 5.5]},
								"down": {"uv": [5, 5.5], "uv_size": [1, -5.5]}
							}
						},
						{
							"origin": [-1.17769, -0.03175, -0.369],
							"size": [0.29425, 1.78975, 3.23675],
							"uv": {
								"east": {"uv": [0, 6], "uv_size": [3, 1.5]},
								"south": {"uv": [5, 8], "uv_size": [0.5, 1.5]},
								"west": {"uv": [6, 0], "uv_size": [3, 1.5]}
							}
						},
						{
							"origin": [0.88206, -0.03175, -0.369],
							"size": [0.29425, 1.78975, 3.23675],
							"uv": {
								"east": {"uv": [6, 2], "uv_size": [3, 1.5]},
								"south": {"uv": [4, 9], "uv_size": [0.5, 1.5]},
								"west": {"uv": [3, 6], "uv_size": [3, 1.5]}
							}
						},
						{
							"origin": [0.88206, 0.21025, -2.42875],
							"size": [0.29425, 1.54775, 2.05975],
							"uv": {
								"north": {"uv": [3, 11], "uv_size": [0.5, 1]},
								"east": {"uv": [1, 8], "uv_size": [2, 1]},
								"west": {"uv": [3, 8], "uv_size": [2, 1]}
							}
						},
						{
							"origin": [-1.17757, 0.1029, -2.38974],
							"size": [0.29401, 0.49751, 5.27416],
							"pivot": [-0.00069, 0.54416, -1.68316],
							"rotation": [-7.5, 0, 0],
							"uv": {
								"east": {"uv": [6, 4], "uv_size": [5.5, 0.5]},
								"south": {"uv": [5, 11], "uv_size": [0.5, 0.5]},
								"west": {"uv": [6, 5], "uv_size": [5.5, 0.5]},
								"down": {"uv": [6, 11.5], "uv_size": [0.5, -5.5]}
							}
						},
						{
							"origin": [0.88231, 0.11425, -2.3772],
							"size": [0.29392, 0.49751, 5.28],
							"pivot": [2.05918, 0.55551, -1.67062],
							"rotation": [-7.5, 0, 0],
							"uv": {
								"east": {"uv": [7, 6], "uv_size": [5.5, 0.5]},
								"south": {"uv": [7, 11], "uv_size": [0.5, 0.5]},
								"west": {"uv": [7, 7], "uv_size": [5.5, 0.5]},
								"down": {"uv": [0, 13.5], "uv_size": [0.5, -5.5]}
							}
						},
						{
							"origin": [-1.17769, 0.21025, -2.42875],
							"size": [0.29425, 1.54775, 2.05975],
							"uv": {
								"north": {"uv": [4, 11], "uv_size": [0.5, 1]},
								"east": {"uv": [7, 8], "uv_size": [2, 1]},
								"west": {"uv": [9, 0], "uv_size": [2, 1]}
							}
						}
					]
				},
				{
					"name": "pin",
					"parent": "comb",
					"pivot": [0, 0.13584, -9.01562],
					"cubes": [
						{
							"origin": [-1.22125, 8.1831, -1.89237],
							"size": [2.4425, 0.375, 0.375],
							"pivot": [0, 0.13584, -9.01562],
							"rotation": [-45, 0, 0],
							"uv": {
								"north": {"uv": [1, 9], "uv_size": [2.5, 0.5]},
								"east": {"uv": [8, 11], "uv_size": [0.5, 0.5]},
								"south": {"uv": [9, 1], "uv_size": [2.5, 0.5]},
								"west": {"uv": [9, 11], "uv_size": [0.5, 0.5]},
								"up": {"uv": [9, 2], "uv_size": [2.5, 0.5]},
								"down": {"uv": [9, 3.5], "uv_size": [2.5, -0.5]}
							}
						},
						{
							"origin": [-1.22125, 6.28275, -3.79272],
							"size": [2.4425, 0.375, 0.375],
							"pivot": [0, 0.13584, -9.01562],
							"rotation": [-45, 0, 0],
							"uv": {
								"north": {"uv": [7, 9], "uv_size": [2.5, 0.5]},
								"east": {"uv": [11, 9], "uv_size": [0.5, 0.5]},
								"south": {"uv": [9, 8], "uv_size": [2.5, 0.5]},
								"west": {"uv": [10, 11], "uv_size": [0.5, 0.5]},
								"up": {"uv": [1, 10], "uv_size": [2.5, 0.5]},
								"down": {"uv": [7, 10.5], "uv_size": [2.5, -0.5]}
							}
						}
					]
				}
			]
		}
	]
}