{
	"format_version": "1.12.0",
	"minecraft:geometry": [
		{
			"description": {
				"identifier": "geometry.unknown",
				"texture_width": 16,
				"texture_height": 16,
				"visible_bounds_width": 2,
				"visible_bounds_height": 1.5,
				"visible_bounds_offset": [0, 0.25, 0]
			},
			"bones": [
				{
					"name": "muzzle",
					"pivot": [-8, 4.0625, -8.62012],
					"cubes": [
						{
							"origin": [-1.06875, -0.43957, -10.17656],
							"size": [2.1375, 0.88538, 9.5],
							"uv": {
								"north": {"uv": [6, 8], "uv_size": [2, 1]},
								"east": {"uv": [0, 0], "uv_size": [10, 1]},
								"west": {"uv": [0, 1], "uv_size": [10, 1]}
							}
						},
						{
							"origin": [-0.44269, -1.06562, -10.17656],
							"size": [0.88538, 2.1375, 9.5],
							"uv": {
								"north": {"uv": [8, 6], "uv_size": [1, 2]},
								"up": {"uv": [0, 2], "uv_size": [1, 10]},
								"down": {"uv": [1, 12], "uv_size": [1, -10]}
							}
						},
						{
							"origin": [-0.48929, -1.17813, -0.2],
							"size": [0.97858, 2.3625, 0.5],
							"inflate": 0.001,
							"pivot": [0, 0.00312, -1.87625],
							"rotation": [0, 0, 45],
							"uv": {
								"up": {"uv": [4, 12], "uv_size": [1, 0.5]},
								"down": {"uv": [12, 4.5], "uv_size": [1, -0.5]}
							}
						},
						{
							"origin": [-0.48929, -1.17813, -0.2],
							"size": [0.97858, 2.3625, 0.5],
							"inflate": 0.001,
							"uv": {
								"up": {"uv": [5, 12], "uv_size": [1, 0.5]},
								"down": {"uv": [12, 5.5], "uv_size": [1, -0.5]}
							}
						},
						{
							"origin": [-1.18125, -0.48616, -0.2],
							"size": [2.3625, 0.97858, 0.5],
							"inflate": 0.001,
							"pivot": [0, 0.00312, -1.87625],
							"rotation": [0, 0, 45],
							"uv": {
								"east": {"uv": [6, 12], "uv_size": [0.5, 1]},
								"west": {"uv": [12, 6], "uv_size": [0.5, 1]}
							}
						},
						{
							"origin": [-1.18125, -0.48616, -0.2],
							"size": [2.3625, 0.97858, 0.5],
							"inflate": 0.001,
							"uv": {
								"east": {"uv": [7, 12], "uv_size": [0.5, 1]},
								"west": {"uv": [12, 7], "uv_size": [0.5, 1]}
							}
						},
						{
							"origin": [-0.48929, -1.17813, -0.7],
							"size": [0.97858, 2.3625, 1.5],
							"pivot": [0, 0.00312, -1.87625],
							"rotation": [0, 0, 45],
							"uv": {
								"north": {"uv": [6, 2], "uv_size": [1, 2.5]},
								"south": {"uv": [6, 5], "uv_size": [1, 2.5]},
								"up": {"uv": [9, 6], "uv_size": [1, 1.5]},
								"down": {"uv": [7, 10.5], "uv_size": [1, -1.5]}
							}
						},
						{
							"origin": [-0.48929, -1.17813, -0.7],
							"size": [0.97858, 2.3625, 1.5],
							"uv": {
								"north": {"uv": [7, 2], "uv_size": [1, 2.5]},
								"south": {"uv": [7, 5], "uv_size": [1, 2.5]},
								"up": {"uv": [9, 8], "uv_size": [1, 1.5]},
								"down": {"uv": [10, 1.5], "uv_size": [1, -1.5]}
							}
						},
						{
							"origin": [-1.18125, -0.48616, -0.7],
							"size": [2.3625, 0.97858, 1.5],
							"pivot": [0, 0.00312, -1.87625],
							"rotation": [0, 0, 45],
							"uv": {
								"north": {"uv": [8, 2], "uv_size": [2.5, 1]},
								"east": {"uv": [10, 6], "uv_size": [1.5, 1]},
								"south": {"uv": [8, 3], "uv_size": [2.5, 1]},
								"west": {"uv": [10, 7], "uv_size": [1.5, 1]}
							}
						},
						{
							"origin": [-1.18125, -0.48616, -0.7],
							"size": [2.3625, 0.97858, 1.5],
							"uv": {
								"north": {"uv": [8, 4], "uv_size": [2.5, 1]},
								"east": {"uv": [8, 10], "uv_size": [1.5, 1]},
								"south": {"uv": [8, 5], "uv_size": [2.5, 1]},
								"west": {"uv": [10, 8], "uv_size": [1.5, 1]}
							}
						},
						{
							"origin": [-0.44269, -1.06562, -10.29531],
							"size": [0.88538, 0.7125, 0.11875],
							"pivot": [0, 0.00312, -7.83125],
							"rotation": [0, 0, 45],
							"uv": {
								"north": {"uv": [11, 10], "uv_size": [1, 1]},
								"south": {"uv": [0, 12], "uv_size": [1, 1]},
								"up": {"uv": [8, 12], "uv_size": [1, 0.5]},
								"down": {"uv": [12, 8.5], "uv_size": [1, -0.5]}
							}
						},
						{
							"origin": [-0.44269, -1.06562, -10.29531],
							"size": [0.88538, 0.7125, 0.11875],
							"uv": {
								"north": {"uv": [12, 0], "uv_size": [1, 1]},
								"up": {"uv": [9, 12], "uv_size": [1, 0.5]},
								"down": {"uv": [10, 12.5], "uv_size": [1, -0.5]}
							}
						},
						{
							"origin": [-0.44269, 0.35937, -10.29531],
							"size": [0.88538, 0.7125, 0.11875],
							"pivot": [0, 0.00312, -7.83125],
							"rotation": [0, 0, 45],
							"uv": {
								"north": {"uv": [1, 12], "uv_size": [1, 1]},
								"up": {"uv": [12, 10], "uv_size": [1, 0.5]},
								"down": {"uv": [11, 12.5], "uv_size": [1, -0.5]}
							}
						},
						{
							"origin": [-0.44269, 0.35937, -10.29531],
							"size": [0.88538, 0.7125, 0.11875],
							"uv": {
								"north": {"uv": [12, 1], "uv_size": [1, 1]},
								"up": {"uv": [12, 11], "uv_size": [1, 0.5]},
								"down": {"uv": [12, 12.5], "uv_size": [1, -0.5]}
							}
						},
						{
							"origin": [0.35625, -0.43957, -10.29531],
							"size": [0.7125, 0.88538, 0.11875],
							"pivot": [0, 0.00312, -7.83125],
							"rotation": [0, 0, 45],
							"uv": {
								"north": {"uv": [2, 12], "uv_size": [1, 1]},
								"east": {"uv": [0, 13], "uv_size": [0.5, 1]},
								"west": {"uv": [13, 0], "uv_size": [0.5, 1]}
							}
						},
						{
							"origin": [0.35625, -0.43957, -10.29531],
							"size": [0.7125, 0.88538, 0.11875],
							"uv": {
								"north": {"uv": [12, 2], "uv_size": [1, 1]},
								"east": {"uv": [1, 13], "uv_size": [0.5, 1]},
								"west": {"uv": [13, 1], "uv_size": [0.5, 1]}
							}
						},
						{
							"origin": [-1.06875, -0.43957, -10.29531],
							"size": [0.7125, 0.88538, 0.11875],
							"pivot": [0, 0.00312, -7.83125],
							"rotation": [0, 0, 45],
							"uv": {
								"north": {"uv": [3, 12], "uv_size": [1, 1]},
								"east": {"uv": [2, 13], "uv_size": [0.5, 1]},
								"west": {"uv": [13, 2], "uv_size": [0.5, 1]}
							}
						},
						{
							"origin": [-1.06875, -0.43957, -10.29531],
							"size": [0.7125, 0.88538, 0.11875],
							"uv": {
								"north": {"uv": [12, 3], "uv_size": [1, 1]},
								"east": {"uv": [3, 13], "uv_size": [0.5, 1]},
								"west": {"uv": [13, 3], "uv_size": [0.5, 1]}
							}
						},
						{
							"origin": [-0.44197, -1.06557, -7.08901],
							"size": [0.88461, 2.13807, 1.4249],
							"inflate": 0.001,
							"pivot": [0, 0.00312, -7.83125],
							"rotation": [0, 0, 45],
							"uv": {
								"up": {"uv": [10, 9], "uv_size": [1, 1.5]},
								"down": {"uv": [11, 1.5], "uv_size": [1, -1.5]}
							}
						},
						{
							"origin": [-0.44169, -1.06557, -7.08901],
							"size": [0.88433, 2.13779, 1.4249],
							"inflate": 0.001,
							"uv": {
								"up": {"uv": [11, 2], "uv_size": [1, 1.5]},
								"down": {"uv": [11, 5.5], "uv_size": [1, -1.5]}
							}
						},
						{
							"origin": [-1.0687, -0.43952, -7.08901],
							"size": [2.1374, 0.88528, 1.4249],
							"inflate": 0.001,
							"pivot": [0, 0.00312, -7.83125],
							"rotation": [0, 0, 45],
							"uv": {
								"east": {"uv": [6, 11], "uv_size": [1.5, 1]},
								"west": {"uv": [8, 11], "uv_size": [1.5, 1]}
							}
						},
						{
							"origin": [-1.0687, -0.43952, -7.08901],
							"size": [2.13779, 0.88433, 1.4249],
							"inflate": 0.001,
							"uv": {
								"east": {"uv": [11, 9], "uv_size": [1.5, 1]},
								"west": {"uv": [10, 11], "uv_size": [1.5, 1]}
							}
						},
						{
							"origin": [-0.44269, -1.06562, -10.17656],
							"size": [0.88538, 2.1375, 9.5],
							"pivot": [0, 0.00312, -7.83125],
							"rotation": [0, 0, 45],
							"uv": {
								"north": {"uv": [8, 8], "uv_size": [1, 2]},
								"up": {"uv": [2, 2], "uv_size": [1, 10]},
								"down": {"uv": [3, 12], "uv_size": [1, -10]}
							}
						},
						{
							"origin": [-0.44269, -1.06562, -10.17656],
							"size": [0.88538, 2.1375, 9.5],
							"pivot": [0, 0.00312, -7.83125],
							"rotation": [0, 0, -45],
							"uv": {
								"north": {"uv": [6, 9], "uv_size": [1, 2]},
								"up": {"uv": [4, 2], "uv_size": [1, 10]},
								"down": {"uv": [5, 12], "uv_size": [1, -10]}
							}
						}
					]
				}
			]
		}
	]
}