{
	"format_version": "1.12.0",
	"minecraft:geometry": [
		{
			"description": {
				"identifier": "geometry.unknown",
				"texture_width": 64,
				"texture_height": 64,
				"visible_bounds_width": 3,
				"visible_bounds_height": 1.5,
				"visible_bounds_offset": [0, 0.25, 0]
			},
			"bones": [
				{
					"name": "stock",
					"pivot": [-0.30118, -2.58662, 0.47874],
					"cubes": [
						{
							"origin": [-0.15059, -7.57343, -3.40152],
							"size": [0.30118, 0.30118, 2.18359],
							"uv": {
								"north": {"uv": [29, 12], "uv_size": [0.5, 0.5]},
								"east": {"uv": [20, 24], "uv_size": [2, 0.5]},
								"south": {"uv": [13, 29], "uv_size": [0.5, 0.5]},
								"west": {"uv": [24, 21], "uv_size": [2, 0.5]},
								"up": {"uv": [22, 24], "uv_size": [0.5, 2]},
								"down": {"uv": [24, 24], "uv_size": [0.5, -2]}
							}
						},
						{
							"origin": [-0.15059, -7.57343, -1.21793],
							"size": [0.30118, 0.30118, 0.90356],
							"pivot": [0, -7.57343, -1.21793],
							"rotation": [45, 0, 0],
							"uv": {
								"north": {"uv": [29, 13], "uv_size": [0.5, 0.5]},
								"east": {"uv": [17, 27], "uv_size": [1, 0.5]},
								"south": {"uv": [14, 29], "uv_size": [0.5, 0.5]},
								"west": {"uv": [27, 17], "uv_size": [1, 0.5]},
								"up": {"uv": [27, 18], "uv_size": [0.5, 1]},
								"down": {"uv": [27, 20], "uv_size": [0.5, -1]}
							}
						},
						{
							"origin": [-0.30118, -7.17636, -3.44123],
							"size": [0.60237, 1.73181, 2.63537],
							"uv": {
								"north": {"uv": [21, 25], "uv_size": [0.5, 1.5]},
								"east": {"uv": [14, 1], "uv_size": [2, 1.5]},
								"south": {"uv": [25, 22], "uv_size": [0.5, 1.5]},
								"west": {"uv": [12, 14], "uv_size": [2, 1.5]},
								"up": {"uv": [23, 24], "uv_size": [0.5, 2]},
								"down": {"uv": [24, 26], "uv_size": [0.5, -2]}
							}
						},
						{
							"origin": [-0.30118, -7.17636, -0.80586],
							"size": [0.60237, 1.9577, 4.21659],
							"pivot": [-0.03765, -7.17636, -0.80586],
							"rotation": [44.5, 0, 0],
							"uv": {
								"north": {"uv": [25, 24], "uv_size": [0.5, 1.5]},
								"east": {"uv": [8, 4], "uv_size": [3.5, 1.5]},
								"south": {"uv": [0, 26], "uv_size": [0.5, 1.5]},
								"west": {"uv": [6, 8], "uv_size": [3.5, 1.5]},
								"up": {"uv": [18, 21], "uv_size": [0.5, 3.5]},
								"down": {"uv": [19, 24.5], "uv_size": [0.5, -3.5]}
							}
						},
						{
							"origin": [0.30118, -5.86358, -1.50863],
							"size": [0.30118, 0.42594, 4.08482],
							"pivot": [0.60237, -5.43764, 0.53378],
							"rotation": [34.79435, -29.71049, 35.49838],
							"uv": {
								"north": {"uv": [29, 14], "uv_size": [0.5, 0.5]},
								"east": {"uv": [20, 0], "uv_size": [3.5, 0.5]},
								"south": {"uv": [15, 29], "uv_size": [0.5, 0.5]},
								"west": {"uv": [20, 5], "uv_size": [3.5, 0.5]},
								"up": {"uv": [0, 22], "uv_size": [0.5, 3.5]},
								"down": {"uv": [1, 25.5], "uv_size": [0.5, -3.5]}
							}
						},
						{
							"origin": [0.45178, -7.28581, -0.92342],
							"size": [0.15148, 0.41662, 0.12852],
							"pivot": [0.60237, -6.86918, -0.92297],
							"rotation": [17.79435, -29.71049, 35.49838],
							"uv": {
								"north": {"uv": [29, 15], "uv_size": [0.5, 0.5]},
								"east": {"uv": [16, 29], "uv_size": [0.5, 0.5]},
								"south": {"uv": [29, 16], "uv_size": [0.5, 0.5]},
								"west": {"uv": [17, 29], "uv_size": [0.5, 0.5]},
								"up": {"uv": [29, 17], "uv_size": [0.5, 0.5]},
								"down": {"uv": [18, 29.5], "uv_size": [0.5, -0.5]}
							}
						},
						{
							"origin": [-0.60227, -6.87507, -0.67398],
							"size": [1.20454, 1.35513, 4.08461],
							"inflate": -0.0005,
							"pivot": [-0.03765, -7.17636, -0.80586],
							"rotation": [44.5, 0, 0],
							"uv": {
								"north": {"uv": [3, 20], "uv_size": [1, 1]},
								"east": {"uv": [2, 9], "uv_size": [3.5, 1]},
								"south": {"uv": [20, 10], "uv_size": [1, 1]},
								"west": {"uv": [14, 0], "uv_size": [3.5, 1]},
								"up": {"uv": [10, 14], "uv_size": [1, 3.5]},
								"down": {"uv": [11, 17.5], "uv_size": [1, -3.5]}
							}
						},
						{
							"origin": [0.30118, -4.47094, -2.23272],
							"size": [0.30118, 0.42595, 3.85894],
							"pivot": [0.60237, -4.47094, -0.41619],
							"rotation": [34.79435, 29.71049, -35.49838],
							"uv": {
								"north": {"uv": [29, 18], "uv_size": [0.5, 0.5]},
								"east": {"uv": [22, 3], "uv_size": [3, 0.5]},
								"south": {"uv": [19, 29], "uv_size": [0.5, 0.5]},
								"west": {"uv": [22, 4], "uv_size": [3, 0.5]},
								"up": {"uv": [22, 8], "uv_size": [0.5, 3]},
								"down": {"uv": [10, 25], "uv_size": [0.5, -3]}
							}
						},
						{
							"origin": [-0.60217, -6.87497, -3.29043],
							"size": [1.20433, 1.12903, 2.37142],
							"inflate": -0.001,
							"uv": {
								"north": {"uv": [2, 25], "uv_size": [1, 1]},
								"east": {"uv": [2, 8], "uv_size": [2, 1]},
								"south": {"uv": [3, 25], "uv_size": [1, 1]},
								"west": {"uv": [18, 0], "uv_size": [2, 1]},
								"up": {"uv": [5, 21], "uv_size": [1, 2]},
								"down": {"uv": [21, 12], "uv_size": [1, -2]}
							}
						},
						{
							"origin": [0.30118, -7.30111, -3.29064],
							"size": [0.30118, 0.42594, 2.37183],
							"pivot": [0.60237, -6.87517, -2.10471],
							"rotation": [0, 0, 45],
							"uv": {
								"north": {"uv": [29, 19], "uv_size": [0.5, 0.5]},
								"east": {"uv": [25, 3], "uv_size": [2, 0.5]},
								"south": {"uv": [20, 29], "uv_size": [0.5, 0.5]},
								"west": {"uv": [4, 25], "uv_size": [2, 0.5]},
								"up": {"uv": [25, 9], "uv_size": [0.5, 2]},
								"down": {"uv": [10, 27], "uv_size": [0.5, -2]}
							}
						},
						{
							"origin": [0.52707, -7.2866, -1.02904],
							"size": [0.0753, 0.41143, 0.11023],
							"pivot": [0.60237, -6.87517, -0.9188],
							"rotation": [15, 0, 45],
							"uv": {
								"north": {"uv": [29, 20], "uv_size": [0.5, 0.5]},
								"east": {"uv": [21, 29], "uv_size": [0.5, 0.5]},
								"south": {"uv": [29, 21], "uv_size": [0.5, 0.5]},
								"west": {"uv": [22, 29], "uv_size": [0.5, 0.5]},
								"up": {"uv": [29, 22], "uv_size": [0.5, 0.5]},
								"down": {"uv": [23, 29.5], "uv_size": [0.5, -0.5]}
							}
						},
						{
							"origin": [-0.60237, -5.86358, -1.50863],
							"size": [0.30118, 0.42594, 4.08482],
							"pivot": [-0.60237, -5.43764, 0.53378],
							"rotation": [34.79435, 29.71049, -35.49838],
							"uv": {
								"north": {"uv": [29, 23], "uv_size": [0.5, 0.5]},
								"east": {"uv": [22, 1], "uv_size": [3.5, 0.5]},
								"south": {"uv": [24, 29], "uv_size": [0.5, 0.5]},
								"west": {"uv": [22, 2], "uv_size": [3.5, 0.5]},
								"up": {"uv": [6, 22], "uv_size": [0.5, 3.5]},
								"down": {"uv": [7, 25.5], "uv_size": [0.5, -3.5]}
							}
						},
						{
							"origin": [-0.60326, -7.28581, -0.92342],
							"size": [0.15148, 0.41662, 0.12852],
							"pivot": [-0.60237, -6.86918, -0.92297],
							"rotation": [17.79435, 29.71049, -35.49838],
							"uv": {
								"north": {"uv": [29, 24], "uv_size": [0.5, 0.5]},
								"east": {"uv": [25, 29], "uv_size": [0.5, 0.5]},
								"south": {"uv": [29, 25], "uv_size": [0.5, 0.5]},
								"west": {"uv": [26, 29], "uv_size": [0.5, 0.5]},
								"up": {"uv": [29, 26], "uv_size": [0.5, 0.5]},
								"down": {"uv": [27, 29.5], "uv_size": [0.5, -0.5]}
							}
						},
						{
							"origin": [-0.60237, -7.2866, -1.02904],
							"size": [0.0753, 0.41143, 0.11023],
							"pivot": [-0.60237, -6.87517, -0.9188],
							"rotation": [15, 0, -45],
							"uv": {
								"north": {"uv": [29, 27], "uv_size": [0.5, 0.5]},
								"east": {"uv": [28, 29], "uv_size": [0.5, 0.5]},
								"south": {"uv": [29, 28], "uv_size": [0.5, 0.5]},
								"west": {"uv": [29, 29], "uv_size": [0.5, 0.5]},
								"up": {"uv": [0, 30], "uv_size": [0.5, 0.5]},
								"down": {"uv": [30, 0.5], "uv_size": [0.5, -0.5]}
							}
						},
						{
							"origin": [-0.60237, -7.30111, -3.29064],
							"size": [0.30118, 0.42594, 2.37183],
							"pivot": [-0.60237, -6.87517, -2.10471],
							"rotation": [0, 0, -45],
							"uv": {
								"north": {"uv": [1, 30], "uv_size": [0.5, 0.5]},
								"east": {"uv": [25, 4], "uv_size": [2, 0.5]},
								"south": {"uv": [30, 1], "uv_size": [0.5, 0.5]},
								"west": {"uv": [25, 6], "uv_size": [2, 0.5]},
								"up": {"uv": [11, 25], "uv_size": [0.5, 2]},
								"down": {"uv": [25, 13], "uv_size": [0.5, -2]}
							}
						},
						{
							"origin": [0.30118, -5.74573, -3.27708],
							"size": [0.30118, 0.42594, 1.64296],
							"pivot": [0.60237, -5.74573, -2.10471],
							"rotation": [0, 0, -45],
							"uv": {
								"north": {"uv": [2, 30], "uv_size": [0.5, 0.5]},
								"east": {"uv": [30, 2], "uv_size": [0.5, 0.5]},
								"south": {"uv": [3, 30], "uv_size": [0.5, 0.5]},
								"west": {"uv": [30, 3], "uv_size": [0.5, 0.5]},
								"up": {"uv": [4, 30], "uv_size": [0.5, 0.5]},
								"down": {"uv": [30, 4.5], "uv_size": [0.5, -0.5]}
							}
						},
						{
							"origin": [-0.60237, -4.47094, -2.23272],
							"size": [0.30118, 0.42595, 3.85894],
							"pivot": [-0.60237, -4.47094, -0.41619],
							"rotation": [34.79435, -29.71049, 35.49838],
							"uv": {
								"north": {"uv": [5, 30], "uv_size": [0.5, 0.5]},
								"east": {"uv": [11, 22], "uv_size": [3, 0.5]},
								"south": {"uv": [30, 5], "uv_size": [0.5, 0.5]},
								"west": {"uv": [22, 11], "uv_size": [3, 0.5]},
								"up": {"uv": [22, 12], "uv_size": [0.5, 3]},
								"down": {"uv": [22, 18], "uv_size": [0.5, -3]}
							}
						},
						{
							"origin": [-0.60237, -5.74573, -3.27708],
							"size": [0.30118, 0.42594, 1.64296],
							"pivot": [-0.60237, -5.74573, -2.10471],
							"rotation": [0, 0, 45],
							"uv": {
								"north": {"uv": [6, 30], "uv_size": [0.5, 0.5]},
								"east": {"uv": [30, 6], "uv_size": [0.5, 0.5]},
								"south": {"uv": [7, 30], "uv_size": [0.5, 0.5]},
								"west": {"uv": [30, 7], "uv_size": [0.5, 0.5]},
								"up": {"uv": [8, 30], "uv_size": [0.5, 0.5]},
								"down": {"uv": [30, 8.5], "uv_size": [0.5, -0.5]}
							}
						},
						{
							"origin": [-0.30118, -5.37258, 0.77993],
							"size": [0.60237, 0.30118, 7.07785],
							"uv": {
								"north": {"uv": [9, 30], "uv_size": [0.5, 0.5]},
								"east": {"uv": [14, 3], "uv_size": [6, 0.5]},
								"south": {"uv": [30, 9], "uv_size": [0.5, 0.5]},
								"west": {"uv": [14, 14], "uv_size": [6, 0.5]},
								"up": {"uv": [14, 15], "uv_size": [0.5, 6]},
								"down": {"uv": [15, 21], "uv_size": [0.5, -6]}
							}
						},
						{
							"origin": [0, -5.37258, 0.77993],
							"size": [0.30118, 0.42594, 7.07785],
							"pivot": [0.30118, -5.37258, 4.31885],
							"rotation": [0, 0, 45],
							"uv": {
								"north": {"uv": [10, 30], "uv_size": [0.5, 0.5]},
								"east": {"uv": [16, 1], "uv_size": [6, 0.5]},
								"south": {"uv": [30, 10], "uv_size": [0.5, 0.5]},
								"west": {"uv": [16, 2], "uv_size": [6, 0.5]},
								"up": {"uv": [12, 16], "uv_size": [0.5, 6]},
								"down": {"uv": [13, 22], "uv_size": [0.5, -6]}
							}
						},
						{
							"origin": [-0.30118, -5.37258, 0.77993],
							"size": [0.30118, 0.42594, 7.07785],
							"pivot": [-0.30118, -5.37258, 4.31885],
							"rotation": [0, 0, -45],
							"uv": {
								"north": {"uv": [11, 30], "uv_size": [0.5, 0.5]},
								"east": {"uv": [16, 12], "uv_size": [6, 0.5]},
								"south": {"uv": [30, 11], "uv_size": [0.5, 0.5]},
								"west": {"uv": [16, 15], "uv_size": [6, 0.5]},
								"up": {"uv": [16, 16], "uv_size": [0.5, 6]},
								"down": {"uv": [17, 22], "uv_size": [0.5, -6]}
							}
						},
						{
							"origin": [-0.60237, -2.05955, 0.77993],
							"size": [1.20474, 0.45178, 7.07785],
							"uv": {
								"north": {"uv": [27, 20], "uv_size": [1, 0.5]},
								"east": {"uv": [17, 6], "uv_size": [6, 0.5]},
								"south": {"uv": [21, 27], "uv_size": [1, 0.5]},
								"west": {"uv": [17, 7], "uv_size": [6, 0.5]},
								"up": {"uv": [6, 2], "uv_size": [1, 6]},
								"down": {"uv": [7, 8], "uv_size": [1, -6]}
							}
						},
						{
							"origin": [-0.60237, -5.0714, 0.77993],
							"size": [1.20474, 1.35533, 7.07785],
							"uv": {
								"north": {"uv": [12, 25], "uv_size": [1, 1]},
								"east": {"uv": [8, 2], "uv_size": [6, 1]},
								"south": {"uv": [13, 25], "uv_size": [1, 1]},
								"west": {"uv": [8, 3], "uv_size": [6, 1]},
								"up": {"uv": [0, 8], "uv_size": [1, 6]},
								"down": {"uv": [1, 14], "uv_size": [1, -6]}
							}
						},
						{
							"origin": [-0.67767, -4.09255, 4.62004],
							"size": [1.35533, 0.30119, 0.60237],
							"uv": {
								"north": {"uv": [27, 21], "uv_size": [1, 0.5]},
								"east": {"uv": [12, 30], "uv_size": [0.5, 0.5]},
								"south": {"uv": [27, 22], "uv_size": [1, 0.5]},
								"west": {"uv": [30, 12], "uv_size": [0.5, 0.5]},
								"up": {"uv": [27, 23], "uv_size": [1, 0.5]},
								"down": {"uv": [27, 24.5], "uv_size": [1, -0.5]}
							}
						},
						{
							"origin": [-0.67767, -1.98425, 4.62004],
							"size": [1.35533, 0.30119, 0.60237],
							"uv": {
								"north": {"uv": [25, 27], "uv_size": [1, 0.5]},
								"east": {"uv": [13, 30], "uv_size": [0.5, 0.5]},
								"south": {"uv": [27, 25], "uv_size": [1, 0.5]},
								"west": {"uv": [30, 13], "uv_size": [0.5, 0.5]},
								"up": {"uv": [26, 27], "uv_size": [1, 0.5]},
								"down": {"uv": [27, 26.5], "uv_size": [1, -0.5]}
							}
						},
						{
							"origin": [-0.67767, -3.79136, 4.77063],
							"size": [1.35533, 1.80711, 0.30119],
							"uv": {
								"north": {"uv": [16, 22], "uv_size": [1, 1.5]},
								"east": {"uv": [26, 0], "uv_size": [0.5, 1.5]},
								"south": {"uv": [17, 22], "uv_size": [1, 1.5]},
								"west": {"uv": [1, 26], "uv_size": [0.5, 1.5]},
								"up": {"uv": [27, 27], "uv_size": [1, 0.5]},
								"down": {"uv": [0, 28.5], "uv_size": [1, -0.5]}
							}
						},
						{
							"origin": [-0.60247, -3.71617, 0.77983],
							"size": [1.20494, 1.65672, 2.56028],
							"inflate": 0.0005,
							"uv": {
								"north": {"uv": [22, 18], "uv_size": [1, 1.5]},
								"east": {"uv": [10, 18], "uv_size": [2, 1.5]},
								"south": {"uv": [20, 22], "uv_size": [1, 1.5]},
								"west": {"uv": [18, 16], "uv_size": [2, 1.5]},
								"up": {"uv": [14, 21], "uv_size": [1, 2]},
								"down": {"uv": [15, 23], "uv_size": [1, -2]}
							}
						},
						{
							"origin": [-0.60237, -3.71607, 6.50244],
							"size": [1.20474, 1.65652, 1.35533],
							"uv": {
								"north": {"uv": [22, 20], "uv_size": [1, 1.5]},
								"east": {"uv": [21, 22], "uv_size": [1, 1.5]},
								"south": {"uv": [22, 22], "uv_size": [1, 1.5]},
								"west": {"uv": [2, 23], "uv_size": [1, 1.5]},
								"up": {"uv": [25, 16], "uv_size": [1, 1]},
								"down": {"uv": [25, 18], "uv_size": [1, -1]}
							}
						},
						{
							"origin": [-0.60237, -3.71607, 4.54474],
							"size": [1.20474, 1.65652, 0.75296],
							"uv": {
								"north": {"uv": [3, 23], "uv_size": [1, 1.5]},
								"east": {"uv": [2, 26], "uv_size": [0.5, 1.5]},
								"south": {"uv": [4, 23], "uv_size": [1, 1.5]},
								"west": {"uv": [3, 26], "uv_size": [0.5, 1.5]},
								"up": {"uv": [1, 28], "uv_size": [1, 0.5]},
								"down": {"uv": [2, 28.5], "uv_size": [1, -0.5]}
							}
						},
						{
							"origin": [0.30118, -3.71607, 5.2977],
							"size": [0.30118, 1.65652, 1.50592],
							"pivot": [0.60237, -2.88781, 5.2977],
							"rotation": [0, -17.5, 0],
							"uv": {
								"north": {"uv": [4, 26], "uv_size": [0.5, 1.5]},
								"east": {"uv": [20, 3], "uv_size": [1.5, 1.5]},
								"south": {"uv": [5, 26], "uv_size": [0.5, 1.5]},
								"west": {"uv": [6, 20], "uv_size": [1.5, 1.5]},
								"up": {"uv": [6, 26], "uv_size": [0.5, 1.5]},
								"down": {"uv": [7, 27.5], "uv_size": [0.5, -1.5]}
							}
						},
						{
							"origin": [-0.60237, -3.71607, 5.2977],
							"size": [0.30118, 1.65652, 1.50592],
							"pivot": [-0.60237, -2.88781, 5.2977],
							"rotation": [0, 17.5, 0],
							"uv": {
								"north": {"uv": [26, 9], "uv_size": [0.5, 1.5]},
								"east": {"uv": [20, 8], "uv_size": [1.5, 1.5]},
								"south": {"uv": [26, 11], "uv_size": [0.5, 1.5]},
								"west": {"uv": [10, 20], "uv_size": [1.5, 1.5]},
								"up": {"uv": [12, 26], "uv_size": [0.5, 1.5]},
								"down": {"uv": [13, 27.5], "uv_size": [0.5, -1.5]}
							}
						},
						{
							"origin": [0.30118, -3.71607, 3.03882],
							"size": [0.30118, 1.65652, 1.50593],
							"pivot": [0.60237, -2.88781, 4.54474],
							"rotation": [0, 17.5, 0],
							"uv": {
								"north": {"uv": [15, 26], "uv_size": [0.5, 1.5]},
								"east": {"uv": [20, 13], "uv_size": [1.5, 1.5]},
								"south": {"uv": [26, 16], "uv_size": [0.5, 1.5]},
								"west": {"uv": [20, 16], "uv_size": [1.5, 1.5]},
								"up": {"uv": [18, 26], "uv_size": [0.5, 1.5]},
								"down": {"uv": [26, 19.5], "uv_size": [0.5, -1.5]}
							}
						},
						{
							"origin": [-0.60237, -3.71607, 3.03882],
							"size": [0.30118, 1.65652, 1.50593],
							"pivot": [-0.60237, -2.88781, 4.54474],
							"rotation": [0, -17.5, 0],
							"uv": {
								"north": {"uv": [19, 26], "uv_size": [0.5, 1.5]},
								"east": {"uv": [20, 18], "uv_size": [1.5, 1.5]},
								"south": {"uv": [20, 26], "uv_size": [0.5, 1.5]},
								"west": {"uv": [20, 20], "uv_size": [1.5, 1.5]},
								"up": {"uv": [26, 20], "uv_size": [0.5, 1.5]},
								"down": {"uv": [22, 27.5], "uv_size": [0.5, -1.5]}
							}
						},
						{
							"origin": [-0.30118, -3.26429, 0.47874],
							"size": [0.60237, 1.35533, 0.30118],
							"uv": {
								"north": {"uv": [28, 2], "uv_size": [0.5, 1]},
								"east": {"uv": [3, 28], "uv_size": [0.5, 1]},
								"south": {"uv": [4, 28], "uv_size": [0.5, 1]},
								"west": {"uv": [5, 28], "uv_size": [0.5, 1]},
								"up": {"uv": [14, 30], "uv_size": [0.5, 0.5]},
								"down": {"uv": [30, 14.5], "uv_size": [0.5, -0.5]}
							}
						},
						{
							"origin": [-0.30118, -2.36073, 0.47874],
							"size": [0.60237, 0.90356, 0.30118],
							"pivot": [0, -2.36073, 0.47874],
							"rotation": [45, 0, 0],
							"uv": {
								"north": {"uv": [15, 30], "uv_size": [0.5, 0.5]},
								"east": {"uv": [30, 15], "uv_size": [0.5, 0.5]},
								"south": {"uv": [16, 30], "uv_size": [0.5, 0.5]},
								"west": {"uv": [30, 16], "uv_size": [0.5, 0.5]},
								"up": {"uv": [17, 30], "uv_size": [0.5, 0.5]},
								"down": {"uv": [30, 17.5], "uv_size": [0.5, -0.5]}
							}
						},
						{
							"origin": [-0.60237, -2.66192, 0.77993],
							"size": [1.20474, 1.20474, 0.60237],
							"pivot": [0, -2.36073, 0.47874],
							"rotation": [45, 0, 0],
							"uv": {
								"north": {"uv": [18, 25], "uv_size": [1, 1]},
								"east": {"uv": [28, 5], "uv_size": [0.5, 1]},
								"south": {"uv": [25, 18], "uv_size": [1, 1]},
								"west": {"uv": [6, 28], "uv_size": [0.5, 1]},
								"up": {"uv": [7, 28], "uv_size": [1, 0.5]},
								"down": {"uv": [8, 28.5], "uv_size": [1, -0.5]}
							}
						},
						{
							"origin": [0.30118, -2.53717, 0.05281],
							"size": [0.30118, 1.20474, 0.42594],
							"pivot": [0.60237, -1.9348, 0.47874],
							"rotation": [54.73561, 30, 35.26439],
							"uv": {
								"north": {"uv": [9, 28], "uv_size": [0.5, 1]},
								"east": {"uv": [10, 28], "uv_size": [0.5, 1]},
								"south": {"uv": [11, 28], "uv_size": [0.5, 1]},
								"west": {"uv": [12, 28], "uv_size": [0.5, 1]},
								"up": {"uv": [18, 30], "uv_size": [0.5, 0.5]},
								"down": {"uv": [30, 18.5], "uv_size": [0.5, -0.5]}
							}
						},
						{
							"origin": [0.30118, -3.56547, 0.47874],
							"size": [0.42594, 1.9577, 0.30118],
							"pivot": [0.30118, -2.58662, 0.47874],
							"rotation": [0, -45, 0],
							"uv": {
								"north": {"uv": [26, 22], "uv_size": [0.5, 1.5]},
								"east": {"uv": [23, 26], "uv_size": [0.5, 1.5]},
								"south": {"uv": [24, 26], "uv_size": [0.5, 1.5]},
								"west": {"uv": [26, 24], "uv_size": [0.5, 1.5]},
								"up": {"uv": [19, 30], "uv_size": [0.5, 0.5]},
								"down": {"uv": [30, 19.5], "uv_size": [0.5, -0.5]}
							}
						},
						{
							"origin": [-0.60257, -1.60798, -2.8345],
							"size": [1.20515, 0.60278, 10.69248],
							"inflate": 0.001,
							"uv": {
								"north": {"uv": [13, 28], "uv_size": [1, 0.5]},
								"east": {"uv": [8, 6], "uv_size": [9, 0.5]},
								"south": {"uv": [28, 13], "uv_size": [1, 0.5]},
								"west": {"uv": [8, 7], "uv_size": [9, 0.5]},
								"up": {"uv": [4, 0], "uv_size": [1, 9]},
								"down": {"uv": [5, 9], "uv_size": [1, -9]}
							}
						},
						{
							"origin": [-0.90355, -1.0054, -1.93074],
							"size": [1.80711, 1.12944, 9.78851],
							"inflate": 0.0013,
							"uv": {
								"north": {"uv": [18, 13], "uv_size": [1.5, 1]},
								"east": {"uv": [6, 0], "uv_size": [8, 1]},
								"south": {"uv": [23, 6], "uv_size": [1.5, 1]},
								"west": {"uv": [6, 1], "uv_size": [8, 1]},
								"up": {"uv": [0, 0], "uv_size": [1.5, 8]},
								"down": {"uv": [2, 8], "uv_size": [1.5, -8]}
							}
						},
						{
							"origin": [-0.90355, -1.0054, -2.83429],
							"size": [1.80711, 1.73181, 0.90355],
							"inflate": 0.0015,
							"uv": {
								"north": {"uv": [3, 21], "uv_size": [1.5, 1.5]},
								"east": {"uv": [5, 23], "uv_size": [1, 1.5]},
								"south": {"uv": [8, 21], "uv_size": [1.5, 1.5]},
								"west": {"uv": [23, 7], "uv_size": [1, 1.5]},
								"up": {"uv": [8, 23], "uv_size": [1.5, 1]},
								"down": {"uv": [23, 10], "uv_size": [1.5, -1]}
							}
						},
						{
							"origin": [-0.67767, 0.72641, -2.83429],
							"size": [1.35533, 0.22589, 0.90355],
							"uv": {
								"north": {"uv": [28, 14], "uv_size": [1, 0.5]},
								"east": {"uv": [15, 28], "uv_size": [1, 0.5]},
								"south": {"uv": [28, 15], "uv_size": [1, 0.5]},
								"west": {"uv": [28, 16], "uv_size": [1, 0.5]},
								"up": {"uv": [19, 25], "uv_size": [1, 1]},
								"down": {"uv": [25, 20], "uv_size": [1, -1]}
							}
						},
						{
							"origin": [0.67767, 0.65112, -2.83429],
							"size": [0.31946, 0.30119, 0.90355],
							"pivot": [0.67767, 0.9523, -2.38251],
							"rotation": [0, 0, 45],
							"uv": {
								"north": {"uv": [20, 30], "uv_size": [0.5, 0.5]},
								"east": {"uv": [17, 28], "uv_size": [1, 0.5]},
								"south": {"uv": [30, 20], "uv_size": [0.5, 0.5]},
								"west": {"uv": [28, 17], "uv_size": [1, 0.5]},
								"up": {"uv": [18, 28], "uv_size": [0.5, 1]},
								"down": {"uv": [28, 19], "uv_size": [0.5, -1]}
							}
						},
						{
							"origin": [-0.99713, 0.65112, -2.83429],
							"size": [0.31946, 0.30119, 0.90355],
							"pivot": [-0.67767, 0.9523, -2.38251],
							"rotation": [0, 0, -45],
							"uv": {
								"north": {"uv": [21, 30], "uv_size": [0.5, 0.5]},
								"east": {"uv": [19, 28], "uv_size": [1, 0.5]},
								"south": {"uv": [30, 21], "uv_size": [0.5, 0.5]},
								"west": {"uv": [28, 19], "uv_size": [1, 0.5]},
								"up": {"uv": [20, 28], "uv_size": [0.5, 1]},
								"down": {"uv": [28, 21], "uv_size": [0.5, -1]}
							}
						},
						{
							"origin": [-0.90355, -1.60777, -2.83429],
							"size": [1.80711, 0.60237, 0.60237],
							"uv": {
								"north": {"uv": [26, 2], "uv_size": [1.5, 0.5]},
								"east": {"uv": [22, 30], "uv_size": [0.5, 0.5]},
								"south": {"uv": [26, 5], "uv_size": [1.5, 0.5]},
								"west": {"uv": [30, 22], "uv_size": [0.5, 0.5]},
								"up": {"uv": [25, 26], "uv_size": [1.5, 0.5]},
								"down": {"uv": [27, 0.5], "uv_size": [1.5, -0.5]}
							}
						},
						{
							"origin": [-0.90355, -1.60777, -2.83429],
							"size": [1.80711, 0.90355, 0.60237],
							"inflate": 0.001,
							"pivot": [0, -1.60777, -2.23192],
							"rotation": [-45, 0, 0],
							"uv": {
								"north": {"uv": [27, 1], "uv_size": [1.5, 0.5]},
								"east": {"uv": [23, 30], "uv_size": [0.5, 0.5]},
								"south": {"uv": [27, 3], "uv_size": [1.5, 0.5]},
								"west": {"uv": [30, 23], "uv_size": [0.5, 0.5]},
								"up": {"uv": [27, 4], "uv_size": [1.5, 0.5]},
								"down": {"uv": [27, 6.5], "uv_size": [1.5, -0.5]}
							}
						},
						{
							"origin": [-0.90355, -0.17714, -2.23192],
							"size": [1.80711, 0.90356, 0.30118],
							"pivot": [0, 0.72641, -1.93074],
							"rotation": [22.5, 0, 0],
							"uv": {
								"north": {"uv": [23, 10], "uv_size": [1.5, 1]},
								"east": {"uv": [21, 28], "uv_size": [0.5, 1]},
								"south": {"uv": [11, 23], "uv_size": [1.5, 1]},
								"west": {"uv": [28, 21], "uv_size": [0.5, 1]},
								"up": {"uv": [27, 7], "uv_size": [1.5, 0.5]},
								"down": {"uv": [8, 27.5], "uv_size": [1.5, -0.5]}
							}
						},
						{
							"origin": [0.60237, -1.60777, -2.23192],
							"size": [0.30119, 0.60237, 10.0897],
							"pivot": [0.90356, -1.0054, 2.51174],
							"rotation": [0, 0, 45],
							"uv": {
								"north": {"uv": [24, 30], "uv_size": [0.5, 0.5]},
								"east": {"uv": [2, 10], "uv_size": [8.5, 0.5]},
								"south": {"uv": [30, 24], "uv_size": [0.5, 0.5]},
								"west": {"uv": [10, 8], "uv_size": [8.5, 0.5]},
								"up": {"uv": [2, 11], "uv_size": [0.5, 8.5]},
								"down": {"uv": [3, 19.5], "uv_size": [0.5, -8.5]}
							}
						},
						{
							"origin": [-0.90355, -1.60777, -2.23192],
							"size": [0.30119, 0.60237, 10.0897],
							"pivot": [-0.90355, -1.0054, 2.51174],
							"rotation": [0, 0, -45],
							"uv": {
								"north": {"uv": [25, 30], "uv_size": [0.5, 0.5]},
								"east": {"uv": [10, 9], "uv_size": [8.5, 0.5]},
								"south": {"uv": [30, 25], "uv_size": [0.5, 0.5]},
								"west": {"uv": [4, 11], "uv_size": [8.5, 0.5]},
								"up": {"uv": [4, 12], "uv_size": [0.5, 8.5]},
								"down": {"uv": [5, 20.5], "uv_size": [0.5, -8.5]}
							}
						},
						{
							"origin": [0.30118, 0.12404, -1.93074],
							"size": [0.60237, 0.85188, 9.78851],
							"pivot": [0.90356, 0.12404, 2.51174],
							"rotation": [0, 0, -45],
							"uv": {
								"north": {"uv": [26, 30], "uv_size": [0.5, 0.5]},
								"east": {"uv": [11, 10], "uv_size": [8, 0.5]},
								"south": {"uv": [30, 26], "uv_size": [0.5, 0.5]},
								"west": {"uv": [12, 4], "uv_size": [8, 0.5]},
								"up": {"uv": [6, 12], "uv_size": [0.5, 8]},
								"down": {"uv": [7, 20], "uv_size": [0.5, -8]}
							}
						},
						{
							"origin": [-0.90356, 0.12404, -1.93074],
							"size": [0.60237, 0.85188, 9.78851],
							"pivot": [-0.90355, 0.12404, 2.51174],
							"rotation": [0, 0, 45],
							"uv": {
								"north": {"uv": [27, 30], "uv_size": [0.5, 0.5]},
								"east": {"uv": [12, 5], "uv_size": [8, 0.5]},
								"south": {"uv": [30, 27], "uv_size": [0.5, 0.5]},
								"west": {"uv": [8, 12], "uv_size": [8, 0.5]},
								"up": {"uv": [8, 13], "uv_size": [0.5, 8]},
								"down": {"uv": [9, 21], "uv_size": [0.5, -8]}
							}
						},
						{
							"origin": [-0.30118, 0.12404, -1.93074],
							"size": [0.60237, 0.60237, 9.78851],
							"uv": {
								"north": {"uv": [28, 30], "uv_size": [0.5, 0.5]},
								"east": {"uv": [10, 13], "uv_size": [8, 0.5]},
								"south": {"uv": [30, 28], "uv_size": [0.5, 0.5]},
								"west": {"uv": [13, 11], "uv_size": [8, 0.5]},
								"up": {"uv": [0, 14], "uv_size": [0.5, 8]},
								"down": {"uv": [1, 22], "uv_size": [0.5, -8]}
							}
						},
						{
							"origin": [-0.30118, 0.12404, 7.85778],
							"size": [0.60237, 0.60237, 0.60237],
							"uv": {
								"north": {"uv": [29, 30], "uv_size": [0.5, 0.5]},
								"east": {"uv": [30, 29], "uv_size": [0.5, 0.5]},
								"south": {"uv": [30, 30], "uv_size": [0.5, 0.5]},
								"west": {"uv": [0, 31], "uv_size": [0.5, 0.5]},
								"up": {"uv": [31, 0], "uv_size": [0.5, 0.5]},
								"down": {"uv": [1, 31.5], "uv_size": [0.5, -0.5]}
							}
						},
						{
							"origin": [0.30118, 0.12404, 7.85778],
							"size": [0.60237, 0.85188, 0.60237],
							"pivot": [0.90356, 0.12404, 2.51174],
							"rotation": [0, 0, -45],
							"uv": {
								"north": {"uv": [31, 1], "uv_size": [0.5, 0.5]},
								"east": {"uv": [2, 31], "uv_size": [0.5, 0.5]},
								"south": {"uv": [31, 2], "uv_size": [0.5, 0.5]},
								"west": {"uv": [3, 31], "uv_size": [0.5, 0.5]},
								"up": {"uv": [31, 3], "uv_size": [0.5, 0.5]},
								"down": {"uv": [4, 31.5], "uv_size": [0.5, -0.5]}
							}
						},
						{
							"origin": [-0.90356, 0.12404, 7.85778],
							"size": [0.60237, 0.85188, 0.60237],
							"pivot": [-0.90355, 0.12404, 2.51174],
							"rotation": [0, 0, 45],
							"uv": {
								"north": {"uv": [31, 4], "uv_size": [0.5, 0.5]},
								"east": {"uv": [5, 31], "uv_size": [0.5, 0.5]},
								"south": {"uv": [31, 5], "uv_size": [0.5, 0.5]},
								"west": {"uv": [6, 31], "uv_size": [0.5, 0.5]},
								"up": {"uv": [31, 6], "uv_size": [0.5, 0.5]},
								"down": {"uv": [7, 31.5], "uv_size": [0.5, -0.5]}
							}
						},
						{
							"origin": [-0.90355, -1.0054, 7.85778],
							"size": [1.80711, 1.12944, 0.60237],
							"uv": {
								"north": {"uv": [23, 12], "uv_size": [1.5, 1]},
								"east": {"uv": [22, 28], "uv_size": [0.5, 1]},
								"south": {"uv": [13, 23], "uv_size": [1.5, 1]},
								"west": {"uv": [28, 22], "uv_size": [0.5, 1]},
								"up": {"uv": [27, 8], "uv_size": [1.5, 0.5]},
								"down": {"uv": [27, 9.5], "uv_size": [1.5, -0.5]}
							}
						},
						{
							"origin": [0.60237, -1.60777, 7.85778],
							"size": [0.30119, 0.60237, 0.60237],
							"pivot": [0.90356, -1.0054, 2.51174],
							"rotation": [0, 0, 45],
							"uv": {
								"north": {"uv": [31, 7], "uv_size": [0.5, 0.5]},
								"east": {"uv": [8, 31], "uv_size": [0.5, 0.5]},
								"south": {"uv": [31, 8], "uv_size": [0.5, 0.5]},
								"west": {"uv": [9, 31], "uv_size": [0.5, 0.5]},
								"up": {"uv": [31, 9], "uv_size": [0.5, 0.5]},
								"down": {"uv": [10, 31.5], "uv_size": [0.5, -0.5]}
							}
						},
						{
							"origin": [-0.90355, -1.60777, 7.85778],
							"size": [0.30119, 0.60237, 0.60237],
							"pivot": [-0.90355, -1.0054, 2.51174],
							"rotation": [0, 0, -45],
							"uv": {
								"north": {"uv": [31, 10], "uv_size": [0.5, 0.5]},
								"east": {"uv": [11, 31], "uv_size": [0.5, 0.5]},
								"south": {"uv": [31, 11], "uv_size": [0.5, 0.5]},
								"west": {"uv": [12, 31], "uv_size": [0.5, 0.5]},
								"up": {"uv": [31, 12], "uv_size": [0.5, 0.5]},
								"down": {"uv": [13, 31.5], "uv_size": [0.5, -0.5]}
							}
						},
						{
							"origin": [-0.60237, -1.60777, 7.85778],
							"size": [1.20474, 0.60237, 0.60237],
							"uv": {
								"north": {"uv": [23, 28], "uv_size": [1, 0.5]},
								"east": {"uv": [31, 13], "uv_size": [0.5, 0.5]},
								"south": {"uv": [28, 23], "uv_size": [1, 0.5]},
								"west": {"uv": [14, 31], "uv_size": [0.5, 0.5]},
								"up": {"uv": [24, 28], "uv_size": [1, 0.5]},
								"down": {"uv": [28, 24.5], "uv_size": [1, -0.5]}
							}
						},
						{
							"origin": [-0.60237, -5.0714, 7.85778],
							"size": [1.20474, 3.46363, 0.60237],
							"uv": {
								"north": {"uv": [18, 18], "uv_size": [1, 3]},
								"east": {"uv": [23, 13], "uv_size": [0.5, 3]},
								"south": {"uv": [19, 8], "uv_size": [1, 3]},
								"west": {"uv": [15, 23], "uv_size": [0.5, 3]},
								"up": {"uv": [25, 28], "uv_size": [1, 0.5]},
								"down": {"uv": [28, 25.5], "uv_size": [1, -0.5]}
							}
						},
						{
							"origin": [0, -5.37258, 7.85778],
							"size": [0.30118, 0.42594, 0.60237],
							"pivot": [0.30118, -5.37258, 4.31885],
							"rotation": [0, 0, 45],
							"uv": {
								"north": {"uv": [31, 14], "uv_size": [0.5, 0.5]},
								"east": {"uv": [15, 31], "uv_size": [0.5, 0.5]},
								"south": {"uv": [31, 15], "uv_size": [0.5, 0.5]},
								"west": {"uv": [16, 31], "uv_size": [0.5, 0.5]},
								"up": {"uv": [31, 16], "uv_size": [0.5, 0.5]},
								"down": {"uv": [17, 31.5], "uv_size": [0.5, -0.5]}
							}
						},
						{
							"origin": [-0.30118, -5.37258, 7.85778],
							"size": [0.60237, 0.30118, 0.60237],
							"uv": {
								"north": {"uv": [31, 17], "uv_size": [0.5, 0.5]},
								"east": {"uv": [18, 31], "uv_size": [0.5, 0.5]},
								"south": {"uv": [31, 18], "uv_size": [0.5, 0.5]},
								"west": {"uv": [19, 31], "uv_size": [0.5, 0.5]},
								"up": {"uv": [31, 19], "uv_size": [0.5, 0.5]},
								"down": {"uv": [20, 31.5], "uv_size": [0.5, -0.5]}
							}
						},
						{
							"origin": [-0.30118, -5.37258, 7.85778],
							"size": [0.30118, 0.42594, 0.60237],
							"pivot": [-0.30118, -5.37258, 4.31885],
							"rotation": [0, 0, -45],
							"uv": {
								"north": {"uv": [31, 20], "uv_size": [0.5, 0.5]},
								"east": {"uv": [21, 31], "uv_size": [0.5, 0.5]},
								"south": {"uv": [31, 21], "uv_size": [0.5, 0.5]},
								"west": {"uv": [22, 31], "uv_size": [0.5, 0.5]},
								"up": {"uv": [31, 22], "uv_size": [0.5, 0.5]},
								"down": {"uv": [23, 31.5], "uv_size": [0.5, -0.5]}
							}
						},
						{
							"origin": [-0.30118, 0.12404, 8.46015],
							"size": [0.60237, 0.60237, 0.60237],
							"uv": {
								"north": {"uv": [31, 23], "uv_size": [0.5, 0.5]},
								"east": {"uv": [24, 31], "uv_size": [0.5, 0.5]},
								"south": {"uv": [31, 24], "uv_size": [0.5, 0.5]},
								"west": {"uv": [25, 31], "uv_size": [0.5, 0.5]},
								"up": {"uv": [31, 25], "uv_size": [0.5, 0.5]},
								"down": {"uv": [26, 31.5], "uv_size": [0.5, -0.5]}
							}
						},
						{
							"origin": [0.30118, 0.12404, 8.46015],
							"size": [0.60237, 0.85188, 0.60237],
							"pivot": [0.90356, 0.12404, 2.51174],
							"rotation": [0, 0, -45],
							"uv": {
								"north": {"uv": [31, 26], "uv_size": [0.5, 0.5]},
								"east": {"uv": [27, 31], "uv_size": [0.5, 0.5]},
								"south": {"uv": [31, 27], "uv_size": [0.5, 0.5]},
								"west": {"uv": [28, 31], "uv_size": [0.5, 0.5]},
								"up": {"uv": [31, 28], "uv_size": [0.5, 0.5]},
								"down": {"uv": [29, 31.5], "uv_size": [0.5, -0.5]}
							}
						},
						{
							"origin": [-0.90356, 0.12404, 8.46015],
							"size": [0.60237, 0.85188, 0.60237],
							"pivot": [-0.90355, 0.12404, 2.51174],
							"rotation": [0, 0, 45],
							"uv": {
								"north": {"uv": [31, 29], "uv_size": [0.5, 0.5]},
								"east": {"uv": [30, 31], "uv_size": [0.5, 0.5]},
								"south": {"uv": [31, 30], "uv_size": [0.5, 0.5]},
								"west": {"uv": [31, 31], "uv_size": [0.5, 0.5]},
								"up": {"uv": [0, 32], "uv_size": [0.5, 0.5]},
								"down": {"uv": [32, 0.5], "uv_size": [0.5, -0.5]}
							}
						},
						{
							"origin": [-0.90355, -1.0054, 8.46015],
							"size": [1.80711, 1.12944, 0.60237],
							"uv": {
								"north": {"uv": [23, 16], "uv_size": [1.5, 1]},
								"east": {"uv": [26, 28], "uv_size": [0.5, 1]},
								"south": {"uv": [23, 17], "uv_size": [1.5, 1]},
								"west": {"uv": [28, 26], "uv_size": [0.5, 1]},
								"up": {"uv": [10, 27], "uv_size": [1.5, 0.5]},
								"down": {"uv": [27, 10.5], "uv_size": [1.5, -0.5]}
							}
						},
						{
							"origin": [0.60237, -1.60777, 8.46015],
							"size": [0.30119, 0.60237, 0.60237],
							"pivot": [0.90356, -1.0054, 2.51174],
							"rotation": [0, 0, 45],
							"uv": {
								"north": {"uv": [1, 32], "uv_size": [0.5, 0.5]},
								"east": {"uv": [32, 1], "uv_size": [0.5, 0.5]},
								"south": {"uv": [2, 32], "uv_size": [0.5, 0.5]},
								"west": {"uv": [32, 2], "uv_size": [0.5, 0.5]},
								"up": {"uv": [3, 32], "uv_size": [0.5, 0.5]},
								"down": {"uv": [32, 3.5], "uv_size": [0.5, -0.5]}
							}
						},
						{
							"origin": [-0.90355, -1.60777, 8.46015],
							"size": [0.30119, 0.60237, 0.60237],
							"pivot": [-0.90355, -1.0054, 2.51174],
							"rotation": [0, 0, -45],
							"uv": {
								"north": {"uv": [4, 32], "uv_size": [0.5, 0.5]},
								"east": {"uv": [32, 4], "uv_size": [0.5, 0.5]},
								"south": {"uv": [5, 32], "uv_size": [0.5, 0.5]},
								"west": {"uv": [32, 5], "uv_size": [0.5, 0.5]},
								"up": {"uv": [6, 32], "uv_size": [0.5, 0.5]},
								"down": {"uv": [32, 6.5], "uv_size": [0.5, -0.5]}
							}
						},
						{
							"origin": [-0.60237, -1.60777, 8.46015],
							"size": [1.20474, 0.60237, 0.60237],
							"uv": {
								"north": {"uv": [27, 28], "uv_size": [1, 0.5]},
								"east": {"uv": [7, 32], "uv_size": [0.5, 0.5]},
								"south": {"uv": [28, 27], "uv_size": [1, 0.5]},
								"west": {"uv": [32, 7], "uv_size": [0.5, 0.5]},
								"up": {"uv": [28, 28], "uv_size": [1, 0.5]},
								"down": {"uv": [0, 29.5], "uv_size": [1, -0.5]}
							}
						},
						{
							"origin": [-0.60237, -5.0714, 8.46015],
							"size": [1.20474, 3.46363, 0.60237],
							"uv": {
								"north": {"uv": [19, 18], "uv_size": [1, 3]},
								"east": {"uv": [23, 18], "uv_size": [0.5, 3]},
								"south": {"uv": [2, 20], "uv_size": [1, 3]},
								"west": {"uv": [23, 21], "uv_size": [0.5, 3]},
								"up": {"uv": [29, 0], "uv_size": [1, 0.5]},
								"down": {"uv": [1, 29.5], "uv_size": [1, -0.5]}
							}
						},
						{
							"origin": [0, -5.37258, 8.46015],
							"size": [0.30118, 0.42594, 0.60237],
							"pivot": [0.30118, -5.37258, 4.31885],
							"rotation": [0, 0, 45],
							"uv": {
								"north": {"uv": [8, 32], "uv_size": [0.5, 0.5]},
								"east": {"uv": [32, 8], "uv_size": [0.5, 0.5]},
								"south": {"uv": [9, 32], "uv_size": [0.5, 0.5]},
								"west": {"uv": [32, 9], "uv_size": [0.5, 0.5]},
								"up": {"uv": [10, 32], "uv_size": [0.5, 0.5]},
								"down": {"uv": [32, 10.5], "uv_size": [0.5, -0.5]}
							}
						},
						{
							"origin": [-0.30118, -5.37258, 8.46015],
							"size": [0.60237, 0.30118, 0.60237],
							"uv": {
								"north": {"uv": [11, 32], "uv_size": [0.5, 0.5]},
								"east": {"uv": [32, 11], "uv_size": [0.5, 0.5]},
								"south": {"uv": [12, 32], "uv_size": [0.5, 0.5]},
								"west": {"uv": [32, 12], "uv_size": [0.5, 0.5]},
								"up": {"uv": [13, 32], "uv_size": [0.5, 0.5]},
								"down": {"uv": [32, 13.5], "uv_size": [0.5, -0.5]}
							}
						},
						{
							"origin": [-0.30118, -5.37258, 8.46015],
							"size": [0.30118, 0.42594, 0.60237],
							"pivot": [-0.30118, -5.37258, 4.31885],
							"rotation": [0, 0, -45],
							"uv": {
								"north": {"uv": [14, 32], "uv_size": [0.5, 0.5]},
								"east": {"uv": [32, 14], "uv_size": [0.5, 0.5]},
								"south": {"uv": [15, 32], "uv_size": [0.5, 0.5]},
								"west": {"uv": [32, 15], "uv_size": [0.5, 0.5]},
								"up": {"uv": [16, 32], "uv_size": [0.5, 0.5]},
								"down": {"uv": [32, 16.5], "uv_size": [0.5, -0.5]}
							}
						},
						{
							"origin": [-0.60237, -5.0714, 9.06251],
							"size": [1.20474, 0.45178, 0.30118],
							"uv": {
								"north": {"uv": [29, 1], "uv_size": [1, 0.5]},
								"east": {"uv": [17, 32], "uv_size": [0.5, 0.5]},
								"south": {"uv": [2, 29], "uv_size": [1, 0.5]},
								"west": {"uv": [32, 17], "uv_size": [0.5, 0.5]},
								"up": {"uv": [29, 2], "uv_size": [1, 0.5]},
								"down": {"uv": [3, 29.5], "uv_size": [1, -0.5]}
							}
						},
						{
							"origin": [-0.60237, -4.61962, 9.06251],
							"size": [1.20474, 0.90355, 0.30118],
							"pivot": [0, -4.61962, 9.3637],
							"rotation": [22.5, 0, 0],
							"uv": {
								"north": {"uv": [20, 25], "uv_size": [1, 1]},
								"east": {"uv": [29, 3], "uv_size": [0.5, 1]},
								"south": {"uv": [25, 20], "uv_size": [1, 1]},
								"west": {"uv": [4, 29], "uv_size": [0.5, 1]},
								"up": {"uv": [29, 4], "uv_size": [1, 0.5]},
								"down": {"uv": [5, 29.5], "uv_size": [1, -0.5]}
							}
						},
						{
							"origin": [-0.60237, -1.30659, 9.06251],
							"size": [1.20474, 0.30119, 0.30118],
							"uv": {
								"north": {"uv": [29, 5], "uv_size": [1, 0.5]},
								"east": {"uv": [18, 32], "uv_size": [0.5, 0.5]},
								"south": {"uv": [6, 29], "uv_size": [1, 0.5]},
								"west": {"uv": [32, 18], "uv_size": [0.5, 0.5]},
								"up": {"uv": [29, 6], "uv_size": [1, 0.5]},
								"down": {"uv": [7, 29.5], "uv_size": [1, -0.5]}
							}
						},
						{
							"origin": [-0.60217, -2.24896, 8.98282],
							"size": [1.20433, 0.90315, 0.30078],
							"inflate": -0.001,
							"pivot": [0, -1.55267, 9.43439],
							"rotation": [-20, 0, 0],
							"uv": {
								"north": {"uv": [29, 7], "uv_size": [1, 0.5]},
								"east": {"uv": [19, 32], "uv_size": [0.5, 0.5]},
								"south": {"uv": [8, 29], "uv_size": [1, 0.5]},
								"west": {"uv": [32, 19], "uv_size": [0.5, 0.5]},
								"up": {"uv": [29, 8], "uv_size": [1, 0.5]},
								"down": {"uv": [9, 29.5], "uv_size": [1, -0.5]}
							}
						},
						{
							"origin": [0.60237, -1.43134, 9.06251],
							"size": [0.30119, 0.42594, 0.30118],
							"pivot": [0.90356, -1.0054, 3.11411],
							"rotation": [0, 0, 45],
							"uv": {
								"north": {"uv": [20, 32], "uv_size": [0.5, 0.5]},
								"east": {"uv": [32, 20], "uv_size": [0.5, 0.5]},
								"south": {"uv": [21, 32], "uv_size": [0.5, 0.5]},
								"west": {"uv": [32, 21], "uv_size": [0.5, 0.5]},
								"up": {"uv": [22, 32], "uv_size": [0.5, 0.5]},
								"down": {"uv": [32, 22.5], "uv_size": [0.5, -0.5]}
							}
						},
						{
							"origin": [-0.90355, -1.43134, 9.06251],
							"size": [0.30119, 0.42594, 0.30118],
							"pivot": [-0.90355, -1.0054, 3.11411],
							"rotation": [0, 0, -45],
							"uv": {
								"north": {"uv": [23, 32], "uv_size": [0.5, 0.5]},
								"east": {"uv": [32, 23], "uv_size": [0.5, 0.5]},
								"south": {"uv": [24, 32], "uv_size": [0.5, 0.5]},
								"west": {"uv": [32, 24], "uv_size": [0.5, 0.5]},
								"up": {"uv": [25, 32], "uv_size": [0.5, 0.5]},
								"down": {"uv": [32, 25.5], "uv_size": [0.5, -0.5]}
							}
						},
						{
							"origin": [-0.90355, -1.0054, 9.06251],
							"size": [1.80711, 1.12944, 0.30118],
							"uv": {
								"north": {"uv": [24, 0], "uv_size": [1.5, 1]},
								"east": {"uv": [29, 9], "uv_size": [0.5, 1]},
								"south": {"uv": [24, 5], "uv_size": [1.5, 1]},
								"west": {"uv": [10, 29], "uv_size": [0.5, 1]},
								"up": {"uv": [27, 11], "uv_size": [1.5, 0.5]},
								"down": {"uv": [27, 12.5], "uv_size": [1.5, -0.5]}
							}
						},
						{
							"origin": [-0.30118, 0.12404, 9.06251],
							"size": [0.60237, 0.60237, 0.30118],
							"uv": {
								"north": {"uv": [26, 32], "uv_size": [0.5, 0.5]},
								"east": {"uv": [32, 26], "uv_size": [0.5, 0.5]},
								"south": {"uv": [27, 32], "uv_size": [0.5, 0.5]},
								"west": {"uv": [32, 27], "uv_size": [0.5, 0.5]},
								"up": {"uv": [28, 32], "uv_size": [0.5, 0.5]},
								"down": {"uv": [32, 28.5], "uv_size": [0.5, -0.5]}
							}
						},
						{
							"origin": [0.30118, 0.12404, 9.06251],
							"size": [0.60237, 0.85188, 0.30118],
							"pivot": [0.90356, 0.12404, 3.11411],
							"rotation": [0, 0, -45],
							"uv": {
								"north": {"uv": [29, 32], "uv_size": [0.5, 0.5]},
								"east": {"uv": [32, 29], "uv_size": [0.5, 0.5]},
								"south": {"uv": [30, 32], "uv_size": [0.5, 0.5]},
								"west": {"uv": [32, 30], "uv_size": [0.5, 0.5]},
								"up": {"uv": [31, 32], "uv_size": [0.5, 0.5]},
								"down": {"uv": [32, 31.5], "uv_size": [0.5, -0.5]}
							}
						},
						{
							"origin": [-0.90356, 0.12404, 9.06251],
							"size": [0.60237, 0.85188, 0.30118],
							"pivot": [-0.90355, 0.12404, 3.11411],
							"rotation": [0, 0, 45],
							"uv": {
								"north": {"uv": [32, 32], "uv_size": [0.5, 0.5]},
								"east": {"uv": [0, 33], "uv_size": [0.5, 0.5]},
								"south": {"uv": [33, 0], "uv_size": [0.5, 0.5]},
								"west": {"uv": [1, 33], "uv_size": [0.5, 0.5]},
								"up": {"uv": [33, 1], "uv_size": [0.5, 0.5]},
								"down": {"uv": [2, 33.5], "uv_size": [0.5, -0.5]}
							}
						},
						{
							"origin": [0, -5.37258, 9.06251],
							"size": [0.30118, 0.42594, 0.30118],
							"pivot": [0.30118, -5.37258, 4.92122],
							"rotation": [0, 0, 45],
							"uv": {
								"north": {"uv": [33, 2], "uv_size": [0.5, 0.5]},
								"east": {"uv": [3, 33], "uv_size": [0.5, 0.5]},
								"south": {"uv": [33, 3], "uv_size": [0.5, 0.5]},
								"west": {"uv": [4, 33], "uv_size": [0.5, 0.5]},
								"up": {"uv": [33, 4], "uv_size": [0.5, 0.5]},
								"down": {"uv": [5, 33.5], "uv_size": [0.5, -0.5]}
							}
						},
						{
							"origin": [-0.30118, -5.37258, 9.06251],
							"size": [0.60237, 0.30118, 0.30118],
							"uv": {
								"north": {"uv": [33, 5], "uv_size": [0.5, 0.5]},
								"east": {"uv": [6, 33], "uv_size": [0.5, 0.5]},
								"south": {"uv": [33, 6], "uv_size": [0.5, 0.5]},
								"west": {"uv": [7, 33], "uv_size": [0.5, 0.5]},
								"up": {"uv": [33, 7], "uv_size": [0.5, 0.5]},
								"down": {"uv": [8, 33.5], "uv_size": [0.5, -0.5]}
							}
						},
						{
							"origin": [-0.30118, -5.37258, 9.06251],
							"size": [0.30118, 0.42594, 0.30118],
							"pivot": [-0.30118, -5.37258, 4.92122],
							"rotation": [0, 0, -45],
							"uv": {
								"north": {"uv": [33, 8], "uv_size": [0.5, 0.5]},
								"east": {"uv": [9, 33], "uv_size": [0.5, 0.5]},
								"south": {"uv": [33, 9], "uv_size": [0.5, 0.5]},
								"west": {"uv": [10, 33], "uv_size": [0.5, 0.5]},
								"up": {"uv": [33, 10], "uv_size": [0.5, 0.5]},
								"down": {"uv": [11, 33.5], "uv_size": [0.5, -0.5]}
							}
						},
						{
							"origin": [-0.30118, -1.90896, -2.83429],
							"size": [0.60237, 0.30118, 3.61422],
							"uv": {
								"north": {"uv": [33, 11], "uv_size": [0.5, 0.5]},
								"east": {"uv": [24, 7], "uv_size": [3, 0.5]},
								"south": {"uv": [12, 33], "uv_size": [0.5, 0.5]},
								"west": {"uv": [24, 8], "uv_size": [3, 0.5]},
								"up": {"uv": [8, 24], "uv_size": [0.5, 3]},
								"down": {"uv": [9, 27], "uv_size": [0.5, -3]}
							}
						},
						{
							"origin": [0, -1.90896, -2.83429],
							"size": [0.30118, 0.42594, 3.61422],
							"pivot": [0.30118, -1.90896, -1.02718],
							"rotation": [0, 0, 45],
							"uv": {
								"north": {"uv": [33, 12], "uv_size": [0.5, 0.5]},
								"east": {"uv": [11, 24], "uv_size": [3, 0.5]},
								"south": {"uv": [13, 33], "uv_size": [0.5, 0.5]},
								"west": {"uv": [24, 13], "uv_size": [3, 0.5]},
								"up": {"uv": [14, 24], "uv_size": [0.5, 3]},
								"down": {"uv": [16, 27], "uv_size": [0.5, -3]}
							}
						},
						{
							"origin": [-0.60237, -2.53717, 0.05281],
							"size": [0.30118, 1.20474, 0.42594],
							"pivot": [-0.60237, -1.9348, 0.47874],
							"rotation": [54.73561, -30, -35.26439],
							"uv": {
								"north": {"uv": [29, 10], "uv_size": [0.5, 1]},
								"east": {"uv": [11, 29], "uv_size": [0.5, 1]},
								"south": {"uv": [29, 11], "uv_size": [0.5, 1]},
								"west": {"uv": [12, 29], "uv_size": [0.5, 1]},
								"up": {"uv": [33, 13], "uv_size": [0.5, 0.5]},
								"down": {"uv": [14, 33.5], "uv_size": [0.5, -0.5]}
							}
						},
						{
							"origin": [-0.30118, -1.90896, -2.83429],
							"size": [0.30118, 0.42594, 3.61422],
							"pivot": [-0.30118, -1.90896, -1.02718],
							"rotation": [0, 0, -45],
							"uv": {
								"north": {"uv": [33, 14], "uv_size": [0.5, 0.5]},
								"east": {"uv": [24, 14], "uv_size": [3, 0.5]},
								"south": {"uv": [15, 33], "uv_size": [0.5, 0.5]},
								"west": {"uv": [24, 15], "uv_size": [3, 0.5]},
								"up": {"uv": [17, 24], "uv_size": [0.5, 3]},
								"down": {"uv": [24, 21], "uv_size": [0.5, -3]}
							}
						},
						{
							"origin": [-0.72712, -3.56547, 0.47874],
							"size": [0.42594, 1.9577, 0.30118],
							"pivot": [-0.30118, -2.58662, 0.47874],
							"rotation": [0, 45, 0],
							"uv": {
								"north": {"uv": [27, 13], "uv_size": [0.5, 1.5]},
								"east": {"uv": [14, 27], "uv_size": [0.5, 1.5]},
								"south": {"uv": [27, 15], "uv_size": [0.5, 1.5]},
								"west": {"uv": [16, 27], "uv_size": [0.5, 1.5]},
								"up": {"uv": [33, 15], "uv_size": [0.5, 0.5]},
								"down": {"uv": [16, 33.5], "uv_size": [0.5, -0.5]}
							}
						}
					]
				}
			]
		}
	]
}