{
	"format_version": "1.12.0",
	"minecraft:geometry": [
		{
			"description": {
				"identifier": "geometry.unknown",
				"texture_width": 64,
				"texture_height": 64,
				"visible_bounds_width": 4,
				"visible_bounds_height": 1.5,
				"visible_bounds_offset": [0, 0.25, 0]
			},
			"bones": [
				{
					"name": "rocket_head",
					"pivot": [0, 0, 0],
					"cubes": [
						{
							"origin": [-0.6, -2.4, -5.18923],
							"size": [1.2, 3.4, 2.07846],
							"pivot": [0, 0, -4.15],
							"rotation": [90, 0, 30],
							"uv": {
								"north": {"uv": [11, 19], "uv_size": [1, 3.5]},
								"east": {"uv": [15, 0], "uv_size": [2, 3.5]},
								"south": {"uv": [13, 19], "uv_size": [1, 3.5]},
								"west": {"uv": [15, 5], "uv_size": [2, 3.5]},
								"up": {"uv": [20, 6], "uv_size": [1, 2]},
								"down": {"uv": [0, 23], "uv_size": [1, -2]}
							}
						},
						{
							"origin": [-0.175, -0.4, -9.05311],
							"size": [0.35, 1.2, 0.60622],
							"pivot": [0, 0, -8.75],
							"rotation": [90, 0, -150],
							"uv": {
								"north": {"uv": [4, 45], "uv_size": [0.5, 1]},
								"east": {"uv": [6, 45], "uv_size": [0.5, 1]},
								"south": {"uv": [14, 45], "uv_size": [0.5, 1]},
								"west": {"uv": [45, 14], "uv_size": [0.5, 1]},
								"up": {"uv": [22, 45], "uv_size": [0.5, 0.5]},
								"down": {"uv": [45, 22.5], "uv_size": [0.5, -0.5]}
							}
						},
						{
							"origin": [-0.175, -0.4, -9.05311],
							"size": [0.35, 1.2, 0.60622],
							"pivot": [0, 0, -8.75],
							"rotation": [90, 0, -90],
							"uv": {
								"north": {"uv": [44, 39], "uv_size": [0.5, 1]},
								"east": {"uv": [44, 41], "uv_size": [0.5, 1]},
								"south": {"uv": [44, 43], "uv_size": [0.5, 1]},
								"west": {"uv": [2, 45], "uv_size": [0.5, 1]},
								"up": {"uv": [20, 45], "uv_size": [0.5, 0.5]},
								"down": {"uv": [45, 20.5], "uv_size": [0.5, -0.5]}
							}
						},
						{
							"origin": [-0.6, -2.4, -5.18923],
							"size": [1.2, 3.4, 2.07846],
							"pivot": [0, 0, -4.15],
							"rotation": [90, 0, 150],
							"uv": {
								"north": {"uv": [9, 18], "uv_size": [1, 3.5]},
								"east": {"uv": [12, 9], "uv_size": [2, 3.5]},
								"south": {"uv": [17, 18], "uv_size": [1, 3.5]},
								"west": {"uv": [12, 14], "uv_size": [2, 3.5]},
								"up": {"uv": [20, 0], "uv_size": [1, 2]},
								"down": {"uv": [20, 5], "uv_size": [1, -2]}
							}
						},
						{
							"origin": [-0.6, -2.4, -5.18963],
							"size": [1.2007, 3.4, 2.07886],
							"pivot": [0, 0, -4.15],
							"rotation": [90, 0, -90],
							"uv": {
								"north": {"uv": [18, 0], "uv_size": [1, 3.5]},
								"east": {"uv": [3, 12], "uv_size": [2, 3.5]},
								"south": {"uv": [18, 5], "uv_size": [1, 3.5]},
								"west": {"uv": [6, 12], "uv_size": [2, 3.5]},
								"up": {"uv": [15, 19], "uv_size": [1, 2]},
								"down": {"uv": [19, 20], "uv_size": [1, -2]}
							}
						},
						{
							"origin": [-0.175, -0.4, -9.05311],
							"size": [0.35, 1.2, 0.60622],
							"pivot": [0, 0, -8.75],
							"rotation": [90, 0, -30],
							"uv": {
								"north": {"uv": [12, 44], "uv_size": [0.5, 1]},
								"east": {"uv": [18, 44], "uv_size": [0.5, 1]},
								"south": {"uv": [26, 44], "uv_size": [0.5, 1]},
								"west": {"uv": [44, 37], "uv_size": [0.5, 1]},
								"up": {"uv": [45, 16], "uv_size": [0.5, 0.5]},
								"down": {"uv": [45, 18.5], "uv_size": [0.5, -0.5]}
							}
						},
						{
							"origin": [3.98731, -3.20067, -21.85209],
							"size": [0.6, 3.2, 0.6],
							"pivot": [2.0266, -9.86372, -10.04591],
							"rotation": [-99.4707, 5.3302, -30.8878],
							"uv": {
								"north": {"uv": [29, 20], "uv_size": [0.5, 3]},
								"east": {"uv": [29, 24], "uv_size": [0.5, 3]},
								"south": {"uv": [29, 28], "uv_size": [0.5, 3]},
								"west": {"uv": [30, 0], "uv_size": [0.5, 3]},
								"up": {"uv": [36, 46], "uv_size": [0.5, 0.5]},
								"down": {"uv": [46, 37.5], "uv_size": [0.5, -0.5]}
							}
						},
						{
							"origin": [5.68657, -3.31672, -21.85169],
							"size": [0.5992, 3.1992, 0.5992],
							"inflate": 0.002,
							"pivot": [2.72893, -9.45823, -10.04591],
							"rotation": [-99.4707, -5.3302, -29.1122],
							"uv": {
								"north": {"uv": [28, 12], "uv_size": [0.5, 3]},
								"east": {"uv": [27, 28], "uv_size": [0.5, 3]},
								"south": {"uv": [29, 16], "uv_size": [0.5, 3]},
								"west": {"uv": [19, 29], "uv_size": [0.5, 3]},
								"up": {"uv": [32, 46], "uv_size": [0.5, 0.5]},
								"down": {"uv": [34, 46.5], "uv_size": [0.5, -0.5]}
							}
						},
						{
							"origin": [8.26707, 4.00841, -18.69513],
							"size": [0.5996, 3.1996, 0.5996],
							"inflate": 0.001,
							"pivot": [6.35554, -3.17677, -10.04591],
							"rotation": [-99.4707, 5.3302, -90.8878],
							"uv": {
								"north": {"uv": [28, 4], "uv_size": [0.5, 3]},
								"east": {"uv": [28, 8], "uv_size": [0.5, 3]},
								"south": {"uv": [10, 28], "uv_size": [0.5, 3]},
								"west": {"uv": [12, 28], "uv_size": [0.5, 3]},
								"up": {"uv": [28, 46], "uv_size": [0.5, 0.5]},
								"down": {"uv": [30, 46.5], "uv_size": [0.5, -0.5]}
							}
						},
						{
							"origin": [9.36214, 4.29725, -18.69533],
							"size": [0.6, 3.2, 0.6],
							"pivot": [6.35554, -2.36579, -10.04591],
							"rotation": [-99.4707, -5.3302, -89.1122],
							"uv": {
								"north": {"uv": [27, 20], "uv_size": [0.5, 3]},
								"east": {"uv": [27, 24], "uv_size": [0.5, 3]},
								"south": {"uv": [0, 28], "uv_size": [0.5, 3]},
								"west": {"uv": [28, 0], "uv_size": [0.5, 3]},
								"up": {"uv": [18, 46], "uv_size": [0.5, 0.5]},
								"down": {"uv": [26, 46.5], "uv_size": [0.5, -0.5]}
							}
						},
						{
							"origin": [1.85701, 11.10105, -17.11655],
							"size": [0.5992, 3.1992, 0.5992],
							"inflate": 0.002,
							"pivot": [2.72893, 3.91567, -10.04591],
							"rotation": [-99.4707, 5.3302, -150.8878],
							"uv": {
								"north": {"uv": [25, 26], "uv_size": [0.5, 3]},
								"east": {"uv": [8, 27], "uv_size": [0.5, 3]},
								"south": {"uv": [27, 16], "uv_size": [0.5, 3]},
								"west": {"uv": [17, 27], "uv_size": [0.5, 3]},
								"up": {"uv": [12, 46], "uv_size": [0.5, 0.5]},
								"down": {"uv": [16, 46.5], "uv_size": [0.5, -0.5]}
							}
						},
						{
							"origin": [2.29893, 11.50614, -17.11695],
							"size": [0.6, 3.2, 0.6],
							"pivot": [2.0266, 4.32116, -10.04591],
							"rotation": [-99.4707, -5.3302, -149.1122],
							"uv": {
								"north": {"uv": [26, 12], "uv_size": [0.5, 3]},
								"east": {"uv": [15, 26], "uv_size": [0.5, 3]},
								"south": {"uv": [21, 26], "uv_size": [0.5, 3]},
								"west": {"uv": [23, 26], "uv_size": [0.5, 3]},
								"up": {"uv": [46, 8], "uv_size": [0.5, 0.5]},
								"down": {"uv": [46, 10.5], "uv_size": [0.5, -0.5]}
							}
						},
						{
							"origin": [-8.83321, 10.98421, -18.69533],
							"size": [0.6, 3.2, 0.6],
							"pivot": [-5.2266, 4.32116, -10.04591],
							"rotation": [-99.4707, 5.3302, 149.1122],
							"uv": {
								"north": {"uv": [4, 26], "uv_size": [0.5, 3]},
								"east": {"uv": [26, 4], "uv_size": [0.5, 3]},
								"south": {"uv": [6, 26], "uv_size": [0.5, 3]},
								"west": {"uv": [26, 8], "uv_size": [0.5, 3]},
								"up": {"uv": [46, 6], "uv_size": [0.5, 0.5]},
								"down": {"uv": [8, 46.5], "uv_size": [0.5, -0.5]}
							}
						},
						{
							"origin": [-8.43987, 11.10105, -18.69493],
							"size": [0.5992, 3.1992, 0.5992],
							"inflate": 0.002,
							"pivot": [-5.92893, 3.91567, -10.04591],
							"rotation": [-99.4707, -5.3302, 150.8878],
							"uv": {
								"north": {"uv": [19, 25], "uv_size": [0.5, 3]},
								"east": {"uv": [25, 22], "uv_size": [0.5, 3]},
								"south": {"uv": [26, 0], "uv_size": [0.5, 3]},
								"west": {"uv": [2, 26], "uv_size": [0.5, 3]},
								"up": {"uv": [46, 2], "uv_size": [0.5, 0.5]},
								"down": {"uv": [46, 4.5], "uv_size": [0.5, -0.5]}
							}
						},
						{
							"origin": [-13.11277, 3.77532, -21.85209],
							"size": [0.6, 3.2, 0.6],
							"pivot": [-9.55554, -2.36579, -10.04591],
							"rotation": [-99.4707, 5.3302, 89.1122],
							"uv": {
								"north": {"uv": [24, 4], "uv_size": [0.5, 3]},
								"east": {"uv": [11, 24], "uv_size": [0.5, 3]},
								"south": {"uv": [13, 24], "uv_size": [0.5, 3]},
								"west": {"uv": [25, 18], "uv_size": [0.5, 3]},
								"up": {"uv": [44, 45], "uv_size": [0.5, 0.5]},
								"down": {"uv": [46, 0.5], "uv_size": [0.5, -0.5]}
							}
						},
						{
							"origin": [-12.11604, 3.48648, -21.85189],
							"size": [0.5996, 3.1996, 0.5996],
							"inflate": 0.001,
							"pivot": [-9.55554, -3.17677, -10.04591],
							"rotation": [-99.4707, -5.3302, 90.8878],
							"uv": {
								"north": {"uv": [23, 18], "uv_size": [0.5, 3]},
								"east": {"uv": [23, 22], "uv_size": [0.5, 3]},
								"south": {"uv": [0, 24], "uv_size": [0.5, 3]},
								"west": {"uv": [24, 0], "uv_size": [0.5, 3]},
								"up": {"uv": [45, 30], "uv_size": [0.5, 0.5]},
								"down": {"uv": [40, 45.5], "uv_size": [0.5, -0.5]}
							}
						},
						{
							"origin": [-6.70211, -3.31672, -23.43008],
							"size": [0.5992, 3.1992, 0.5992],
							"inflate": 0.002,
							"pivot": [-5.92893, -9.45823, -10.04591],
							"rotation": [-99.4707, 5.3302, 29.1122],
							"uv": {
								"north": {"uv": [15, 22], "uv_size": [0.5, 3]},
								"east": {"uv": [21, 22], "uv_size": [0.5, 3]},
								"south": {"uv": [9, 23], "uv_size": [0.5, 3]},
								"west": {"uv": [17, 23], "uv_size": [0.5, 3]},
								"up": {"uv": [45, 26], "uv_size": [0.5, 0.5]},
								"down": {"uv": [45, 28.5], "uv_size": [0.5, -0.5]}
							}
						},
						{
							"origin": [-5.05303, -3.72261, -23.43048],
							"size": [0.6, 3.2, 0.6],
							"pivot": [-5.2266, -9.86372, -10.04591],
							"rotation": [-99.4707, -5.3302, 30.8878],
							"uv": {
								"north": {"uv": [21, 18], "uv_size": [0.5, 3]},
								"east": {"uv": [19, 21], "uv_size": [0.5, 3]},
								"south": {"uv": [22, 0], "uv_size": [0.5, 3]},
								"west": {"uv": [22, 4], "uv_size": [0.5, 3]},
								"up": {"uv": [24, 45], "uv_size": [0.5, 0.5]},
								"down": {"uv": [45, 24.5], "uv_size": [0.5, -0.5]}
							}
						},
						{
							"origin": [11.59153, 7.16194, -13.22984],
							"size": [0.66412, 1.66412, 0.66412],
							"inflate": -0.16029,
							"pivot": [12.29608, 0.40549, 1.06676],
							"rotation": [80.5293, -5.3302, 90.8878],
							"uv": {
								"north": {"uv": [38, 43], "uv_size": [0.5, 1.5]},
								"east": {"uv": [42, 43], "uv_size": [0.5, 1.5]},
								"south": {"uv": [0, 44], "uv_size": [0.5, 1.5]},
								"west": {"uv": [44, 0], "uv_size": [0.5, 1.5]},
								"up": {"uv": [48, 36], "uv_size": [0.5, 0.5]},
								"down": {"uv": [38, 48.5], "uv_size": [0.5, -0.5]}
							}
						},
						{
							"origin": [11.75182, 4.32223, -13.06955],
							"size": [0.6, 3, 0.6],
							"pivot": [12.29608, 0.40549, 1.06676],
							"rotation": [80.5293, -5.3302, 90.8878],
							"uv": {
								"north": {"uv": [16, 35], "uv_size": [0.5, 3]},
								"east": {"uv": [35, 16], "uv_size": [0.5, 3]},
								"south": {"uv": [35, 20], "uv_size": [0.5, 3]},
								"west": {"uv": [35, 24], "uv_size": [0.5, 3]},
								"up": {"uv": [34, 48], "uv_size": [0.5, 0.5]},
								"down": {"uv": [36, 48.5], "uv_size": [0.5, -0.5]}
							}
						},
						{
							"origin": [12.24055, 3.51145, -13.06934],
							"size": [0.5996, 2.9996, 0.5996],
							"inflate": 0.001,
							"pivot": [12.29608, -0.40549, 1.06677],
							"rotation": [80.5293, 5.3303, 89.1122],
							"uv": {
								"north": {"uv": [20, 34], "uv_size": [0.5, 3]},
								"east": {"uv": [22, 34], "uv_size": [0.5, 3]},
								"south": {"uv": [24, 34], "uv_size": [0.5, 3]},
								"west": {"uv": [8, 35], "uv_size": [0.5, 3]},
								"up": {"uv": [26, 48], "uv_size": [0.5, 0.5]},
								"down": {"uv": [28, 48.5], "uv_size": [0.5, -0.5]}
							}
						},
						{
							"origin": [12.33698, 6.35141, -13.22937],
							"size": [0.6632, 1.6632, 0.6632],
							"inflate": -0.158,
							"pivot": [12.29608, -0.40549, 1.06677],
							"rotation": [80.5293, 5.3303, 89.1122],
							"uv": {
								"north": {"uv": [43, 30], "uv_size": [0.5, 1.5]},
								"east": {"uv": [32, 43], "uv_size": [0.5, 1.5]},
								"south": {"uv": [34, 43], "uv_size": [0.5, 1.5]},
								"west": {"uv": [36, 43], "uv_size": [0.5, 1.5]},
								"up": {"uv": [30, 48], "uv_size": [0.5, 0.5]},
								"down": {"uv": [32, 48.5], "uv_size": [0.5, -0.5]}
							}
						},
						{
							"origin": [5.79465, -3.68953, -13.22984],
							"size": [0.66412, 1.66412, 0.66412],
							"inflate": -0.16029,
							"pivot": [6.49921, -10.44598, 1.06676],
							"rotation": [80.5293, -5.3302, 150.8878],
							"uv": {
								"north": {"uv": [43, 24], "uv_size": [0.5, 1.5]},
								"east": {"uv": [43, 27], "uv_size": [0.5, 1.5]},
								"south": {"uv": [28, 43], "uv_size": [0.5, 1.5]},
								"west": {"uv": [30, 43], "uv_size": [0.5, 1.5]},
								"up": {"uv": [16, 48], "uv_size": [0.5, 0.5]},
								"down": {"uv": [18, 48.5], "uv_size": [0.5, -0.5]}
							}
						},
						{
							"origin": [5.95534, -6.52884, -13.06915],
							"size": [0.5992, 2.9992, 0.5992],
							"inflate": 0.002,
							"pivot": [6.49921, -10.44598, 1.06676],
							"rotation": [80.5293, -5.3302, 150.8878],
							"uv": {
								"north": {"uv": [6, 34], "uv_size": [0.5, 3]},
								"east": {"uv": [34, 8], "uv_size": [0.5, 3]},
								"south": {"uv": [34, 12], "uv_size": [0.5, 3]},
								"west": {"uv": [14, 34], "uv_size": [0.5, 3]},
								"up": {"uv": [48, 10], "uv_size": [0.5, 0.5]},
								"down": {"uv": [12, 48.5], "uv_size": [0.5, -0.5]}
							}
						},
						{
							"origin": [5.83732, -4.09502, -13.22984],
							"size": [0.66412, 1.66412, 0.66412],
							"inflate": -0.16029,
							"pivot": [5.79688, -10.85147, 1.06676],
							"rotation": [80.5293, 5.3302, 149.1122],
							"uv": {
								"north": {"uv": [43, 15], "uv_size": [0.5, 1.5]},
								"east": {"uv": [16, 43], "uv_size": [0.5, 1.5]},
								"south": {"uv": [43, 18], "uv_size": [0.5, 1.5]},
								"west": {"uv": [43, 21], "uv_size": [0.5, 1.5]},
								"up": {"uv": [8, 48], "uv_size": [0.5, 0.5]},
								"down": {"uv": [48, 8.5], "uv_size": [0.5, -0.5]}
							}
						},
						{
							"origin": [5.74114, -6.93473, -13.06955],
							"size": [0.6, 3, 0.6],
							"pivot": [5.79688, -10.85147, 1.06676],
							"rotation": [80.5293, 5.3302, 149.1122],
							"uv": {
								"north": {"uv": [34, 0], "uv_size": [0.5, 3]},
								"east": {"uv": [2, 34], "uv_size": [0.5, 3]},
								"south": {"uv": [4, 34], "uv_size": [0.5, 3]},
								"west": {"uv": [34, 4], "uv_size": [0.5, 3]},
								"up": {"uv": [48, 4], "uv_size": [0.5, 0.5]},
								"down": {"uv": [48, 6.5], "uv_size": [0.5, -0.5]}
							}
						},
						{
							"origin": [-6.50143, -4.09502, -13.22984],
							"size": [0.66412, 1.66412, 0.66412],
							"inflate": -0.16029,
							"pivot": [-5.79688, -10.85147, 1.06676],
							"rotation": [80.5293, -5.3302, -149.1122],
							"uv": {
								"north": {"uv": [42, 37], "uv_size": [0.5, 1.5]},
								"east": {"uv": [40, 42], "uv_size": [0.5, 1.5]},
								"south": {"uv": [42, 40], "uv_size": [0.5, 1.5]},
								"west": {"uv": [8, 43], "uv_size": [0.5, 1.5]},
								"up": {"uv": [48, 0], "uv_size": [0.5, 0.5]},
								"down": {"uv": [48, 2.5], "uv_size": [0.5, -0.5]}
							}
						},
						{
							"origin": [-6.34114, -6.93473, -13.06955],
							"size": [0.6, 3, 0.6],
							"pivot": [-5.79688, -10.85147, 1.06676],
							"rotation": [80.5293, -5.3302, -149.1122],
							"uv": {
								"north": {"uv": [33, 20], "uv_size": [0.5, 3]},
								"east": {"uv": [33, 24], "uv_size": [0.5, 3]},
								"south": {"uv": [33, 28], "uv_size": [0.5, 3]},
								"west": {"uv": [33, 32], "uv_size": [0.5, 3]},
								"up": {"uv": [44, 47], "uv_size": [0.5, 0.5]},
								"down": {"uv": [46, 47.5], "uv_size": [0.5, -0.5]}
							}
						},
						{
							"origin": [-6.45877, -3.68953, -13.22984],
							"size": [0.66412, 1.66412, 0.66412],
							"inflate": -0.16029,
							"pivot": [-6.49921, -10.44598, 1.06676],
							"rotation": [80.5293, 5.3302, -150.8878],
							"uv": {
								"north": {"uv": [20, 42], "uv_size": [0.5, 1.5]},
								"east": {"uv": [22, 42], "uv_size": [0.5, 1.5]},
								"south": {"uv": [24, 42], "uv_size": [0.5, 1.5]},
								"west": {"uv": [42, 34], "uv_size": [0.5, 1.5]},
								"up": {"uv": [47, 34], "uv_size": [0.5, 0.5]},
								"down": {"uv": [40, 47.5], "uv_size": [0.5, -0.5]}
							}
						},
						{
							"origin": [-6.55454, -6.52884, -13.06915],
							"size": [0.5992, 2.9992, 0.5992],
							"inflate": 0.002,
							"pivot": [-6.49921, -10.44598, 1.06676],
							"rotation": [80.5293, 5.3302, -150.8878],
							"uv": {
								"north": {"uv": [29, 32], "uv_size": [0.5, 3]},
								"east": {"uv": [31, 32], "uv_size": [0.5, 3]},
								"south": {"uv": [33, 16], "uv_size": [0.5, 3]},
								"west": {"uv": [18, 33], "uv_size": [0.5, 3]},
								"up": {"uv": [47, 30], "uv_size": [0.5, 0.5]},
								"down": {"uv": [47, 32.5], "uv_size": [0.5, -0.5]}
							}
						},
						{
							"origin": [-13.00038, 6.35121, -13.22958],
							"size": [0.6636, 1.6636, 0.6636],
							"inflate": -0.159,
							"pivot": [-12.29608, -0.40549, 1.06676],
							"rotation": [80.5293, -5.3302, -89.1122],
							"uv": {
								"north": {"uv": [42, 6], "uv_size": [0.5, 1.5]},
								"east": {"uv": [42, 9], "uv_size": [0.5, 1.5]},
								"south": {"uv": [42, 12], "uv_size": [0.5, 1.5]},
								"west": {"uv": [14, 42], "uv_size": [0.5, 1.5]},
								"up": {"uv": [47, 26], "uv_size": [0.5, 0.5]},
								"down": {"uv": [47, 28.5], "uv_size": [0.5, -0.5]}
							}
						},
						{
							"origin": [-12.84015, 3.51145, -13.06935],
							"size": [0.5996, 2.9996, 0.5996],
							"inflate": 0.001,
							"pivot": [-12.29608, -0.40549, 1.06676],
							"rotation": [80.5293, -5.3302, -89.1122],
							"uv": {
								"north": {"uv": [10, 32], "uv_size": [0.5, 3]},
								"east": {"uv": [12, 32], "uv_size": [0.5, 3]},
								"south": {"uv": [32, 12], "uv_size": [0.5, 3]},
								"west": {"uv": [27, 32], "uv_size": [0.5, 3]},
								"up": {"uv": [24, 47], "uv_size": [0.5, 0.5]},
								"down": {"uv": [47, 24.5], "uv_size": [0.5, -0.5]}
							}
						},
						{
							"origin": [-12.25565, 7.16194, -13.22984],
							"size": [0.66412, 1.66412, 0.66412],
							"inflate": -0.16029,
							"pivot": [-12.29608, 0.40549, 1.06676],
							"rotation": [80.5293, 5.3302, -90.8878],
							"uv": {
								"north": {"uv": [2, 42], "uv_size": [0.5, 1.5]},
								"east": {"uv": [42, 3], "uv_size": [0.5, 1.5]},
								"south": {"uv": [4, 42], "uv_size": [0.5, 1.5]},
								"west": {"uv": [6, 42], "uv_size": [0.5, 1.5]},
								"up": {"uv": [22, 47], "uv_size": [0.5, 0.5]},
								"down": {"uv": [47, 22.5], "uv_size": [0.5, -0.5]}
							}
						},
						{
							"origin": [-12.35182, 4.32223, -13.06955],
							"size": [0.6, 3, 0.6],
							"pivot": [-12.29608, 0.40549, 1.06676],
							"rotation": [80.5293, 5.3302, -90.8878],
							"uv": {
								"north": {"uv": [0, 32], "uv_size": [0.5, 3]},
								"east": {"uv": [32, 0], "uv_size": [0.5, 3]},
								"south": {"uv": [32, 4], "uv_size": [0.5, 3]},
								"west": {"uv": [32, 8], "uv_size": [0.5, 3]},
								"up": {"uv": [20, 47], "uv_size": [0.5, 0.5]},
								"down": {"uv": [47, 20.5], "uv_size": [0.5, -0.5]}
							}
						},
						{
							"origin": [-7.20376, 17.20242, -13.22984],
							"size": [0.66412, 1.66412, 0.66412],
							"inflate": -0.16029,
							"pivot": [-6.49921, 10.44598, 1.06676],
							"rotation": [80.5293, -5.3302, -29.1122],
							"uv": {
								"north": {"uv": [41, 25], "uv_size": [0.5, 1.5]},
								"east": {"uv": [41, 28], "uv_size": [0.5, 1.5]},
								"south": {"uv": [41, 31], "uv_size": [0.5, 1.5]},
								"west": {"uv": [42, 0], "uv_size": [0.5, 1.5]},
								"up": {"uv": [47, 16], "uv_size": [0.5, 0.5]},
								"down": {"uv": [47, 18.5], "uv_size": [0.5, -0.5]}
							}
						},
						{
							"origin": [-7.04307, 14.36311, -13.06915],
							"size": [0.5992, 2.9992, 0.5992],
							"inflate": 0.002,
							"pivot": [-6.49921, 10.44598, 1.06676],
							"rotation": [80.5293, -5.3302, -29.1122],
							"uv": {
								"north": {"uv": [31, 16], "uv_size": [0.5, 3]},
								"east": {"uv": [31, 20], "uv_size": [0.5, 3]},
								"south": {"uv": [31, 24], "uv_size": [0.5, 3]},
								"west": {"uv": [31, 28], "uv_size": [0.5, 3]},
								"up": {"uv": [14, 47], "uv_size": [0.5, 0.5]},
								"down": {"uv": [47, 14.5], "uv_size": [0.5, -0.5]}
							}
						},
						{
							"origin": [-5.75644, 17.60791, -13.22984],
							"size": [0.66412, 1.66412, 0.66412],
							"inflate": -0.16029,
							"pivot": [-5.79688, 10.85147, 1.06676],
							"rotation": [80.5293, 5.3302, -30.8878],
							"uv": {
								"north": {"uv": [41, 16], "uv_size": [0.5, 1.5]},
								"east": {"uv": [18, 41], "uv_size": [0.5, 1.5]},
								"south": {"uv": [41, 19], "uv_size": [0.5, 1.5]},
								"west": {"uv": [41, 22], "uv_size": [0.5, 1.5]},
								"up": {"uv": [10, 47], "uv_size": [0.5, 0.5]},
								"down": {"uv": [47, 12.5], "uv_size": [0.5, -0.5]}
							}
						},
						{
							"origin": [-5.85261, 14.7682, -13.06955],
							"size": [0.6, 3, 0.6],
							"pivot": [-5.79688, 10.85147, 1.06676],
							"rotation": [80.5293, 5.3302, -30.8878],
							"uv": {
								"north": {"uv": [23, 30], "uv_size": [0.5, 3]},
								"east": {"uv": [25, 30], "uv_size": [0.5, 3]},
								"south": {"uv": [8, 31], "uv_size": [0.5, 3]},
								"west": {"uv": [16, 31], "uv_size": [0.5, 3]},
								"up": {"uv": [4, 47], "uv_size": [0.5, 0.5]},
								"down": {"uv": [6, 47.5], "uv_size": [0.5, -0.5]}
							}
						},
						{
							"origin": [5.09232, 17.60791, -13.22984],
							"size": [0.66412, 1.66412, 0.66412],
							"inflate": -0.16029,
							"pivot": [5.79688, 10.85147, 1.06676],
							"rotation": [80.5293, -5.3302, 30.8878],
							"uv": {
								"north": {"uv": [36, 40], "uv_size": [0.5, 1.5]},
								"east": {"uv": [40, 36], "uv_size": [0.5, 1.5]},
								"south": {"uv": [38, 40], "uv_size": [0.5, 1.5]},
								"west": {"uv": [40, 39], "uv_size": [0.5, 1.5]},
								"up": {"uv": [0, 47], "uv_size": [0.5, 0.5]},
								"down": {"uv": [2, 47.5], "uv_size": [0.5, -0.5]}
							}
						},
						{
							"origin": [5.25261, 14.7682, -13.06955],
							"size": [0.6, 3, 0.6],
							"pivot": [5.79688, 10.85147, 1.06676],
							"rotation": [80.5293, -5.3302, 30.8878],
							"uv": {
								"north": {"uv": [30, 8], "uv_size": [0.5, 3]},
								"east": {"uv": [30, 12], "uv_size": [0.5, 3]},
								"south": {"uv": [14, 30], "uv_size": [0.5, 3]},
								"west": {"uv": [21, 30], "uv_size": [0.5, 3]},
								"up": {"uv": [46, 43], "uv_size": [0.5, 0.5]},
								"down": {"uv": [46, 45.5], "uv_size": [0.5, -0.5]}
							}
						},
						{
							"origin": [6.53964, 17.20242, -13.22984],
							"size": [0.66412, 1.66412, 0.66412],
							"inflate": -0.16029,
							"pivot": [6.49921, 10.44598, 1.06676],
							"rotation": [80.5293, 5.3302, 29.1122],
							"uv": {
								"north": {"uv": [28, 40], "uv_size": [0.5, 1.5]},
								"east": {"uv": [30, 40], "uv_size": [0.5, 1.5]},
								"south": {"uv": [32, 40], "uv_size": [0.5, 1.5]},
								"west": {"uv": [34, 40], "uv_size": [0.5, 1.5]},
								"up": {"uv": [46, 41], "uv_size": [0.5, 0.5]},
								"down": {"uv": [42, 46.5], "uv_size": [0.5, -0.5]}
							}
						},
						{
							"origin": [6.44387, 14.36311, -13.06915],
							"size": [0.5992, 2.9992, 0.5992],
							"inflate": 0.002,
							"pivot": [6.49921, 10.44598, 1.06676],
							"rotation": [80.5293, 5.3302, 29.1122],
							"uv": {
								"north": {"uv": [2, 30], "uv_size": [0.5, 3]},
								"east": {"uv": [4, 30], "uv_size": [0.5, 3]},
								"south": {"uv": [30, 4], "uv_size": [0.5, 3]},
								"west": {"uv": [6, 30], "uv_size": [0.5, 3]},
								"up": {"uv": [38, 46], "uv_size": [0.5, 0.5]},
								"down": {"uv": [46, 39.5], "uv_size": [0.5, -0.5]}
							}
						},
						{
							"origin": [-0.27959, -0.675, -0.13375],
							"size": [0.55919, 1.35, 7.5675],
							"pivot": [0, 0, 5.4],
							"rotation": [0, 0, 45],
							"uv": {
								"north": {"uv": [44, 3], "uv_size": [0.5, 1.5]},
								"east": {"uv": [0, 0], "uv_size": [7.5, 1.5]},
								"south": {"uv": [44, 6], "uv_size": [0.5, 1.5]},
								"west": {"uv": [0, 3], "uv_size": [7.5, 1.5]},
								"up": {"uv": [15, 10], "uv_size": [0.5, 7.5]},
								"down": {"uv": [3, 24.5], "uv_size": [0.5, -7.5]}
							}
						},
						{
							"origin": [-0.27959, -0.675, -0.13375],
							"size": [0.55919, 1.35, 7.5675],
							"uv": {
								"north": {"uv": [44, 9], "uv_size": [0.5, 1.5]},
								"east": {"uv": [0, 6], "uv_size": [7.5, 1.5]},
								"south": {"uv": [10, 44], "uv_size": [0.5, 1.5]},
								"west": {"uv": [0, 9], "uv_size": [7.5, 1.5]},
								"up": {"uv": [5, 17], "uv_size": [0.5, 7.5]},
								"down": {"uv": [7, 24.5], "uv_size": [0.5, -7.5]}
							}
						},
						{
							"origin": [-0.675, -0.27959, -0.13375],
							"size": [1.35, 0.55919, 7.5675],
							"pivot": [0, 0, 5.4],
							"rotation": [0, 0, 45],
							"uv": {
								"north": {"uv": [22, 8], "uv_size": [1.5, 0.5]},
								"east": {"uv": [17, 10], "uv_size": [7.5, 0.5]},
								"south": {"uv": [44, 12], "uv_size": [1.5, 0.5]},
								"west": {"uv": [17, 12], "uv_size": [7.5, 0.5]},
								"up": {"uv": [9, 0], "uv_size": [1.5, 7.5]},
								"down": {"uv": [9, 16.5], "uv_size": [1.5, -7.5]}
							}
						},
						{
							"origin": [-0.675, -0.27959, -0.13375],
							"size": [1.35, 0.55919, 7.5675],
							"uv": {
								"north": {"uv": [44, 33], "uv_size": [1.5, 0.5]},
								"east": {"uv": [17, 14], "uv_size": [7.5, 0.5]},
								"south": {"uv": [44, 35], "uv_size": [1.5, 0.5]},
								"west": {"uv": [17, 16], "uv_size": [7.5, 0.5]},
								"up": {"uv": [0, 12], "uv_size": [1.5, 7.5]},
								"down": {"uv": [12, 7.5], "uv_size": [1.5, -7.5]}
							}
						},
						{
							"origin": [6.44387, 14.46311, 1.13085],
							"size": [0.5992, 2.8992, 0.5992],
							"inflate": 0.002,
							"pivot": [6.49921, 10.44598, 15.26676],
							"rotation": [80.5293, 5.3302, 29.1122],
							"uv": {
								"north": {"uv": [35, 28], "uv_size": [0.5, 3]},
								"east": {"uv": [35, 32], "uv_size": [0.5, 3]},
								"south": {"uv": [0, 36], "uv_size": [0.5, 3]},
								"west": {"uv": [36, 0], "uv_size": [0.5, 3]},
								"up": {"uv": [48, 38], "uv_size": [0.5, 0.5]},
								"down": {"uv": [48, 40.5], "uv_size": [0.5, -0.5]}
							}
						},
						{
							"origin": [5.25261, 14.8682, 1.13045],
							"size": [0.6, 2.9, 0.6],
							"pivot": [5.79688, 10.85147, 15.26676],
							"rotation": [80.5293, -5.3302, 30.8878],
							"uv": {
								"north": {"uv": [36, 4], "uv_size": [0.5, 3]},
								"east": {"uv": [36, 8], "uv_size": [0.5, 3]},
								"south": {"uv": [10, 36], "uv_size": [0.5, 3]},
								"west": {"uv": [12, 36], "uv_size": [0.5, 3]},
								"up": {"uv": [42, 48], "uv_size": [0.5, 0.5]},
								"down": {"uv": [48, 42.5], "uv_size": [0.5, -0.5]}
							}
						},
						{
							"origin": [-5.85261, 14.8682, 1.13045],
							"size": [0.6, 2.9, 0.6],
							"pivot": [-5.79688, 10.85147, 15.26676],
							"rotation": [80.5293, 5.3302, -30.8878],
							"uv": {
								"north": {"uv": [36, 12], "uv_size": [0.5, 3]},
								"east": {"uv": [26, 36], "uv_size": [0.5, 3]},
								"south": {"uv": [28, 36], "uv_size": [0.5, 3]},
								"west": {"uv": [30, 36], "uv_size": [0.5, 3]},
								"up": {"uv": [48, 44], "uv_size": [0.5, 0.5]},
								"down": {"uv": [48, 46.5], "uv_size": [0.5, -0.5]}
							}
						},
						{
							"origin": [-7.04307, 14.46311, 1.13085],
							"size": [0.5992, 2.8992, 0.5992],
							"inflate": 0.002,
							"pivot": [-6.49921, 10.44598, 15.26676],
							"rotation": [80.5293, -5.3302, -29.1122],
							"uv": {
								"north": {"uv": [32, 36], "uv_size": [0.5, 3]},
								"east": {"uv": [34, 36], "uv_size": [0.5, 3]},
								"south": {"uv": [36, 36], "uv_size": [0.5, 3]},
								"west": {"uv": [37, 16], "uv_size": [0.5, 3]},
								"up": {"uv": [48, 48], "uv_size": [0.5, 0.5]},
								"down": {"uv": [0, 49.5], "uv_size": [0.5, -0.5]}
							}
						},
						{
							"origin": [-12.35182, 4.42223, 1.13045],
							"size": [0.6, 2.9, 0.6],
							"pivot": [-12.29608, 0.40549, 15.26676],
							"rotation": [80.5293, 5.3302, -90.8878],
							"uv": {
								"north": {"uv": [18, 37], "uv_size": [0.5, 3]},
								"east": {"uv": [37, 20], "uv_size": [0.5, 3]},
								"south": {"uv": [37, 24], "uv_size": [0.5, 3]},
								"west": {"uv": [37, 28], "uv_size": [0.5, 3]},
								"up": {"uv": [2, 49], "uv_size": [0.5, 0.5]},
								"down": {"uv": [4, 49.5], "uv_size": [0.5, -0.5]}
							}
						},
						{
							"origin": [-12.84015, 3.61145, 1.13065],
							"size": [0.5996, 2.8996, 0.5996],
							"inflate": 0.001,
							"pivot": [-12.29608, -0.40549, 15.26676],
							"rotation": [80.5293, -5.3302, -89.1122],
							"uv": {
								"north": {"uv": [37, 32], "uv_size": [0.5, 3]},
								"east": {"uv": [38, 0], "uv_size": [0.5, 3]},
								"south": {"uv": [2, 38], "uv_size": [0.5, 3]},
								"west": {"uv": [4, 38], "uv_size": [0.5, 3]},
								"up": {"uv": [6, 49], "uv_size": [0.5, 0.5]},
								"down": {"uv": [10, 49.5], "uv_size": [0.5, -0.5]}
							}
						},
						{
							"origin": [-6.55454, -6.42884, 1.13085],
							"size": [0.5992, 2.8992, 0.5992],
							"inflate": 0.002,
							"pivot": [-6.49921, -10.44598, 15.26676],
							"rotation": [80.5293, 5.3302, -150.8878],
							"uv": {
								"north": {"uv": [38, 4], "uv_size": [0.5, 3]},
								"east": {"uv": [6, 38], "uv_size": [0.5, 3]},
								"south": {"uv": [38, 8], "uv_size": [0.5, 3]},
								"west": {"uv": [38, 12], "uv_size": [0.5, 3]},
								"up": {"uv": [49, 12], "uv_size": [0.5, 0.5]},
								"down": {"uv": [14, 49.5], "uv_size": [0.5, -0.5]}
							}
						},
						{
							"origin": [-6.34114, -6.83473, 1.13045],
							"size": [0.6, 2.9, 0.6],
							"pivot": [-5.79688, -10.85147, 15.26676],
							"rotation": [80.5293, -5.3302, -149.1122],
							"uv": {
								"north": {"uv": [14, 38], "uv_size": [0.5, 3]},
								"east": {"uv": [20, 38], "uv_size": [0.5, 3]},
								"south": {"uv": [22, 38], "uv_size": [0.5, 3]},
								"west": {"uv": [24, 38], "uv_size": [0.5, 3]},
								"up": {"uv": [49, 14], "uv_size": [0.5, 0.5]},
								"down": {"uv": [49, 16.5], "uv_size": [0.5, -0.5]}
							}
						},
						{
							"origin": [5.74114, -6.83473, 1.13045],
							"size": [0.6, 2.9, 0.6],
							"pivot": [5.79688, -10.85147, 15.26676],
							"rotation": [80.5293, 5.3302, 149.1122],
							"uv": {
								"north": {"uv": [38, 36], "uv_size": [0.5, 3]},
								"east": {"uv": [8, 39], "uv_size": [0.5, 3]},
								"south": {"uv": [16, 39], "uv_size": [0.5, 3]},
								"west": {"uv": [39, 16], "uv_size": [0.5, 3]},
								"up": {"uv": [49, 18], "uv_size": [0.5, 0.5]},
								"down": {"uv": [20, 49.5], "uv_size": [0.5, -0.5]}
							}
						},
						{
							"origin": [5.95534, -6.42884, 1.13085],
							"size": [0.5992, 2.8992, 0.5992],
							"inflate": 0.002,
							"pivot": [6.49921, -10.44598, 15.26676],
							"rotation": [80.5293, -5.3302, 150.8878],
							"uv": {
								"north": {"uv": [39, 20], "uv_size": [0.5, 3]},
								"east": {"uv": [39, 24], "uv_size": [0.5, 3]},
								"south": {"uv": [39, 28], "uv_size": [0.5, 3]},
								"west": {"uv": [39, 32], "uv_size": [0.5, 3]},
								"up": {"uv": [49, 20], "uv_size": [0.5, 0.5]},
								"down": {"uv": [22, 49.5], "uv_size": [0.5, -0.5]}
							}
						},
						{
							"origin": [12.24055, 3.61145, 1.13066],
							"size": [0.5996, 2.8996, 0.5996],
							"inflate": 0.001,
							"pivot": [12.29608, -0.40549, 15.26677],
							"rotation": [80.5293, 5.3303, 89.1122],
							"uv": {
								"north": {"uv": [0, 40], "uv_size": [0.5, 3]},
								"east": {"uv": [40, 0], "uv_size": [0.5, 3]},
								"south": {"uv": [40, 4], "uv_size": [0.5, 3]},
								"west": {"uv": [40, 8], "uv_size": [0.5, 3]},
								"up": {"uv": [49, 22], "uv_size": [0.5, 0.5]},
								"down": {"uv": [24, 49.5], "uv_size": [0.5, -0.5]}
							}
						},
						{
							"origin": [11.75182, 4.42223, 1.13045],
							"size": [0.6, 2.9, 0.6],
							"pivot": [12.29608, 0.40549, 15.26676],
							"rotation": [80.5293, -5.3302, 90.8878],
							"uv": {
								"north": {"uv": [10, 40], "uv_size": [0.5, 3]},
								"east": {"uv": [12, 40], "uv_size": [0.5, 3]},
								"south": {"uv": [40, 12], "uv_size": [0.5, 3]},
								"west": {"uv": [26, 40], "uv_size": [0.5, 3]},
								"up": {"uv": [49, 24], "uv_size": [0.5, 0.5]},
								"down": {"uv": [49, 26.5], "uv_size": [0.5, -0.5]}
							}
						}
					]
				}
			]
		}
	]
}