{
	"format_version": "1.12.0",
	"minecraft:geometry": [
		{
			"description": {
				"identifier": "geometry.unknown",
				"texture_width": 256,
				"texture_height": 256,
				"visible_bounds_width": 15,
				"visible_bounds_height": 8,
				"visible_bounds_offset": [0, 1, 0]
			},
			"bones": [
				{
					"name": "fuel_pack",
					"pivot": [0, 6.993, -18.9046]
				},
				{
					"name": "bone11",
					"parent": "fuel_pack",
					"pivot": [4.62, 6.993, 3.2714],
					"cubes": [
						{
							"origin": [1.6238, 5.145, 0.4994],
							"size": [2.29639, 12.936, 5.544],
							"uv": {
								"north": {"uv": [21, 45], "uv_size": [2.5, 14]},
								"east": {"uv": [0, 0], "uv_size": [6, 14]},
								"south": {"uv": [25, 45], "uv_size": [2.5, 14]},
								"west": {"uv": [7, 0], "uv_size": [6, 14]},
								"up": {"uv": [61, 8], "uv_size": [2.5, 6]},
								"down": {"uv": [67, 30], "uv_size": [2.5, -6]}
							}
						},
						{
							"origin": [-4.105, 12.537, -0.0781],
							"size": [8.20999, 2.772, 0.231],
							"uv": {
								"north": {"uv": [57, 15], "uv_size": [9, 3]},
								"east": {"uv": [124, 47], "uv_size": [0.5, 3]},
								"south": {"uv": [57, 19], "uv_size": [9, 3]},
								"west": {"uv": [124, 51], "uv_size": [0.5, 3]},
								"up": {"uv": [100, 3], "uv_size": [9, 0.5]},
								"down": {"uv": [100, 61.5], "uv_size": [9, -0.5]}
							}
						},
						{
							"origin": [-6.415, 12.537, -0.0781],
							"size": [2.31, 2.772, 0.231],
							"pivot": [-4.105, 15.309, 0.1529],
							"rotation": [0, -5.5, 0],
							"uv": {
								"north": {"uv": [84, 7], "uv_size": [2.5, 3]},
								"east": {"uv": [124, 55], "uv_size": [0.5, 3]},
								"south": {"uv": [84, 11], "uv_size": [2.5, 3]},
								"west": {"uv": [56, 124], "uv_size": [0.5, 3]},
								"up": {"uv": [130, 107], "uv_size": [2.5, 0.5]},
								"down": {"uv": [130, 109.5], "uv_size": [2.5, -0.5]}
							}
						},
						{
							"origin": [2.5478, 5.145, 0.407],
							"size": [0.44839, 12.936, 5.7288],
							"uv": {
								"north": {"uv": [88, 69], "uv_size": [0.5, 14]},
								"east": {"uv": [14, 0], "uv_size": [6, 14]},
								"south": {"uv": [18, 89], "uv_size": [0.5, 14]},
								"west": {"uv": [0, 15], "uv_size": [6, 14]},
								"up": {"uv": [86, 106], "uv_size": [0.5, 6]},
								"down": {"uv": [36, 115], "uv_size": [0.5, -6]}
							}
						},
						{
							"origin": [-2.9962, 5.145, 0.407],
							"size": [0.44839, 12.936, 5.7288],
							"uv": {
								"north": {"uv": [89, 84], "uv_size": [0.5, 14]},
								"east": {"uv": [7, 15], "uv_size": [6, 14]},
								"south": {"uv": [90, 0], "uv_size": [0.5, 14]},
								"west": {"uv": [14, 15], "uv_size": [6, 14]},
								"up": {"uv": [97, 109], "uv_size": [0.5, 6]},
								"down": {"uv": [99, 115], "uv_size": [0.5, -6]}
							}
						},
						{
							"origin": [1.50899, 17.69292, 0.2222],
							"size": [2.52602, 0.40471, 6.0984],
							"pivot": [2.772, 5.90268, 3.2714],
							"rotation": [-180, -45, 180],
							"uv": {
								"north": {"uv": [115, 130], "uv_size": [2.5, 0.5]},
								"east": {"uv": [109, 103], "uv_size": [6.5, 0.5]},
								"south": {"uv": [119, 130], "uv_size": [2.5, 0.5]},
								"west": {"uv": [109, 105], "uv_size": [6.5, 0.5]},
								"up": {"uv": [57, 55], "uv_size": [2.5, 6.5]},
								"down": {"uv": [41, 64.5], "uv_size": [2.5, -6.5]}
							}
						},
						{
							"origin": [1.50899, 17.69292, 0.2222],
							"size": [2.52602, 0.40656, 6.0984],
							"pivot": [2.772, 5.90268, 3.2714],
							"rotation": [0, -90, 0],
							"uv": {
								"north": {"uv": [123, 130], "uv_size": [2.5, 0.5]},
								"east": {"uv": [110, 3], "uv_size": [6.5, 0.5]},
								"south": {"uv": [130, 125], "uv_size": [2.5, 0.5]},
								"west": {"uv": [15, 110], "uv_size": [6.5, 0.5]},
								"up": {"uv": [21, 60], "uv_size": [2.5, 6.5]},
								"down": {"uv": [25, 66.5], "uv_size": [2.5, -6.5]}
							}
						},
						{
							"origin": [1.50899, 17.69292, 0.2222],
							"size": [2.52602, 0.40564, 6.0984],
							"pivot": [2.772, 5.90268, 3.2714],
							"rotation": [0, -45, 0],
							"uv": {
								"north": {"uv": [130, 127], "uv_size": [2.5, 0.5]},
								"east": {"uv": [110, 15], "uv_size": [6.5, 0.5]},
								"south": {"uv": [0, 131], "uv_size": [2.5, 0.5]},
								"west": {"uv": [110, 17], "uv_size": [6.5, 0.5]},
								"up": {"uv": [29, 60], "uv_size": [2.5, 6.5]},
								"down": {"uv": [33, 66.5], "uv_size": [2.5, -6.5]}
							}
						},
						{
							"origin": [1.50899, 17.69292, 0.2222],
							"size": [2.52602, 0.40656, 6.0984],
							"uv": {
								"north": {"uv": [131, 5], "uv_size": [2.5, 0.5]},
								"east": {"uv": [110, 19], "uv_size": [6.5, 0.5]},
								"south": {"uv": [131, 7], "uv_size": [2.5, 0.5]},
								"west": {"uv": [110, 21], "uv_size": [6.5, 0.5]},
								"up": {"uv": [37, 60], "uv_size": [2.5, 6.5]},
								"down": {"uv": [45, 66.5], "uv_size": [2.5, -6.5]}
							}
						},
						{
							"origin": [-4.03501, 17.69292, 0.2222],
							"size": [2.52602, 0.40379, 6.0984],
							"pivot": [-2.772, 5.90268, 3.2714],
							"rotation": [-180, 45, -180],
							"uv": {
								"north": {"uv": [131, 9], "uv_size": [2.5, 0.5]},
								"east": {"uv": [110, 23], "uv_size": [6.5, 0.5]},
								"south": {"uv": [131, 11], "uv_size": [2.5, 0.5]},
								"west": {"uv": [110, 25], "uv_size": [6.5, 0.5]},
								"up": {"uv": [49, 60], "uv_size": [2.5, 6.5]},
								"down": {"uv": [53, 66.5], "uv_size": [2.5, -6.5]}
							}
						},
						{
							"origin": [-4.03501, 17.69292, 0.2222],
							"size": [2.52602, 0.40656, 6.0984],
							"pivot": [-2.772, 5.90268, 3.2714],
							"rotation": [0, 90, 0],
							"uv": {
								"north": {"uv": [131, 13], "uv_size": [2.5, 0.5]},
								"east": {"uv": [110, 35], "uv_size": [6.5, 0.5]},
								"south": {"uv": [131, 15], "uv_size": [2.5, 0.5]},
								"west": {"uv": [110, 37], "uv_size": [6.5, 0.5]},
								"up": {"uv": [61, 0], "uv_size": [2.5, 6.5]},
								"down": {"uv": [61, 61.5], "uv_size": [2.5, -6.5]}
							}
						},
						{
							"origin": [-4.03501, 17.69292, 0.2222],
							"size": [2.52602, 0.40379, 6.0984],
							"pivot": [-2.772, 5.90268, 3.2714],
							"rotation": [0, 45, 0],
							"uv": {
								"north": {"uv": [131, 17], "uv_size": [2.5, 0.5]},
								"east": {"uv": [110, 39], "uv_size": [6.5, 0.5]},
								"south": {"uv": [131, 19], "uv_size": [2.5, 0.5]},
								"west": {"uv": [110, 41], "uv_size": [6.5, 0.5]},
								"up": {"uv": [57, 63], "uv_size": [2.5, 6.5]},
								"down": {"uv": [61, 69.5], "uv_size": [2.5, -6.5]}
							}
						},
						{
							"origin": [-4.03501, 17.69292, 0.2222],
							"size": [2.52602, 0.40656, 6.0984],
							"uv": {
								"north": {"uv": [131, 21], "uv_size": [2.5, 0.5]},
								"east": {"uv": [110, 47], "uv_size": [6.5, 0.5]},
								"south": {"uv": [131, 23], "uv_size": [2.5, 0.5]},
								"west": {"uv": [110, 49], "uv_size": [6.5, 0.5]},
								"up": {"uv": [65, 0], "uv_size": [2.5, 6.5]},
								"down": {"uv": [65, 61.5], "uv_size": [2.5, -6.5]}
							}
						},
						{
							"origin": [1.50899, 5.03412, 0.2222],
							"size": [2.52602, 0.40656, 6.0984],
							"pivot": [2.772, 17.23092, 3.2714],
							"rotation": [0, -90, 0],
							"uv": {
								"north": {"uv": [131, 25], "uv_size": [2.5, 0.5]},
								"east": {"uv": [110, 60], "uv_size": [6.5, 0.5]},
								"south": {"uv": [131, 27], "uv_size": [2.5, 0.5]},
								"west": {"uv": [110, 62], "uv_size": [6.5, 0.5]},
								"up": {"uv": [65, 63], "uv_size": [2.5, 6.5]},
								"down": {"uv": [41, 72.5], "uv_size": [2.5, -6.5]}
							}
						},
						{
							"origin": [1.50899, 5.03504, 0.2222],
							"size": [2.52602, 0.40564, 6.0984],
							"pivot": [2.772, 17.23092, 3.2714],
							"rotation": [180, -45, -180],
							"uv": {
								"north": {"uv": [131, 29], "uv_size": [2.5, 0.5]},
								"east": {"uv": [110, 64], "uv_size": [6.5, 0.5]},
								"south": {"uv": [131, 31], "uv_size": [2.5, 0.5]},
								"west": {"uv": [110, 66], "uv_size": [6.5, 0.5]},
								"up": {"uv": [67, 8], "uv_size": [2.5, 6.5]},
								"down": {"uv": [67, 22.5], "uv_size": [2.5, -6.5]}
							}
						},
						{
							"origin": [1.50899, 5.03412, 0.2222],
							"size": [2.52602, 0.40656, 6.0984],
							"uv": {
								"north": {"uv": [131, 33], "uv_size": [2.5, 0.5]},
								"east": {"uv": [110, 68], "uv_size": [6.5, 0.5]},
								"south": {"uv": [131, 35], "uv_size": [2.5, 0.5]},
								"west": {"uv": [110, 70], "uv_size": [6.5, 0.5]},
								"up": {"uv": [21, 68], "uv_size": [2.5, 6.5]},
								"down": {"uv": [25, 74.5], "uv_size": [2.5, -6.5]}
							}
						},
						{
							"origin": [1.50899, 5.03504, 0.2222],
							"size": [2.52602, 0.40564, 6.0984],
							"pivot": [2.772, 17.23092, 3.2714],
							"rotation": [0, -45, 0],
							"uv": {
								"north": {"uv": [36, 131], "uv_size": [2.5, 0.5]},
								"east": {"uv": [110, 72], "uv_size": [6.5, 0.5]},
								"south": {"uv": [131, 37], "uv_size": [2.5, 0.5]},
								"west": {"uv": [110, 74], "uv_size": [6.5, 0.5]},
								"up": {"uv": [29, 68], "uv_size": [2.5, 6.5]},
								"down": {"uv": [33, 74.5], "uv_size": [2.5, -6.5]}
							}
						},
						{
							"origin": [-4.03501, 5.03597, 0.2222],
							"size": [2.52602, 0.40471, 6.0984],
							"pivot": [-2.772, 17.23092, 3.2714],
							"rotation": [180, 45, 180],
							"uv": {
								"north": {"uv": [131, 39], "uv_size": [2.5, 0.5]},
								"east": {"uv": [110, 76], "uv_size": [6.5, 0.5]},
								"south": {"uv": [40, 131], "uv_size": [2.5, 0.5]},
								"west": {"uv": [110, 78], "uv_size": [6.5, 0.5]},
								"up": {"uv": [37, 68], "uv_size": [2.5, 6.5]},
								"down": {"uv": [45, 74.5], "uv_size": [2.5, -6.5]}
							}
						},
						{
							"origin": [-4.03501, 5.03504, 0.2222],
							"size": [2.52602, 0.40564, 6.0984],
							"pivot": [-2.772, 17.23092, 3.2714],
							"rotation": [0, 90, 0],
							"uv": {
								"north": {"uv": [131, 44], "uv_size": [2.5, 0.5]},
								"east": {"uv": [110, 83], "uv_size": [6.5, 0.5]},
								"south": {"uv": [57, 131], "uv_size": [2.5, 0.5]},
								"west": {"uv": [110, 85], "uv_size": [6.5, 0.5]},
								"up": {"uv": [49, 68], "uv_size": [2.5, 6.5]},
								"down": {"uv": [53, 74.5], "uv_size": [2.5, -6.5]}
							}
						},
						{
							"origin": [-4.03501, 5.03597, 0.2222],
							"size": [2.52602, 0.40471, 6.0984],
							"pivot": [-2.772, 17.23092, 3.2714],
							"rotation": [0, 45, 0],
							"uv": {
								"north": {"uv": [61, 131], "uv_size": [2.5, 0.5]},
								"east": {"uv": [110, 87], "uv_size": [6.5, 0.5]},
								"south": {"uv": [65, 131], "uv_size": [2.5, 0.5]},
								"west": {"uv": [110, 89], "uv_size": [6.5, 0.5]},
								"up": {"uv": [69, 0], "uv_size": [2.5, 6.5]},
								"down": {"uv": [69, 61.5], "uv_size": [2.5, -6.5]}
							}
						},
						{
							"origin": [-4.03501, 5.03412, 0.2222],
							"size": [2.52602, 0.40656, 6.0984],
							"uv": {
								"north": {"uv": [131, 65], "uv_size": [2.5, 0.5]},
								"east": {"uv": [110, 107], "uv_size": [6.5, 0.5]},
								"south": {"uv": [131, 67], "uv_size": [2.5, 0.5]},
								"west": {"uv": [110, 109], "uv_size": [6.5, 0.5]},
								"up": {"uv": [69, 63], "uv_size": [2.5, 6.5]},
								"down": {"uv": [70, 49.5], "uv_size": [2.5, -6.5]}
							}
						},
						{
							"origin": [1.6306, 18.081, 2.55722],
							"size": [2.2964, 0.924, 1.86238],
							"pivot": [3.927, 19.005, 4.4196],
							"rotation": [0, -90, 29.7449],
							"uv": {
								"north": {"uv": [77, 19], "uv_size": [2.5, 1]},
								"east": {"uv": [105, 53], "uv_size": [2, 1]},
								"south": {"uv": [77, 63], "uv_size": [2.5, 1]},
								"west": {"uv": [119, 113], "uv_size": [2, 1]},
								"up": {"uv": [45, 99], "uv_size": [2.5, 2]},
								"down": {"uv": [49, 101], "uv_size": [2.5, -2]}
							}
						},
						{
							"origin": [1.6238, 18.081, 0.25402],
							"size": [2.29639, 0.924, 1.86238],
							"pivot": [3.9202, 19.005, 2.1164],
							"rotation": [29.7449, 0, 0],
							"uv": {
								"north": {"uv": [100, 29], "uv_size": [2.5, 1]},
								"east": {"uv": [120, 25], "uv_size": [2, 1]},
								"south": {"uv": [115, 94], "uv_size": [2.5, 1]},
								"west": {"uv": [120, 27], "uv_size": [2, 1]},
								"up": {"uv": [89, 99], "uv_size": [2.5, 2]},
								"down": {"uv": [100, 2], "uv_size": [2.5, -2]}
							}
						},
						{
							"origin": [-0.6794, 18.081, 4.4196],
							"size": [2.2964, 0.924, 1.86239],
							"pivot": [1.617, 19.005, 4.4196],
							"rotation": [0, -90, -29.7449],
							"uv": {
								"north": {"uv": [115, 96], "uv_size": [2.5, 1]},
								"east": {"uv": [120, 29], "uv_size": [2, 1]},
								"south": {"uv": [115, 98], "uv_size": [2.5, 1]},
								"west": {"uv": [120, 31], "uv_size": [2, 1]},
								"up": {"uv": [100, 26], "uv_size": [2.5, 2]},
								"down": {"uv": [100, 39], "uv_size": [2.5, -2]}
							}
						},
						{
							"origin": [1.6238, 18.081, 2.1164],
							"size": [2.29639, 0.924, 2.31],
							"uv": {
								"north": {"uv": [115, 111], "uv_size": [2.5, 1]},
								"east": {"uv": [113, 115], "uv_size": [2.5, 1]},
								"south": {"uv": [115, 113], "uv_size": [2.5, 1]},
								"west": {"uv": [116, 5], "uv_size": [2.5, 1]},
								"up": {"uv": [93, 26], "uv_size": [2.5, 2.5]},
								"down": {"uv": [93, 39.5], "uv_size": [2.5, -2.5]}
							}
						},
						{
							"origin": [1.6238, 18.081, 4.4264],
							"size": [2.29639, 0.924, 1.86238],
							"pivot": [3.9202, 19.005, 4.4264],
							"rotation": [-29.7449, 0, 0],
							"uv": {
								"north": {"uv": [116, 7], "uv_size": [2.5, 1]},
								"east": {"uv": [120, 33], "uv_size": [2, 1]},
								"south": {"uv": [116, 9], "uv_size": [2.5, 1]},
								"west": {"uv": [120, 35], "uv_size": [2, 1]},
								"up": {"uv": [100, 40], "uv_size": [2.5, 2]},
								"down": {"uv": [100, 45], "uv_size": [2.5, -2]}
							}
						},
						{
							"origin": [-3.927, 18.081, 2.55722],
							"size": [2.2964, 0.924, 1.86238],
							"pivot": [-3.927, 19.005, 4.4196],
							"rotation": [0, 90, -29.7449],
							"uv": {
								"north": {"uv": [116, 11], "uv_size": [2.5, 1]},
								"east": {"uv": [120, 37], "uv_size": [2, 1]},
								"south": {"uv": [116, 13], "uv_size": [2.5, 1]},
								"west": {"uv": [120, 39], "uv_size": [2, 1]},
								"up": {"uv": [100, 46], "uv_size": [2.5, 2]},
								"down": {"uv": [100, 57], "uv_size": [2.5, -2]}
							}
						},
						{
							"origin": [-3.9202, 18.081, 0.25402],
							"size": [2.29639, 0.924, 1.86238],
							"pivot": [-3.9202, 19.005, 2.1164],
							"rotation": [29.7449, 0, 0],
							"uv": {
								"north": {"uv": [116, 27], "uv_size": [2.5, 1]},
								"east": {"uv": [120, 41], "uv_size": [2, 1]},
								"south": {"uv": [116, 29], "uv_size": [2.5, 1]},
								"west": {"uv": [42, 120], "uv_size": [2, 1]},
								"up": {"uv": [100, 58], "uv_size": [2.5, 2]},
								"down": {"uv": [77, 102], "uv_size": [2.5, -2]}
							}
						},
						{
							"origin": [-1.617, 18.081, 4.4196],
							"size": [2.2964, 0.924, 1.86239],
							"pivot": [-1.617, 19.005, 4.4196],
							"rotation": [0, 90, 29.7449],
							"uv": {
								"north": {"uv": [116, 31], "uv_size": [2.5, 1]},
								"east": {"uv": [120, 43], "uv_size": [2, 1]},
								"south": {"uv": [116, 33], "uv_size": [2.5, 1]},
								"west": {"uv": [120, 45], "uv_size": [2, 1]},
								"up": {"uv": [84, 100], "uv_size": [2.5, 2]},
								"down": {"uv": [101, 51], "uv_size": [2.5, -2]}
							}
						},
						{
							"origin": [-3.9202, 18.081, 2.1164],
							"size": [2.29639, 0.924, 2.31],
							"uv": {
								"north": {"uv": [116, 43], "uv_size": [2.5, 1]},
								"east": {"uv": [116, 45], "uv_size": [2.5, 1]},
								"south": {"uv": [94, 116], "uv_size": [2.5, 1]},
								"west": {"uv": [116, 100], "uv_size": [2.5, 1]},
								"up": {"uv": [93, 41], "uv_size": [2.5, 2.5]},
								"down": {"uv": [93, 47.5], "uv_size": [2.5, -2.5]}
							}
						},
						{
							"origin": [-3.9202, 18.081, 4.4264],
							"size": [2.29639, 0.924, 1.86238],
							"pivot": [-3.9202, 19.005, 4.4264],
							"rotation": [-29.7449, 0, 0],
							"uv": {
								"north": {"uv": [33, 117], "uv_size": [2.5, 1]},
								"east": {"uv": [59, 120], "uv_size": [2, 1]},
								"south": {"uv": [49, 117], "uv_size": [2.5, 1]},
								"west": {"uv": [120, 75], "uv_size": [2, 1]},
								"up": {"uv": [101, 52], "uv_size": [2.5, 2]},
								"down": {"uv": [70, 103], "uv_size": [2.5, -2]}
							}
						},
						{
							"origin": [-3.9202, 5.145, 0.4994],
							"size": [2.29639, 12.936, 5.544],
							"pivot": [-2.772, 5.145, 3.2714],
							"rotation": [-180, 45, -180],
							"uv": {
								"north": {"uv": [29, 45], "uv_size": [2.5, 14]},
								"east": {"uv": [21, 0], "uv_size": [6, 14]},
								"south": {"uv": [45, 30], "uv_size": [2.5, 14]},
								"west": {"uv": [21, 15], "uv_size": [6, 14]},
								"up": {"uv": [71, 71], "uv_size": [2.5, 6]},
								"down": {"uv": [72, 31], "uv_size": [2.5, -6]}
							}
						},
						{
							"origin": [-3.9202, 5.145, 0.4994],
							"size": [2.29639, 12.936, 5.544],
							"pivot": [-2.772, 5.145, 3.2714],
							"rotation": [0, 90, 0],
							"uv": {
								"north": {"uv": [33, 45], "uv_size": [2.5, 14]},
								"east": {"uv": [28, 0], "uv_size": [6, 14]},
								"south": {"uv": [37, 45], "uv_size": [2.5, 14]},
								"west": {"uv": [28, 15], "uv_size": [6, 14]},
								"up": {"uv": [72, 32], "uv_size": [2.5, 6]},
								"down": {"uv": [0, 79], "uv_size": [2.5, -6]}
							}
						},
						{
							"origin": [1.6306, 4.221, 2.55722],
							"size": [2.2964, 0.924, 1.86238],
							"pivot": [3.927, 4.221, 4.4196],
							"rotation": [0, -90, -29.7449],
							"uv": {
								"north": {"uv": [117, 51], "uv_size": [2.5, 1]},
								"east": {"uv": [120, 77], "uv_size": [2, 1]},
								"south": {"uv": [53, 117], "uv_size": [2.5, 1]},
								"west": {"uv": [120, 79], "uv_size": [2, 1]},
								"up": {"uv": [93, 101], "uv_size": [2.5, 2]},
								"down": {"uv": [97, 103], "uv_size": [2.5, -2]}
							}
						},
						{
							"origin": [1.6238, 4.221, 0.25402],
							"size": [2.29639, 0.924, 1.86238],
							"pivot": [3.9202, 4.221, 2.1164],
							"rotation": [-29.7449, 0, 0],
							"uv": {
								"north": {"uv": [117, 53], "uv_size": [2.5, 1]},
								"east": {"uv": [120, 81], "uv_size": [2, 1]},
								"south": {"uv": [117, 55], "uv_size": [2.5, 1]},
								"west": {"uv": [120, 83], "uv_size": [2, 1]},
								"up": {"uv": [101, 101], "uv_size": [2.5, 2]},
								"down": {"uv": [40, 104], "uv_size": [2.5, -2]}
							}
						},
						{
							"origin": [-0.6794, 4.221, 4.4196],
							"size": [2.2964, 0.924, 1.86239],
							"pivot": [1.617, 4.221, 4.4196],
							"rotation": [0, -90, 29.7449],
							"uv": {
								"north": {"uv": [117, 57], "uv_size": [2.5, 1]},
								"east": {"uv": [120, 85], "uv_size": [2, 1]},
								"south": {"uv": [64, 117], "uv_size": [2.5, 1]},
								"west": {"uv": [94, 120], "uv_size": [2, 1]},
								"up": {"uv": [44, 102], "uv_size": [2.5, 2]},
								"down": {"uv": [48, 104], "uv_size": [2.5, -2]}
							}
						},
						{
							"origin": [1.6238, 4.221, 2.1164],
							"size": [2.29639, 0.924, 2.31],
							"uv": {
								"north": {"uv": [68, 117], "uv_size": [2.5, 1]},
								"east": {"uv": [72, 117], "uv_size": [2.5, 1]},
								"south": {"uv": [76, 117], "uv_size": [2.5, 1]},
								"west": {"uv": [80, 117], "uv_size": [2.5, 1]},
								"up": {"uv": [93, 49], "uv_size": [2.5, 2.5]},
								"down": {"uv": [93, 55.5], "uv_size": [2.5, -2.5]}
							}
						},
						{
							"origin": [1.6238, 4.221, 4.4264],
							"size": [2.29639, 0.924, 1.86238],
							"pivot": [3.9202, 4.221, 4.4264],
							"rotation": [29.7449, 0, 0],
							"uv": {
								"north": {"uv": [84, 117], "uv_size": [2.5, 1]},
								"east": {"uv": [120, 99], "uv_size": [2, 1]},
								"south": {"uv": [88, 117], "uv_size": [2.5, 1]},
								"west": {"uv": [6, 121], "uv_size": [2, 1]},
								"up": {"uv": [52, 102], "uv_size": [2.5, 2]},
								"down": {"uv": [88, 104], "uv_size": [2.5, -2]}
							}
						},
						{
							"origin": [-3.927, 4.221, 2.55722],
							"size": [2.2964, 0.924, 1.86238],
							"pivot": [-3.927, 4.221, 4.4196],
							"rotation": [0, 90, 29.7449],
							"uv": {
								"north": {"uv": [98, 117], "uv_size": [2.5, 1]},
								"east": {"uv": [9, 121], "uv_size": [2, 1]},
								"south": {"uv": [102, 117], "uv_size": [2.5, 1]},
								"west": {"uv": [121, 51], "uv_size": [2, 1]},
								"up": {"uv": [30, 103], "uv_size": [2.5, 2]},
								"down": {"uv": [77, 105], "uv_size": [2.5, -2]}
							}
						},
						{
							"origin": [-3.9202, 4.221, 0.25402],
							"size": [2.29639, 0.924, 1.86238],
							"pivot": [-3.9202, 4.221, 2.1164],
							"rotation": [-29.7449, 0, 0],
							"uv": {
								"north": {"uv": [117, 102], "uv_size": [2.5, 1]},
								"east": {"uv": [121, 53], "uv_size": [2, 1]},
								"south": {"uv": [117, 104], "uv_size": [2.5, 1]},
								"west": {"uv": [121, 55], "uv_size": [2, 1]},
								"up": {"uv": [84, 103], "uv_size": [2.5, 2]},
								"down": {"uv": [0, 106], "uv_size": [2.5, -2]}
							}
						},
						{
							"origin": [-1.617, 4.221, 4.4196],
							"size": [2.2964, 0.924, 1.86239],
							"pivot": [-1.617, 4.221, 4.4196],
							"rotation": [0, 90, -29.7449],
							"uv": {
								"north": {"uv": [106, 117], "uv_size": [2.5, 1]},
								"east": {"uv": [121, 57], "uv_size": [2, 1]},
								"south": {"uv": [110, 117], "uv_size": [2.5, 1]},
								"west": {"uv": [90, 121], "uv_size": [2, 1]},
								"up": {"uv": [104, 0], "uv_size": [2.5, 2]},
								"down": {"uv": [4, 106], "uv_size": [2.5, -2]}
							}
						},
						{
							"origin": [-3.9202, 4.221, 2.1164],
							"size": [2.29639, 0.924, 2.31],
							"uv": {
								"north": {"uv": [114, 117], "uv_size": [2.5, 1]},
								"east": {"uv": [117, 115], "uv_size": [2.5, 1]},
								"south": {"uv": [0, 118], "uv_size": [2.5, 1]},
								"west": {"uv": [118, 0], "uv_size": [2.5, 1]},
								"up": {"uv": [93, 57], "uv_size": [2.5, 2.5]},
								"down": {"uv": [93, 63.5], "uv_size": [2.5, -2.5]}
							}
						},
						{
							"origin": [-3.9202, 4.221, 4.4264],
							"size": [2.29639, 0.924, 1.86238],
							"pivot": [-3.9202, 4.221, 4.4264],
							"rotation": [29.7449, 0, 0],
							"uv": {
								"north": {"uv": [118, 2], "uv_size": [2.5, 1]},
								"east": {"uv": [121, 101], "uv_size": [2, 1]},
								"south": {"uv": [4, 118], "uv_size": [2.5, 1]},
								"west": {"uv": [121, 103], "uv_size": [2, 1]},
								"up": {"uv": [8, 104], "uv_size": [2.5, 2]},
								"down": {"uv": [12, 106], "uv_size": [2.5, -2]}
							}
						},
						{
							"origin": [-3.9202, 5.145, 0.4994],
							"size": [2.29639, 12.936, 5.544],
							"pivot": [-2.772, 5.145, 3.2714],
							"rotation": [0, 45, 0],
							"uv": {
								"north": {"uv": [45, 45], "uv_size": [2.5, 14]},
								"east": {"uv": [0, 30], "uv_size": [6, 14]},
								"south": {"uv": [49, 0], "uv_size": [2.5, 14]},
								"west": {"uv": [7, 30], "uv_size": [6, 14]},
								"up": {"uv": [73, 0], "uv_size": [2.5, 6]},
								"down": {"uv": [4, 79], "uv_size": [2.5, -6]}
							}
						},
						{
							"origin": [-4.92556, 17.0184, -0.36736],
							"size": [0.54079, 0.693, 3.0492],
							"pivot": [-4.88616, 17.2494, 1.15724],
							"rotation": [0, 55, 0],
							"uv": {
								"north": {"uv": [138, 105], "uv_size": [0.5, 1]},
								"east": {"uv": [84, 19], "uv_size": [3.5, 1]},
								"south": {"uv": [37, 139], "uv_size": [0.5, 1]},
								"west": {"uv": [107, 81], "uv_size": [3.5, 1]},
								"up": {"uv": [123, 30], "uv_size": [0.5, 3.5]},
								"down": {"uv": [123, 38.5], "uv_size": [0.5, -3.5]}
							}
						},
						{
							"origin": [5.69684, 5.2374, -0.80603],
							"size": [1.2012, 2.2638, 1.2012],
							"pivot": [6.29744, 5.7687, -0.20543],
							"rotation": [0, 45, 0],
							"uv": {
								"north": {"uv": [3, 107], "uv_size": [1.5, 2.5]},
								"east": {"uv": [6, 107], "uv_size": [1.5, 2.5]},
								"south": {"uv": [9, 107], "uv_size": [1.5, 2.5]},
								"west": {"uv": [12, 107], "uv_size": [1.5, 2.5]},
								"up": {"uv": [12, 119], "uv_size": [1.5, 1.5]},
								"down": {"uv": [15, 120.5], "uv_size": [1.5, -1.5]}
							}
						},
						{
							"origin": [4.38476, 5.4222, -0.36736],
							"size": [0.54079, 0.693, 3.0492],
							"pivot": [4.88616, 5.8842, 1.15724],
							"rotation": [0, -55, 0],
							"uv": {
								"north": {"uv": [43, 139], "uv_size": [0.5, 1]},
								"east": {"uv": [108, 101], "uv_size": [3.5, 1]},
								"south": {"uv": [48, 139], "uv_size": [0.5, 1]},
								"west": {"uv": [66, 109], "uv_size": [3.5, 1]},
								"up": {"uv": [123, 40], "uv_size": [0.5, 3.5]},
								"down": {"uv": [123, 77.5], "uv_size": [0.5, -3.5]}
							}
						},
						{
							"origin": [5.92784, 4.5444, -0.57503],
							"size": [0.7392, 14.2758, 0.7392],
							"pivot": [6.29744, 15.5169, -0.20543],
							"rotation": [0, 45, 0],
							"uv": {
								"north": {"uv": [71, 8], "uv_size": [1, 15.5]},
								"east": {"uv": [57, 71], "uv_size": [1, 15.5]},
								"south": {"uv": [59, 71], "uv_size": [1, 15.5]},
								"west": {"uv": [61, 71], "uv_size": [1, 15.5]},
								"up": {"uv": [73, 69], "uv_size": [1, 1]},
								"down": {"uv": [76, 38], "uv_size": [1, -1]}
							}
						},
						{
							"origin": [5.69684, 15.6324, -0.80603],
							"size": [1.2012, 2.2638, 1.2012],
							"pivot": [6.29744, 17.3649, -0.20543],
							"rotation": [0, 45, 0],
							"uv": {
								"north": {"uv": [107, 15], "uv_size": [1.5, 2.5]},
								"east": {"uv": [107, 19], "uv_size": [1.5, 2.5]},
								"south": {"uv": [107, 23], "uv_size": [1.5, 2.5]},
								"west": {"uv": [107, 35], "uv_size": [1.5, 2.5]},
								"up": {"uv": [18, 119], "uv_size": [1.5, 1.5]},
								"down": {"uv": [30, 120.5], "uv_size": [1.5, -1.5]}
							}
						},
						{
							"origin": [4.38476, 17.0184, -0.36736],
							"size": [0.54079, 0.693, 3.0492],
							"pivot": [4.88616, 17.2494, 1.15724],
							"rotation": [0, -55, 0],
							"uv": {
								"north": {"uv": [50, 139], "uv_size": [0.5, 1]},
								"east": {"uv": [71, 109], "uv_size": [3.5, 1]},
								"south": {"uv": [52, 139], "uv_size": [0.5, 1]},
								"west": {"uv": [76, 109], "uv_size": [3.5, 1]},
								"up": {"uv": [123, 79], "uv_size": [0.5, 3.5]},
								"down": {"uv": [89, 126.5], "uv_size": [0.5, -3.5]}
							}
						},
						{
							"origin": [-6.89804, 5.2374, -0.80603],
							"size": [1.2012, 2.2638, 1.2012],
							"pivot": [-6.29744, 5.7687, -0.20543],
							"rotation": [0, -45, 0],
							"uv": {
								"north": {"uv": [107, 39], "uv_size": [1.5, 2.5]},
								"east": {"uv": [107, 48], "uv_size": [1.5, 2.5]},
								"south": {"uv": [56, 107], "uv_size": [1.5, 2.5]},
								"west": {"uv": [107, 65], "uv_size": [1.5, 2.5]},
								"up": {"uv": [33, 119], "uv_size": [1.5, 1.5]},
								"down": {"uv": [36, 120.5], "uv_size": [1.5, -1.5]}
							}
						},
						{
							"origin": [-4.92556, 5.4222, -0.36736],
							"size": [0.54079, 0.693, 3.0492],
							"pivot": [-4.88616, 5.8842, 1.15724],
							"rotation": [0, 55, 0],
							"uv": {
								"north": {"uv": [54, 139], "uv_size": [0.5, 1]},
								"east": {"uv": [81, 109], "uv_size": [3.5, 1]},
								"south": {"uv": [56, 139], "uv_size": [0.5, 1]},
								"west": {"uv": [92, 109], "uv_size": [3.5, 1]},
								"up": {"uv": [91, 123], "uv_size": [0.5, 3.5]},
								"down": {"uv": [121, 126.5], "uv_size": [0.5, -3.5]}
							}
						},
						{
							"origin": [-6.66704, 4.5444, -0.57503],
							"size": [0.7392, 14.2758, 0.7392],
							"pivot": [-6.29744, 15.5169, -0.20543],
							"rotation": [0, -45, 0],
							"uv": {
								"north": {"uv": [63, 71], "uv_size": [1, 15.5]},
								"east": {"uv": [65, 71], "uv_size": [1, 15.5]},
								"south": {"uv": [67, 71], "uv_size": [1, 15.5]},
								"west": {"uv": [69, 71], "uv_size": [1, 15.5]},
								"up": {"uv": [111, 13], "uv_size": [1, 1]},
								"down": {"uv": [84, 116], "uv_size": [1, -1]}
							}
						},
						{
							"origin": [-6.89804, 15.6324, -0.80603],
							"size": [1.2012, 2.2638, 1.2012],
							"pivot": [-6.29744, 17.3649, -0.20543],
							"rotation": [0, -45, 0],
							"uv": {
								"north": {"uv": [107, 69], "uv_size": [1.5, 2.5]},
								"east": {"uv": [107, 73], "uv_size": [1.5, 2.5]},
								"south": {"uv": [107, 77], "uv_size": [1.5, 2.5]},
								"west": {"uv": [101, 107], "uv_size": [1.5, 2.5]},
								"up": {"uv": [48, 119], "uv_size": [1.5, 1.5]},
								"down": {"uv": [51, 120.5], "uv_size": [1.5, -1.5]}
							}
						},
						{
							"origin": [-6.71786, 12.53815, -0.62585],
							"size": [0.84084, 2.7697, 0.84084],
							"pivot": [-6.29744, 14.51436, -0.20543],
							"rotation": [0, -45, 0],
							"uv": {
								"north": {"uv": [72, 39], "uv_size": [1, 3]},
								"east": {"uv": [0, 110], "uv_size": [1, 3]},
								"south": {"uv": [23, 110], "uv_size": [1, 3]},
								"west": {"uv": [51, 110], "uv_size": [1, 3]},
								"up": {"uv": [90, 119], "uv_size": [1, 1]},
								"down": {"uv": [132, 122], "uv_size": [1, -1]}
							}
						},
						{
							"origin": [4.105, 12.537, -0.0781],
							"size": [2.31, 2.772, 0.231],
							"pivot": [4.105, 15.309, 0.1529],
							"rotation": [0, 5.5, 0],
							"uv": {
								"north": {"uv": [84, 15], "uv_size": [2.5, 3]},
								"east": {"uv": [124, 59], "uv_size": [0.5, 3]},
								"south": {"uv": [84, 37], "uv_size": [2.5, 3]},
								"west": {"uv": [124, 63], "uv_size": [0.5, 3]},
								"up": {"uv": [69, 131], "uv_size": [2.5, 0.5]},
								"down": {"uv": [131, 69.5], "uv_size": [2.5, -0.5]}
							}
						},
						{
							"origin": [5.31966, 14.8701, -0.29764],
							"size": [0.3234, 0.3234, 0.462],
							"pivot": [5.41206, 14.9625, -0.25144],
							"rotation": [-3.89507, 3.8861, -45.13219],
							"uv": {
								"north": {"uv": [145, 138], "uv_size": [0.5, 0.5]},
								"east": {"uv": [140, 145], "uv_size": [0.5, 0.5]},
								"south": {"uv": [145, 140], "uv_size": [0.5, 0.5]},
								"west": {"uv": [142, 145], "uv_size": [0.5, 0.5]},
								"up": {"uv": [145, 142], "uv_size": [0.5, 0.5]},
								"down": {"uv": [144, 145.5], "uv_size": [0.5, -0.5]}
							}
						},
						{
							"origin": [5.31966, 14.3157, -0.29764],
							"size": [0.3234, 0.3234, 0.462],
							"pivot": [5.41206, 14.4081, -0.25144],
							"rotation": [-3.89507, 3.8861, -45.13219],
							"uv": {
								"north": {"uv": [0, 146], "uv_size": [0.5, 0.5]},
								"east": {"uv": [146, 2], "uv_size": [0.5, 0.5]},
								"south": {"uv": [4, 146], "uv_size": [0.5, 0.5]},
								"west": {"uv": [146, 4], "uv_size": [0.5, 0.5]},
								"up": {"uv": [6, 146], "uv_size": [0.5, 0.5]},
								"down": {"uv": [146, 6.5], "uv_size": [0.5, -0.5]}
							}
						},
						{
							"origin": [5.31966, 7.8477, -0.29764],
							"size": [0.3234, 0.3234, 0.462],
							"pivot": [5.41206, 7.9401, -0.25144],
							"rotation": [-3.89507, 3.8861, -45.13219],
							"uv": {
								"north": {"uv": [146, 8], "uv_size": [0.5, 0.5]},
								"east": {"uv": [10, 146], "uv_size": [0.5, 0.5]},
								"south": {"uv": [146, 10], "uv_size": [0.5, 0.5]},
								"west": {"uv": [146, 14], "uv_size": [0.5, 0.5]},
								"up": {"uv": [146, 16], "uv_size": [0.5, 0.5]},
								"down": {"uv": [18, 146.5], "uv_size": [0.5, -0.5]}
							}
						},
						{
							"origin": [5.31966, 8.4021, -0.29764],
							"size": [0.3234, 0.3234, 0.462],
							"pivot": [5.41206, 8.4945, -0.25144],
							"rotation": [-3.89507, 3.8861, -45.13219],
							"uv": {
								"north": {"uv": [146, 18], "uv_size": [0.5, 0.5]},
								"east": {"uv": [20, 146], "uv_size": [0.5, 0.5]},
								"south": {"uv": [146, 20], "uv_size": [0.5, 0.5]},
								"west": {"uv": [146, 22], "uv_size": [0.5, 0.5]},
								"up": {"uv": [146, 24], "uv_size": [0.5, 0.5]},
								"down": {"uv": [25, 146.5], "uv_size": [0.5, -0.5]}
							}
						},
						{
							"origin": [5.31966, 8.9565, -0.29764],
							"size": [0.3234, 0.3234, 0.462],
							"pivot": [5.41206, 9.0489, -0.25144],
							"rotation": [-3.89507, 3.8861, -45.13219],
							"uv": {
								"north": {"uv": [146, 26], "uv_size": [0.5, 0.5]},
								"east": {"uv": [27, 146], "uv_size": [0.5, 0.5]},
								"south": {"uv": [146, 28], "uv_size": [0.5, 0.5]},
								"west": {"uv": [29, 146], "uv_size": [0.5, 0.5]},
								"up": {"uv": [146, 30], "uv_size": [0.5, 0.5]},
								"down": {"uv": [31, 146.5], "uv_size": [0.5, -0.5]}
							}
						},
						{
							"origin": [5.31966, 10.0653, -0.29764],
							"size": [0.3234, 0.3234, 0.462],
							"pivot": [5.41206, 10.1577, -0.25144],
							"rotation": [-3.89507, 3.8861, -45.13219],
							"uv": {
								"north": {"uv": [146, 32], "uv_size": [0.5, 0.5]},
								"east": {"uv": [33, 146], "uv_size": [0.5, 0.5]},
								"south": {"uv": [146, 34], "uv_size": [0.5, 0.5]},
								"west": {"uv": [146, 36], "uv_size": [0.5, 0.5]},
								"up": {"uv": [38, 146], "uv_size": [0.5, 0.5]},
								"down": {"uv": [146, 38.5], "uv_size": [0.5, -0.5]}
							}
						},
						{
							"origin": [5.31966, 9.5109, -0.29764],
							"size": [0.3234, 0.3234, 0.462],
							"pivot": [5.41206, 9.6033, -0.25144],
							"rotation": [-3.89507, 3.8861, -45.13219],
							"uv": {
								"north": {"uv": [146, 42], "uv_size": [0.5, 0.5]},
								"east": {"uv": [44, 146], "uv_size": [0.5, 0.5]},
								"south": {"uv": [146, 51], "uv_size": [0.5, 0.5]},
								"west": {"uv": [146, 53], "uv_size": [0.5, 0.5]},
								"up": {"uv": [146, 57], "uv_size": [0.5, 0.5]},
								"down": {"uv": [146, 69.5], "uv_size": [0.5, -0.5]}
							}
						},
						{
							"origin": [-5.64306, 14.8701, -0.29764],
							"size": [0.3234, 0.3234, 0.462],
							"pivot": [-5.41206, 14.9625, -0.25144],
							"rotation": [-3.89507, -3.8861, 45.13219],
							"uv": {
								"north": {"uv": [146, 71], "uv_size": [0.5, 0.5]},
								"east": {"uv": [146, 73], "uv_size": [0.5, 0.5]},
								"south": {"uv": [75, 146], "uv_size": [0.5, 0.5]},
								"west": {"uv": [146, 75], "uv_size": [0.5, 0.5]},
								"up": {"uv": [146, 77], "uv_size": [0.5, 0.5]},
								"down": {"uv": [146, 79.5], "uv_size": [0.5, -0.5]}
							}
						},
						{
							"origin": [-5.64306, 14.3157, -0.29764],
							"size": [0.3234, 0.3234, 0.462],
							"pivot": [-5.41206, 14.4081, -0.25144],
							"rotation": [-3.89507, -3.8861, 45.13219],
							"uv": {
								"north": {"uv": [146, 81], "uv_size": [0.5, 0.5]},
								"east": {"uv": [146, 83], "uv_size": [0.5, 0.5]},
								"south": {"uv": [146, 85], "uv_size": [0.5, 0.5]},
								"west": {"uv": [146, 87], "uv_size": [0.5, 0.5]},
								"up": {"uv": [146, 89], "uv_size": [0.5, 0.5]},
								"down": {"uv": [146, 91.5], "uv_size": [0.5, -0.5]}
							}
						},
						{
							"origin": [-5.64306, 13.7613, -0.29764],
							"size": [0.3234, 0.3234, 0.462],
							"pivot": [-5.41206, 13.8537, -0.25144],
							"rotation": [-3.89507, -3.8861, 45.13219],
							"uv": {
								"north": {"uv": [146, 93], "uv_size": [0.5, 0.5]},
								"east": {"uv": [146, 97], "uv_size": [0.5, 0.5]},
								"south": {"uv": [146, 99], "uv_size": [0.5, 0.5]},
								"west": {"uv": [146, 101], "uv_size": [0.5, 0.5]},
								"up": {"uv": [146, 106], "uv_size": [0.5, 0.5]},
								"down": {"uv": [146, 108.5], "uv_size": [0.5, -0.5]}
							}
						},
						{
							"origin": [-5.64306, 13.2069, -0.29764],
							"size": [0.3234, 0.3234, 0.462],
							"pivot": [-5.41206, 13.2993, -0.25144],
							"rotation": [-3.89507, -3.8861, 45.13219],
							"uv": {
								"north": {"uv": [146, 110], "uv_size": [0.5, 0.5]},
								"east": {"uv": [146, 112], "uv_size": [0.5, 0.5]},
								"south": {"uv": [146, 114], "uv_size": [0.5, 0.5]},
								"west": {"uv": [146, 116], "uv_size": [0.5, 0.5]},
								"up": {"uv": [146, 118], "uv_size": [0.5, 0.5]},
								"down": {"uv": [146, 120.5], "uv_size": [0.5, -0.5]}
							}
						},
						{
							"origin": [-5.64306, 12.6525, -0.29764],
							"size": [0.3234, 0.3234, 0.462],
							"pivot": [-5.41206, 12.7449, -0.25144],
							"rotation": [-3.89507, -3.8861, 45.13219],
							"uv": {
								"north": {"uv": [146, 122], "uv_size": [0.5, 0.5]},
								"east": {"uv": [146, 124], "uv_size": [0.5, 0.5]},
								"south": {"uv": [146, 126], "uv_size": [0.5, 0.5]},
								"west": {"uv": [129, 146], "uv_size": [0.5, 0.5]},
								"up": {"uv": [133, 146], "uv_size": [0.5, 0.5]},
								"down": {"uv": [135, 146.5], "uv_size": [0.5, -0.5]}
							}
						},
						{
							"origin": [-5.64306, 7.8477, -0.29764],
							"size": [0.3234, 0.3234, 0.462],
							"pivot": [-5.41206, 7.9401, -0.25144],
							"rotation": [-3.89507, -3.8861, 45.13219],
							"uv": {
								"north": {"uv": [146, 135], "uv_size": [0.5, 0.5]},
								"east": {"uv": [137, 146], "uv_size": [0.5, 0.5]},
								"south": {"uv": [146, 144], "uv_size": [0.5, 0.5]},
								"west": {"uv": [146, 146], "uv_size": [0.5, 0.5]},
								"up": {"uv": [147, 0], "uv_size": [0.5, 0.5]},
								"down": {"uv": [2, 147.5], "uv_size": [0.5, -0.5]}
							}
						},
						{
							"origin": [-5.64306, 8.4021, -0.29764],
							"size": [0.3234, 0.3234, 0.462],
							"pivot": [-5.41206, 8.4945, -0.25144],
							"rotation": [-3.89507, -3.8861, 45.13219],
							"uv": {
								"north": {"uv": [8, 147], "uv_size": [0.5, 0.5]},
								"east": {"uv": [12, 147], "uv_size": [0.5, 0.5]},
								"south": {"uv": [147, 12], "uv_size": [0.5, 0.5]},
								"west": {"uv": [14, 147], "uv_size": [0.5, 0.5]},
								"up": {"uv": [16, 147], "uv_size": [0.5, 0.5]},
								"down": {"uv": [22, 147.5], "uv_size": [0.5, -0.5]}
							}
						},
						{
							"origin": [-5.64306, 8.9565, -0.29764],
							"size": [0.3234, 0.3234, 0.462],
							"pivot": [-5.41206, 9.0489, -0.25144],
							"rotation": [-3.89507, -3.8861, 45.13219],
							"uv": {
								"north": {"uv": [35, 147], "uv_size": [0.5, 0.5]},
								"east": {"uv": [40, 147], "uv_size": [0.5, 0.5]},
								"south": {"uv": [147, 40], "uv_size": [0.5, 0.5]},
								"west": {"uv": [42, 147], "uv_size": [0.5, 0.5]},
								"up": {"uv": [147, 44], "uv_size": [0.5, 0.5]},
								"down": {"uv": [46, 147.5], "uv_size": [0.5, -0.5]}
							}
						},
						{
							"origin": [-5.64306, 10.0653, -0.29764],
							"size": [0.3234, 0.3234, 0.462],
							"pivot": [-5.41206, 10.1577, -0.25144],
							"rotation": [-3.89507, -3.8861, 45.13219],
							"uv": {
								"north": {"uv": [147, 46], "uv_size": [0.5, 0.5]},
								"east": {"uv": [48, 147], "uv_size": [0.5, 0.5]},
								"south": {"uv": [147, 48], "uv_size": [0.5, 0.5]},
								"west": {"uv": [50, 147], "uv_size": [0.5, 0.5]},
								"up": {"uv": [52, 147], "uv_size": [0.5, 0.5]},
								"down": {"uv": [54, 147.5], "uv_size": [0.5, -0.5]}
							}
						},
						{
							"origin": [-5.64306, 9.5109, -0.29764],
							"size": [0.3234, 0.3234, 0.462],
							"pivot": [-5.41206, 9.6033, -0.25144],
							"rotation": [-3.89507, -3.8861, 45.13219],
							"uv": {
								"north": {"uv": [147, 55], "uv_size": [0.5, 0.5]},
								"east": {"uv": [56, 147], "uv_size": [0.5, 0.5]},
								"south": {"uv": [58, 147], "uv_size": [0.5, 0.5]},
								"west": {"uv": [147, 59], "uv_size": [0.5, 0.5]},
								"up": {"uv": [60, 147], "uv_size": [0.5, 0.5]},
								"down": {"uv": [147, 61.5], "uv_size": [0.5, -0.5]}
							}
						},
						{
							"origin": [5.31966, 13.7613, -0.29764],
							"size": [0.3234, 0.3234, 0.462],
							"pivot": [5.41206, 13.8537, -0.25144],
							"rotation": [-3.89507, 3.8861, -45.13219],
							"uv": {
								"north": {"uv": [62, 147], "uv_size": [0.5, 0.5]},
								"east": {"uv": [147, 63], "uv_size": [0.5, 0.5]},
								"south": {"uv": [64, 147], "uv_size": [0.5, 0.5]},
								"west": {"uv": [147, 65], "uv_size": [0.5, 0.5]},
								"up": {"uv": [66, 147], "uv_size": [0.5, 0.5]},
								"down": {"uv": [147, 67.5], "uv_size": [0.5, -0.5]}
							}
						},
						{
							"origin": [5.31966, 13.2069, -0.29764],
							"size": [0.3234, 0.3234, 0.462],
							"pivot": [5.41206, 13.2993, -0.25144],
							"rotation": [-3.89507, 3.8861, -45.13219],
							"uv": {
								"north": {"uv": [68, 147], "uv_size": [0.5, 0.5]},
								"east": {"uv": [70, 147], "uv_size": [0.5, 0.5]},
								"south": {"uv": [72, 147], "uv_size": [0.5, 0.5]},
								"west": {"uv": [77, 147], "uv_size": [0.5, 0.5]},
								"up": {"uv": [79, 147], "uv_size": [0.5, 0.5]},
								"down": {"uv": [81, 147.5], "uv_size": [0.5, -0.5]}
							}
						},
						{
							"origin": [5.31966, 12.6525, -0.29764],
							"size": [0.3234, 0.3234, 0.462],
							"pivot": [5.41206, 12.7449, -0.25144],
							"rotation": [-3.89507, 3.8861, -45.13219],
							"uv": {
								"north": {"uv": [83, 147], "uv_size": [0.5, 0.5]},
								"east": {"uv": [85, 147], "uv_size": [0.5, 0.5]},
								"south": {"uv": [87, 147], "uv_size": [0.5, 0.5]},
								"west": {"uv": [89, 147], "uv_size": [0.5, 0.5]},
								"up": {"uv": [91, 147], "uv_size": [0.5, 0.5]},
								"down": {"uv": [93, 147.5], "uv_size": [0.5, -0.5]}
							}
						},
						{
							"origin": [5.87702, 12.53815, -0.62585],
							"size": [0.84084, 2.7697, 0.84084],
							"pivot": [6.29744, 14.51436, -0.20543],
							"rotation": [0, 45, 0],
							"uv": {
								"north": {"uv": [53, 110], "uv_size": [1, 3]},
								"east": {"uv": [88, 110], "uv_size": [1, 3]},
								"south": {"uv": [90, 110], "uv_size": [1, 3]},
								"west": {"uv": [2, 111], "uv_size": [1, 3]},
								"up": {"uv": [41, 133], "uv_size": [1, 1]},
								"down": {"uv": [133, 53], "uv_size": [1, -1]}
							}
						},
						{
							"origin": [-6.71786, 7.77955, -0.62585],
							"size": [0.84084, 2.7697, 0.84084],
							"pivot": [-6.29744, 9.75576, -0.20543],
							"rotation": [0, -45, 0],
							"uv": {
								"north": {"uv": [4, 111], "uv_size": [1, 3]},
								"east": {"uv": [111, 5], "uv_size": [1, 3]},
								"south": {"uv": [6, 111], "uv_size": [1, 3]},
								"west": {"uv": [8, 111], "uv_size": [1, 3]},
								"up": {"uv": [133, 54], "uv_size": [1, 1]},
								"down": {"uv": [57, 134], "uv_size": [1, -1]}
							}
						},
						{
							"origin": [-6.415, 7.7784, -0.0781],
							"size": [2.31, 2.772, 0.231],
							"pivot": [-4.105, 10.5504, 0.1529],
							"rotation": [0, -5.5, 0],
							"uv": {
								"north": {"uv": [84, 41], "uv_size": [2.5, 3]},
								"east": {"uv": [124, 67], "uv_size": [0.5, 3]},
								"south": {"uv": [84, 45], "uv_size": [2.5, 3]},
								"west": {"uv": [124, 86], "uv_size": [0.5, 3]},
								"up": {"uv": [131, 71], "uv_size": [2.5, 0.5]},
								"down": {"uv": [73, 131.5], "uv_size": [2.5, -0.5]}
							}
						},
						{
							"origin": [-4.105, 7.7784, -0.0781],
							"size": [8.20999, 2.772, 0.231],
							"uv": {
								"north": {"uv": [57, 23], "uv_size": [9, 3]},
								"east": {"uv": [124, 90], "uv_size": [0.5, 3]},
								"south": {"uv": [57, 27], "uv_size": [9, 3]},
								"west": {"uv": [124, 94], "uv_size": [0.5, 3]},
								"up": {"uv": [66, 104], "uv_size": [9, 0.5]},
								"down": {"uv": [92, 104.5], "uv_size": [9, -0.5]}
							}
						},
						{
							"origin": [4.105, 7.7784, -0.0781],
							"size": [2.31, 2.772, 0.231],
							"pivot": [4.105, 10.5504, 0.1529],
							"rotation": [0, 5.5, 0],
							"uv": {
								"north": {"uv": [84, 51], "uv_size": [2.5, 3]},
								"east": {"uv": [124, 101], "uv_size": [0.5, 3]},
								"south": {"uv": [84, 55], "uv_size": [2.5, 3]},
								"west": {"uv": [124, 115], "uv_size": [0.5, 3]},
								"up": {"uv": [131, 73], "uv_size": [2.5, 0.5]},
								"down": {"uv": [131, 75.5], "uv_size": [2.5, -0.5]}
							}
						},
						{
							"origin": [5.87702, 7.77955, -0.62585],
							"size": [0.84084, 2.7697, 0.84084],
							"pivot": [6.29744, 9.75576, -0.20543],
							"rotation": [0, 45, 0],
							"uv": {
								"north": {"uv": [111, 9], "uv_size": [1, 3]},
								"east": {"uv": [10, 111], "uv_size": [1, 3]},
								"south": {"uv": [12, 111], "uv_size": [1, 3]},
								"west": {"uv": [111, 27], "uv_size": [1, 3]},
								"up": {"uv": [59, 133], "uv_size": [1, 1]},
								"down": {"uv": [61, 134], "uv_size": [1, -1]}
							}
						},
						{
							"origin": [-3.9202, 5.145, 0.4994],
							"size": [2.29639, 12.936, 5.544],
							"uv": {
								"north": {"uv": [49, 15], "uv_size": [2.5, 14]},
								"east": {"uv": [14, 30], "uv_size": [6, 14]},
								"south": {"uv": [49, 30], "uv_size": [2.5, 14]},
								"west": {"uv": [21, 30], "uv_size": [6, 14]},
								"up": {"uv": [73, 7], "uv_size": [2.5, 6]},
								"down": {"uv": [8, 79], "uv_size": [2.5, -6]}
							}
						},
						{
							"origin": [1.6238, 5.145, 0.4994],
							"size": [2.29639, 12.936, 5.544],
							"pivot": [2.772, 5.145, 3.2714],
							"rotation": [0, -45, 0],
							"uv": {
								"north": {"uv": [49, 45], "uv_size": [2.5, 14]},
								"east": {"uv": [28, 30], "uv_size": [6, 14]},
								"south": {"uv": [53, 0], "uv_size": [2.5, 14]},
								"west": {"uv": [35, 0], "uv_size": [6, 14]},
								"up": {"uv": [12, 73], "uv_size": [2.5, 6]},
								"down": {"uv": [73, 20], "uv_size": [2.5, -6]}
							}
						},
						{
							"origin": [1.6238, 5.145, 0.4994],
							"size": [2.29639, 12.936, 5.544],
							"pivot": [2.772, 5.145, 3.2714],
							"rotation": [0, -90, 0],
							"uv": {
								"north": {"uv": [53, 15], "uv_size": [2.5, 14]},
								"east": {"uv": [35, 15], "uv_size": [6, 14]},
								"south": {"uv": [53, 30], "uv_size": [2.5, 14]},
								"west": {"uv": [35, 30], "uv_size": [6, 14]},
								"up": {"uv": [16, 73], "uv_size": [2.5, 6]},
								"down": {"uv": [73, 57], "uv_size": [2.5, -6]}
							}
						},
						{
							"origin": [1.6238, 5.145, 0.4994],
							"size": [2.29639, 12.936, 5.544],
							"pivot": [2.772, 5.145, 3.2714],
							"rotation": [-180, -45, 180],
							"uv": {
								"north": {"uv": [53, 45], "uv_size": [2.5, 14]},
								"east": {"uv": [42, 0], "uv_size": [6, 14]},
								"south": {"uv": [57, 0], "uv_size": [2.5, 14]},
								"west": {"uv": [42, 15], "uv_size": [6, 14]},
								"up": {"uv": [73, 58], "uv_size": [2.5, 6]},
								"down": {"uv": [74, 45], "uv_size": [2.5, -6]}
							}
						},
						{
							"origin": [-4.9738, 18.36533, 2.717],
							"size": [0.64016, 2.21668, 1.1088],
							"pivot": [-4.65372, 18.36533, 3.2714],
							"rotation": [-180, -60, 150.2551],
							"uv": {
								"north": {"uv": [111, 130], "uv_size": [0.5, 2.5]},
								"east": {"uv": [57, 117], "uv_size": [1, 2.5]},
								"south": {"uv": [4, 131], "uv_size": [0.5, 2.5]},
								"west": {"uv": [92, 117], "uv_size": [1, 2.5]},
								"up": {"uv": [58, 139], "uv_size": [0.5, 1]},
								"down": {"uv": [60, 140], "uv_size": [0.5, -1]}
							}
						},
						{
							"origin": [-4.9738, 18.36533, 2.717],
							"size": [0.64016, 2.21575, 1.1088],
							"pivot": [-4.65372, 18.36533, 3.2714],
							"rotation": [0, -60, -29.7449],
							"uv": {
								"north": {"uv": [14, 131], "uv_size": [0.5, 2.5]},
								"east": {"uv": [118, 15], "uv_size": [1, 2.5]},
								"south": {"uv": [47, 131], "uv_size": [0.5, 2.5]},
								"west": {"uv": [118, 19], "uv_size": [1, 2.5]},
								"up": {"uv": [62, 139], "uv_size": [0.5, 1]},
								"down": {"uv": [64, 140], "uv_size": [0.5, -1]}
							}
						},
						{
							"origin": [-4.87475, 19.54429, 2.5784],
							"size": [0.80021, 0.693, 1.386],
							"pivot": [-4.47464, 18.04279, 3.2714],
							"rotation": [-180, -60, 150.2551],
							"uv": {
								"north": {"uv": [63, 133], "uv_size": [1, 1]},
								"east": {"uv": [124, 71], "uv_size": [1.5, 1]},
								"south": {"uv": [65, 133], "uv_size": [1, 1]},
								"west": {"uv": [124, 105], "uv_size": [1.5, 1]},
								"up": {"uv": [124, 110], "uv_size": [1, 1.5]},
								"down": {"uv": [124, 120.5], "uv_size": [1, -1.5]}
							}
						},
						{
							"origin": [-4.87475, 19.54429, 2.5784],
							"size": [0.80021, 0.693, 1.386],
							"pivot": [-4.47464, 18.04279, 3.2714],
							"rotation": [0, -60, -29.7449],
							"uv": {
								"north": {"uv": [67, 133], "uv_size": [1, 1]},
								"east": {"uv": [125, 2], "uv_size": [1.5, 1]},
								"south": {"uv": [69, 133], "uv_size": [1, 1]},
								"west": {"uv": [125, 4], "uv_size": [1.5, 1]},
								"up": {"uv": [125, 6], "uv_size": [1, 1.5]},
								"down": {"uv": [125, 10.5], "uv_size": [1, -1.5]}
							}
						},
						{
							"origin": [-4.87475, 19.54429, 2.5784],
							"size": [0.80021, 0.693, 1.386],
							"pivot": [-4.47464, 18.04279, 3.2714],
							"rotation": [0, 0, -29.7449],
							"uv": {
								"north": {"uv": [71, 133], "uv_size": [1, 1]},
								"east": {"uv": [12, 125], "uv_size": [1.5, 1]},
								"south": {"uv": [73, 133], "uv_size": [1, 1]},
								"west": {"uv": [125, 12], "uv_size": [1.5, 1]},
								"up": {"uv": [125, 14], "uv_size": [1, 1.5]},
								"down": {"uv": [15, 126.5], "uv_size": [1, -1.5]}
							}
						},
						{
							"origin": [4.33363, 18.36533, 2.717],
							"size": [0.64016, 2.21575, 1.1088],
							"pivot": [4.65372, 18.36533, 3.2714],
							"rotation": [-180, 60, -150.2551],
							"uv": {
								"north": {"uv": [131, 86], "uv_size": [0.5, 2.5]},
								"east": {"uv": [22, 118], "uv_size": [1, 2.5]},
								"south": {"uv": [131, 92], "uv_size": [0.5, 2.5]},
								"west": {"uv": [118, 23], "uv_size": [1, 2.5]},
								"up": {"uv": [66, 139], "uv_size": [0.5, 1]},
								"down": {"uv": [68, 140], "uv_size": [0.5, -1]}
							}
						},
						{
							"origin": [4.33363, 18.36533, 2.717],
							"size": [0.64016, 2.2176, 1.1088],
							"pivot": [4.65372, 18.36533, 3.2714],
							"rotation": [0, 60, 29.7449],
							"uv": {
								"north": {"uv": [131, 101], "uv_size": [0.5, 2.5]},
								"east": {"uv": [24, 118], "uv_size": [1, 2.5]},
								"south": {"uv": [131, 111], "uv_size": [0.5, 2.5]},
								"west": {"uv": [26, 118], "uv_size": [1, 2.5]},
								"up": {"uv": [70, 139], "uv_size": [0.5, 1]},
								"down": {"uv": [72, 140], "uv_size": [0.5, -1]}
							}
						},
						{
							"origin": [4.07454, 19.54429, 2.5784],
							"size": [0.80021, 0.693, 1.386],
							"pivot": [4.47464, 18.04279, 3.2714],
							"rotation": [-180, 60, -150.2551],
							"uv": {
								"north": {"uv": [75, 133], "uv_size": [1, 1]},
								"east": {"uv": [17, 125], "uv_size": [1.5, 1]},
								"south": {"uv": [77, 133], "uv_size": [1, 1]},
								"west": {"uv": [125, 17], "uv_size": [1.5, 1]},
								"up": {"uv": [125, 19], "uv_size": [1, 1.5]},
								"down": {"uv": [20, 126.5], "uv_size": [1, -1.5]}
							}
						},
						{
							"origin": [4.07454, 19.54429, 2.5784],
							"size": [0.80021, 0.693, 1.386],
							"pivot": [4.47464, 18.04279, 3.2714],
							"rotation": [0, 60, 29.7449],
							"uv": {
								"north": {"uv": [79, 133], "uv_size": [1, 1]},
								"east": {"uv": [22, 125], "uv_size": [1.5, 1]},
								"south": {"uv": [83, 133], "uv_size": [1, 1]},
								"west": {"uv": [125, 22], "uv_size": [1.5, 1]},
								"up": {"uv": [125, 24], "uv_size": [1, 1.5]},
								"down": {"uv": [25, 126.5], "uv_size": [1, -1.5]}
							}
						},
						{
							"origin": [4.33363, 18.36533, 2.717],
							"size": [0.64016, 2.21668, 1.1088],
							"pivot": [4.65372, 18.36533, 3.2714],
							"rotation": [0, 0, 29.7449],
							"uv": {
								"north": {"uv": [131, 115], "uv_size": [0.5, 2.5]},
								"east": {"uv": [28, 118], "uv_size": [1, 2.5]},
								"south": {"uv": [131, 129], "uv_size": [0.5, 2.5]},
								"west": {"uv": [118, 35], "uv_size": [1, 2.5]},
								"up": {"uv": [74, 139], "uv_size": [0.5, 1]},
								"down": {"uv": [81, 140], "uv_size": [0.5, -1]}
							}
						},
						{
							"origin": [4.07454, 19.54429, 2.5784],
							"size": [0.80021, 0.693, 1.386],
							"pivot": [4.47464, 18.04279, 3.2714],
							"rotation": [0, 0, 29.7449],
							"uv": {
								"north": {"uv": [85, 133], "uv_size": [1, 1]},
								"east": {"uv": [27, 125], "uv_size": [1.5, 1]},
								"south": {"uv": [133, 85], "uv_size": [1, 1]},
								"west": {"uv": [125, 27], "uv_size": [1.5, 1]},
								"up": {"uv": [125, 29], "uv_size": [1, 1.5]},
								"down": {"uv": [30, 126.5], "uv_size": [1, -1.5]}
							}
						},
						{
							"origin": [-1.74434, 18.54102, 2.91104],
							"size": [0.4161, 1.81104, 0.72072],
							"pivot": [-1.53629, 18.91062, 3.2714],
							"rotation": [-180, 60, -150.2551],
							"uv": {
								"north": {"uv": [87, 133], "uv_size": [0.5, 2]},
								"east": {"uv": [57, 121], "uv_size": [1, 2]},
								"south": {"uv": [133, 87], "uv_size": [0.5, 2]},
								"west": {"uv": [122, 0], "uv_size": [1, 2]},
								"up": {"uv": [83, 139], "uv_size": [0.5, 1]},
								"down": {"uv": [85, 140], "uv_size": [0.5, -1]}
							}
						},
						{
							"origin": [-1.74434, 18.54102, 2.91104],
							"size": [0.4161, 1.80919, 0.72072],
							"pivot": [-1.53629, 18.91062, 3.2714],
							"rotation": [0, 60, 29.7449],
							"uv": {
								"north": {"uv": [89, 133], "uv_size": [0.5, 2]},
								"east": {"uv": [12, 122], "uv_size": [1, 2]},
								"south": {"uv": [91, 133], "uv_size": [0.5, 2]},
								"west": {"uv": [14, 122], "uv_size": [1, 2]},
								"up": {"uv": [87, 139], "uv_size": [0.5, 1]},
								"down": {"uv": [139, 99], "uv_size": [0.5, -1]}
							}
						},
						{
							"origin": [-1.91275, 19.67694, 2.82096],
							"size": [0.52014, 0.45046, 0.9009],
							"pivot": [-1.65269, 18.70097, 3.2714],
							"rotation": [-180, 60, -150.2551],
							"uv": {
								"north": {"uv": [95, 147], "uv_size": [0.5, 0.5]},
								"east": {"uv": [100, 139], "uv_size": [1, 0.5]},
								"south": {"uv": [147, 95], "uv_size": [0.5, 0.5]},
								"west": {"uv": [102, 139], "uv_size": [1, 0.5]},
								"up": {"uv": [106, 139], "uv_size": [0.5, 1]},
								"down": {"uv": [139, 108], "uv_size": [0.5, -1]}
							}
						},
						{
							"origin": [-1.91275, 19.67694, 2.82096],
							"size": [0.52014, 0.45046, 0.9009],
							"pivot": [-1.65269, 18.70097, 3.2714],
							"rotation": [0, 60, 29.7449],
							"uv": {
								"north": {"uv": [97, 147], "uv_size": [0.5, 0.5]},
								"east": {"uv": [108, 139], "uv_size": [1, 0.5]},
								"south": {"uv": [99, 147], "uv_size": [0.5, 0.5]},
								"west": {"uv": [110, 139], "uv_size": [1, 0.5]},
								"up": {"uv": [119, 139], "uv_size": [0.5, 1]},
								"down": {"uv": [121, 140], "uv_size": [0.5, -1]}
							}
						},
						{
							"origin": [-1.74434, 18.54102, 2.91104],
							"size": [0.4161, 1.81012, 0.72072],
							"pivot": [-1.53629, 18.91062, 3.2714],
							"rotation": [0, 0, 29.7449],
							"uv": {
								"north": {"uv": [133, 92], "uv_size": [0.5, 2]},
								"east": {"uv": [16, 122], "uv_size": [1, 2]},
								"south": {"uv": [93, 133], "uv_size": [0.5, 2]},
								"west": {"uv": [18, 122], "uv_size": [1, 2]},
								"up": {"uv": [123, 139], "uv_size": [0.5, 1]},
								"down": {"uv": [139, 132], "uv_size": [0.5, -1]}
							}
						},
						{
							"origin": [1.39261, 19.67694, 2.82096],
							"size": [0.52014, 0.45046, 0.9009],
							"pivot": [1.65269, 18.70097, 3.2714],
							"rotation": [0, 0, -29.7449],
							"uv": {
								"north": {"uv": [101, 147], "uv_size": [0.5, 0.5]},
								"east": {"uv": [139, 133], "uv_size": [1, 0.5]},
								"south": {"uv": [103, 147], "uv_size": [0.5, 0.5]},
								"west": {"uv": [139, 135], "uv_size": [1, 0.5]},
								"up": {"uv": [140, 3], "uv_size": [0.5, 1]},
								"down": {"uv": [140, 6], "uv_size": [0.5, -1]}
							}
						},
						{
							"origin": [1.32824, 18.54102, 2.91104],
							"size": [0.4161, 1.80919, 0.72072],
							"pivot": [1.53629, 18.91062, 3.2714],
							"rotation": [0, 0, -29.7449],
							"uv": {
								"north": {"uv": [95, 133], "uv_size": [0.5, 2]},
								"east": {"uv": [20, 122], "uv_size": [1, 2]},
								"south": {"uv": [99, 133], "uv_size": [0.5, 2]},
								"west": {"uv": [22, 122], "uv_size": [1, 2]},
								"up": {"uv": [140, 7], "uv_size": [0.5, 1]},
								"down": {"uv": [140, 10], "uv_size": [0.5, -1]}
							}
						},
						{
							"origin": [1.39261, 19.67694, 2.82096],
							"size": [0.52014, 0.45046, 0.9009],
							"pivot": [1.65269, 18.70097, 3.2714],
							"rotation": [0, -60, -29.7449],
							"uv": {
								"north": {"uv": [147, 103], "uv_size": [0.5, 0.5]},
								"east": {"uv": [140, 11], "uv_size": [1, 0.5]},
								"south": {"uv": [105, 147], "uv_size": [0.5, 0.5]},
								"west": {"uv": [12, 140], "uv_size": [1, 0.5]},
								"up": {"uv": [140, 15], "uv_size": [0.5, 1]},
								"down": {"uv": [140, 18], "uv_size": [0.5, -1]}
							}
						},
						{
							"origin": [1.39261, 19.67694, 2.82096],
							"size": [0.52014, 0.45046, 0.9009],
							"pivot": [1.65269, 18.70097, 3.2714],
							"rotation": [-180, -60, 150.2551],
							"uv": {
								"north": {"uv": [107, 147], "uv_size": [0.5, 0.5]},
								"east": {"uv": [140, 19], "uv_size": [1, 0.5]},
								"south": {"uv": [109, 147], "uv_size": [0.5, 0.5]},
								"west": {"uv": [20, 140], "uv_size": [1, 0.5]},
								"up": {"uv": [140, 21], "uv_size": [0.5, 1]},
								"down": {"uv": [140, 24], "uv_size": [0.5, -1]}
							}
						},
						{
							"origin": [1.32824, 18.54102, 2.91104],
							"size": [0.4161, 1.81104, 0.72072],
							"pivot": [1.53629, 18.91062, 3.2714],
							"rotation": [0, -60, -29.7449],
							"uv": {
								"north": {"uv": [133, 100], "uv_size": [0.5, 2]},
								"east": {"uv": [24, 122], "uv_size": [1, 2]},
								"south": {"uv": [101, 133], "uv_size": [0.5, 2]},
								"west": {"uv": [26, 122], "uv_size": [1, 2]},
								"up": {"uv": [140, 25], "uv_size": [0.5, 1]},
								"down": {"uv": [140, 28], "uv_size": [0.5, -1]}
							}
						},
						{
							"origin": [1.32824, 18.54102, 2.91104],
							"size": [0.4161, 1.81012, 0.72072],
							"pivot": [1.53629, 18.91062, 3.2714],
							"rotation": [-180, -60, 150.2551],
							"uv": {
								"north": {"uv": [103, 133], "uv_size": [0.5, 2]},
								"east": {"uv": [28, 122], "uv_size": [1, 2]},
								"south": {"uv": [105, 133], "uv_size": [0.5, 2]},
								"west": {"uv": [30, 122], "uv_size": [1, 2]},
								"up": {"uv": [140, 29], "uv_size": [0.5, 1]},
								"down": {"uv": [140, 32], "uv_size": [0.5, -1]}
							}
						},
						{
							"origin": [-1.91275, 19.67694, 2.82096],
							"size": [0.52014, 0.45046, 0.9009],
							"pivot": [-1.65269, 18.70097, 3.2714],
							"rotation": [0, 0, 29.7449],
							"uv": {
								"north": {"uv": [111, 147], "uv_size": [0.5, 0.5]},
								"east": {"uv": [140, 33], "uv_size": [1, 0.5]},
								"south": {"uv": [113, 147], "uv_size": [0.5, 0.5]},
								"west": {"uv": [140, 35], "uv_size": [1, 0.5]},
								"up": {"uv": [140, 37], "uv_size": [0.5, 1]},
								"down": {"uv": [39, 141], "uv_size": [0.5, -1]}
							}
						},
						{
							"origin": [-4.9738, 18.36533, 2.717],
							"size": [0.64016, 2.2176, 1.1088],
							"pivot": [-4.65372, 18.36533, 3.2714],
							"rotation": [0, 0, -29.7449],
							"uv": {
								"north": {"uv": [132, 0], "uv_size": [0.5, 2.5]},
								"east": {"uv": [118, 39], "uv_size": [1, 2.5]},
								"south": {"uv": [6, 132], "uv_size": [0.5, 2.5]},
								"west": {"uv": [40, 118], "uv_size": [1, 2.5]},
								"up": {"uv": [140, 39], "uv_size": [0.5, 1]},
								"down": {"uv": [140, 44], "uv_size": [0.5, -1]}
							}
						}
					]
				},
				{
					"name": "bone12",
					"parent": "fuel_pack",
					"pivot": [-2.772, 4.0362, 3.2714],
					"cubes": [
						{
							"origin": [-3.04807, 1.47672, 2.79324],
							"size": [0.55214, 2.90136, 0.95634],
							"pivot": [-2.772, 2.9274, 3.2714],
							"rotation": [0, -45, 0],
							"uv": {
								"north": {"uv": [32, 125], "uv_size": [0.5, 3]},
								"east": {"uv": [29, 111], "uv_size": [1, 3]},
								"south": {"uv": [125, 32], "uv_size": [0.5, 3]},
								"west": {"uv": [31, 111], "uv_size": [1, 3]},
								"up": {"uv": [45, 140], "uv_size": [0.5, 1]},
								"down": {"uv": [140, 52], "uv_size": [0.5, -1]}
							}
						},
						{
							"origin": [-0.44172, -1.24169, 2.50633],
							"size": [0.88344, 4.64218, 1.53014],
							"pivot": [0, 1.0794, 3.2714],
							"rotation": [-180, -15, -90],
							"uv": {
								"north": {"uv": [35, 79], "uv_size": [1, 5]},
								"east": {"uv": [84, 59], "uv_size": [1.5, 5]},
								"south": {"uv": [16, 104], "uv_size": [1, 5]},
								"west": {"uv": [35, 85], "uv_size": [1.5, 5]},
								"up": {"uv": [34, 125], "uv_size": [1, 1.5]},
								"down": {"uv": [36, 126.5], "uv_size": [1, -1.5]}
							}
						},
						{
							"origin": [-0.44172, -1.24169, 2.50633],
							"size": [0.88344, 4.64218, 1.53014],
							"pivot": [0, 1.0794, 3.2714],
							"rotation": [180, -75, -90],
							"uv": {
								"north": {"uv": [18, 104], "uv_size": [1, 5]},
								"east": {"uv": [38, 85], "uv_size": [1.5, 5]},
								"south": {"uv": [20, 104], "uv_size": [1, 5]},
								"west": {"uv": [45, 85], "uv_size": [1.5, 5]},
								"up": {"uv": [125, 36], "uv_size": [1, 1.5]},
								"down": {"uv": [38, 126.5], "uv_size": [1, -1.5]}
							}
						},
						{
							"origin": [-4.90045, 1.53031, 2.11624],
							"size": [0.88344, 1.87018, 1.53014],
							"pivot": [-4.45873, 1.0794, 2.88132],
							"rotation": [-169.6547, -14.7669, -92.664],
							"uv": {
								"north": {"uv": [32, 122], "uv_size": [1, 2]},
								"east": {"uv": [111, 31], "uv_size": [1.5, 2]},
								"south": {"uv": [34, 122], "uv_size": [1, 2]},
								"west": {"uv": [111, 43], "uv_size": [1.5, 2]},
								"up": {"uv": [125, 39], "uv_size": [1, 1.5]},
								"down": {"uv": [40, 126.5], "uv_size": [1, -1.5]}
							}
						},
						{
							"origin": [-6.53232, 1.53031, 1.42886],
							"size": [0.88343, 1.87018, 1.53014],
							"pivot": [-6.0906, 1.0794, 2.19393],
							"rotation": [-159.3531, -14.0761, -95.2362],
							"uv": {
								"north": {"uv": [36, 122], "uv_size": [1, 2]},
								"east": {"uv": [111, 51], "uv_size": [1.5, 2]},
								"south": {"uv": [38, 122], "uv_size": [1, 2]},
								"west": {"uv": [111, 54], "uv_size": [1.5, 2]},
								"up": {"uv": [42, 125], "uv_size": [1, 1.5]},
								"down": {"uv": [125, 43.5], "uv_size": [1, -1.5]}
							}
						},
						{
							"origin": [-9.40208, 1.53031, -2.66321],
							"size": [0.88343, 1.87018, 1.53014],
							"pivot": [-8.96038, 1.0794, -1.89814],
							"rotation": [-114.2477, -6.2797, -103.6497],
							"uv": {
								"north": {"uv": [40, 122], "uv_size": [1, 2]},
								"east": {"uv": [55, 111], "uv_size": [1.5, 2]},
								"south": {"uv": [42, 122], "uv_size": [1, 2]},
								"west": {"uv": [111, 57], "uv_size": [1.5, 2]},
								"up": {"uv": [44, 125], "uv_size": [1, 1.5]},
								"down": {"uv": [46, 126.5], "uv_size": [1, -1.5]}
							}
						},
						{
							"origin": [-9.40208, 1.53031, -2.66321],
							"size": [0.88343, 1.87018, 1.53014],
							"pivot": [-8.96038, 1.0794, -1.89814],
							"rotation": [-96.8817, -24.0929, -163.5297],
							"uv": {
								"north": {"uv": [44, 122], "uv_size": [1, 2]},
								"east": {"uv": [58, 111], "uv_size": [1.5, 2]},
								"south": {"uv": [46, 122], "uv_size": [1, 2]},
								"west": {"uv": [66, 111], "uv_size": [1.5, 2]},
								"up": {"uv": [97, 125], "uv_size": [1, 1.5]},
								"down": {"uv": [99, 126.5], "uv_size": [1, -1.5]}
							}
						},
						{
							"origin": [-9.22733, 0.54643, -2.21555],
							"size": [1.23679, 1.06594, 2.1422],
							"pivot": [-8.60893, 1.0794, -1.14446],
							"rotation": [-71.7511, -17.3877, 132.1863],
							"uv": {
								"north": {"uv": [125, 82], "uv_size": [1.5, 1]},
								"east": {"uv": [42, 118], "uv_size": [2.5, 1]},
								"south": {"uv": [101, 125], "uv_size": [1.5, 1]},
								"west": {"uv": [118, 47], "uv_size": [2.5, 1]},
								"up": {"uv": [104, 107], "uv_size": [1.5, 2.5]},
								"down": {"uv": [107, 109.5], "uv_size": [1.5, -2.5]}
							}
						},
						{
							"origin": [-9.22733, 0.54643, -2.21555],
							"size": [1.23679, 1.06594, 2.1422],
							"pivot": [-8.60893, 1.0794, -1.14446],
							"rotation": [-96.8817, -24.0929, -163.5297],
							"uv": {
								"north": {"uv": [104, 125], "uv_size": [1.5, 1]},
								"east": {"uv": [118, 49], "uv_size": [2.5, 1]},
								"south": {"uv": [107, 125], "uv_size": [1.5, 1]},
								"west": {"uv": [59, 118], "uv_size": [2.5, 1]},
								"up": {"uv": [26, 108], "uv_size": [1.5, 2.5]},
								"down": {"uv": [108, 29.5], "uv_size": [1.5, -2.5]}
							}
						},
						{
							"origin": [-9.22733, 0.54643, -2.21555],
							"size": [1.23679, 1.06594, 2.1422],
							"pivot": [-8.60893, 1.0794, -1.14446],
							"rotation": [-114.2477, -6.2797, -103.6497],
							"uv": {
								"north": {"uv": [125, 107], "uv_size": [1.5, 1]},
								"east": {"uv": [118, 59], "uv_size": [2.5, 1]},
								"south": {"uv": [110, 125], "uv_size": [1.5, 1]},
								"west": {"uv": [118, 61], "uv_size": [2.5, 1]},
								"up": {"uv": [108, 31], "uv_size": [1.5, 2.5]},
								"down": {"uv": [39, 110.5], "uv_size": [1.5, -2.5]}
							}
						},
						{
							"origin": [-9.40208, 1.53031, -2.66321],
							"size": [0.88343, 1.87018, 1.53014],
							"pivot": [-8.96038, 1.0794, -1.89814],
							"rotation": [-71.7511, -17.3877, 132.1863],
							"uv": {
								"north": {"uv": [122, 47], "uv_size": [1, 2]},
								"east": {"uv": [69, 111], "uv_size": [1.5, 2]},
								"south": {"uv": [48, 122], "uv_size": [1, 2]},
								"west": {"uv": [72, 111], "uv_size": [1.5, 2]},
								"up": {"uv": [113, 125], "uv_size": [1, 1.5]},
								"down": {"uv": [115, 126.5], "uv_size": [1, -1.5]}
							}
						},
						{
							"origin": [-7.53524, -0.31769, 0.18771],
							"size": [0.88343, 3.71818, 1.53014],
							"pivot": [-7.09352, 1.0794, 0.95278],
							"rotation": [-136.5093, -11.0007, -100.2608],
							"uv": {
								"north": {"uv": [81, 104], "uv_size": [1, 4]},
								"east": {"uv": [93, 91], "uv_size": [1.5, 4]},
								"south": {"uv": [105, 48], "uv_size": [1, 4]},
								"west": {"uv": [94, 0], "uv_size": [1.5, 4]},
								"up": {"uv": [117, 125], "uv_size": [1, 1.5]},
								"down": {"uv": [119, 126.5], "uv_size": [1, -1.5]}
							}
						},
						{
							"origin": [-7.53524, -0.31769, 0.18771],
							"size": [0.88343, 3.71818, 1.53014],
							"pivot": [-7.09352, 1.0794, 0.95278],
							"rotation": [-105.7724, -45.4105, -158.366],
							"uv": {
								"north": {"uv": [52, 105], "uv_size": [1, 4]},
								"east": {"uv": [47, 94], "uv_size": [1.5, 4]},
								"south": {"uv": [54, 105], "uv_size": [1, 4]},
								"west": {"uv": [50, 94], "uv_size": [1.5, 4]},
								"up": {"uv": [123, 125], "uv_size": [1, 1.5]},
								"down": {"uv": [125, 126.5], "uv_size": [1, -1.5]}
							}
						},
						{
							"origin": [-7.53524, -0.31769, 0.18771],
							"size": [0.88343, 3.71818, 1.53014],
							"pivot": [-7.09352, 1.0794, 0.95278],
							"rotation": [-52.3436, -31.4218, 124.0426],
							"uv": {
								"north": {"uv": [105, 67], "uv_size": [1, 4]},
								"east": {"uv": [53, 94], "uv_size": [1.5, 4]},
								"south": {"uv": [105, 72], "uv_size": [1, 4]},
								"west": {"uv": [95, 5], "uv_size": [1.5, 4]},
								"up": {"uv": [0, 126], "uv_size": [1, 1.5]},
								"down": {"uv": [2, 127.5], "uv_size": [1, -1.5]}
							}
						},
						{
							"origin": [-6.53232, 1.53031, 1.42886],
							"size": [0.88343, 1.87018, 1.53014],
							"pivot": [-6.0906, 1.0794, 2.19393],
							"rotation": [-125.4166, -65.1858, -141.9237],
							"uv": {
								"north": {"uv": [50, 122], "uv_size": [1, 2]},
								"east": {"uv": [75, 111], "uv_size": [1.5, 2]},
								"south": {"uv": [52, 122], "uv_size": [1, 2]},
								"west": {"uv": [78, 111], "uv_size": [1.5, 2]},
								"up": {"uv": [4, 126], "uv_size": [1, 1.5]},
								"down": {"uv": [6, 127.5], "uv_size": [1, -1.5]}
							}
						},
						{
							"origin": [-6.53232, 1.53031, 1.42886],
							"size": [0.88343, 1.87018, 1.53014],
							"pivot": [-6.0906, 1.0794, 2.19393],
							"rotation": [-27.2363, -41.6411, 108.8817],
							"uv": {
								"north": {"uv": [54, 122], "uv_size": [1, 2]},
								"east": {"uv": [81, 111], "uv_size": [1.5, 2]},
								"south": {"uv": [59, 122], "uv_size": [1, 2]},
								"west": {"uv": [92, 111], "uv_size": [1.5, 2]},
								"up": {"uv": [8, 126], "uv_size": [1, 1.5]},
								"down": {"uv": [10, 127.5], "uv_size": [1, -1.5]}
							}
						},
						{
							"origin": [4.01701, 1.53031, 2.11624],
							"size": [0.88344, 1.87018, 1.53014],
							"pivot": [4.45873, 1.0794, 2.88132],
							"rotation": [-145.7344, 72.0361, 122.9458],
							"uv": {
								"north": {"uv": [122, 59], "uv_size": [1, 2]},
								"east": {"uv": [101, 111], "uv_size": [1.5, 2]},
								"south": {"uv": [61, 122], "uv_size": [1, 2]},
								"west": {"uv": [104, 111], "uv_size": [1.5, 2]},
								"up": {"uv": [126, 47], "uv_size": [1, 1.5]},
								"down": {"uv": [126, 51.5], "uv_size": [1, -1.5]}
							}
						},
						{
							"origin": [4.01701, 1.53031, 2.11624],
							"size": [0.88344, 1.87018, 1.53014],
							"pivot": [4.45873, 1.0794, 2.88132],
							"rotation": [-169.6547, 14.7669, 92.664],
							"uv": {
								"north": {"uv": [122, 62], "uv_size": [1, 2]},
								"east": {"uv": [107, 111], "uv_size": [1.5, 2]},
								"south": {"uv": [63, 122], "uv_size": [1, 2]},
								"west": {"uv": [110, 111], "uv_size": [1.5, 2]},
								"up": {"uv": [126, 53], "uv_size": [1, 1.5]},
								"down": {"uv": [126, 57.5], "uv_size": [1, -1.5]}
							}
						},
						{
							"origin": [4.01701, 1.53031, 2.11624],
							"size": [0.88344, 1.87018, 1.53014],
							"pivot": [4.45873, 1.0794, 2.88132],
							"rotation": [-14.0019, 44.136, -99.8511],
							"uv": {
								"north": {"uv": [65, 122], "uv_size": [1, 2]},
								"east": {"uv": [112, 0], "uv_size": [1.5, 2]},
								"south": {"uv": [122, 65], "uv_size": [1, 2]},
								"west": {"uv": [14, 112], "uv_size": [1.5, 2]},
								"up": {"uv": [126, 59], "uv_size": [1, 1.5]},
								"down": {"uv": [126, 63.5], "uv_size": [1, -1.5]}
							}
						},
						{
							"origin": [7.99054, 0.54643, -2.21555],
							"size": [1.23679, 1.06594, 2.1422],
							"pivot": [8.60893, 1.0794, -1.14446],
							"rotation": [-114.2477, 6.2797, 103.6497],
							"uv": {
								"north": {"uv": [126, 65], "uv_size": [1.5, 1]},
								"east": {"uv": [118, 63], "uv_size": [2.5, 1]},
								"south": {"uv": [126, 67], "uv_size": [1.5, 1]},
								"west": {"uv": [118, 65], "uv_size": [2.5, 1]},
								"up": {"uv": [42, 108], "uv_size": [1.5, 2.5]},
								"down": {"uv": [108, 45.5], "uv_size": [1.5, -2.5]}
							}
						},
						{
							"origin": [7.99054, 0.54643, -2.21555],
							"size": [1.23679, 1.06594, 2.1422],
							"pivot": [8.60893, 1.0794, -1.14446],
							"rotation": [-96.8817, 24.0929, 163.5297],
							"uv": {
								"north": {"uv": [126, 69], "uv_size": [1.5, 1]},
								"east": {"uv": [118, 67], "uv_size": [2.5, 1]},
								"south": {"uv": [126, 86], "uv_size": [1.5, 1]},
								"west": {"uv": [118, 69], "uv_size": [2.5, 1]},
								"up": {"uv": [45, 108], "uv_size": [1.5, 2.5]},
								"down": {"uv": [48, 110.5], "uv_size": [1.5, -2.5]}
							}
						},
						{
							"origin": [7.99054, 0.54643, -2.21555],
							"size": [1.23679, 1.06594, 2.1422],
							"pivot": [8.60893, 1.0794, -1.14446],
							"rotation": [-71.7511, 17.3877, -132.1863],
							"uv": {
								"north": {"uv": [126, 88], "uv_size": [1.5, 1]},
								"east": {"uv": [118, 71], "uv_size": [2.5, 1]},
								"south": {"uv": [126, 90], "uv_size": [1.5, 1]},
								"west": {"uv": [118, 73], "uv_size": [2.5, 1]},
								"up": {"uv": [108, 52], "uv_size": [1.5, 2.5]},
								"down": {"uv": [108, 58.5], "uv_size": [1.5, -2.5]}
							}
						},
						{
							"origin": [8.51866, 1.53031, -2.66321],
							"size": [0.88343, 1.87018, 1.53014],
							"pivot": [8.96038, 1.0794, -1.89814],
							"rotation": [-114.2477, 6.2797, 103.6497],
							"uv": {
								"north": {"uv": [67, 122], "uv_size": [1, 2]},
								"east": {"uv": [17, 112], "uv_size": [1.5, 2]},
								"south": {"uv": [122, 68], "uv_size": [1, 2]},
								"west": {"uv": [20, 112], "uv_size": [1.5, 2]},
								"up": {"uv": [126, 92], "uv_size": [1, 1.5]},
								"down": {"uv": [126, 96.5], "uv_size": [1, -1.5]}
							}
						},
						{
							"origin": [8.51866, 1.53031, -2.66321],
							"size": [0.88343, 1.87018, 1.53014],
							"pivot": [8.96038, 1.0794, -1.89814],
							"rotation": [-96.8817, 24.0929, 163.5297],
							"uv": {
								"north": {"uv": [69, 122], "uv_size": [1, 2]},
								"east": {"uv": [25, 112], "uv_size": [1.5, 2]},
								"south": {"uv": [71, 122], "uv_size": [1, 2]},
								"west": {"uv": [38, 112], "uv_size": [1.5, 2]},
								"up": {"uv": [126, 101], "uv_size": [1, 1.5]},
								"down": {"uv": [126, 110.5], "uv_size": [1, -1.5]}
							}
						},
						{
							"origin": [8.51866, 1.53031, -2.66321],
							"size": [0.88343, 1.87018, 1.53014],
							"pivot": [8.96038, 1.0794, -1.89814],
							"rotation": [-71.7511, 17.3877, -132.1863],
							"uv": {
								"north": {"uv": [122, 71], "uv_size": [1, 2]},
								"east": {"uv": [41, 112], "uv_size": [1.5, 2]},
								"south": {"uv": [73, 122], "uv_size": [1, 2]},
								"west": {"uv": [44, 112], "uv_size": [1.5, 2]},
								"up": {"uv": [126, 115], "uv_size": [1, 1.5]},
								"down": {"uv": [126, 119.5], "uv_size": [1, -1.5]}
							}
						},
						{
							"origin": [6.65182, -0.31769, 0.18771],
							"size": [0.88343, 3.71818, 1.53014],
							"pivot": [7.09352, 1.0794, 0.95278],
							"rotation": [-136.5093, 11.0007, 100.2608],
							"uv": {
								"north": {"uv": [105, 77], "uv_size": [1, 4]},
								"east": {"uv": [95, 10], "uv_size": [1.5, 4]},
								"south": {"uv": [88, 105], "uv_size": [1, 4]},
								"west": {"uv": [96, 91], "uv_size": [1.5, 4]},
								"up": {"uv": [127, 6], "uv_size": [1, 1.5]},
								"down": {"uv": [127, 10.5], "uv_size": [1, -1.5]}
							}
						},
						{
							"origin": [6.65182, -0.31769, 0.18771],
							"size": [0.88343, 3.71818, 1.53014],
							"pivot": [7.09352, 1.0794, 0.95278],
							"rotation": [-105.7724, 45.4105, 158.366],
							"uv": {
								"north": {"uv": [90, 105], "uv_size": [1, 4]},
								"east": {"uv": [93, 96], "uv_size": [1.5, 4]},
								"south": {"uv": [29, 106], "uv_size": [1, 4]},
								"west": {"uv": [96, 96], "uv_size": [1.5, 4]},
								"up": {"uv": [12, 127], "uv_size": [1, 1.5]},
								"down": {"uv": [127, 15.5], "uv_size": [1, -1.5]}
							}
						},
						{
							"origin": [6.65182, -0.31769, 0.18771],
							"size": [0.88343, 3.71818, 1.53014],
							"pivot": [7.09352, 1.0794, 0.95278],
							"rotation": [-52.3436, 31.4218, -124.0426],
							"uv": {
								"north": {"uv": [106, 30], "uv_size": [1, 4]},
								"east": {"uv": [97, 0], "uv_size": [1.5, 4]},
								"south": {"uv": [31, 106], "uv_size": [1, 4]},
								"west": {"uv": [97, 26], "uv_size": [1.5, 4]},
								"up": {"uv": [17, 127], "uv_size": [1, 1.5]},
								"down": {"uv": [127, 20.5], "uv_size": [1, -1.5]}
							}
						},
						{
							"origin": [5.64889, 1.53031, 1.42886],
							"size": [0.88343, 1.87018, 1.53014],
							"pivot": [6.0906, 1.0794, 2.19393],
							"rotation": [-159.3531, 14.0761, 95.2362],
							"uv": {
								"north": {"uv": [75, 122], "uv_size": [1, 2]},
								"east": {"uv": [47, 112], "uv_size": [1.5, 2]},
								"south": {"uv": [77, 122], "uv_size": [1, 2]},
								"west": {"uv": [61, 112], "uv_size": [1.5, 2]},
								"up": {"uv": [22, 127], "uv_size": [1, 1.5]},
								"down": {"uv": [127, 25.5], "uv_size": [1, -1.5]}
							}
						},
						{
							"origin": [5.64889, 1.53031, 1.42886],
							"size": [0.88343, 1.87018, 1.53014],
							"pivot": [6.0906, 1.0794, 2.19393],
							"rotation": [-125.4166, 65.1858, 141.9237],
							"uv": {
								"north": {"uv": [79, 122], "uv_size": [1, 2]},
								"east": {"uv": [112, 80], "uv_size": [1.5, 2]},
								"south": {"uv": [81, 122], "uv_size": [1, 2]},
								"west": {"uv": [112, 91], "uv_size": [1.5, 2]},
								"up": {"uv": [27, 127], "uv_size": [1, 1.5]},
								"down": {"uv": [127, 30.5], "uv_size": [1, -1.5]}
							}
						},
						{
							"origin": [5.64889, 1.53031, 1.42886],
							"size": [0.88343, 1.87018, 1.53014],
							"pivot": [6.0906, 1.0794, 2.19393],
							"rotation": [-27.2363, 41.6411, -108.8817],
							"uv": {
								"north": {"uv": [83, 122], "uv_size": [1, 2]},
								"east": {"uv": [112, 94], "uv_size": [1.5, 2]},
								"south": {"uv": [85, 122], "uv_size": [1, 2]},
								"west": {"uv": [112, 97], "uv_size": [1.5, 2]},
								"up": {"uv": [127, 32], "uv_size": [1, 1.5]},
								"down": {"uv": [127, 36.5], "uv_size": [1, -1.5]}
							}
						},
						{
							"origin": [-4.90045, 1.53031, 2.11624],
							"size": [0.88344, 1.87018, 1.53014],
							"pivot": [-4.45873, 1.0794, 2.88132],
							"rotation": [-145.7344, -72.0361, -122.9458],
							"uv": {
								"north": {"uv": [87, 122], "uv_size": [1, 2]},
								"east": {"uv": [113, 5], "uv_size": [1.5, 2]},
								"south": {"uv": [122, 87], "uv_size": [1, 2]},
								"west": {"uv": [113, 8], "uv_size": [1.5, 2]},
								"up": {"uv": [127, 38], "uv_size": [1, 1.5]},
								"down": {"uv": [127, 42.5], "uv_size": [1, -1.5]}
							}
						},
						{
							"origin": [-4.90045, 1.53031, 2.11624],
							"size": [0.88344, 1.87018, 1.53014],
							"pivot": [-4.45873, 1.0794, 2.88132],
							"rotation": [-14.0019, -44.136, 99.8511],
							"uv": {
								"north": {"uv": [122, 90], "uv_size": [1, 2]},
								"east": {"uv": [113, 11], "uv_size": [1.5, 2]},
								"south": {"uv": [93, 122], "uv_size": [1, 2]},
								"west": {"uv": [113, 27], "uv_size": [1.5, 2]},
								"up": {"uv": [127, 71], "uv_size": [1, 1.5]},
								"down": {"uv": [127, 75.5], "uv_size": [1, -1.5]}
							}
						},
						{
							"origin": [-0.44172, -1.24169, 2.50633],
							"size": [0.88344, 4.64218, 1.53014],
							"pivot": [0, 1.0794, 3.2714],
							"rotation": [0, -45, 90],
							"uv": {
								"north": {"uv": [22, 104], "uv_size": [1, 5]},
								"east": {"uv": [85, 78], "uv_size": [1.5, 5]},
								"south": {"uv": [24, 104], "uv_size": [1, 5]},
								"west": {"uv": [79, 85], "uv_size": [1.5, 5]},
								"up": {"uv": [127, 77], "uv_size": [1, 1.5]},
								"down": {"uv": [101, 128.5], "uv_size": [1, -1.5]}
							}
						},
						{
							"origin": [-3.23212, 3.8052, 2.47444],
							"size": [0.92023, 0.7623, 1.59391],
							"pivot": [-2.772, 4.0362, 3.2714],
							"rotation": [-180, -60, 180],
							"uv": {
								"north": {"uv": [133, 103], "uv_size": [1, 1]},
								"east": {"uv": [126, 121], "uv_size": [1.5, 1]},
								"south": {"uv": [107, 133], "uv_size": [1, 1]},
								"west": {"uv": [127, 80], "uv_size": [1.5, 1]},
								"up": {"uv": [103, 127], "uv_size": [1, 1.5]},
								"down": {"uv": [127, 105.5], "uv_size": [1, -1.5]}
							}
						},
						{
							"origin": [-3.23212, 3.80612, 2.47444],
							"size": [0.92023, 0.76138, 1.59391],
							"pivot": [-2.772, 4.0362, 3.2714],
							"rotation": [0, -60, 0],
							"uv": {
								"north": {"uv": [109, 133], "uv_size": [1, 1]},
								"east": {"uv": [105, 127], "uv_size": [1.5, 1]},
								"south": {"uv": [133, 111], "uv_size": [1, 1]},
								"west": {"uv": [108, 127], "uv_size": [1.5, 1]},
								"up": {"uv": [111, 127], "uv_size": [1, 1.5]},
								"down": {"uv": [127, 113.5], "uv_size": [1, -1.5]}
							}
						},
						{
							"origin": [-3.23212, 3.80705, 2.47444],
							"size": [0.92023, 0.76045, 1.59299],
							"uv": {
								"north": {"uv": [133, 113], "uv_size": [1, 1]},
								"east": {"uv": [127, 125], "uv_size": [1.5, 1]},
								"south": {"uv": [133, 115], "uv_size": [1, 1]},
								"west": {"uv": [127, 127], "uv_size": [1.5, 1]},
								"up": {"uv": [128, 2], "uv_size": [1, 1.5]},
								"down": {"uv": [14, 129.5], "uv_size": [1, -1.5]}
							}
						},
						{
							"origin": [-3.04807, 1.47672, 2.79324],
							"size": [0.55214, 2.90136, 0.95634],
							"pivot": [-2.772, 2.9274, 3.2714],
							"rotation": [-180, -75, 180],
							"uv": {
								"north": {"uv": [19, 128], "uv_size": [0.5, 3]},
								"east": {"uv": [84, 111], "uv_size": [1, 3]},
								"south": {"uv": [24, 128], "uv_size": [0.5, 3]},
								"west": {"uv": [95, 111], "uv_size": [1, 3]},
								"up": {"uv": [140, 53], "uv_size": [0.5, 1]},
								"down": {"uv": [140, 59], "uv_size": [0.5, -1]}
							}
						},
						{
							"origin": [-3.04807, 1.47672, 2.79324],
							"size": [0.55214, 2.90136, 0.95634],
							"pivot": [-2.772, 2.9274, 3.2714],
							"rotation": [-180, -15, 180],
							"uv": {
								"north": {"uv": [29, 128], "uv_size": [0.5, 3]},
								"east": {"uv": [64, 112], "uv_size": [1, 3]},
								"south": {"uv": [34, 128], "uv_size": [0.5, 3]},
								"west": {"uv": [33, 113], "uv_size": [1, 3]},
								"up": {"uv": [140, 71], "uv_size": [0.5, 1]},
								"down": {"uv": [140, 74], "uv_size": [0.5, -1]}
							}
						},
						{
							"origin": [2.31188, 3.80705, 2.47444],
							"size": [0.92023, 0.76045, 1.59391],
							"pivot": [2.772, 4.0362, 3.2714],
							"rotation": [-180, 60, -180],
							"uv": {
								"north": {"uv": [133, 117], "uv_size": [1, 1]},
								"east": {"uv": [128, 12], "uv_size": [1.5, 1]},
								"south": {"uv": [133, 129], "uv_size": [1, 1]},
								"west": {"uv": [128, 17], "uv_size": [1.5, 1]},
								"up": {"uv": [36, 128], "uv_size": [1, 1.5]},
								"down": {"uv": [38, 129.5], "uv_size": [1, -1.5]}
							}
						},
						{
							"origin": [2.31188, 3.80612, 2.47444],
							"size": [0.92023, 0.76138, 1.59391],
							"pivot": [2.772, 4.0362, 3.2714],
							"rotation": [0, 60, 0],
							"uv": {
								"north": {"uv": [131, 133], "uv_size": [1, 1]},
								"east": {"uv": [128, 22], "uv_size": [1.5, 1]},
								"south": {"uv": [133, 131], "uv_size": [1, 1]},
								"west": {"uv": [128, 27], "uv_size": [1.5, 1]},
								"up": {"uv": [40, 128], "uv_size": [1, 1.5]},
								"down": {"uv": [42, 129.5], "uv_size": [1, -1.5]}
							}
						},
						{
							"origin": [2.31188, 3.8052, 2.47444],
							"size": [0.92023, 0.7623, 1.59391],
							"uv": {
								"north": {"uv": [133, 133], "uv_size": [1, 1]},
								"east": {"uv": [44, 128], "uv_size": [1.5, 1]},
								"south": {"uv": [134, 0], "uv_size": [1, 1]},
								"west": {"uv": [128, 44], "uv_size": [1.5, 1]},
								"up": {"uv": [128, 46], "uv_size": [1, 1.5]},
								"down": {"uv": [47, 129.5], "uv_size": [1, -1.5]}
							}
						},
						{
							"origin": [2.49593, 1.47672, 2.79324],
							"size": [0.55214, 2.90136, 0.95634],
							"pivot": [2.772, 2.9274, 3.2714],
							"rotation": [-180, 75, -180],
							"uv": {
								"north": {"uv": [49, 128], "uv_size": [0.5, 3]},
								"east": {"uv": [86, 113], "uv_size": [1, 3]},
								"south": {"uv": [128, 49], "uv_size": [0.5, 3]},
								"west": {"uv": [113, 111], "uv_size": [1, 3]},
								"up": {"uv": [140, 75], "uv_size": [0.5, 1]},
								"down": {"uv": [76, 141], "uv_size": [0.5, -1]}
							}
						},
						{
							"origin": [2.49593, 1.47672, 2.79324],
							"size": [0.55214, 2.90136, 0.95634],
							"pivot": [2.772, 2.9274, 3.2714],
							"rotation": [0, 45, 0],
							"uv": {
								"north": {"uv": [51, 128], "uv_size": [0.5, 3]},
								"east": {"uv": [0, 114], "uv_size": [1, 3]},
								"south": {"uv": [53, 128], "uv_size": [0.5, 3]},
								"west": {"uv": [23, 114], "uv_size": [1, 3]},
								"up": {"uv": [140, 77], "uv_size": [0.5, 1]},
								"down": {"uv": [140, 80], "uv_size": [0.5, -1]}
							}
						},
						{
							"origin": [2.49593, 1.47672, 2.79324],
							"size": [0.55214, 2.90136, 0.95634],
							"pivot": [2.772, 2.9274, 3.2714],
							"rotation": [-180, 15, -180],
							"uv": {
								"north": {"uv": [128, 53], "uv_size": [0.5, 3]},
								"east": {"uv": [114, 30], "uv_size": [1, 3]},
								"south": {"uv": [55, 128], "uv_size": [0.5, 3]},
								"west": {"uv": [114, 43], "uv_size": [1, 3]},
								"up": {"uv": [140, 81], "uv_size": [0.5, 1]},
								"down": {"uv": [140, 84], "uv_size": [0.5, -1]}
							}
						}
					]
				},
				{
					"name": "bone13",
					"parent": "bone12",
					"pivot": [-8.96609, 1.08229, -1.04324],
					"rotation": [0, -7.5, 0],
					"cubes": [
						{
							"origin": [-9.30628, -2.99218, -3.492],
							"size": [0.70674, 5.93134, 1.22412],
							"pivot": [-8.9529, 1.08229, -2.87994],
							"rotation": [-90, 0, -165],
							"uv": {
								"north": {"uv": [91, 15], "uv_size": [1, 6.5]},
								"east": {"uv": [77, 51], "uv_size": [1.5, 6.5]},
								"south": {"uv": [91, 23], "uv_size": [1, 6.5]},
								"west": {"uv": [78, 37], "uv_size": [1.5, 6.5]},
								"up": {"uv": [48, 125], "uv_size": [1, 1.5]},
								"down": {"uv": [50, 126.5], "uv_size": [1, -1.5]}
							}
						},
						{
							"origin": [-9.30628, -2.99218, -3.492],
							"size": [0.70674, 5.93134, 1.22412],
							"pivot": [-8.9529, 1.08229, -2.87994],
							"rotation": [-90, 0, 135],
							"uv": {
								"north": {"uv": [34, 91], "uv_size": [1, 6.5]},
								"east": {"uv": [32, 79], "uv_size": [1.5, 6.5]},
								"south": {"uv": [36, 91], "uv_size": [1, 6.5]},
								"west": {"uv": [79, 69], "uv_size": [1.5, 6.5]},
								"up": {"uv": [52, 125], "uv_size": [1, 1.5]},
								"down": {"uv": [54, 126.5], "uv_size": [1, -1.5]}
							}
						},
						{
							"origin": [-9.30628, -2.99218, -3.492],
							"size": [0.70674, 5.93134, 1.22412],
							"pivot": [-8.9529, 1.08229, -2.87994],
							"rotation": [-90, 0, -105],
							"uv": {
								"north": {"uv": [38, 91], "uv_size": [1, 6.5]},
								"east": {"uv": [79, 77], "uv_size": [1.5, 6.5]},
								"south": {"uv": [45, 91], "uv_size": [1, 6.5]},
								"west": {"uv": [0, 80], "uv_size": [1.5, 6.5]},
								"up": {"uv": [58, 125], "uv_size": [1, 1.5]},
								"down": {"uv": [60, 126.5], "uv_size": [1, -1.5]}
							}
						}
					]
				},
				{
					"name": "bone14",
					"parent": "bone13",
					"pivot": [-9.04992, 1.08229, -6.66381],
					"rotation": [0, -50, 0],
					"cubes": [
						{
							"origin": [-9.39011, -2.99218, -9.11258],
							"size": [0.70674, 5.93134, 1.22412],
							"pivot": [-9.03673, 1.08229, -8.50052],
							"rotation": [-90, 0, -165],
							"uv": {
								"north": {"uv": [79, 91], "uv_size": [1, 6.5]},
								"east": {"uv": [80, 0], "uv_size": [1.5, 6.5]},
								"south": {"uv": [91, 83], "uv_size": [1, 6.5]},
								"west": {"uv": [3, 80], "uv_size": [1.5, 6.5]},
								"up": {"uv": [62, 125], "uv_size": [1, 1.5]},
								"down": {"uv": [64, 126.5], "uv_size": [1, -1.5]}
							}
						},
						{
							"origin": [-9.39011, -2.99218, -9.11258],
							"size": [0.70674, 5.93134, 1.22412],
							"pivot": [-9.03673, 1.08229, -8.50052],
							"rotation": [-90, 0, 135],
							"uv": {
								"north": {"uv": [91, 91], "uv_size": [1, 6.5]},
								"east": {"uv": [6, 80], "uv_size": [1.5, 6.5]},
								"south": {"uv": [92, 0], "uv_size": [1, 6.5]},
								"west": {"uv": [9, 80], "uv_size": [1.5, 6.5]},
								"up": {"uv": [66, 125], "uv_size": [1, 1.5]},
								"down": {"uv": [68, 126.5], "uv_size": [1, -1.5]}
							}
						},
						{
							"origin": [-9.39011, -2.99218, -9.11258],
							"size": [0.70674, 5.93134, 1.22412],
							"pivot": [-9.03673, 1.08229, -8.50052],
							"rotation": [-90, 0, -105],
							"uv": {
								"north": {"uv": [77, 92], "uv_size": [1, 6.5]},
								"east": {"uv": [12, 80], "uv_size": [1.5, 6.5]},
								"south": {"uv": [93, 8], "uv_size": [1, 6.5]},
								"west": {"uv": [15, 80], "uv_size": [1.5, 6.5]},
								"up": {"uv": [70, 125], "uv_size": [1, 1.5]},
								"down": {"uv": [72, 126.5], "uv_size": [1, -1.5]}
							}
						}
					]
				},
				{
					"name": "bone15",
					"parent": "bone14",
					"pivot": [-9.07436, 1.03452, -12.27569],
					"rotation": [-2.94901, -22.21308, 1.24661],
					"cubes": [
						{
							"origin": [-9.41455, -3.96395, -14.72446],
							"size": [0.70675, 6.85534, 1.22412],
							"pivot": [-9.06118, 1.03452, -14.1124],
							"rotation": [-90, 0, -165],
							"uv": {
								"north": {"uv": [18, 80], "uv_size": [1, 7.5]},
								"east": {"uv": [37, 76], "uv_size": [1.5, 7.5]},
								"south": {"uv": [48, 85], "uv_size": [1, 7.5]},
								"west": {"uv": [45, 76], "uv_size": [1.5, 7.5]},
								"up": {"uv": [125, 73], "uv_size": [1, 1.5]},
								"down": {"uv": [74, 126.5], "uv_size": [1, -1.5]}
							}
						},
						{
							"origin": [-9.41455, -3.96395, -14.72446],
							"size": [0.70675, 6.85534, 1.22412],
							"pivot": [-9.06118, 1.03452, -14.1124],
							"rotation": [-90, 0, 135],
							"uv": {
								"north": {"uv": [50, 85], "uv_size": [1, 7.5]},
								"east": {"uv": [48, 76], "uv_size": [1.5, 7.5]},
								"south": {"uv": [52, 85], "uv_size": [1, 7.5]},
								"west": {"uv": [51, 76], "uv_size": [1.5, 7.5]},
								"up": {"uv": [76, 125], "uv_size": [1, 1.5]},
								"down": {"uv": [125, 77.5], "uv_size": [1, -1.5]}
							}
						},
						{
							"origin": [-9.41455, -3.96395, -14.72446],
							"size": [0.70675, 6.85534, 1.22412],
							"pivot": [-9.06118, 1.03452, -14.1124],
							"rotation": [-90, 0, -105],
							"uv": {
								"north": {"uv": [54, 85], "uv_size": [1, 7.5]},
								"east": {"uv": [54, 76], "uv_size": [1.5, 7.5]},
								"south": {"uv": [85, 69], "uv_size": [1, 7.5]},
								"west": {"uv": [77, 0], "uv_size": [1.5, 7.5]},
								"up": {"uv": [78, 125], "uv_size": [1, 1.5]},
								"down": {"uv": [125, 80.5], "uv_size": [1, -1.5]}
							}
						}
					]
				},
				{
					"name": "bone16",
					"parent": "bone15",
					"pivot": [-8.95891, 0.90804, -18.89532],
					"rotation": [-1.15781, -7.73067, -12.47716],
					"cubes": [
						{
							"origin": [-9.2991, -2.42724, -21.34409],
							"size": [0.70675, 5.19215, 1.22412],
							"pivot": [-8.94572, 0.90804, -20.73203],
							"rotation": [-90, 0, -165],
							"uv": {
								"north": {"uv": [65, 8], "uv_size": [1, 5.5]},
								"east": {"uv": [81, 8], "uv_size": [1.5, 5.5]},
								"south": {"uv": [86, 0], "uv_size": [1, 5.5]},
								"west": {"uv": [81, 37], "uv_size": [1.5, 5.5]},
								"up": {"uv": [80, 125], "uv_size": [1, 1.5]},
								"down": {"uv": [82, 126.5], "uv_size": [1, -1.5]}
							}
						},
						{
							"origin": [-9.2991, -2.42724, -21.34409],
							"size": [0.70675, 5.19215, 1.22412],
							"pivot": [-8.94572, 0.90804, -20.73203],
							"rotation": [-90, 0, 135],
							"uv": {
								"north": {"uv": [75, 97], "uv_size": [1, 5.5]},
								"east": {"uv": [81, 55], "uv_size": [1.5, 5.5]},
								"south": {"uv": [34, 99], "uv_size": [1, 5.5]},
								"west": {"uv": [82, 69], "uv_size": [1.5, 5.5]},
								"up": {"uv": [84, 125], "uv_size": [1, 1.5]},
								"down": {"uv": [86, 126.5], "uv_size": [1, -1.5]}
							}
						},
						{
							"origin": [-9.2991, -2.42724, -21.34409],
							"size": [0.70675, 5.19215, 1.22412],
							"pivot": [-8.94572, 0.90804, -20.73203],
							"rotation": [-90, 0, -105],
							"uv": {
								"north": {"uv": [36, 99], "uv_size": [1, 5.5]},
								"east": {"uv": [82, 76], "uv_size": [1.5, 5.5]},
								"south": {"uv": [38, 99], "uv_size": [1, 5.5]},
								"west": {"uv": [83, 0], "uv_size": [1.5, 5.5]},
								"up": {"uv": [93, 125], "uv_size": [1, 1.5]},
								"down": {"uv": [95, 126.5], "uv_size": [1, -1.5]}
							}
						}
					]
				}
			]
		}
	]
}