{
  "model": "bnw:gun/akimbo_deagle_geo",
  "texture": "bnw:gun/uv/akimbo_deagle_golden",
  "lod": {
    "model": "bnw:gun/lod/akimbo_deagle_gold",
    "texture": "bnw:gun/lod/akimbo_deagle_gold"
  },
  "hud": "bnw:gun/hud/akimbo_deagle_gold",
  "slot": "bnw:gun/slot/akimbo_deagle_gold",
  "state_machine": "bnw:akimbo_deagle_gold",
  "animation": "bnw:deagle_golden",
  "show_crosshair": "true",
  "use_default_animation": "pistol",
  "third_person_animation": "default",
  "transform": {
    "scale": {
      "thirdperson": [0.6, 0.6, 0.6],
      "ground": [0.6, 0.6, 0.6],
      "fixed": [1.2, 1.2, 1.2]
    }
  },
  "muzzle_flash": {
    "texture": "tacz:flash/common_muzzle_flash",
    "scale": 0
  },
  "iron_zoom": 1.2,
  "shell": {
    "initial_velocity": [5, 2, 1],
    "random_velocity": [1, 1, 0.25],
    "acceleration": [0.0, -10, 0.0],
    "angular_velocity": [360, -1200, 90],
    "living_time": 1.0
  },
  "sounds": {
    "reload_empty": "bnw:deagle_akb/deagle_akb_reloadempty",
    "reload_tactical": "bnw:deagle_akb/deagle_akb_reloadtac",
    "inspect": "bnw:deagle_akb/deagle_akb_inspect",
    "inspect_empty": "bnw:deagle_akb/deagle_akb_inspectemp",
    "draw": "tacz:deagle/deagle_draw",
    "silence": "tacz:deagle/deagle_silence",
    "silence_3p": "tacz:deagle/deagle_silence_3p"
  },
  "offhand_show": {
    "pos": [1, 20, 3.5],
    "rotate": [0, 0, 60],
    "scale": [0.5, 0.5, 0.5]
  },
  "hotbar_show": {
    "0": {
      "pos": [-1, 20, 3],
      "rotate": [-180, 0, 120],
      "scale": [0.5, 0.5, 0.5]
    }
  },
  "text_show": {
    "ammo_count_text_show_pos": {
      "scale": 1,
      "align": "center",
      "shadow": false,
      "color": "#FFFFFF",
      "light": 15,
      "text": "text_show.tacz.ak47.ammo_count"
    }
  }
}