{
  "model": "bnw:gun/dual_m1887_geo",
  "texture": "bnw:gun/uv/dual_m1887",
  "lod": {
    "model": "bnw:gun/lod/dual_m1887",
    "texture": "bnw:gun/lod/dual_m1887"
  },
  "hud": "bnw:gun/hud/dual_m1887",
  "slot": "bnw:gun/slot/dual_m1887",
  "animation": "bnw:dual_m1887",
  "use_default_animation": "rifle",
  "state_machine": "bnw:m1887_state_machine",
  "state_machine_param": {
    "bolt_time": 0.8
  },
  "player_animator_3rd": "tacz:pistol_default.player_animation",
  "transform": {
    "scale": {
      "thirdperson": [0.6, 0.6, 0.6],
      "ground": [0.6, 0.6, 0.6],
      "fixed": [1.2, 1.2, 1.2]
    }
  },
  "shell": {
    "initial_velocity": [5.0, 3.0, 1],
    "random_velocity": [2.5, 2, 0.25],
    "acceleration": [0.0, -20, 0.0],
    "angular_velocity": [360, -960, 90],
    "living_time": 1.0
  },
  "muzzle_flash": {
    "texture": "tacz:flash/common_muzzle_flash",
    "scale": 1.65
  },
  "iron_zoom": 1.5,
  "sounds": {
    "draw": "tacz:m870/m870_draw",
    "put_away": "tacz:m870/m870_put_away",
    "shoot": "tacz:m870/m870_shoot",
    "shoot_3p": "tacz:m870/m870_shoot_3p",
    "silence": "tacz:m870/m870_silence",
    "silence_3p": "tacz:m870/m870_silence_3p"
  },
  "offhand_show": {
    "pos": [4, 13, -1],
    "rotate": [-90, -35, 90],
    "scale": [0.5, 0.5, 0.5]
  },
  "hotbar_show": {
    "0": {
      "pos": [-5, 13, -1],
      "rotate": [-90, -35, 90],
      "scale": [0.5, 0.5, 0.5]
    }
  }
}