{
  "ammo": "tacz:9mm",
  "ammo_amount": 30,
  "extended_mag_ammo_amount": [
    35,
    40,
    50
  ],
  "bolt": "closed_bolt",
  "rpm": 1100,
  "script": "tacz:xmag_reload_logic",
  "script_param": {
    "reload_feed": 1.3,
    "reload_cooldown": 2,
    "empty_feed": 1.86,
    "empty_cooldown": 2.3,
    "reload_xmag_1_feed": 1.87,
    "reload_xmag_1_cooldown": 2.27,
    "empty_xmag_1_feed": 2.23,
    "empty_xmag_1_cooldown": 2.7,
    "reload_xmag_2_feed": 2.17,
    "reload_xmag_2_cooldown": 2.67,
    "empty_xmag_2_feed": 2.37,
    "empty_xmag_2_cooldown": 2.83,
    "reload_xmag_3_feed": 2.83,
    "reload_xmag_3_cooldown": 3.36,
    "empty_xmag_3_feed": 3.25,
    "empty_xmag_3_cooldown": 3.38
  },
  "bullet": {
    "life": 0.75,
    "bullet_amount": 1,
    "damage": 6,
    "tracer_count_interval": 0,
    "extra_damage": {
      "armor_ignore": 0.15,
      "head_shot_multiplier": 1.3,
      "damage_adjust": [
        {"distance": 25, "damage": 6},
        {"distance": 40, "damage": 5.8},
        {"distance": 50, "damage": 5.3},
        {"distance": 75, "damage": 4.7},
        {"distance": "infinite", "damage": 3.5}
      ]
    },
    "speed": 160,
    "gravity": 0.15,
    "knockback": 0,
    "friction": 0.02,
    "ignite": false,
    "pierce": 1
  },
  "reload": {
    "type": "magazine",
    "feed": {
      "empty": 1.86,
      "tactical": 1.3
    },
    "cooldown": {
      "empty": 2.3,
      "tactical": 2
    }
  },
  "draw_time": 0.3,
  "put_away_time": 0.43,
  "aim_time": 0.17,
  "sprint_time": 0.14,
  "weight": 2.9,
  "movement_speed": {
    "base": 0.0,
    "aim": -0.1,
    "reload": -0.05
  },
  "crawl_recoil_multiplier": 0.5,
  "fire_mode": [
    "auto",
    "semi",
    "burst"
  ],
  "burst_data": {
    "continuous_shoot": false,
    "count": 3,
    "bpm": 1100,
    "min_interval": 0.2
  },
  // 开火模式调整（如无调整可不写）
  /*
  "fire_mode_adjust": {
    // 全自动状态的数值调整，如无调整可不写
    "auto": {
      // 加算，全自动模式的开火数值调整，如无调整可不写
      "damage": 0,
      "rpm": 0,
      "speed": 0,
      "knockback": 0,
      "armor_ignore": 0,
      "head_shot_multiplier": 0,
      "aim_inaccuracy": 0,
      "other_inaccuracy": 0
    },
    // 半自动状态的数值调整，如无调整可不写
    "semi": {
      // 加算，半自动模式的开火数值调整，如无调整可不写
      "damage": 9,
      "rpm": -400,
      "speed": 20,
      "knockback": 0.1,
      "armor_ignore": 0.1,
      "head_shot_multiplier": 0.1,
      "aim_inaccuracy": -0.1,
      "other_inaccuracy": -0.5
    }
    // 多连发状态的数值调整，如无调整可不写
    // "burst": {
    // 加算，多连发模式的开火数值调整，如无调整可不写
    // "damage": 0,
    // "rpm": 0,
    // "speed": 0,
    // "knockback": 0,
    // "armor_ignore": 0,
    // "head_shot_multiplier": 0,
    // "aim_inaccuracy": 0,
    // "other_inaccuracy": 0
    // }
  },
  "burst_data": {
    "continuous_shoot": false,
    "count": 3,
    "bpm": 900,
    "min_interval": 0.3
  },
  */
  "recoil": {
    "pitch": [
      {"time": 0, "value": [0.7, 0.7]},
      {"time": 0.3, "value": [0.5, 0.5]},
      {"time": 0.5, "value": [-0.125, -0.125]},
      {"time": 0.65, "value": [0, 0]}
    ],
    "yaw": [
      {"time": 0, "value": [-0.25, 0.25]},
      {"time": 0.3, "value": [-0.15, 0.15]},
      {"time": 0.5, "value": [0, 0]}
    ]
  },
  "inaccuracy": {
    "stand": 3.2,
    "move": 4.2,
    "sneak": 2,
    "lie": 1.3,
    "aim": 0.15
  },
  // 近战相关
  "melee": {
    // 枪械距离参数，用来延升近战攻击范围
    // 会与刺刀等配件的距离做加和
    "distance": 1,
    // 使用时的冷却时间
    "cooldown": 0.6,
    // 默认近战数据，会被配件的数据替换掉
    "default": {
      // 动画类型：没有枪托的为 melee_push，有枪托的为 melee_stock
      "animation_type": "melee_stock",
      // 刺刀距离参数，枪械里还有个刺刀攻击距离参数，两者做加和
      "distance": 1,
      // 刺刀范围角度
      "range_angle": 30,
      // 伤害值
      "damage": 2,
      // 击退效果
      "knockback": 0.5,
      // 前摇时长，单位：秒
      "prep": 0.1
    }
  },
  "allow_attachment_types": [
    "scope",
    "stock",
    "grip",
    "extended_mag",
    "laser"
  ],
  "builtin_attachments": {
    "muzzle": "kpp:k7s"
  },
  "exclusive_attachments": {
  }
}