{
  "model": "ccrp:gun/aks74u_geo",
  "texture": "ccrp:gun/uv/aks74u",
  "lod": {
    "model": "ccrp:gun/lod/aks74u",
    "texture": "ccrp:gun/lod/aks74u"
  },
  "hud": "ccrp:gun/hud/aks74u",
  "slot": "ccrp:gun/slot/aks74u",
  "ammo_count_style": "normal",
  "damage_style": "per_projectile",
  "animation": "ccrp:aks74u",
  "state_machine": "tacz:ak47_state_machine",
  "default_animation": "ccrp:rifle_tac_rush_default",
  "third_person_animation": "default",
  "player_animator_3rd": "tacz:rifle_default.player_animation",
  "show_crosshair": false,
  "transform": {
    "scale": {
      "thirdperson": [
        0.6,
        0.6,
        0.6
      ],
      "ground": [
        0.6,
        0.6,
        0.6
      ],
      "fixed": [
        1.2,
        1.2,
        1.2
      ]
    }
  },
  "muzzle_flash": {
    "texture": "tacz:flash/common_muzzle_flash",
    "scale": 0.75
  },
  "iron_zoom": 1.33,
  "zoom_model_fov": 45,
  "shell": {
    "initial_velocity": [
      5,
      2,
      1
    ],
    "random_velocity": [
      1,
      1,
      0.25
    ],
    "acceleration": [
      0,
      -10,
      0
    ],
    "angular_velocity": [
      360,
      -1200,
      90
    ],
    "living_time": 1
  },
  "ammo": {
    "tracer_color": "#FF8888"
  },
  "sounds": {
    "shoot": "ccrp:aks74u/aks74u_shoot",
    "shoot_3p": "ccrp:aks74u/aks74u_shoot_3p",
    "draw": "tacz:ak47/ak47_draw",
    "put_away": "tacz:ak47/ak47_put_away",
    "silence": "ccrp:aks74u/aks74u_silence",
    "silence_3p": "ccrp:aks74u/aks74u_silence_3p",
    "dry_fire": "ccrp:dryfire/ar_dryfire",
    "fire_select": "tacz:fire_select",
    "head_hit": "ccrp:head_hit",
    "flesh_hit": "ccrp:flesh_hit",
    "kill": "ccrp:kill",
    "melee_bayonet": "tacz:melee_bayonet/melee_bayonet_01",
    "melee_push": "tacz:melee_stock/melee_stock_01",
    "melee_stock": "tacz:melee_stock/melee_stock_02"
  },
  "offhand_show": {
    "pos": [
      1,
      20,
      3.5
    ],
    "rotate": [
      0,
      0,
      60
    ],
    "scale": [
      0.5,
      0.5,
      0.5
    ]
  },
  "hotbar_show": {
    "0": {
      "pos": [
        -1,
        20,
        3
      ],
      "rotate": [
        -180,
        0,
        120
      ],
      "scale": [
        0.5,
        0.5,
        0.5
      ]
    }
  },
  "text_show": {
    "ammo_count_text_show_pos": {
      "scale": 1,
      "align": "center",
      "shadow": false,
      "color": "#FFFFFF",
      "light": 15,
      "text": "text_show.tacz.ak47.ammo_count"
    }
  },
  "controllable": {
    "semi": {
      "low_frequency": 0.25,
      "high_frequency": 0.5,
      "time": 100
    },
    "auto": {
      "low_frequency": 0.15,
      "high_frequency": 0.25,
      "time": 80
    },
    "burst": {
      "low_frequency": 0.25,
      "high_frequency": 0.5,
      "time": 100
    }
  }
}
