{
  "model": "ccrp:gun/block_17_geo",
  "texture": "ccrp:gun/uv/block_17",
  "lod": {
    "model": "ccrp:gun/lod/block_17",
    "texture": "ccrp:gun/lod/block_17"
  },
  "hud": "ccrp:gun/hud/block_17",
  "slot": "ccrp:gun/slot/block_17",
  "animation": "ccrp:block_17",
  "use_default_animation": "pistol",
  "player_animator_3rd": "tacz:pistol_default.player_animation",
  "transform": {
    "scale": {
      "thirdperson": [
        0.6,
        0.6,
        0.6
      ],
      "ground": [
        0.6,
        0.6,
        0.6
      ],
      "fixed": [
        1.2,
        1.2,
        1.2
      ]
    }
  },
  "shell": {
    "initial_velocity": [
      8,
      5,
      -0.5
    ],
    "random_velocity": [
      2.5,
      1.5,
      0.25
    ],
    "acceleration": [
      0,
      -20,
      0
    ],
    "angular_velocity": [
      360,
      -720,
      90
    ],
    "living_time": 1
  },
  "muzzle_flash": {
    "texture": "tacz:flash/common_muzzle_flash",
    "scale": 0.4
  },
  "sounds": {
    "reload_empty": "tacz:glock_17/glock17_reload_empty",
    "reload_tactical": "tacz:glock_17/glock17_reload_tactical",
    "inspect": "tacz:glock_17/glock17_inspect",
    "inspect_empty": "tacz:glock_17/glock17_inspect_empty",
    "draw": "tacz:glock_17/glock17_draw",
    "shoot": "tacz:glock_17/glock17_shoot",
    "shoot_3p": "tacz:glock_17/glock17_shoot_3p",
    "silence": "tacz:glock_17/glock17_silence",
    "silence_3p": "tacz:glock_17/glock17_silence_3p",
    "dry_fire": "ccrp:dryfire/dryfire_pistol",
    "head_hit": "ccrp:head_hit",
    "flesh_hit": "ccrp:flesh_hit",
    "kill": "ccrp:kill"
  },
  "offhand_show": {
    "pos": [
      4,
      13,
      -1
    ],
    "rotate": [
      -90,
      -35,
      90
    ],
    "scale": [
      0.5,
      0.5,
      0.5
    ]
  },
  "hotbar_show": {
    "0": {
      "pos": [
        -5,
        13,
        -1
      ],
      "rotate": [
        -90,
        -35,
        90
      ],
      "scale": [
        0.5,
        0.5,
        0.5
      ]
    }
  },
  "ammo_count_style": "normal",
  "damage_style": "per_projectile"
}
