{
  "model": "ccrp:gun/chisato_m1911_geo",
  "texture": "ccrp:gun/uv/chisato_m1911",
  "lod": {
    "model": "ccrp:gun/lod/chisato_m1911",
    "texture": "ccrp:gun/lod/chisato_m1911"
  },
  "hud": "ccrp:gun/hud/chisato_m1911",
  "slot": "ccrp:gun/slot/chisato_m1911",
  "animation": "ccrp:chisato_m1911",
  "use_default_animation": "pistol",
  "player_animator_3rd": "tacz:pistol_default.player_animation",
  "transform": {
    "scale": {
      "thirdperson": [
        0.6,
        0.6,
        0.6
      ],
      "ground": [
        0.6,
        0.6,
        0.6
      ],
      "fixed": [
        1.2,
        1.2,
        1.2
      ]
    }
  },
  "shell": {
    "initial_velocity": [
      6,
      5,
      0.5
    ],
    "random_velocity": [
      2,
      1.5,
      0.25
    ],
    "acceleration": [
      0,
      -20,
      0
    ],
    "angular_velocity": [
      360,
      -720,
      90
    ],
    "living_time": 1
  },
  "muzzle_flash": {
    "texture": "tacz:flash/common_muzzle_flash",
    "scale": 0.55
  },
  "sounds": {
    "shoot": "ccrp:chisato_m1911/chisato_m1911_fire",
    "shoot_3p": "tacz:cz75/cz75_shoot_3p",
    "silence": "ccrp:chisato_m1911/chisato_m1911_fire_s",
    "silence_3p": "tacz:cz75/cz75_silence_3p",
    "dry_fire": "ccrp:dryfire/dryfire_pistol",
    "fire_select": "tacz:fire_select",
    "head_hit": "ccrp:head_hit",
    "flesh_hit": "ccrp:flesh_hit",
    "kill": "ccrp:kill"
  },
  "offhand_show": {
    "pos": [
      4,
      13,
      -1
    ],
    "rotate": [
      -90,
      -35,
      90
    ],
    "scale": [
      0.5,
      0.5,
      0.5
    ]
  },
  "hotbar_show": {
    "0": {
      "pos": [
        -5,
        13,
        -1
      ],
      "rotate": [
        -90,
        -35,
        90
      ],
      "scale": [
        0.5,
        0.5,
        0.5
      ]
    }
  },
  "ammo_count_style": "normal",
  "damage_style": "per_projectile"
}
