{
  "model": "ccrp:gun/m249_saw_geo",
  "texture": "ccrp:gun/uv/m249_saw",
  "hud": "ccrp:gun/hud/m249_saw",
  "slot": "ccrp:gun/slot/m249_saw",
  "animation": "ccrp:m249_saw",
  "use_default_animation": "rifle",
  "third_person_animation": "default",
  "lod": {
    "model": "ccrp:gun/lod/m249_saw",
    "texture": "ccrp:gun/lod/m249_saw"
  },
  "transform": {
    "scale": {
      "thirdperson": [
        0.6,
        0.6,
        0.6
      ],
      "ground": [
        0.6,
        0.6,
        0.6
      ],
      "fixed": [
        1.2,
        1.2,
        1.2
      ]
    }
  },
  "muzzle_flash": {
    "texture": "tacz:flash/common_muzzle_flash",
    "scale": 0.75
  },
  "shell": {
    "initial_velocity": [
      3,
      -0.5,
      0.25
    ],
    "random_velocity": [
      3,
      0.5,
      0.25
    ],
    "acceleration": [
      0,
      -10,
      0
    ],
    "angular_velocity": [
      360,
      -3000,
      90
    ],
    "living_time": 1
  },
  "sounds": {
    "shoot": "ccrp:m249/m249_fire",
    "shoot_3p": "tacz:m249/m249_shoot_3p",
    "draw": "tacz:m249/m249_draw",
    "put_away": "tacz:m249/m249_put_away",
    "silence": "ccrp:m249/m249_fire_s",
    "silence_3p": "tacz:m249/m249_silence_3p",
    "melee_push": "tacz:melee_stock/melee_stock_02",
    "melee_stock": "tacz:melee_stock/melee_stock_03",
    "dry_fire": "ccrp:dryfire/ar_dryfire",
    "fire_select": "tacz:fire_select",
    "head_hit": "ccrp:head_hit",
    "flesh_hit": "ccrp:flesh_hit",
    "kill": "ccrp:kill"
  },
  "offhand_show": {
    "pos": [
      0,
      18,
      5
    ],
    "rotate": [
      -20,
      0,
      30
    ],
    "scale": [
      0.5,
      0.5,
      0.5
    ]
  },
  "hotbar_show": {
    "0": {
      "pos": [
        -4,
        24,
        4
      ],
      "rotate": [
        -90,
        -5,
        -90
      ],
      "scale": [
        0.5,
        0.5,
        0.5
      ]
    }
  },
  "ammo_count_style": "normal",
  "damage_style": "per_projectile"
}
