{
  "model": "ccrp:gun/mp5k_pdw_geo",
  "texture": "ccrp:gun/uv/mp5k_pdw",
  "lod": {
    "model": "ccrp:gun/lod/mp5k",
    "texture": "ccrp:gun/lod/mp5k"
  },
  "hud": "ccrp:gun/hud/mp5k_pdw",
  "slot": "ccrp:gun/slot/mp5k_pdw",
  "animation": "ccrp:mp5k_pdw",
  "use_default_animation": "rifle",
  "third_person_animation": "default",
  "state_machine": "tacz:vector45_state_machine_old",
  "transform": {
    "scale": {
      "thirdperson": [
        0.6,
        0.6,
        0.6
      ],
      "ground": [
        0.6,
        0.6,
        0.6
      ],
      "fixed": [
        1.2,
        1.2,
        1.2
      ]
    }
  },
  "muzzle_flash": {
    "texture": "tacz:flash/common_muzzle_flash",
    "scale": 0
  },
  "shell": {
    "initial_velocity": [
      5,
      2,
      1
    ],
    "random_velocity": [
      1,
      1,
      0.25
    ],
    "acceleration": [
      0,
      -10,
      0
    ],
    "angular_velocity": [
      360,
      -1200,
      90
    ],
    "living_time": 1
  },
  "sounds": {
    "shoot": "tacz:hk_mp5a5/hk_mp5a5_shoot",
    "shoot_3p": "tacz:hk_mp5a5/hk_mp5a5_shoot_3p",
    "draw": "tacz:hk_mp5a5/hk_mp5a5_draw",
    "put_away": "tacz:hk_mp5a5/hk_mp5a5_put_away",
    "silence": "tacz:hk_mp5a5/hk_mp5a5_silence",
    "silence_3p": "tacz:hk_mp5a5/hk_mp5a5_silence_3p",
    "melee_push": "tacz:melee_stock/melee_stock_03",
    "melee_stock": "tacz:melee_stock/melee_stock_01",
    "dry_fire": "ccrp:dryfire/ar_dryfire",
    "fire_select": "tacz:fire_select",
    "head_hit": "ccrp:head_hit",
    "flesh_hit": "ccrp:flesh_hit",
    "kill": "ccrp:kill"
  },
  "offhand_show": {
    "pos": [
      1,
      20,
      4
    ],
    "rotate": [
      0,
      0,
      45
    ],
    "scale": [
      0.5,
      0.5,
      0.5
    ]
  },
  "hotbar_show": {
    "0": {
      "pos": [
        1,
        16,
        -2
      ],
      "rotate": [
        0,
        0,
        20
      ],
      "scale": [
        0.5,
        0.5,
        0.5
      ]
    }
  },
  "ammo_count_style": "normal",
  "damage_style": "per_projectile"
}
