{
  "model": "ccrp:gun/mp7a3_geo",
  "texture": "ccrp:gun/uv/mp7a3",
  "lod": {
    "model": "ccrp:gun/lod/mp7a3",
    "texture": "ccrp:gun/lod/mp7a3"
  },
  "hud": "ccrp:gun/hud/mp7a3",
  "slot": "ccrp:gun/slot/mp7a3",
  "animation": "ccrp:mp7a3",
  "state_machine": "tacz:hk416d_state_machine",
  "default_animation": "ccrp:rifle_tac_rush_default",
  "third_person_animation": "default",
  "transform": {
    "scale": {
      "thirdperson": [
        0.6,
        0.6,
        0.6
      ],
      "ground": [
        0.6,
        0.6,
        0.6
      ],
      "fixed": [
        1.2,
        1.2,
        1.2
      ]
    }
  },
  "muzzle_flash": {
    "texture": "tacz:flash/common_muzzle_flash",
    "scale": 0.75
  },
  "iron_zoom": 1.33,
  "zoom_model_fov": 60,
  "shell": {
    "initial_velocity": [
      5,
      2,
      1
    ],
    "random_velocity": [
      1,
      1,
      0.25
    ],
    "acceleration": [
      0,
      -10,
      0
    ],
    "angular_velocity": [
      360,
      -1200,
      90
    ],
    "living_time": 1
  },
  "sounds": {
    "shoot": "ccrp:vel46/vel46_shoot",
    "shoot_3p": "ccrp:vel46/vel46_shoot_3p",
    "silence": "ccrp:vel46/vel46_silence",
    "silence_3p": "ccrp:vel46/vel46_silence_3p",
    "draw": "tacz:uzi/uzi_draw",
    "put_away": "tacz:uzi/uzi_put_away",
    "dry_fire": "ccrp:dryfire/ar_dryfire",
    "fire_select": "tacz:fire_select",
    "head_hit": "ccrp:head_hit",
    "flesh_hit": "ccrp:flesh_hit",
    "kill": "ccrp:kill"
  },
  "offhand_show": {
    "pos": [
      1,
      19,
      4
    ],
    "rotate": [
      0,
      0,
      50
    ],
    "scale": [
      0.5,
      0.5,
      0.5
    ]
  },
  "hotbar_show": {
    "0": {
      "pos": [
        -1,
        19,
        3
      ],
      "rotate": [
        -180,
        0,
        130
      ],
      "scale": [
        0.5,
        0.5,
        0.5
      ]
    }
  },
  "ammo_count_style": "normal",
  "damage_style": "per_projectile"
}
