{
  "model": "ccrp:gun/p90_paw_geo",
  "texture": "ccrp:gun/uv/p90_paw",
  "lod": {
    "model": "ccrp:gun/lod/p90_ex",
    "texture": "ccrp:gun/lod/p90_ex"
  },
  "hud": "ccrp:gun/hud/p90_paw",
  "slot": "ccrp:gun/slot/p90_paw",
  "animation": "ccrp:p90_ex",
  "use_default_animation": "rifle",
  "third_person_animation": "default",
  "player_animator_3rd": "tacz:rifle_default.player_animation",
  "show_crosshair": false,
  "transform": {
    "scale": {
      "thirdperson": [
        0.6,
        0.6,
        0.6
      ],
      "ground": [
        0.6,
        0.6,
        0.6
      ],
      "fixed": [
        1.2,
        1.2,
        1.2
      ]
    }
  },
  "muzzle_flash": {
    "texture": "tacz:flash/common_muzzle_flash",
    "scale": 0.75
  },
  "iron_zoom": 1.2,
  "shell": {
    "initial_velocity": [
      5,
      2,
      1
    ],
    "random_velocity": [
      1,
      1,
      0.25
    ],
    "acceleration": [
      0,
      -10,
      0
    ],
    "angular_velocity": [
      360,
      -1200,
      90
    ],
    "living_time": 1
  },
  "ammo": {
    "tracer_color": "#FFFFFF"
  },
  "sounds": {
    "shoot": "tacz:ump45/ump45_shoot",
    "shoot_3p": "tacz:ump45/ump45_shoot_3p",
    "silence": "tacz:ump45/ump45_silence",
    "silence_3p": "tacz:ump45/ump45_silence_3p",
    "draw": "tacz:uzi/uzi_draw",
    "put_away": "tacz:uzi/uzi_put_away",
    "dry_fire": "ccrp:dryfire/ar_dryfire",
    "fire_select": "tacz:fire_select",
    "head_hit": "ccrp:head_hit",
    "flesh_hit": "ccrp:flesh_hit",
    "kill": "ccrp:kill",
    "melee_bayonet": "tacz:melee_bayonet/melee_bayonet_01",
    "melee_push": "tacz:melee_stock/melee_stock_01",
    "melee_stock": "tacz:melee_stock/melee_stock_02"
  },
  "offhand_show": {
    "pos": [
      1,
      20,
      3.5
    ],
    "rotate": [
      0,
      0,
      60
    ],
    "scale": [
      0.5,
      0.5,
      0.5
    ]
  },
  "hotbar_show": {
    "0": {
      "pos": [
        -1,
        20,
        3
      ],
      "rotate": [
        -180,
        0,
        120
      ],
      "scale": [
        0.5,
        0.5,
        0.5
      ]
    }
  },
  "text_show": {
    "ammo_count_text_show_pos": {
      "scale": 1,
      "align": "center",
      "shadow": false,
      "color": "#FFFFFF",
      "light": 15,
      "text": "text_show.tacz.ak47.ammo_count"
    }
  },
  "controllable": {
    "semi": {
      "low_frequency": 0.25,
      "high_frequency": 0.5,
      "time": 100
    },
    "auto": {
      "low_frequency": 0.15,
      "high_frequency": 0.25,
      "time": 80
    },
    "burst": {
      "low_frequency": 0.25,
      "high_frequency": 0.5,
      "time": 100
    }
  },
  "ammo_count_style": "normal",
  "damage_style": "per_projectile"
}
