{
  "model": "ccrp:gun/rd704_geo",
  "texture": "ccrp:gun/uv/rd704",
  "lod": {
    "model": "ccrp:gun/lod/rd704_lod",
    "texture": "ccrp:gun/lod/rd704_lod"
  },
  "hud": "ccrp:gun/hud/rd704",
  "slot": "ccrp:gun/slot/rd704",
  "animation": "ccrp:rd704",
  "use_default_animation": "rifle",
  "third_person_animation": "default",
  "state_machine": "ccrp:rd704_new",
  "transform": {
    "scale": {
      "thirdperson": [
        0.6,
        0.6,
        0.6
      ],
      "ground": [
        0.6,
        0.6,
        0.6
      ],
      "fixed": [
        1.2,
        1.2,
        1.2
      ]
    }
  },
  "shell": {
    "initial_velocity": [
      5,
      2,
      1
    ],
    "random_velocity": [
      1,
      1,
      0.25
    ],
    "acceleration": [
      0,
      -10,
      0
    ],
    "angular_velocity": [
      360,
      -1200,
      90
    ],
    "living_time": 1
  },
  "muzzle_flash": {
    "texture": "tacz:flash/common_muzzle_flash",
    "scale": 0.75
  },
  "sounds": {
    "shoot": "ccrp:rd704/rd704_shoot",
    "shoot_3p": "ccrp:rd704/rd704_shoot_3p",
    "draw": "ccrp:rd704/rd704_draw",
    "put_away": "ccrp:rd704/rd704_put_away",
    "silence": "ccrp:rd704/rd704_silence",
    "silence_3p": "ccrp:rd704/rd704_silence_3p",
    "dry_fire": "ccrp:dryfire/ar_dryfire",
    "fire_select": "tacz:fire_select",
    "head_hit": "ccrp:head_hit",
    "flesh_hit": "ccrp:flesh_hit",
    "kill": "ccrp:kill"
  },
  "ammo_count_style": "normal",
  "damage_style": "per_projectile"
}
