{
  "model": "ccrp:gun/silence_meteor_geo",
  "texture": "ccrp:gun/uv/silence_meteor",
  "lod": {
    "model": "ccrp:gun/lod/silence_meteor",
    "texture": "ccrp:gun/lod/silence_meteor"
  },
  "hud": "ccrp:gun/hud/silence_meteor_hud",
  "slot": "ccrp:gun/slot/silence_meteor_slot",
  "animation": "ccrp:silence_meteor",
  "state_machine": "tacz:hk416d_state_machine",
  "use_default_animation": "rifle",
  "third_person_animation": "default",
  "transform": {
    "scale": {
      "thirdperson": [
        0.6,
        0.6,
        0.6
      ],
      "ground": [
        0.6,
        0.6,
        0.6
      ],
      "fixed": [
        1.2,
        1.2,
        1.2
      ]
    }
  },
  "muzzle_flash": {
    "texture": "tacz:flash/common_muzzle_flash",
    "scale": 0.75
  },
  "iron_zoom": 1.33,
  "zoom_model_fov": 60,
  "shell": {
    "initial_velocity": [
      5,
      2,
      1
    ],
    "random_velocity": [
      1,
      1,
      0.25
    ],
    "acceleration": [
      0,
      -10,
      0
    ],
    "angular_velocity": [
      360,
      -1200,
      90
    ],
    "living_time": 1
  },
  "sounds": {
    "shoot": "ccrp:hk416d/hk416a8_shoot",
    "shoot_3p": "ccrp:hk416d/hk416a8_shoot_3p",
    "draw": "tacz:hk416d/hk416d_draw",
    "put_away": "tacz:hk416d/hk416d_put_away",
    "silence": "ccrp:hk416d/hk416a8_silence",
    "silence_3p": "ccrp:hk416d/hk416a8_silence_3p",
    "dry_fire": "ccrp:dryfire/ar_dryfire",
    "head_hit": "ccrp:head_hit",
    "flesh_hit": "ccrp:flesh_hit",
    "kill": "ccrp:kill",
    "melee_push": "tacz:melee_stock/melee_stock_01",
    "melee_stock": "tacz:melee_stock/melee_stock_02"
  },
  "offhand_show": {
    "pos": [
      1,
      19,
      4
    ],
    "rotate": [
      0,
      0,
      50
    ],
    "scale": [
      0.5,
      0.5,
      0.5
    ]
  },
  "hotbar_show": {
    "0": {
      "pos": [
        -1,
        19,
        3
      ],
      "rotate": [
        -180,
        0,
        130
      ],
      "scale": [
        0.5,
        0.5,
        0.5
      ]
    }
  },
  "ammo_count_style": "normal",
  "damage_style": "per_projectile"
}
