{
	"format_version": "1.8.0",
	"animations": {
		"static_idle": {
			"loop": true,
			"bones": {
				"lefthand": {
					"rotation": [98.24187, -48.10281, -139.91314],
					"position": [7.222, -8.347, -7.309],
					"scale": [1, 1.5, 1]
				},
				"righthand": {
					"rotation": [97.52832, -355.04288, -179.34574],
					"position": [-6.8, -10, 3],
					"scale": [1, 1.5, 1]
				}
			}
		},
		"static_bolt_caught": {
			"loop": true,
			"bones": {
				"bolt_release": {
					"rotation": [0, -15, 0]
				},
				"bolt_bullet": {
					"position": [0, 0, 2]
				}
			}
		},
		"shoot": {
			"animation_length": 0.7,
			"bones": {
				"root": {
					"rotation": {
						"0.0": [0, 0, 0],
						"0.0333": [-0.32, 0, 0.49],
						"0.0667": [-2.4, 0, -1.21],
						"0.1": [-2.11, 0, 0.33],
						"0.1333": [-1.05, -0.01, 0.08],
						"0.1667": [-0.02, 0, -0.29],
						"0.2": [0.15, 0.08, -0.17],
						"0.2333": [0.1, 0.19, 0.08],
						"0.2667": [0.04, 0.24, 0.23],
						"0.3": [0.03, 0.18, 0.18],
						"0.3333": [0, 0.07, 0.05],
						"0.3667": [-0.02, -0.04, -0.09],
						"0.4": [-0.04, -0.11, -0.17],
						"0.4333": [-0.04, -0.12, -0.17],
						"0.4667": [-0.03, -0.1, -0.14],
						"0.5": [-0.02, -0.06, -0.09],
						"0.5333": [-0.01, -0.02, -0.03],
						"0.5667": [0, 0, 0]
					},
					"position": {
						"0.0": [0, 0, 0],
						"0.0333": [0, -0.06, 1.48],
						"0.0667": [0, -0.06, 1.19],
						"0.1": [0, -0.03, 0.52],
						"0.1333": [0, 0, -0.09],
						"0.1667": [0, 0, -0.15],
						"0.2": [0, 0, -0.1],
						"0.2333": [0, 0, 0],
						"0.2667": [0, 0, 0.05],
						"0.3": [0, 0, 0.05],
						"0.3333": [0, 0, 0.04],
						"0.3667": [0, 0, 0.03],
						"0.4": [0, 0, 0.01],
						"0.4333": [0, 0, 0],
						"0.4667": [0, 0, 0],
						"0.5": [0, 0, 0],
						"0.5333": [0, 0, 0],
						"0.5667": [0, 0, 0],
						"0.6": [0, 0, 0],
						"0.6333": [0, 0, 0]
					}
				},
				"bullet_in_barrel": {
					"position": {
						"0.0333": [0, -0.6, 0],
						"0.0667": [0, 0, 0]
					}
				},
				"constraint": {
					"rotation": {
						"0.0": [0.2, 0.2, 0.2],
						"0.1": [0.1, 0.2, 0.4],
						"0.3": [0, 0, 0]
					},
					"position": {
						"0.1": [0.2, 0.02, 0.35],
						"0.3": [0, 0, 0]
					}
				},
				"camera": {
					"rotation": {
						"0.0": [0, 0, 0],
						"0.0333": [0, 0, 0.7],
						"0.0667": [0, 0, -0.32],
						"0.1": [0, 0, -0.06],
						"0.1333": [0, 0, 0.28],
						"0.1667": [0, 0, 0.06],
						"0.2": [0, 0, -0.2],
						"0.2333": [0, 0, -0.1],
						"0.2667": [0, 0, 0.05],
						"0.3": [0, 0, 0.04],
						"0.3333": [0, 0, 0]
					}
				},
				"apc_9k_bolt": {
					"position": {
						"0.0": [0, 0, 0],
						"0.0333": [0, 0, 2.5],
						"0.0667": [0, 0, 0]
					}
				}
			},
			"sound_effects": {
				"0.0": {
					"effect": "weap_mpapa5_fire_first_plr_01"
				}
			}
		},
		"reload_tactical": {
			"animation_length": 2.9,
			"bones": {
				"root": {
					"rotation": {
						"0.0": {
							"post": [0, 0, 0],
							"lerp_mode": "catmullrom"
						},
						"0.1": {
							"post": [1.661, -3.663, -18.78],
							"lerp_mode": "catmullrom"
						},
						"0.25": {
							"post": [-7.786, -17.029, -33.069],
							"lerp_mode": "catmullrom"
						},
						"0.35": {
							"post": [-13.099, -19.64, -29.677],
							"lerp_mode": "catmullrom"
						},
						"0.3833": {
							"post": [-14.35, -19.113, -26.668],
							"lerp_mode": "catmullrom"
						},
						"0.4167": {
							"post": [-11.998, -19.078, -31.294],
							"lerp_mode": "catmullrom"
						},
						"0.4833": {
							"post": [-14.882, -19.157, -27.543],
							"lerp_mode": "catmullrom"
						},
						"0.6": {
							"post": [-14.216, -22.744, -30.691],
							"lerp_mode": "catmullrom"
						},
						"0.65": {
							"post": [-13.779, -22.908, -30.61],
							"lerp_mode": "catmullrom"
						},
						"0.75": {
							"post": [-13.094, -22.476, -30.498],
							"lerp_mode": "catmullrom"
						},
						"0.8": {
							"post": [-14.497, -21.649, -28.581],
							"lerp_mode": "catmullrom"
						},
						"0.8833": {
							"post": [-12.78, -22.532, -31.392],
							"lerp_mode": "catmullrom"
						},
						"0.9333": {
							"post": [-13.086, -20.269, -27.484],
							"lerp_mode": "catmullrom"
						},
						"0.9833": {
							"post": [-15.765, -17.796, -22.414],
							"lerp_mode": "catmullrom"
						},
						"1.0667": {
							"post": [-13.5, -20.838, -25.555],
							"lerp_mode": "catmullrom"
						},
						"1.1667": {
							"post": [-9.335, -22.501, -35.263],
							"lerp_mode": "catmullrom"
						},
						"1.2833": {
							"post": [-6.653, -25.845, -42.183],
							"lerp_mode": "catmullrom"
						},
						"1.4": {
							"post": [-7.253, -27.128, -42.715],
							"lerp_mode": "catmullrom"
						},
						"1.5167": {
							"post": [-9.818, -26.214, -34.766],
							"lerp_mode": "catmullrom"
						},
						"1.5667": {
							"post": [-11.548, -24.932, -30.667],
							"lerp_mode": "catmullrom"
						},
						"1.5833": {
							"post": [-10.095, -27.17, -43.1],
							"lerp_mode": "catmullrom"
						},
						"1.6167": {
							"post": [-15.388, -24.758, -34.178],
							"lerp_mode": "catmullrom"
						},
						"1.7167": {
							"post": [-10.144, -25.443, -41.14],
							"lerp_mode": "catmullrom"
						},
						"1.7833": {
							"post": [-11.376, -24.884, -37.575],
							"lerp_mode": "catmullrom"
						},
						"1.85": {
							"post": [-9.355, -25.197, -42.485],
							"lerp_mode": "catmullrom"
						},
						"1.9": {
							"post": [-7.723, -24.201, -44.306],
							"lerp_mode": "catmullrom"
						},
						"1.9667": {
							"post": [-6.472, -20.709, -41.571],
							"lerp_mode": "catmullrom"
						},
						"2.05": {
							"post": [-7.327, -18.086, -36.024],
							"lerp_mode": "catmullrom"
						},
						"2.0833": {
							"post": [-8.416, -17.082, -33.516],
							"lerp_mode": "catmullrom"
						},
						"2.1667": {
							"post": [-7.795, -13.77, -30.065],
							"lerp_mode": "catmullrom"
						},
						"2.2667": {
							"post": [-4.053, -5.279, -2.541],
							"lerp_mode": "catmullrom"
						},
						"2.3833": {
							"post": [1.31, -0.515, -0.537],
							"lerp_mode": "catmullrom"
						},
						"2.4167": {
							"post": [2.28, 0.735, -4.36],
							"lerp_mode": "catmullrom"
						},
						"2.5": {
							"post": [1.491, -0.589, -5.093],
							"lerp_mode": "catmullrom"
						},
						"2.5333": {
							"post": [0.686, -0.473, -1.303],
							"lerp_mode": "catmullrom"
						},
						"2.6167": {
							"post": [-0.218, 0.158, -0.353],
							"lerp_mode": "catmullrom"
						},
						"2.7": {
							"post": [0.267, 0.086, -0.682],
							"lerp_mode": "catmullrom"
						},
						"2.75": {
							"post": [-0.024, 0.033, 0.453],
							"lerp_mode": "catmullrom"
						},
						"2.8": {
							"post": [-0.016, 0.017, 0.333],
							"lerp_mode": "catmullrom"
						},
						"2.8833": {
							"post": [0, 0, 0],
							"lerp_mode": "catmullrom"
						}
					},
					"position": {
						"0.0": {
							"post": [0, 0, 0],
							"lerp_mode": "catmullrom"
						},
						"0.0833": {
							"post": [0.198, 0.106, -0.36],
							"lerp_mode": "catmullrom"
						},
						"0.15": {
							"post": [0.289, 0.91, -0.822],
							"lerp_mode": "catmullrom"
						},
						"0.2333": {
							"post": [0.26, 1.364, -0.713],
							"lerp_mode": "catmullrom"
						},
						"0.35": {
							"post": [-0.147, 0.968, 0.964],
							"lerp_mode": "catmullrom"
						},
						"0.3833": {
							"post": [-0.277, 0.776, 1.628],
							"lerp_mode": "catmullrom"
						},
						"0.4167": {
							"post": [-0.419, 0.713, 1.68],
							"lerp_mode": "catmullrom"
						},
						"0.4833": {
							"post": [-0.313, 1.009, 1.335],
							"lerp_mode": "catmullrom"
						},
						"0.5667": {
							"post": [-0.382, 1.036, 1.638],
							"lerp_mode": "catmullrom"
						},
						"0.65": {
							"post": [-0.317, 0.866, 1.569],
							"lerp_mode": "catmullrom"
						},
						"0.8333": {
							"post": [-0.276, 0.952, 1.555],
							"lerp_mode": "catmullrom"
						},
						"0.9333": {
							"post": [-0.127, 0.705, 1.543],
							"lerp_mode": "catmullrom"
						},
						"1.0167": {
							"post": [-0.033, 0.987, 1.617],
							"lerp_mode": "catmullrom"
						},
						"1.1": {
							"post": [0.128, 1.014, 1.571],
							"lerp_mode": "catmullrom"
						},
						"1.1667": {
							"post": [0.077, 0.989, 1.533],
							"lerp_mode": "catmullrom"
						},
						"1.25": {
							"post": [0.02, 1.173, 1.497],
							"lerp_mode": "catmullrom"
						},
						"1.3667": {
							"post": [0.067, 1.314, 1.5],
							"lerp_mode": "catmullrom"
						},
						"1.5167": {
							"post": [0.166, 1.277, 1.541],
							"lerp_mode": "catmullrom"
						},
						"1.5667": {
							"post": [0.164, 1.083, 1.567],
							"lerp_mode": "catmullrom"
						},
						"1.6167": {
							"post": [0.259, 1.404, 1.623],
							"lerp_mode": "catmullrom"
						},
						"1.6667": {
							"post": [0.017, 1.318, 1.706],
							"lerp_mode": "catmullrom"
						},
						"1.75": {
							"post": [0.095, 1.264, 1.564],
							"lerp_mode": "catmullrom"
						},
						"1.8167": {
							"post": [0.235, 1.318, 1.568],
							"lerp_mode": "catmullrom"
						},
						"1.85": {
							"post": [0.169, 1.248, 1.542],
							"lerp_mode": "catmullrom"
						},
						"1.9167": {
							"post": [0.126, 0.966, 1.499],
							"lerp_mode": "catmullrom"
						},
						"2.0167": {
							"post": [0.161, 0.651, 1.457],
							"lerp_mode": "catmullrom"
						},
						"2.0833": {
							"post": [0.204, 0.378, 1.487],
							"lerp_mode": "catmullrom"
						},
						"2.1667": {
							"post": [0.308, 0.063, 0.219],
							"lerp_mode": "catmullrom"
						},
						"2.2": {
							"post": [0.458, -0.066, -0.795],
							"lerp_mode": "catmullrom"
						},
						"2.2667": {
							"post": [0.722, -0.302, -1.923],
							"lerp_mode": "catmullrom"
						},
						"2.35": {
							"post": [0.518, -0.358, -2.042],
							"lerp_mode": "catmullrom"
						},
						"2.4167": {
							"post": [0.143, -0.308, -1.14],
							"lerp_mode": "catmullrom"
						},
						"2.5": {
							"post": [-0.037, -0.188, 0.334],
							"lerp_mode": "catmullrom"
						},
						"2.5833": {
							"post": [0, -0.109, 0.019],
							"lerp_mode": "catmullrom"
						},
						"2.65": {
							"post": [-0.038, -0.057, -0.059],
							"lerp_mode": "catmullrom"
						},
						"2.7333": {
							"post": [-0.005, -0.027, 0.002],
							"lerp_mode": "catmullrom"
						},
						"2.8": {
							"post": [0.003, -0.003, 0],
							"lerp_mode": "catmullrom"
						},
						"2.8833": {
							"post": [0, 0, 0],
							"lerp_mode": "catmullrom"
						}
					}
				},
				"mag_and_lefthand": {
					"rotation": {
						"0.25": [0, 0, 0],
						"0.2667": [-45, 0, -57.5],
						"0.6": [-44.31282, 8.80348, -48.59072],
						"0.6667": [-44.8873, -3.53609, -61.03995],
						"0.75": [-44.96864, -12.36894, -62.83586],
						"0.85": [-44.96864, -12.36894, -62.83586],
						"0.9": [-44.97, -12.37, -62.84],
						"1.0167": [-25.55, -7.66, -43.85],
						"1.2167": [6, 0, -13],
						"1.3667": [5, 0, 0],
						"1.4333": [5, 0, 0],
						"1.5833": [0, 0, 0]
					},
					"position": {
						"0.25": [0, 0, 0],
						"0.2667": [10, -24, 9],
						"0.6": [3, -2, 1],
						"0.6667": [1, -2, 2],
						"0.75": [1, -2, 2],
						"0.85": [1, -2, 2],
						"0.9": [1, -5, 2],
						"1.0167": [1, -9.555, 2],
						"1.1": [1, -7.41, 1.82],
						"1.2167": [2, -3.905, 0.21],
						"1.2833": [0.835, -4, 0.63],
						"1.3667": [0, -2.935, 0.785],
						"1.4333": [0, -2.935, 0.785],
						"1.5333": [0, -2.935, 0.785],
						"1.5833": [0, 0, 0]
					}
				},
				"lefthand": {
					"rotation": {
						"0.0": [98.24187, -48.10281, -139.91314],
						"0.25": [-27.995, -105.652, -92.084],
						"0.2667": [109.98928, -18.90721, -188.47207],
						"1.7167": [109.99, -18.91, -188.47],
						"1.8": {
							"pre": [139.20899, -35.34487, -205.43899],
							"post": [139.20899, -35.34487, -205.43899],
							"lerp_mode": "catmullrom"
						},
						"1.85": {
							"post": [153.40803, -35.37216, -227.51187],
							"lerp_mode": "catmullrom"
						},
						"1.9333": [188.45651, -26.47981, -241.75544],
						"2.0333": [70.7913, -55.22099, -136.76918],
						"2.1167": [70.7913, -55.22099, -136.76918],
						"2.25": [98.24187, -48.10281, -139.91314]
					},
					"position": {
						"0.0": [7.222, -8.347, -7.309],
						"0.25": [19.228, -22.781, 8.665],
						"0.2667": [6.222, -12.847, -2.309],
						"1.7167": [6.222, -12.847, -2.309],
						"1.8": {
							"pre": [10.83, -15.49, -0.85],
							"post": [10.83, -15.49, -0.85],
							"lerp_mode": "catmullrom"
						},
						"1.85": {
							"post": [8.89, -17.205, -0.85],
							"lerp_mode": "catmullrom"
						},
						"1.9333": [2.567, -24.578, 8.461],
						"2.0333": [2.567, -24.578, 8.461],
						"2.1167": [10.75, -19.36, 1.45],
						"2.1833": [8.99, -13.85, -7.93],
						"2.25": [7.222, -8.347, -7.309]
					},
					"scale": [1, 1.5, 1]
				},
				"righthand": {
					"rotation": [97.52832, -355.04288, -179.34574],
					"position": [-6.8, -10, 3],
					"scale": [1, 1.5, 1]
				},
				"additional_magazine": {
					"rotation": {
						"0.9": [0, 0, 0],
						"1.2167": [25.03, 12.37, 62.84],
						"1.3667": [26.88801, 7.101, 73.78357],
						"1.4333": [26.88801, 7.101, 73.78357],
						"1.7167": [26.89, 7.1, 73.78],
						"1.8": {
							"pre": [26.89, 7.1, 73.78],
							"post": [26.89, 7.1, 73.78],
							"lerp_mode": "catmullrom"
						},
						"1.85": {
							"post": [45.24456, 44.66422, 72.63129],
							"lerp_mode": "catmullrom"
						},
						"1.9333": [45.24, 44.66, 72.63]
					},
					"position": {
						"0.85": [0, 0, 0],
						"0.9": [0, -4, 0],
						"1.0167": [1.145, -7.915, -1.56],
						"1.1": [0.445, -7, -1.56],
						"1.2167": [1.32, -3.685, -2],
						"1.2833": [0.17, -3.685, -2],
						"1.3667": [-0.54, -2.735, -2],
						"1.4333": [-0.54, -2.735, -2],
						"1.5333": [-0.54, -2.735, -2],
						"1.5833": [-0.54, -0.195, -2],
						"1.7167": [-0.54, -0.19, -2],
						"1.8": {
							"pre": [5.46, -3.19, 1],
							"post": [5.46, -3.19, 1],
							"lerp_mode": "catmullrom"
						},
						"1.85": {
							"post": [3.215, -4.8, 1.06],
							"lerp_mode": "catmullrom"
						},
						"1.9333": [-2.78, -11.685, 11.61]
					},
					"scale": {
						"1.9333": [1, 1, 1],
						"1.95": [0, 0, 0]
					}
				},
				"camera": {
					"rotation": {
						"0.0": {
							"post": [0, 0, 0],
							"lerp_mode": "catmullrom"
						},
						"0.1": {
							"post": [-0.205, 0.105, -0.621],
							"lerp_mode": "catmullrom"
						},
						"0.2": {
							"post": [-0.065, 0.455, -0.81],
							"lerp_mode": "catmullrom"
						},
						"0.25": {
							"post": [0.17, 0.922, -0.4],
							"lerp_mode": "catmullrom"
						},
						"0.35": {
							"post": [0.45, 1.161, 0.014],
							"lerp_mode": "catmullrom"
						},
						"0.3833": {
							"post": [0.824, 0.952, -0.397],
							"lerp_mode": "catmullrom"
						},
						"0.45": {
							"post": [0.585, 0.924, 0.208],
							"lerp_mode": "catmullrom"
						},
						"0.5333": {
							"post": [0.707, 1.166, -0.228],
							"lerp_mode": "catmullrom"
						},
						"0.6": {
							"post": [0.648, 1.318, -0.126],
							"lerp_mode": "catmullrom"
						},
						"0.75": {
							"post": [0.473, 1.587, 0.058],
							"lerp_mode": "catmullrom"
						},
						"0.8333": {
							"post": [0.133, 1.63, 0.102],
							"lerp_mode": "catmullrom"
						},
						"0.9167": {
							"post": [-0.394, 1.227, -0.402],
							"lerp_mode": "catmullrom"
						},
						"0.9333": {
							"post": [0.721, 1.406, 0.628],
							"lerp_mode": "catmullrom"
						},
						"0.9833": {
							"post": [1.402, 1.542, 1.64],
							"lerp_mode": "catmullrom"
						},
						"1.0667": {
							"post": [1.052, 0.829, 0.759],
							"lerp_mode": "catmullrom"
						},
						"1.1333": {
							"post": [1.439, 0.569, 0.633],
							"lerp_mode": "catmullrom"
						},
						"1.2167": {
							"post": [1.207, 0.461, 1.068],
							"lerp_mode": "catmullrom"
						},
						"1.2833": {
							"post": [1.137, 0.524, 0.852],
							"lerp_mode": "catmullrom"
						},
						"1.3333": {
							"post": [1.211, 0.625, 0.726],
							"lerp_mode": "catmullrom"
						},
						"1.4": {
							"post": [1.358, 0.827, 0.474],
							"lerp_mode": "catmullrom"
						},
						"1.4667": {
							"post": [1.652, 1.325, 0.929],
							"lerp_mode": "catmullrom"
						},
						"1.5167": {
							"post": [1.84, 1.681, 1.198],
							"lerp_mode": "catmullrom"
						},
						"1.5833": {
							"post": [0.133, 0.66, 0.212],
							"lerp_mode": "catmullrom"
						},
						"1.6667": {
							"post": [1.095, 1.863, 0.142],
							"lerp_mode": "catmullrom"
						},
						"1.75": {
							"post": [0.454, 0.741, -0.064],
							"lerp_mode": "catmullrom"
						},
						"1.85": {
							"post": [1.557, 0.133, 0.332],
							"lerp_mode": "catmullrom"
						},
						"1.9167": {
							"post": [1.608, -0.136, 0.473],
							"lerp_mode": "catmullrom"
						},
						"2.05": {
							"post": [1.071, -0.503, 0.384],
							"lerp_mode": "catmullrom"
						},
						"2.1167": {
							"post": [0.676, -0.576, -0.589],
							"lerp_mode": "catmullrom"
						},
						"2.2": {
							"post": [0.399, -0.362, -1.561],
							"lerp_mode": "catmullrom"
						},
						"2.25": {
							"post": [0.248, -0.171, -1.731],
							"lerp_mode": "catmullrom"
						},
						"2.3": {
							"post": [-0.015, 0.16, -0.756],
							"lerp_mode": "catmullrom"
						},
						"2.4167": {
							"post": [-0.221, -0.062, -0.146],
							"lerp_mode": "catmullrom"
						},
						"2.4667": {
							"post": [-0.234, -0.154, -0.198],
							"lerp_mode": "catmullrom"
						},
						"2.5333": {
							"post": [0.164, 0.104, 0.682],
							"lerp_mode": "catmullrom"
						},
						"2.5833": {
							"post": [0.251, 0.192, 0.189],
							"lerp_mode": "catmullrom"
						},
						"2.65": {
							"post": [-0.125, -0.012, -0.222],
							"lerp_mode": "catmullrom"
						},
						"2.75": {
							"post": [-0.026, -0.035, 0.065],
							"lerp_mode": "catmullrom"
						},
						"2.8333": {
							"post": [0, 0, 0],
							"lerp_mode": "catmullrom"
						},
						"2.8833": {
							"post": [0, 0, 0],
							"lerp_mode": "catmullrom"
						}
					}
				},
				"magazine_and_bullet": {
					"rotation": {
						"0.2833": [0, 0, 0],
						"0.3": [0, 0, 0]
					},
					"position": {
						"0.2833": [0, -20, 30],
						"0.3": [0, 0, 0]
					}
				}
			},
			"sound_effects": {
				"0.0": {
					"effect": "ccrp:apc_9k/apc_9k_reload_raise"
				},
				"0.7833": {
					"effect": "ccrp:apc_9k/apc_9k_reload_maghit1"
				},
				"1.2": {
					"effect": "ccrp:apc_9k/apc_9k_reload_maghit2"
				},
				"1.55": {
					"effect": "ccrp:apc_9k/apc_9k_reload_magin"
				},
				"2.1": {
					"effect": "ccrp:apc_9k/apc_9k_reload_end"
				}
			}
		},
		"reload_empty": {
			"animation_length": 3.15,
			"bones": {
				"root": {
					"rotation": {
						"0.0": {
							"post": [0, 0, 0],
							"lerp_mode": "catmullrom"
						},
						"0.1": {
							"post": [-6.14, -1.162, -1.613],
							"lerp_mode": "catmullrom"
						},
						"0.2333": {
							"post": [-23.64, 5.886, 39.082],
							"lerp_mode": "catmullrom"
						},
						"0.3": {
							"post": [-24.34, 16.074, 47.791],
							"lerp_mode": "catmullrom"
						},
						"0.35": {
							"post": [-24.339, 16.013, 40.746],
							"lerp_mode": "catmullrom"
						},
						"0.45": {
							"post": [-5.894, -29.237, -49.997],
							"lerp_mode": "catmullrom"
						},
						"0.5333": {
							"post": [-4.911, -26.328, -37.299],
							"lerp_mode": "catmullrom"
						},
						"0.6": {
							"post": [-3.722, -26.984, -53.598],
							"lerp_mode": "catmullrom"
						},
						"0.7167": {
							"post": [-1.375, -24.351, -47.308],
							"lerp_mode": "catmullrom"
						},
						"0.8333": {
							"post": [-0.034, -27.933, -52.953],
							"lerp_mode": "catmullrom"
						},
						"0.9333": {
							"post": [-10.492, -32.516, -41.829],
							"lerp_mode": "catmullrom"
						},
						"1.0167": {
							"post": [-14.923, -34.874, -40.989],
							"lerp_mode": "catmullrom"
						},
						"1.1333": {
							"post": [-15.113, -37.193, -46.145],
							"lerp_mode": "catmullrom"
						},
						"1.25": {
							"post": [-18.368, -33.583, -41.578],
							"lerp_mode": "catmullrom"
						},
						"1.3667": {
							"post": [-19.927, -33.466, -39.229],
							"lerp_mode": "catmullrom"
						},
						"1.4": {
							"post": [-18.631, -34.004, -40.497],
							"lerp_mode": "catmullrom"
						},
						"1.4667": {
							"post": [-23.249, -29.722, -31.095],
							"lerp_mode": "catmullrom"
						},
						"1.5167": {
							"post": [-19.787, -34.096, -41.69],
							"lerp_mode": "catmullrom"
						},
						"1.5833": {
							"post": [-24.147, -28.968, -35.848],
							"lerp_mode": "catmullrom"
						},
						"1.6667": {
							"post": [-18.713, -31.29, -38.471],
							"lerp_mode": "catmullrom"
						},
						"1.75": {
							"post": [-20.6, -25.821, -29.62],
							"lerp_mode": "catmullrom"
						},
						"1.85": {
							"post": [-19.681, -13.225, -14.04],
							"lerp_mode": "catmullrom"
						},
						"1.9167": {
							"post": [-18.26, -5.434, -3.326],
							"lerp_mode": "catmullrom"
						},
						"2.0167": {
							"post": [-16.948, -0.007, 7.223],
							"lerp_mode": "catmullrom"
						},
						"2.1167": {
							"post": [-15.506, -1.378, 9.613],
							"lerp_mode": "catmullrom"
						},
						"2.2": {
							"post": [-14.576, -0.07, 7.89],
							"lerp_mode": "catmullrom"
						},
						"2.25": {
							"post": [-15.575, -5.712, -2.795],
							"lerp_mode": "catmullrom"
						},
						"2.3": {
							"post": [-10.585, -2.162, 7.329],
							"lerp_mode": "catmullrom"
						},
						"2.35": {
							"post": [-6.935, -3.484, 0.92],
							"lerp_mode": "catmullrom"
						},
						"2.4167": {
							"post": [0.013, -3.048, 1.654],
							"lerp_mode": "catmullrom"
						},
						"2.4667": {
							"post": [1.314, -1.662, 0.911],
							"lerp_mode": "catmullrom"
						},
						"2.5333": {
							"post": [0.805, 0.391, 0.308],
							"lerp_mode": "catmullrom"
						},
						"2.6167": {
							"post": [1.841, -0.778, 2.665],
							"lerp_mode": "catmullrom"
						},
						"2.7": {
							"post": [2.116, 0.263, 1.954],
							"lerp_mode": "catmullrom"
						},
						"2.75": {
							"post": [0.239, -0.704, -2.438],
							"lerp_mode": "catmullrom"
						},
						"2.8333": {
							"post": [-0.642, -0.049, 1.507],
							"lerp_mode": "catmullrom"
						},
						"2.8833": {
							"post": [-0.379, 0.152, -0.259],
							"lerp_mode": "catmullrom"
						},
						"2.95": {
							"post": [0.356, -0.117, -0.542],
							"lerp_mode": "catmullrom"
						},
						"3.0333": {
							"post": [0.104, 0.081, 0.582],
							"lerp_mode": "catmullrom"
						},
						"3.15": {
							"post": [0, 0, 0],
							"lerp_mode": "catmullrom"
						}
					},
					"position": {
						"0.0": {
							"post": [0, 0, 0],
							"lerp_mode": "catmullrom"
						},
						"0.0833": {
							"post": [-0.528, 0.143, -0.869],
							"lerp_mode": "catmullrom"
						},
						"0.15": {
							"post": [-1.429, 1.22, -1.911],
							"lerp_mode": "catmullrom"
						},
						"0.2333": {
							"post": [-2.196, 2.384, -2.787],
							"lerp_mode": "catmullrom"
						},
						"0.3": {
							"post": [-1.682, 1.935, -2.968],
							"lerp_mode": "catmullrom"
						},
						"0.3833": {
							"post": [0.542, 0.702, -1.318],
							"lerp_mode": "catmullrom"
						},
						"0.45": {
							"post": [0.098, -0.93, 0.427],
							"lerp_mode": "catmullrom"
						},
						"0.5333": {
							"post": [0.165, -0.518, 0.202],
							"lerp_mode": "catmullrom"
						},
						"0.6": {
							"post": [0.094, -0.988, 0.438],
							"lerp_mode": "catmullrom"
						},
						"0.7167": {
							"post": [0.176, -0.75, 0.248],
							"lerp_mode": "catmullrom"
						},
						"0.8333": {
							"post": [-0.07, -0.335, -0.677],
							"lerp_mode": "catmullrom"
						},
						"0.9167": {
							"post": [-0.184, 0.252, -0.232],
							"lerp_mode": "catmullrom"
						},
						"0.9833": {
							"post": [-0.323, 0.836, 0.769],
							"lerp_mode": "catmullrom"
						},
						"1.0667": {
							"post": [-0.41, 1.182, 1.206],
							"lerp_mode": "catmullrom"
						},
						"1.1667": {
							"post": [-0.603, 1.34, 1.096],
							"lerp_mode": "catmullrom"
						},
						"1.2833": {
							"post": [-0.527, 1.323, 1.089],
							"lerp_mode": "catmullrom"
						},
						"1.4333": {
							"post": [-0.462, 1.337, 1.115],
							"lerp_mode": "catmullrom"
						},
						"1.4667": {
							"post": [-0.464, 1.002, 1.146],
							"lerp_mode": "catmullrom"
						},
						"1.5667": {
							"post": [-0.337, 1.542, 1.179],
							"lerp_mode": "catmullrom"
						},
						"1.6167": {
							"post": [-0.554, 1.28, 1.163],
							"lerp_mode": "catmullrom"
						},
						"1.7167": {
							"post": [-0.332, 1.398, 1.134],
							"lerp_mode": "catmullrom"
						},
						"1.8167": {
							"post": [-0.029, 1.297, 0.89],
							"lerp_mode": "catmullrom"
						},
						"1.9167": {
							"post": [0.327, 0.961, 0.057],
							"lerp_mode": "catmullrom"
						},
						"2.0167": {
							"post": [0.484, 0.667, -0.233],
							"lerp_mode": "catmullrom"
						},
						"2.05": {
							"post": [0.541, 0.178, -0.139],
							"lerp_mode": "catmullrom"
						},
						"2.1167": {
							"post": [0.38, -0.241, -0.036],
							"lerp_mode": "catmullrom"
						},
						"2.2": {
							"post": [0.362, -0.301, -0.012],
							"lerp_mode": "catmullrom"
						},
						"2.25": {
							"post": [0.312, 0.125, -0.554],
							"lerp_mode": "catmullrom"
						},
						"2.3": {
							"post": [0.253, -0.369, -0.271],
							"lerp_mode": "catmullrom"
						},
						"2.4167": {
							"post": [0.169, -0.793, -1.059],
							"lerp_mode": "catmullrom"
						},
						"2.5333": {
							"post": [0.083, -0.534, -2.179],
							"lerp_mode": "catmullrom"
						},
						"2.6167": {
							"post": [0.077, -0.433, -2.194],
							"lerp_mode": "catmullrom"
						},
						"2.7": {
							"post": [0.034, -0.218, -1.172],
							"lerp_mode": "catmullrom"
						},
						"2.75": {
							"post": [0.001, -0.029, 0.351],
							"lerp_mode": "catmullrom"
						},
						"2.8": {
							"post": [-0.007, -0.002, 0.516],
							"lerp_mode": "catmullrom"
						},
						"2.8833": {
							"post": [-0.03, 0.032, -0.094],
							"lerp_mode": "catmullrom"
						},
						"2.9833": {
							"post": [-0.007, 0.013, -0.023],
							"lerp_mode": "catmullrom"
						},
						"3.0833": {
							"post": [0.003, -0.003, 0],
							"lerp_mode": "catmullrom"
						},
						"3.15": {
							"post": [0, 0, 0],
							"lerp_mode": "catmullrom"
						}
					}
				},
				"mag_and_lefthand": {
					"rotation": {
						"0.2167": [0, 0, 0],
						"0.2333": [-45, 0, -57.5],
						"0.9167": [-45, 0, -57.5],
						"1.0167": [-25.55, -7.66, -43.85],
						"1.1667": [6, 0, -13],
						"1.3167": [5, 0, 0],
						"1.4": [5, 0, 0],
						"1.5": [0, 0, 0]
					},
					"position": {
						"0.2167": [0, 0, 0],
						"0.2333": [12, -24, 18],
						"0.9167": [2, -24, 3],
						"1.0167": [2, -9.555, 1],
						"1.0833": [2, -7.41, 0.82],
						"1.1667": [1.67, -3.75, 0.21],
						"1.25": [0.88, -3.82, 0.88],
						"1.3167": [0, -2.935, 0.785],
						"1.4": [0, -2.935, 0.785],
						"1.45": [0, -2.935, 0.785],
						"1.5": [0, 0, 0]
					}
				},
				"lefthand": {
					"rotation": {
						"0.0": [98.24187, -48.10281, -139.91314],
						"0.25": [-27.995, -105.652, -92.084],
						"0.2667": [109.98928, -18.90721, -188.47207],
						"1.7167": [109.99, -18.91, -188.47],
						"1.95": [109.70395, 19.20885, -272.74121],
						"2.0333": [115.78871, 26.24821, -269.92804],
						"2.0833": [138.29, 26.25, -269.93],
						"2.1833": [138.29, 26.25, -269.93],
						"2.25": [70.7913, -55.22099, -136.76918],
						"2.4167": [70.7913, -55.22099, -136.76918],
						"2.55": [98.24187, -48.10281, -139.91314]
					},
					"position": {
						"0.0": [7.222, -8.347, -7.309],
						"0.25": [19.228, -22.781, 8.665],
						"0.2667": [6.222, -12.847, -2.309],
						"1.7167": [6.222, -12.847, -2.309],
						"1.8333": [10.34, -9.44, -4.31],
						"1.95": [8.72, -4.89, -5.31],
						"2.0333": [8.72, -4.89, -5.31],
						"2.0833": [9.22, -4.89, -1.31],
						"2.1833": [9.22, -4.89, -1.31],
						"2.25": [10.75, -19.36, 1.45],
						"2.4167": [10.75, -19.36, 1.45],
						"2.4833": [8.99, -13.85, -7.93],
						"2.55": [7.222, -8.347, -7.309]
					},
					"scale": [1, 1.5, 1]
				},
				"righthand": {
					"rotation": [97.52832, -355.04288, -179.34574],
					"position": [-6.8, -10, 3],
					"scale": [1, 1.5, 1]
				},
				"additional_magazine": {
					"rotation": {
						"0.3833": [0, 0, 0],
						"0.4167": [0, 0, -10],
						"0.45": [13.1775, -3.9535, -74.27],
						"0.5": [21.52, 1.062, -163.717],
						"0.5333": [-16.51195, 5.77139, -352.24979]
					},
					"position": {
						"0.3833": [0, 0, 0],
						"0.4": [0.285, -1.5, 0.19],
						"0.4167": [0.875, -3, 0.375],
						"0.4333": [7.95, -9.74, 0.39],
						"0.45": [9.032, -14.478, -3.601],
						"0.5": [11.42, -24.23, -6.42],
						"0.5167": [12.47, -30.55, -5.91],
						"0.5333": [13.531, -33.857, -5.401]
					},
					"scale": {
						"0.5333": [1, 1, 1],
						"0.5667": [0, 0, 0]
					}
				},
				"camera": {
					"rotation": {
						"0.0": {
							"post": [0, 0, 0],
							"lerp_mode": "catmullrom"
						},
						"0.1": {
							"post": [1.258, 0.008, -0.501],
							"lerp_mode": "catmullrom"
						},
						"0.25": {
							"post": [0.905, 0.565, 0.362],
							"lerp_mode": "catmullrom"
						},
						"0.35": {
							"post": [0.5, 0.027, 1.242],
							"lerp_mode": "catmullrom"
						},
						"0.4167": {
							"post": [-1.075, 0.285, 2.223],
							"lerp_mode": "catmullrom"
						},
						"0.4833": {
							"post": [1.496, -0.572, -0.536],
							"lerp_mode": "catmullrom"
						},
						"0.5667": {
							"post": [-0.044, -0.215, 0.931],
							"lerp_mode": "catmullrom"
						},
						"0.6": {
							"post": [0.396, -0.575, 1.299],
							"lerp_mode": "catmullrom"
						},
						"0.7167": {
							"post": [1.002, -0.577, -0.689],
							"lerp_mode": "catmullrom"
						},
						"0.8333": {
							"post": [0.771, -0.851, -0.01],
							"lerp_mode": "catmullrom"
						},
						"0.9333": {
							"post": [0.836, -0.39, 1.023],
							"lerp_mode": "catmullrom"
						},
						"1.0167": {
							"post": [1.287, 0.29, 1.598],
							"lerp_mode": "catmullrom"
						},
						"1.1667": {
							"post": [2.315, 1.209, 1.258],
							"lerp_mode": "catmullrom"
						},
						"1.2833": {
							"post": [2.22, 1.325, 1.438],
							"lerp_mode": "catmullrom"
						},
						"1.3667": {
							"post": [1.961, 1.323, 1.857],
							"lerp_mode": "catmullrom"
						},
						"1.4333": {
							"post": [1.297, 0.853, 2.85],
							"lerp_mode": "catmullrom"
						},
						"1.4667": {
							"post": [1.508, 1.367, 1.609],
							"lerp_mode": "catmullrom"
						},
						"1.5667": {
							"post": [1.488, 1.514, 2.81],
							"lerp_mode": "catmullrom"
						},
						"1.6167": {
							"post": [1.278, 1.693, 1.883],
							"lerp_mode": "catmullrom"
						},
						"1.7167": {
							"post": [1.097, 2.006, 2.126],
							"lerp_mode": "catmullrom"
						},
						"1.75": {
							"post": [0.813, 2.055, 2.257],
							"lerp_mode": "catmullrom"
						},
						"1.85": {
							"post": [0.842, 2.429, 1.919],
							"lerp_mode": "catmullrom"
						},
						"1.9167": {
							"post": [0.968, 2.733, 2.24],
							"lerp_mode": "catmullrom"
						},
						"2.0167": {
							"post": [1.071, 2.93, 2.484],
							"lerp_mode": "catmullrom"
						},
						"2.05": {
							"post": [1.05, 2.596, 1.846],
							"lerp_mode": "catmullrom"
						},
						"2.1167": {
							"post": [1.118, 3.145, 3.186],
							"lerp_mode": "catmullrom"
						},
						"2.1667": {
							"post": [0.993, 3.38, 1.458],
							"lerp_mode": "catmullrom"
						},
						"2.2": {
							"post": [0.89, 2.229, -0.262],
							"lerp_mode": "catmullrom"
						},
						"2.25": {
							"post": [0.938, 2.496, 3.84],
							"lerp_mode": "catmullrom"
						},
						"2.3": {
							"post": [0.463, 2.321, 1.215],
							"lerp_mode": "catmullrom"
						},
						"2.35": {
							"post": [0.33, 1.782, 0.988],
							"lerp_mode": "catmullrom"
						},
						"2.3833": {
							"post": [0.189, 1.17, 1.636],
							"lerp_mode": "catmullrom"
						},
						"2.4667": {
							"post": [-0.404, 0.143, 1.006],
							"lerp_mode": "catmullrom"
						},
						"2.5333": {
							"post": [-0.789, -0.218, 0.166],
							"lerp_mode": "catmullrom"
						},
						"2.65": {
							"post": [-0.168, -0.174, 0.584],
							"lerp_mode": "catmullrom"
						},
						"2.7333": {
							"post": [0.003, -0.087, 0.258],
							"lerp_mode": "catmullrom"
						},
						"2.75": {
							"post": [0.296, 0.02, -0.389],
							"lerp_mode": "catmullrom"
						},
						"2.8333": {
							"post": [-0.035, 0.166, 0.148],
							"lerp_mode": "catmullrom"
						},
						"2.9167": {
							"post": [-0.046, 0.022, 0.067],
							"lerp_mode": "catmullrom"
						},
						"2.9833": {
							"post": [0.008, -0.004, -0.101],
							"lerp_mode": "catmullrom"
						},
						"3.0333": {
							"post": [0.005, -0.003, -0.068],
							"lerp_mode": "catmullrom"
						},
						"3.15": {
							"post": [0, 0, 0],
							"lerp_mode": "catmullrom"
						}
					}
				},
				"bolt_release": {
					"rotation": {
						"2.0667": [0, -15, 0],
						"2.1": [0, 0, 0]
					}
				},
				"Bolt": {
					"position": {
						"2.0333": [0, 0, 0],
						"2.0833": [0, 0, 3],
						"2.1833": [0, 0, 3],
						"2.2167": [0, 0, 0]
					}
				},
				"bolt1": {
					"rotation": {
						"0.0": [0, 0, 0],
						"1.95": [0, 0, 0],
						"2.0667": [0, -90, 0],
						"2.1833": [0, -90, 0],
						"2.2167": [0, 0, 0]
					}
				},
				"bolt_bullet": {
					"position": {
						"2.0333": [0, 0, 2],
						"2.0833": [0, 0, 0]
					}
				},
				"magazine_and_bullet": {
					"rotation": {
						"0.2667": [0, 0, 0],
						"0.2833": [0, 0, 0]
					},
					"position": {
						"0.2667": [0, -20, 30],
						"0.2833": [0, 0, 0]
					}
				}
			},
			"sound_effects": {
				"0.0": {
					"effect": "ccrp:apc_9k/apc_9k_reload_empty_raiseshake"
				},
				"0.2667": {
					"effect": "ccrp:apc_9k/apc_9k_reload_empty_magout"
				},
				"0.5667": {
					"effect": "ccrp:apc_9k/smg_mag_drop"
				},
				"1.0833": {
					"effect": "ccrp:apc_9k/apc_9k_reload_empty_maghit"
				},
				"1.4667": {
					"effect": "ccrp:apc_9k/apc_9k_reload_empty_magin"
				},
				"1.6667": {
					"effect": "ccrp:apc_9k/apc_9k_reload_empty_lower"
				},
				"1.9167": {
					"effect": "ccrp:apc_9k/apc_9k_reload_empty_charge"
				},
				"2.2833": {
					"effect": "ccrp:apc_9k/apc_9k_reload_empty_end"
				}
			}
		},
		"inspect": {
			"animation_length": 6.08,
			"bones": {
				"lefthand": {
					"rotation": {
						"0.0": [98.24187, -48.10281, -139.91314],
						"0.1867": [116.58397, -22.70439, -222.81911],
						"0.36": [91.70786, -20.31775, -169.5956],
						"1.44": [91.70786, -20.31775, -169.5956],
						"1.6267": [98.44949, -9.61778, -170.66904],
						"4.7733": [98.45, -9.62, -170.67],
						"4.8933": {
							"pre": [74.796, -47.015, -114.823],
							"post": [74.796, -47.015, -114.823],
							"lerp_mode": "catmullrom"
						},
						"5.0133": [98.24187, -48.10281, -139.91314]
					},
					"position": {
						"0.0": [7.222, -8.347, -7.309],
						"0.1867": [11.52202, -15.48569, 0.0458],
						"0.36": [13.14111, -23.62974, 9.80054],
						"1.44": [13.14111, -15.62974, 17.80054],
						"1.6267": [6.65, -10.5, 2.665],
						"4.7733": [6.65, -10.5, 2.665],
						"4.8933": {
							"pre": [8.99, -13.85, -7.93],
							"post": [8.99, -13.85, -7.93],
							"lerp_mode": "catmullrom"
						},
						"5.0133": [7.222, -8.347, -7.309]
					},
					"scale": [1, 1.5, 1]
				},
				"righthand": {
					"rotation": {
						"0.0": [97.52832, -355.04288, -179.34574],
						"1.5067": [97.52832, -355.04288, -179.34574],
						"1.6933": [97.53, -355.04, -179.35],
						"3.2667": [126.5494, -320.64659, -156.75412],
						"3.4667": [105.57205, -315.51684, -264.99312],
						"3.52": [98.03317, -330.14837, -269.09736],
						"3.5733": [98.03317, -330.14837, -269.09736],
						"4.04": [98.03317, -330.14837, -269.09736],
						"4.1867": [126.5494, -320.64659, -156.75412],
						"4.68": [126.5494, -320.64659, -156.75412],
						"4.92": [97.52832, -355.04288, -179.34574]
					},
					"position": {
						"0.0": [-6.8, -10, 3],
						"1.5067": [-6.8, -10, 3],
						"1.6933": [-12.8, -10, 10],
						"3.2667": [-11.8, -15, 11],
						"3.3467": [0.2, -16, 2.5],
						"3.4667": [-2.8, -5, -5],
						"3.52": [-2.8, -5, -5],
						"3.5733": [-2.8, -5, -5],
						"3.6533": [-2.8, -5, -2.965],
						"4.04": [-2.8, -5, -2.965],
						"4.1867": [-0.8, -15, 11],
						"4.68": [-0.8, -15, 11],
						"4.8133": [-6.3, -13.5, 2],
						"4.92": [-6.8, -10, 3]
					},
					"scale": [1, 1.5, 1]
				},
				"root": {
					"rotation": {
						"0.0": {
							"post": [0, 0, 0],
							"lerp_mode": "catmullrom"
						},
						"0.0267": {
							"post": [-1.092, -0.058, -0.716],
							"lerp_mode": "catmullrom"
						},
						"0.2": {
							"post": [-18.89, -19.438, -38.507],
							"lerp_mode": "catmullrom"
						},
						"0.3067": {
							"post": [-19.848, -35.802, -51.634],
							"lerp_mode": "catmullrom"
						},
						"0.3867": {
							"post": [-28.366, -39.015, -42.971],
							"lerp_mode": "catmullrom"
						},
						"0.48": {
							"post": [-27.808, -41.819, -45.708],
							"lerp_mode": "catmullrom"
						},
						"0.5467": {
							"post": [-26.601, -42.651, -47.681],
							"lerp_mode": "catmullrom"
						},
						"0.7067": {
							"post": [-27.08, -40.982, -45.848],
							"lerp_mode": "catmullrom"
						},
						"0.7467": {
							"post": [-26.508, -41.052, -46.544],
							"lerp_mode": "catmullrom"
						},
						"0.8533": {
							"post": [-25.806, -41.222, -47.439],
							"lerp_mode": "catmullrom"
						},
						"0.9333": {
							"post": [-20.294, -44.666, -55.178],
							"lerp_mode": "catmullrom"
						},
						"1.0": {
							"post": [-15.138, -47.748, -61.882],
							"lerp_mode": "catmullrom"
						},
						"1.0667": {
							"post": [-16.33, -48.119, -60.315],
							"lerp_mode": "catmullrom"
						},
						"1.1733": {
							"post": [-36.081, -37.578, -32.923],
							"lerp_mode": "catmullrom"
						},
						"1.2667": {
							"post": [-48.532, -18.037, -11.753],
							"lerp_mode": "catmullrom"
						},
						"1.3333": {
							"post": [-52.304, -1.641, -2.765],
							"lerp_mode": "catmullrom"
						},
						"1.48": {
							"post": [-55.036, 13.304, 4.642],
							"lerp_mode": "catmullrom"
						},
						"1.5733": {
							"post": [-54.594, 18.695, 9.894],
							"lerp_mode": "catmullrom"
						},
						"1.7333": {
							"post": [-50.258, 23.092, 12.83],
							"lerp_mode": "catmullrom"
						},
						"1.8": {
							"post": [-47.601, 16.141, 5.893],
							"lerp_mode": "catmullrom"
						},
						"1.84": {
							"post": [-45.794, 21.249, 8.473],
							"lerp_mode": "catmullrom"
						},
						"1.9333": {
							"post": [-46.085, 26.641, 14.233],
							"lerp_mode": "catmullrom"
						},
						"2.0267": {
							"post": [-49.152, 23.968, 13.186],
							"lerp_mode": "catmullrom"
						},
						"2.12": {
							"post": [-50.569, 21.968, 10.55],
							"lerp_mode": "catmullrom"
						},
						"2.2": {
							"post": [-50.253, 21.42, 9.272],
							"lerp_mode": "catmullrom"
						},
						"2.24": {
							"post": [-49.634, 22.104, 9.745],
							"lerp_mode": "catmullrom"
						},
						"2.2667": {
							"post": [-48.716, 23.344, 10.873],
							"lerp_mode": "catmullrom"
						},
						"2.3867": {
							"post": [-43.286, 30.061, 19.146],
							"lerp_mode": "catmullrom"
						},
						"2.48": {
							"post": [-40.238, 33.277, 23.992],
							"lerp_mode": "catmullrom"
						},
						"2.5733": {
							"post": [-41.225, 34.114, 22.675],
							"lerp_mode": "catmullrom"
						},
						"2.6267": {
							"post": [-39.081, 38.762, 27.022],
							"lerp_mode": "catmullrom"
						},
						"2.7067": {
							"post": [-36.564, 42.11, 32.132],
							"lerp_mode": "catmullrom"
						},
						"2.8267": {
							"post": [-29.27, 44.37, 39.799],
							"lerp_mode": "catmullrom"
						},
						"2.9333": {
							"post": [-37.77, 37.184, 26.745],
							"lerp_mode": "catmullrom"
						},
						"3.0267": {
							"post": [-37.065, 40.446, 30.289],
							"lerp_mode": "catmullrom"
						},
						"3.1867": {
							"post": [-33.684, 36.318, 33.649],
							"lerp_mode": "catmullrom"
						},
						"3.2667": {
							"post": [-27.141, 38.188, 39.516],
							"lerp_mode": "catmullrom"
						},
						"3.36": {
							"post": [-20.339, 43.93, 44.344],
							"lerp_mode": "catmullrom"
						},
						"3.48": {
							"post": [-23.869, 44.643, 39.198],
							"lerp_mode": "catmullrom"
						},
						"3.5733": {
							"post": [-27.687, 42.986, 35.444],
							"lerp_mode": "catmullrom"
						},
						"3.6133": {
							"post": [-29.34, 41.385, 33.361],
							"lerp_mode": "catmullrom"
						},
						"3.6667": {
							"post": [-31.108, 40.175, 30.792],
							"lerp_mode": "catmullrom"
						},
						"3.76": {
							"post": [-28.819, 42.158, 33.887],
							"lerp_mode": "catmullrom"
						},
						"3.84": {
							"post": [-28.285, 42.5, 34.889],
							"lerp_mode": "catmullrom"
						},
						"3.9733": {
							"post": [-29.296, 42.117, 32.299],
							"lerp_mode": "catmullrom"
						},
						"4.08": {
							"post": [-31.167, 42.059, 31.326],
							"lerp_mode": "catmullrom"
						},
						"4.12": {
							"post": [-20.176, 45.61, 42.911],
							"lerp_mode": "catmullrom"
						},
						"4.1867": {
							"post": [-33.909, 40.475, 24.168],
							"lerp_mode": "catmullrom"
						},
						"4.24": {
							"post": [-27.579, 43.807, 35.502],
							"lerp_mode": "catmullrom"
						},
						"4.36": {
							"post": [-28.955, 42.46, 32.62],
							"lerp_mode": "catmullrom"
						},
						"4.4267": {
							"post": [-28.54, 37.214, 32.29],
							"lerp_mode": "catmullrom"
						},
						"4.48": {
							"post": [-26.023, 29.845, 33.017],
							"lerp_mode": "catmullrom"
						},
						"4.6": {
							"post": [-19.537, 24.673, 35.965],
							"lerp_mode": "catmullrom"
						},
						"4.7067": {
							"post": [-22.083, 19.981, 26.883],
							"lerp_mode": "catmullrom"
						},
						"4.7467": {
							"post": [-18.767, 14.77, 22.962],
							"lerp_mode": "catmullrom"
						},
						"4.7867": {
							"post": [-16.355, 10.956, 20.648],
							"lerp_mode": "catmullrom"
						},
						"4.88": {
							"post": [-4.908, -0.831, -3.524],
							"lerp_mode": "catmullrom"
						},
						"4.9333": {
							"post": [1.43, -1.428, -14.514],
							"lerp_mode": "catmullrom"
						},
						"4.9733": {
							"post": [2.677, -0.673, -11.328],
							"lerp_mode": "catmullrom"
						},
						"5.0267": {
							"post": [3.473, 0.377, 0.308],
							"lerp_mode": "catmullrom"
						},
						"5.1467": {
							"post": [2.828, 0.239, 1.953],
							"lerp_mode": "catmullrom"
						},
						"5.1733": {
							"post": [2.063, -0.154, -0.9],
							"lerp_mode": "catmullrom"
						},
						"5.2667": {
							"post": [-0.341, -0.049, 2.771],
							"lerp_mode": "catmullrom"
						},
						"5.2933": {
							"post": [-0.59, 0.176, 1.617],
							"lerp_mode": "catmullrom"
						},
						"5.3733": {
							"post": [0.005, -0.115, -1.687],
							"lerp_mode": "catmullrom"
						},
						"5.48": {
							"post": [0.16, 0.042, 0.766],
							"lerp_mode": "catmullrom"
						},
						"5.5333": {
							"post": [0.101, -0.011, 0.269],
							"lerp_mode": "catmullrom"
						},
						"5.6933": {
							"post": [0.031, 0, 0.015],
							"lerp_mode": "catmullrom"
						},
						"5.7333": {
							"post": [0.023, 0.005, 0.099],
							"lerp_mode": "catmullrom"
						},
						"5.8133": {
							"post": [0.017, 0.005, 0.07],
							"lerp_mode": "catmullrom"
						},
						"5.9733": {
							"post": [0.006, 0, 0.025],
							"lerp_mode": "catmullrom"
						},
						"6.0667": {
							"post": [0, 0, 0],
							"lerp_mode": "catmullrom"
						}
					},
					"position": {
						"0.0": {
							"post": [0, 0, 0],
							"lerp_mode": "catmullrom"
						},
						"0.08": {
							"post": [-0.045, 0.335, -0.866],
							"lerp_mode": "catmullrom"
						},
						"0.16": {
							"post": [-0.091, 0.915, -1.249],
							"lerp_mode": "catmullrom"
						},
						"0.2": {
							"post": [-0.095, 1.493, -0.231],
							"lerp_mode": "catmullrom"
						},
						"0.28": {
							"post": [-0.022, 1.933, 0.731],
							"lerp_mode": "catmullrom"
						},
						"0.3867": {
							"post": [0.186, 2.387, 0.659],
							"lerp_mode": "catmullrom"
						},
						"0.52": {
							"post": [0.105, 2.619, 0.73],
							"lerp_mode": "catmullrom"
						},
						"0.64": {
							"post": [0.017, 2.746, 0.701],
							"lerp_mode": "catmullrom"
						},
						"0.8533": {
							"post": [0.033, 2.741, 0.649],
							"lerp_mode": "catmullrom"
						},
						"0.9333": {
							"post": [-0.027, 2.745, 0.608],
							"lerp_mode": "catmullrom"
						},
						"1.0": {
							"post": [-0.098, 2.713, 0.555],
							"lerp_mode": "catmullrom"
						},
						"1.0933": {
							"post": [0.033, 2.655, 0.615],
							"lerp_mode": "catmullrom"
						},
						"1.2133": {
							"post": [0.826, 1.31, 0.846],
							"lerp_mode": "catmullrom"
						},
						"1.2933": {
							"post": [1.741, 0.123, 0.878],
							"lerp_mode": "catmullrom"
						},
						"1.3733": {
							"post": [2.339, 0.564, 0.733],
							"lerp_mode": "catmullrom"
						},
						"1.48": {
							"post": [4.012, 3.262, 0.434],
							"lerp_mode": "catmullrom"
						},
						"1.5333": {
							"post": [5.413, 4.549, 0.354],
							"lerp_mode": "catmullrom"
						},
						"1.64": {
							"post": [7.668, 2.781, 0.251],
							"lerp_mode": "catmullrom"
						},
						"1.6933": {
							"post": [8.851, 1.081, 0.19],
							"lerp_mode": "catmullrom"
						},
						"1.8133": {
							"post": [9.897, -0.273, 0.26],
							"lerp_mode": "catmullrom"
						},
						"1.9333": {
							"post": [10.146, -1.175, 0.1],
							"lerp_mode": "catmullrom"
						},
						"2.0933": {
							"post": [9.588, -0.708, 0.139],
							"lerp_mode": "catmullrom"
						},
						"2.24": {
							"post": [9.054, 0.646, 0.265],
							"lerp_mode": "catmullrom"
						},
						"2.3867": {
							"post": [9.18, 1.114, 0.474],
							"lerp_mode": "catmullrom"
						},
						"2.48": {
							"post": [9.315, 1.282, 0.572],
							"lerp_mode": "catmullrom"
						},
						"2.6": {
							"post": [9.405, 1.433, 0.635],
							"lerp_mode": "catmullrom"
						},
						"2.7333": {
							"post": [9.335, 1.174, 0.539],
							"lerp_mode": "catmullrom"
						},
						"2.7867": {
							"post": [9.279, 0.9, 0.268],
							"lerp_mode": "catmullrom"
						},
						"2.9333": {
							"post": [9.235, 0.857, 0.126],
							"lerp_mode": "catmullrom"
						},
						"3.1467": {
							"post": [9.073, 0.1, 0.362],
							"lerp_mode": "catmullrom"
						},
						"3.2933": {
							"post": [7.248, -0.167, 0.604],
							"lerp_mode": "catmullrom"
						},
						"3.48": {
							"post": [4.953, 0.394, 0.414],
							"lerp_mode": "catmullrom"
						},
						"3.76": {
							"post": [4.684, 0.851, 0.828],
							"lerp_mode": "catmullrom"
						},
						"4.0667": {
							"post": [4.64, 0.73, 0.841],
							"lerp_mode": "catmullrom"
						},
						"4.12": {
							"post": [4.534, 1.118, 0.482],
							"lerp_mode": "catmullrom"
						},
						"4.1867": {
							"post": [4.554, 1.277, 0.709],
							"lerp_mode": "catmullrom"
						},
						"4.24": {
							"post": [4.719, 1.058, 0.547],
							"lerp_mode": "catmullrom"
						},
						"4.36": {
							"post": [4.489, 0.636, 0.313],
							"lerp_mode": "catmullrom"
						},
						"4.5733": {
							"post": [3.905, -0.115, -0.131],
							"lerp_mode": "catmullrom"
						},
						"4.6667": {
							"post": [3.665, -0.931, -0.213],
							"lerp_mode": "catmullrom"
						},
						"4.7867": {
							"post": [2.945, -1.103, -0.282],
							"lerp_mode": "catmullrom"
						},
						"4.88": {
							"post": [1.702, -1.405, -0.81],
							"lerp_mode": "catmullrom"
						},
						"4.9733": {
							"post": [1.267, -1.967, -1.707],
							"lerp_mode": "catmullrom"
						},
						"5.0933": {
							"post": [0.885, -1.396, -2.221],
							"lerp_mode": "catmullrom"
						},
						"5.12": {
							"post": [0.606, -1.006, -1.817],
							"lerp_mode": "catmullrom"
						},
						"5.1733": {
							"post": [0.129, -0.299, -0.298],
							"lerp_mode": "catmullrom"
						},
						"5.2133": {
							"post": [0.019, -0.102, 0.343],
							"lerp_mode": "catmullrom"
						},
						"5.2533": {
							"post": [0.018, -0.096, 0.5],
							"lerp_mode": "catmullrom"
						},
						"5.2933": {
							"post": [0.014, -0.142, -0.092],
							"lerp_mode": "catmullrom"
						},
						"5.3733": {
							"post": [-0.03, -0.07, -0.028],
							"lerp_mode": "catmullrom"
						},
						"5.48": {
							"post": [-0.006, -0.03, 0.058],
							"lerp_mode": "catmullrom"
						},
						"5.52": {
							"post": [0.005, -0.023, 0.048],
							"lerp_mode": "catmullrom"
						},
						"5.6133": {
							"post": [0.01, -0.013, 0.029],
							"lerp_mode": "catmullrom"
						},
						"5.7333": {
							"post": [0.003, -0.002, 0.005],
							"lerp_mode": "catmullrom"
						},
						"5.84": {
							"post": [-0.001, 0.004, -0.004],
							"lerp_mode": "catmullrom"
						},
						"5.9333": {
							"post": [-0.001, 0.004, -0.004],
							"lerp_mode": "catmullrom"
						},
						"6.0667": {
							"post": [0, 0, 0],
							"lerp_mode": "catmullrom"
						}
					}
				},
				"camera": {
					"rotation": {
						"0.0": {
							"post": [0, 0, 0],
							"lerp_mode": "catmullrom"
						},
						"0.16": {
							"post": [0.034, 1.08, -0.653],
							"lerp_mode": "catmullrom"
						},
						"0.24": {
							"post": [-0.755, 2.498, -1.791],
							"lerp_mode": "catmullrom"
						},
						"0.3867": {
							"post": [-1.811, 4.738, -2.191],
							"lerp_mode": "catmullrom"
						},
						"0.52": {
							"post": [-3.499, 5.455, -2.477],
							"lerp_mode": "catmullrom"
						},
						"0.64": {
							"post": [-5.516, 6.017, -3.025],
							"lerp_mode": "catmullrom"
						},
						"0.8533": {
							"post": [-6.357, 7.023, -2.853],
							"lerp_mode": "catmullrom"
						},
						"1.1733": {
							"post": [-4.31, 7.398, -2.692],
							"lerp_mode": "catmullrom"
						},
						"1.2667": {
							"post": [-4.026, 7.012, -1.582],
							"lerp_mode": "catmullrom"
						},
						"1.4267": {
							"post": [-5.187, 3.197, -0.809],
							"lerp_mode": "catmullrom"
						},
						"1.5333": {
							"post": [-5.748, -1.285, -2.21],
							"lerp_mode": "catmullrom"
						},
						"1.7333": {
							"post": [0.777, -2.558, -2.778],
							"lerp_mode": "catmullrom"
						},
						"1.9333": {
							"post": [8.929, -4.084, -2.066],
							"lerp_mode": "catmullrom"
						},
						"2.16": {
							"post": [6.902, -6.364, -1.409],
							"lerp_mode": "catmullrom"
						},
						"2.3333": {
							"post": [5.954, -9.223, -0.684],
							"lerp_mode": "catmullrom"
						},
						"2.52": {
							"post": [3.433, -10.563, 0],
							"lerp_mode": "catmullrom"
						},
						"2.9067": {
							"post": [0.863, -9.944, 0.183],
							"lerp_mode": "catmullrom"
						},
						"3.2667": {
							"post": [4.459, -3.63, 0.811],
							"lerp_mode": "catmullrom"
						},
						"3.4": {
							"post": [3.665, -1.957, 1.507],
							"lerp_mode": "catmullrom"
						},
						"3.5733": {
							"post": [-0.246, -1.604, 1.08],
							"lerp_mode": "catmullrom"
						},
						"3.72": {
							"post": [-1.274, -1.832, 2.083],
							"lerp_mode": "catmullrom"
						},
						"4.08": {
							"post": [-0.961, -2.092, 2.907],
							"lerp_mode": "catmullrom"
						},
						"4.12": {
							"post": [-0.662, -1.576, 4.045],
							"lerp_mode": "catmullrom"
						},
						"4.1867": {
							"post": [-1.415, -2.925, -0.736],
							"lerp_mode": "catmullrom"
						},
						"4.3067": {
							"post": [-0.961, -2.655, 1.631],
							"lerp_mode": "catmullrom"
						},
						"4.4267": {
							"post": [-0.832, -1.65, 1.304],
							"lerp_mode": "catmullrom"
						},
						"4.6": {
							"post": [5.314, -0.99, 1.211],
							"lerp_mode": "catmullrom"
						},
						"4.7867": {
							"post": [5.733, -0.864, 2.886],
							"lerp_mode": "catmullrom"
						},
						"4.9333": {
							"post": [5.135, -0.372, 0.957],
							"lerp_mode": "catmullrom"
						},
						"5.1467": {
							"post": [0.323, 0.185, -0.975],
							"lerp_mode": "catmullrom"
						},
						"5.2133": {
							"post": [-0.21, 0.221, -0.394],
							"lerp_mode": "catmullrom"
						},
						"5.2667": {
							"post": [0.181, -0.072, 0.158],
							"lerp_mode": "catmullrom"
						},
						"5.3867": {
							"post": [-0.041, -0.029, -0.408],
							"lerp_mode": "catmullrom"
						},
						"5.5467": {
							"post": [0.009, -0.008, 0.273],
							"lerp_mode": "catmullrom"
						},
						"5.7333": {
							"post": [0.004, -0.003, -0.017],
							"lerp_mode": "catmullrom"
						},
						"5.92": {
							"post": [0, 0, 0],
							"lerp_mode": "catmullrom"
						}
					}
				},
				"apc_9k_bolt": {
					"position": {
						"3.5733": [0, 0, 0],
						"3.6533": [0, 0, 1.5],
						"4.0667": [0, 0, 1.5],
						"4.0933": [0, 0, 0]
					}
				},
				"bullet": {
					"scale": 0
				},
				"Bolt": {
					"position": {
						"3.5467": [0, 0, 0],
						"3.6267": [0, 0, 1.5],
						"4.04": [0, 0, 1.5],
						"4.0667": [0, 0, 0]
					}
				},
				"bolt1": {
					"rotation": {
						"3.4667": [0, 0, 0],
						"3.5733": [0, -90, 0],
						"4.0667": [0, -90, 0],
						"4.0933": [0, 0, 0]
					}
				}
			},
			"sound_effects": {
				"0.0": {
					"effect": "ccrp:apc_9k/apc_9k_inspect_raise"
				},
				"0.92": {
					"effect": "ccrp:apc_9k/apc_9k_inspect_throw"
				},
				"1.0133": {
					"effect": "ccrp:apc_9k/apc_9k_inspect_mvmnt1"
				},
				"3.2667": {
					"effect": "ccrp:apc_9k/apc_9k_inspect_mvmnt2"
				},
				"3.5733": {
					"effect": "ccrp:apc_9k/apc_9k_inspect_boltback"
				},
				"4.04": {
					"effect": "ccrp:apc_9k/apc_9k_inspect_boltforward"
				},
				"4.5867": {
					"effect": "ccrp:apc_9k/apc_9k_inspect_end"
				}
			}
		},
		"inspect_empty": {
			"animation_length": 9.68,
			"bones": {
				"lefthand": {
					"rotation": {
						"0.0": [98.24187, -48.10281, -139.91314],
						"0.1467": [117.53378, -41.81389, -166.92367],
						"1.6267": [117.53378, -41.81389, -166.92367],
						"1.8667": [109.98928, -18.90721, -188.47207],
						"7.5867": [109.98928, -18.90721, -188.47207],
						"7.72": [95.87853, -39.20818, -186.61512],
						"7.84": [147.28652, -0.79776, -257.71779],
						"8.0267": [147.29, -0.8, -257.72],
						"8.0933": [157.29, -0.8, -257.72],
						"8.2933": [157.29, -0.8, -257.72],
						"8.3467": [70.7913, -55.22099, -136.76918],
						"8.7333": [70.7913, -55.22099, -136.76918],
						"8.84": [98.24187, -48.10281, -139.91314]
					},
					"position": {
						"0.0": [7.222, -8.347, -7.309],
						"0.1467": [7.05, -9.06, -4],
						"1.6267": [7.05, -9.06, -4],
						"1.7333": [7.14, -10.45, -4.15],
						"1.84": [6.222, -12.847, -2.309],
						"7.5867": [6.222, -12.847, -2.309],
						"7.72": [10.22, -12.35, -2.31],
						"7.84": [8.415, -5.35, -5.315],
						"8.0267": [8.415, -5.35, -4.315],
						"8.0933": [8.54, -5.35, -0.61],
						"8.2933": [8.54, -5.35, -0.61],
						"8.3467": [10.75, -19.36, 1.45],
						"8.7333": [10.75, -19.36, 1.45],
						"8.7867": [8.99, -13.85, -7.93],
						"8.84": [7.222, -8.347, -7.309]
					},
					"scale": [1, 1.5, 1]
				},
				"righthand": {
					"rotation": [97.52832, -355.04288, -179.34574],
					"position": [-6.8, -10, 3],
					"scale": [1, 1.5, 1]
				},
				"root": {
					"rotation": {
						"0.0": {
							"post": [0, 0, 0],
							"lerp_mode": "catmullrom"
						},
						"0.0933": {
							"post": [-2.953, -0.895, 9.308],
							"lerp_mode": "catmullrom"
						},
						"0.2267": {
							"post": [-14.92, 9.81, 54.074],
							"lerp_mode": "catmullrom"
						},
						"0.2667": {
							"post": [-16.361, 14.298, 60.934],
							"lerp_mode": "catmullrom"
						},
						"0.3333": {
							"post": [-21.218, 17.687, 57.173],
							"lerp_mode": "catmullrom"
						},
						"0.4267": {
							"post": [-21.165, 21.188, 61.737],
							"lerp_mode": "catmullrom"
						},
						"0.5333": {
							"post": [-22.019, 20.281, 58.978],
							"lerp_mode": "catmullrom"
						},
						"0.7733": {
							"post": [-21.046, 20.191, 60.157],
							"lerp_mode": "catmullrom"
						},
						"0.9333": {
							"post": [-17.054, 24.149, 66.291],
							"lerp_mode": "catmullrom"
						},
						"1.0667": {
							"post": [-18.398, 24.63, 63.809],
							"lerp_mode": "catmullrom"
						},
						"1.2667": {
							"post": [-17.625, 24.819, 64.825],
							"lerp_mode": "catmullrom"
						},
						"1.4267": {
							"post": [-18.458, 23.636, 62.522],
							"lerp_mode": "catmullrom"
						},
						"1.5733": {
							"post": [-18.877, 23.777, 61.94],
							"lerp_mode": "catmullrom"
						},
						"1.7333": {
							"post": [-30.362, 0.672, 11.672],
							"lerp_mode": "catmullrom"
						},
						"1.8667": {
							"post": [-25.045, -19.347, -27.693],
							"lerp_mode": "catmullrom"
						},
						"2.0": {
							"post": [-28.652, -21.492, -24.96],
							"lerp_mode": "catmullrom"
						},
						"2.1733": {
							"post": [-25.976, -23.885, -29.015],
							"lerp_mode": "catmullrom"
						},
						"2.2267": {
							"post": [-25.706, -24.18, -24.543],
							"lerp_mode": "catmullrom"
						},
						"2.3067": {
							"post": [-17.953, -28.468, -38.419],
							"lerp_mode": "catmullrom"
						},
						"2.4": {
							"post": [-27.112, -23.501, -26.832],
							"lerp_mode": "catmullrom"
						},
						"2.5333": {
							"post": [-23.672, -25.296, -30.862],
							"lerp_mode": "catmullrom"
						},
						"2.6267": {
							"post": [-25.006, -24.313, -28.625],
							"lerp_mode": "catmullrom"
						},
						"2.9333": {
							"post": [-24.193, -24.387, -30.255],
							"lerp_mode": "catmullrom"
						},
						"3.2267": {
							"post": [-35.896, -3.692, -0.573],
							"lerp_mode": "catmullrom"
						},
						"3.3733": {
							"post": [-36.509, -0.708, -0.312],
							"lerp_mode": "catmullrom"
						},
						"3.6": {
							"post": [-31.295, -15.25, -23.655],
							"lerp_mode": "catmullrom"
						},
						"3.8": {
							"post": [-27.376, 2.004, 12.261],
							"lerp_mode": "catmullrom"
						},
						"4.2": {
							"post": [-23.648, 11.9, 30.186],
							"lerp_mode": "catmullrom"
						},
						"4.2267": {
							"post": [-23.436, 11.845, 31.766],
							"lerp_mode": "catmullrom"
						},
						"4.2667": {
							"post": [-26.452, 8.612, 22.447],
							"lerp_mode": "catmullrom"
						},
						"4.3333": {
							"post": [-22.806, 12.207, 33.535],
							"lerp_mode": "catmullrom"
						},
						"4.5333": {
							"post": [-20.558, 4.681, 13.459],
							"lerp_mode": "catmullrom"
						},
						"4.7067": {
							"post": [-18.903, -9.279, -18.77],
							"lerp_mode": "catmullrom"
						},
						"4.7333": {
							"post": [-17.697, -11.284, -22.334],
							"lerp_mode": "catmullrom"
						},
						"4.8": {
							"post": [-17.471, -8.951, -18.116],
							"lerp_mode": "catmullrom"
						},
						"4.8667": {
							"post": [-15.799, -10.4, -22.86],
							"lerp_mode": "catmullrom"
						},
						"4.9333": {
							"post": [-16.103, -10.615, -23.113],
							"lerp_mode": "catmullrom"
						},
						"5.0267": {
							"post": [-17.947, -11.977, -23.381],
							"lerp_mode": "catmullrom"
						},
						"5.1067": {
							"post": [-20.476, -12.605, -17.433],
							"lerp_mode": "catmullrom"
						},
						"5.1733": {
							"post": [-19.168, -13.104, -20.465],
							"lerp_mode": "catmullrom"
						},
						"5.2": {
							"post": [-19.066, -11.636, -19.789],
							"lerp_mode": "catmullrom"
						},
						"5.2267": {
							"post": [-18.407, -11.392, -22.04],
							"lerp_mode": "catmullrom"
						},
						"5.3333": {
							"post": [-20.012, -10.759, -18.329],
							"lerp_mode": "catmullrom"
						},
						"5.3733": {
							"post": [-20.559, -11.453, -20.528],
							"lerp_mode": "catmullrom"
						},
						"5.4": {
							"post": [-20.809, -11.978, -20.301],
							"lerp_mode": "catmullrom"
						},
						"5.4667": {
							"post": [-18.017, -13.053, -24.948],
							"lerp_mode": "catmullrom"
						},
						"5.5333": {
							"post": [-18.73, -12.988, -24.293],
							"lerp_mode": "catmullrom"
						},
						"5.6": {
							"post": [-16.951, -14.162, -26.37],
							"lerp_mode": "catmullrom"
						},
						"5.6667": {
							"post": [-18.309, -12.016, -23.271],
							"lerp_mode": "catmullrom"
						},
						"5.7333": {
							"post": [-18.828, -14.692, -26.663],
							"lerp_mode": "catmullrom"
						},
						"5.8667": {
							"post": [-19.77, -12.254, -23.455],
							"lerp_mode": "catmullrom"
						},
						"5.9333": {
							"post": [-20.694, -10.658, -21.127],
							"lerp_mode": "catmullrom"
						},
						"5.9733": {
							"post": [-20.368, -12.323, -20.952],
							"lerp_mode": "catmullrom"
						},
						"6.0": {
							"post": [-16.161, -13.434, -25.234],
							"lerp_mode": "catmullrom"
						},
						"6.0667": {
							"post": [-19.921, -11.272, -15.256],
							"lerp_mode": "catmullrom"
						},
						"6.1333": {
							"post": [-16.94, -13.736, -24.05],
							"lerp_mode": "catmullrom"
						},
						"6.1733": {
							"post": [-15.706, -13.447, -27.176],
							"lerp_mode": "catmullrom"
						},
						"6.2267": {
							"post": [-15.79, -11.567, -21.844],
							"lerp_mode": "catmullrom"
						},
						"6.2667": {
							"post": [-15.648, -12.522, -21.318],
							"lerp_mode": "catmullrom"
						},
						"6.4267": {
							"post": [-22.89, -8.572, -2.685],
							"lerp_mode": "catmullrom"
						},
						"6.4667": {
							"post": [-24.136, -8.028, -1.506],
							"lerp_mode": "catmullrom"
						},
						"6.5733": {
							"post": [-26.387, -8.697, -4.301],
							"lerp_mode": "catmullrom"
						},
						"6.6267": {
							"post": [-27.481, -6.58, -1.087],
							"lerp_mode": "catmullrom"
						},
						"6.6667": {
							"post": [-27.441, -5.824, 0.022],
							"lerp_mode": "catmullrom"
						},
						"6.7067": {
							"post": [-26.83, -6.642, -1.923],
							"lerp_mode": "catmullrom"
						},
						"6.7733": {
							"post": [-23.656, -12.11, -14.595],
							"lerp_mode": "catmullrom"
						},
						"6.8267": {
							"post": [-17.572, -17.887, -32.721],
							"lerp_mode": "catmullrom"
						},
						"6.8933": {
							"post": [-11.721, -20.356, -47.081],
							"lerp_mode": "catmullrom"
						},
						"6.9333": {
							"post": [-10.542, -20.309, -49.424],
							"lerp_mode": "catmullrom"
						},
						"7.0267": {
							"post": [-13.353, -18.387, -42.724],
							"lerp_mode": "catmullrom"
						},
						"7.1067": {
							"post": [-14.006, -19.935, -43.033],
							"lerp_mode": "catmullrom"
						},
						"7.1733": {
							"post": [-11.904, -18.608, -47.73],
							"lerp_mode": "catmullrom"
						},
						"7.2267": {
							"post": [-10.529, -17.335, -45.026],
							"lerp_mode": "catmullrom"
						},
						"7.2667": {
							"post": [-10.551, -18.116, -45.589],
							"lerp_mode": "catmullrom"
						},
						"7.2933": {
							"post": [-14.455, -15.795, -36.084],
							"lerp_mode": "catmullrom"
						},
						"7.3733": {
							"post": [-9.079, -18.458, -51.108],
							"lerp_mode": "catmullrom"
						},
						"7.4267": {
							"post": [-10.182, -17.815, -45.253],
							"lerp_mode": "catmullrom"
						},
						"7.5067": {
							"post": [-12.692, -16.373, -43.609],
							"lerp_mode": "catmullrom"
						},
						"7.5733": {
							"post": [-15.166, -16.462, -37.884],
							"lerp_mode": "catmullrom"
						},
						"7.6267": {
							"post": [-22.374, -10.822, -16.497],
							"lerp_mode": "catmullrom"
						},
						"7.7733": {
							"post": [-23.97, 14.497, 35.693],
							"lerp_mode": "catmullrom"
						},
						"7.8267": {
							"post": [-18.106, 21.481, 53.725],
							"lerp_mode": "catmullrom"
						},
						"7.8667": {
							"post": [-16.888, 22.694, 56.554],
							"lerp_mode": "catmullrom"
						},
						"7.9333": {
							"post": [-18.367, 23.885, 53.468],
							"lerp_mode": "catmullrom"
						},
						"8.0": {
							"post": [-20.675, 25.411, 50.059],
							"lerp_mode": "catmullrom"
						},
						"8.0933": {
							"post": [-19.508, 26.91, 54.358],
							"lerp_mode": "catmullrom"
						},
						"8.2": {
							"post": [-16.229, 24.32, 58.841],
							"lerp_mode": "catmullrom"
						},
						"8.2667": {
							"post": [-17.09, 25.644, 56.456],
							"lerp_mode": "catmullrom"
						},
						"8.3333": {
							"post": [-18.717, 21.679, 50.539],
							"lerp_mode": "catmullrom"
						},
						"8.4": {
							"post": [-15.229, 28.422, 61.923],
							"lerp_mode": "catmullrom"
						},
						"8.4667": {
							"post": [-15.601, 24.36, 55.533],
							"lerp_mode": "catmullrom"
						},
						"8.5733": {
							"post": [-11.801, 17.067, 59.22],
							"lerp_mode": "catmullrom"
						},
						"8.6667": {
							"post": [-10.316, 6.324, 41.551],
							"lerp_mode": "catmullrom"
						},
						"8.8": {
							"post": [-1.203, -2.517, -2.405],
							"lerp_mode": "catmullrom"
						},
						"8.8933": {
							"post": [2.843, -0.346, -1.774],
							"lerp_mode": "catmullrom"
						},
						"9.0267": {
							"post": [4.012, -0.426, 3.484],
							"lerp_mode": "catmullrom"
						},
						"9.1333": {
							"post": [-1.154, -0.769, -2.432],
							"lerp_mode": "catmullrom"
						},
						"9.2267": {
							"post": [-0.241, 0.158, 0.99],
							"lerp_mode": "catmullrom"
						},
						"9.3333": {
							"post": [0.227, -0.017, 0.015],
							"lerp_mode": "catmullrom"
						},
						"9.3733": {
							"post": [-0.009, 0.082, 0.582],
							"lerp_mode": "catmullrom"
						},
						"9.4667": {
							"post": [-0.076, 0.033, -0.075],
							"lerp_mode": "catmullrom"
						},
						"9.6133": {
							"post": [0.006, 0, 0],
							"lerp_mode": "catmullrom"
						},
						"9.76": {
							"post": [0, 0, 0],
							"lerp_mode": "catmullrom"
						}
					},
					"position": {
						"0.0": {
							"post": [0, 0, 0],
							"lerp_mode": "catmullrom"
						},
						"0.1733": {
							"post": [1.021, 0.462, -0.787],
							"lerp_mode": "catmullrom"
						},
						"0.2667": {
							"post": [1.834, 0.917, -1.768],
							"lerp_mode": "catmullrom"
						},
						"0.3333": {
							"post": [2.083, 1.487, -0.093],
							"lerp_mode": "catmullrom"
						},
						"0.4": {
							"post": [2.233, 1.842, -0.376],
							"lerp_mode": "catmullrom"
						},
						"0.4667": {
							"post": [2.268, 2.021, -0.27],
							"lerp_mode": "catmullrom"
						},
						"0.5333": {
							"post": [2.236, 2.03, -0.189],
							"lerp_mode": "catmullrom"
						},
						"0.6267": {
							"post": [2.205, 1.939, -0.246],
							"lerp_mode": "catmullrom"
						},
						"0.8": {
							"post": [2.192, 1.899, -0.27],
							"lerp_mode": "catmullrom"
						},
						"0.8933": {
							"post": [2.016, 1.977, -0.265],
							"lerp_mode": "catmullrom"
						},
						"1.0267": {
							"post": [1.89, 2.048, -0.093],
							"lerp_mode": "catmullrom"
						},
						"1.6267": {
							"post": [1.833, 1.76, 0.004],
							"lerp_mode": "catmullrom"
						},
						"1.8667": {
							"post": [-0.069, -0.03, 1.652],
							"lerp_mode": "catmullrom"
						},
						"1.9333": {
							"post": [-0.25, -0.055, 1.672],
							"lerp_mode": "catmullrom"
						},
						"2.0267": {
							"post": [-0.213, 0.359, 1.653],
							"lerp_mode": "catmullrom"
						},
						"2.0933": {
							"post": [-0.197, 0.365, 1.647],
							"lerp_mode": "catmullrom"
						},
						"2.2267": {
							"post": [-0.074, 0.277, 1.608],
							"lerp_mode": "catmullrom"
						},
						"2.2667": {
							"post": [-0.146, 0.017, 1.438],
							"lerp_mode": "catmullrom"
						},
						"2.3067": {
							"post": [-0.225, -0.221, 1.284],
							"lerp_mode": "catmullrom"
						},
						"2.3733": {
							"post": [-0.358, -0.269, 1.432],
							"lerp_mode": "catmullrom"
						},
						"2.5333": {
							"post": [-0.425, -0.173, 1.695],
							"lerp_mode": "catmullrom"
						},
						"2.6667": {
							"post": [-0.32, 0.032, 1.66],
							"lerp_mode": "catmullrom"
						},
						"2.9733": {
							"post": [-0.496, 0.241, 1.618],
							"lerp_mode": "catmullrom"
						},
						"3.1333": {
							"post": [-2.32, 1.576, 0.099],
							"lerp_mode": "catmullrom"
						},
						"3.2267": {
							"post": [-3.141, 1.971, -0.114],
							"lerp_mode": "catmullrom"
						},
						"3.3333": {
							"post": [-3.327, 2.001, -0.117],
							"lerp_mode": "catmullrom"
						},
						"3.4267": {
							"post": [-3.042, 1.553, -0.028],
							"lerp_mode": "catmullrom"
						},
						"3.6": {
							"post": [-1.768, 1.028, -0.436],
							"lerp_mode": "catmullrom"
						},
						"3.8": {
							"post": [1.214, 1.205, -0.237],
							"lerp_mode": "catmullrom"
						},
						"3.9733": {
							"post": [1.755, 1.593, 0.924],
							"lerp_mode": "catmullrom"
						},
						"4.1733": {
							"post": [1.824, 1.577, 1.145],
							"lerp_mode": "catmullrom"
						},
						"4.2": {
							"post": [1.853, 1.478, 1.148],
							"lerp_mode": "catmullrom"
						},
						"4.3333": {
							"post": [2.214, 1.171, 0.836],
							"lerp_mode": "catmullrom"
						},
						"4.4667": {
							"post": [1.885, 1.483, 1.048],
							"lerp_mode": "catmullrom"
						},
						"4.5733": {
							"post": [1.419, 1.101, 0.891],
							"lerp_mode": "catmullrom"
						},
						"4.6667": {
							"post": [0.96, 0.411, 0.665],
							"lerp_mode": "catmullrom"
						},
						"4.7333": {
							"post": [0.798, 0.202, 0.812],
							"lerp_mode": "catmullrom"
						},
						"4.8267": {
							"post": [0.976, 0.328, 1.055],
							"lerp_mode": "catmullrom"
						},
						"4.9333": {
							"post": [1, 0.437, 0.978],
							"lerp_mode": "catmullrom"
						},
						"5.0267": {
							"post": [0.874, 0.43, 0.8],
							"lerp_mode": "catmullrom"
						},
						"5.1333": {
							"post": [0.93, 0.308, 0.806],
							"lerp_mode": "catmullrom"
						},
						"5.1733": {
							"post": [0.888, 0.277, 0.823],
							"lerp_mode": "catmullrom"
						},
						"5.2267": {
							"post": [0.927, 0.333, 0.772],
							"lerp_mode": "catmullrom"
						},
						"5.2933": {
							"post": [1.055, 0.416, 0.653],
							"lerp_mode": "catmullrom"
						},
						"5.3733": {
							"post": [0.869, 0.33, 0.885],
							"lerp_mode": "catmullrom"
						},
						"5.4267": {
							"post": [0.927, 0.253, 0.989],
							"lerp_mode": "catmullrom"
						},
						"5.5067": {
							"post": [1.028, 0.344, 0.94],
							"lerp_mode": "catmullrom"
						},
						"5.6": {
							"post": [1.115, 0.405, 0.709],
							"lerp_mode": "catmullrom"
						},
						"5.6933": {
							"post": [0.96, 0.336, 0.818],
							"lerp_mode": "catmullrom"
						},
						"5.7733": {
							"post": [0.932, 0.312, 0.927],
							"lerp_mode": "catmullrom"
						},
						"5.8667": {
							"post": [0.938, 0.184, 1.028],
							"lerp_mode": "catmullrom"
						},
						"5.9733": {
							"post": [1.036, 0.158, 1.016],
							"lerp_mode": "catmullrom"
						},
						"6.0": {
							"post": [1.081, 0.104, 0.322],
							"lerp_mode": "catmullrom"
						},
						"6.0667": {
							"post": [1.126, 0.307, 0.95],
							"lerp_mode": "catmullrom"
						},
						"6.1733": {
							"post": [0.26, -0.007, 0.58],
							"lerp_mode": "catmullrom"
						},
						"6.2667": {
							"post": [-0.97, -0.076, -0.268],
							"lerp_mode": "catmullrom"
						},
						"6.4": {
							"post": [-2.168, 0.589, -0.97],
							"lerp_mode": "catmullrom"
						},
						"6.5733": {
							"post": [-2.401, 1.072, -0.977],
							"lerp_mode": "catmullrom"
						},
						"6.7333": {
							"post": [-1.496, 1.059, -0.524],
							"lerp_mode": "catmullrom"
						},
						"6.8667": {
							"post": [0.186, 0.768, 0.821],
							"lerp_mode": "catmullrom"
						},
						"6.9733": {
							"post": [0.127, 0.62, 1.559],
							"lerp_mode": "catmullrom"
						},
						"7.2": {
							"post": [-0.013, 0.755, 1.42],
							"lerp_mode": "catmullrom"
						},
						"7.2267": {
							"post": [0.044, 0.799, 1.397],
							"lerp_mode": "catmullrom"
						},
						"7.2667": {
							"post": [-0.029, 0.867, 1.433],
							"lerp_mode": "catmullrom"
						},
						"7.3333": {
							"post": [-0.221, 1.228, 1.588],
							"lerp_mode": "catmullrom"
						},
						"7.3733": {
							"post": [-0.331, 1.042, 1.441],
							"lerp_mode": "catmullrom"
						},
						"7.4267": {
							"post": [-0.237, 0.896, 1.363],
							"lerp_mode": "catmullrom"
						},
						"7.5733": {
							"post": [-0.081, 0.593, 1.54],
							"lerp_mode": "catmullrom"
						},
						"7.6933": {
							"post": [0.827, 0.391, 2.015],
							"lerp_mode": "catmullrom"
						},
						"7.8": {
							"post": [1.441, 0.715, 1.877],
							"lerp_mode": "catmullrom"
						},
						"7.8267": {
							"post": [1.532, 0.972, 1.823],
							"lerp_mode": "catmullrom"
						},
						"8.0": {
							"post": [1.525, 1.454, 1.894],
							"lerp_mode": "catmullrom"
						},
						"8.0933": {
							"post": [1.536, 1.376, 1.955],
							"lerp_mode": "catmullrom"
						},
						"8.2": {
							"post": [1.394, 1.14, 2.415],
							"lerp_mode": "catmullrom"
						},
						"8.3067": {
							"post": [1.415, 1.185, 2.323],
							"lerp_mode": "catmullrom"
						},
						"8.3333": {
							"post": [1.389, 1.475, 1.472],
							"lerp_mode": "catmullrom"
						},
						"8.4667": {
							"post": [1.446, 1.109, 2.039],
							"lerp_mode": "catmullrom"
						},
						"8.6": {
							"post": [1.452, 0.291, 1.5],
							"lerp_mode": "catmullrom"
						},
						"8.7333": {
							"post": [1.757, -0.934, -0.223],
							"lerp_mode": "catmullrom"
						},
						"8.8667": {
							"post": [1.406, -1.996, -1.684],
							"lerp_mode": "catmullrom"
						},
						"9.0": {
							"post": [0.886, -1.383, -2.227],
							"lerp_mode": "catmullrom"
						},
						"9.1333": {
							"post": [0.02, 0.011, 0.372],
							"lerp_mode": "catmullrom"
						},
						"9.1733": {
							"post": [0.014, 0.007, 0.537],
							"lerp_mode": "catmullrom"
						},
						"9.2267": {
							"post": [0.015, -0.075, -0.096],
							"lerp_mode": "catmullrom"
						},
						"9.2933": {
							"post": [0.013, -0.021, -0.022],
							"lerp_mode": "catmullrom"
						},
						"9.3867": {
							"post": [0, 0, 0],
							"lerp_mode": "catmullrom"
						}
					}
				},
				"mag_and_lefthand": {
					"rotation": {
						"2.2667": {
							"pre": [0, 0, 0],
							"post": [0, 0, 0],
							"lerp_mode": "catmullrom"
						},
						"2.4": {
							"post": [-10, 0, 17.5],
							"lerp_mode": "catmullrom"
						},
						"2.5333": {
							"post": [-10, 0, 17.5],
							"lerp_mode": "catmullrom"
						},
						"2.72": {
							"post": [-10, 0, 17.5],
							"lerp_mode": "catmullrom"
						},
						"2.9733": {
							"post": [-16.395, 0, 10.04],
							"lerp_mode": "catmullrom"
						},
						"3.2267": {
							"post": [-69.58443, -24.51889, -52.84856],
							"lerp_mode": "catmullrom"
						},
						"3.4133": {
							"post": [-69.58443, -24.51889, -52.84856],
							"lerp_mode": "catmullrom"
						},
						"3.68": [-45.99297, -68.90942, -33.49297],
						"3.7733": [-45.99297, -68.90942, -33.49297],
						"3.8533": [-1.94691, -75.51354, -79.4503],
						"3.9467": [-35.82997, -73.49542, -52.11552],
						"4.0267": [-58.30152, -32.74796, -33.85629],
						"4.2": [-58.30152, -32.74796, -33.85629],
						"4.28": [-47.13828, -61.51415, -58.12809],
						"4.4133": {
							"pre": [-20.57288, -67.86351, -76.39671],
							"post": [-20.57288, -67.86351, -76.39671],
							"lerp_mode": "catmullrom"
						},
						"4.5333": [-58.32997, -73.49542, -52.11552],
						"4.6267": [-58.32997, -73.49542, -52.11552],
						"4.7067": [-53.31, -50.86, -41.97],
						"4.76": [-53.31, -50.86, -41.97],
						"4.8267": [-58.32997, -73.49542, -52.11552],
						"4.9733": [-58.32997, -73.49542, -52.11552],
						"5.04": [-53.31, -50.86, -41.97],
						"5.0933": [-53.31, -50.86, -41.97],
						"5.1733": [-58.32997, -73.49542, -52.11552],
						"5.24": [-58.32997, -73.49542, -52.11552],
						"5.3067": [-53.31, -50.86, -41.97],
						"5.36": [-53.31, -50.86, -41.97],
						"5.44": [-58.32997, -73.49542, -52.11552],
						"5.5733": [-58.32997, -73.49542, -52.11552],
						"5.64": [-53.31, -50.86, -41.97],
						"5.6933": [-53.31, -50.86, -41.97],
						"5.8": [-53.31, -50.86, -41.97],
						"5.9467": [-53.31, -50.86, -41.97],
						"6.0133": [-47.13828, -61.51415, -58.12809],
						"6.12": {
							"pre": [-146.51416, -76.11383, 51.72388],
							"post": [-146.51416, -76.11383, 51.72388],
							"lerp_mode": "catmullrom"
						},
						"6.2133": {
							"post": [-146.51416, -76.11383, 51.72388],
							"lerp_mode": "catmullrom"
						},
						"6.4933": {
							"post": [-69.58443, -24.51889, -52.84856],
							"lerp_mode": "catmullrom"
						},
						"6.64": {
							"post": [-69.58443, -24.51889, -52.84856],
							"lerp_mode": "catmullrom"
						},
						"6.8667": {
							"post": [5, 0, -31],
							"lerp_mode": "catmullrom"
						},
						"6.96": {
							"post": [5, 0, -16],
							"lerp_mode": "catmullrom"
						},
						"7.08": [5, 0, 0],
						"7.1333": [5, 0, 0],
						"7.2533": [0, 0, 0]
					},
					"position": {
						"2.2133": {
							"pre": [0, 0, 0],
							"post": [0, 0, 0],
							"lerp_mode": "catmullrom"
						},
						"2.2933": {
							"post": [0, -4, 0],
							"lerp_mode": "catmullrom"
						},
						"2.3867": {
							"post": [1, -7, 0],
							"lerp_mode": "catmullrom"
						},
						"2.5733": {
							"post": [4, -4, 0],
							"lerp_mode": "catmullrom"
						},
						"2.72": {
							"post": [4, -4, 0],
							"lerp_mode": "catmullrom"
						},
						"2.9333": {
							"post": [4, -4, 0],
							"lerp_mode": "catmullrom"
						},
						"3.0933": {
							"post": [5.7, -1.5, 3.25],
							"lerp_mode": "catmullrom"
						},
						"3.2267": {
							"post": [-1.135, -3.5, 15.295],
							"lerp_mode": "catmullrom"
						},
						"3.4133": {
							"post": [1.865, -6.5, 15.295],
							"lerp_mode": "catmullrom"
						},
						"3.68": [0.5, 6.75, -2],
						"3.7733": [0.5, 6.75, -2],
						"3.8533": [0.5, 6.75, -2],
						"3.9467": [0.5, 6.75, -2],
						"4.0267": [1.5, 6.75, 2],
						"4.2": [1.5, 6.75, 2],
						"4.28": [7.5, -1.25, 6],
						"4.4133": {
							"pre": [8.5, -0.25, 3],
							"post": [8.5, -0.25, 3],
							"lerp_mode": "catmullrom"
						},
						"4.5333": [1.625, 6.75, -4],
						"4.6267": [1.625, 6.75, -2],
						"4.7067": [1.5, 6.75, 2],
						"4.7733": [1.5, 6.75, 2],
						"4.8267": [1.625, 6.75, -2],
						"4.9733": [1.625, 6.75, -2],
						"5.0": [1.57, 6.75, -1.8],
						"5.04": [1.5, 6.75, 1],
						"5.0667": [1.5, 6.75, 2.4],
						"5.1067": [1.5, 6.75, 3],
						"5.1333": [1.55, 6.75, 2.8],
						"5.1733": [1.625, 6.75, 0],
						"5.2": [1.62, 6.75, -1.8],
						"5.24": [1.625, 6.75, -2],
						"5.2667": [1.58, 6.75, -1.8],
						"5.3067": [1.5, 6.75, 1],
						"5.3733": [1.5, 6.75, 3],
						"5.4": [1.55, 6.75, 2],
						"5.44": [1.625, 6.75, -1],
						"5.5733": [1.625, 6.75, -2],
						"5.6133": [1.55, 6.75, 1.4],
						"5.64": [1.5, 6.75, 3],
						"5.7067": [1.5, 6.75, 3],
						"5.8": [1.5, 6.75, 2],
						"5.9467": [1.5, 6.75, 2],
						"6.0133": [7.5, -1.25, 6],
						"6.12": {
							"pre": [8.5, -6.25, 6],
							"post": [8.5, -6.25, 6],
							"lerp_mode": "catmullrom"
						},
						"6.2133": {
							"post": [8.5, -6.25, 6],
							"lerp_mode": "catmullrom"
						},
						"6.36": {
							"post": [4.66, -3.01, 3.9],
							"lerp_mode": "catmullrom"
						},
						"6.4933": {
							"post": [1.865, -6.5, 15.295],
							"lerp_mode": "catmullrom"
						},
						"6.64": {
							"post": [1.865, -6.5, 15.295],
							"lerp_mode": "catmullrom"
						},
						"6.76": {
							"post": [5.7, -1.5, 3.25],
							"lerp_mode": "catmullrom"
						},
						"6.8933": {
							"post": [2.72, -3.54, 0.415],
							"lerp_mode": "catmullrom"
						},
						"6.96": [1.76, -3.725, 0.545],
						"7.0133": [0.835, -4, 0.63],
						"7.08": [0, -2.935, 0.785],
						"7.1333": [0, -2.935, 0.785],
						"7.2133": [0, -2.935, 0.785],
						"7.2533": [0, 0, 0]
					}
				},
				"camera": {
					"rotation": {
						"0.0": {
							"post": [0, 0, 0],
							"lerp_mode": "catmullrom"
						},
						"0.1333": {
							"post": [0.346, 0.163, 0.843],
							"lerp_mode": "catmullrom"
						},
						"0.3067": {
							"post": [0.987, 0.599, 3.644],
							"lerp_mode": "catmullrom"
						},
						"0.4": {
							"post": [1.153, 0.554, 3.106],
							"lerp_mode": "catmullrom"
						},
						"0.4667": {
							"post": [0.766, 0.479, 3.961],
							"lerp_mode": "catmullrom"
						},
						"0.6267": {
							"post": [0.602, 0.876, 3.485],
							"lerp_mode": "catmullrom"
						},
						"0.8933": {
							"post": [0.744, 0.062, 3.523],
							"lerp_mode": "catmullrom"
						},
						"1.0267": {
							"post": [-0.805, 0.055, 4.869],
							"lerp_mode": "catmullrom"
						},
						"1.2267": {
							"post": [-1.292, 0.673, 4.858],
							"lerp_mode": "catmullrom"
						},
						"1.6": {
							"post": [-0.49, 0.793, 4.085],
							"lerp_mode": "catmullrom"
						},
						"1.6933": {
							"post": [-0.044, 1.197, 2.62],
							"lerp_mode": "catmullrom"
						},
						"1.9067": {
							"post": [2.285, 2.593, -1.013],
							"lerp_mode": "catmullrom"
						},
						"2.0933": {
							"post": [3.239, 2.925, -0.941],
							"lerp_mode": "catmullrom"
						},
						"2.2": {
							"post": [3.41, 3.034, -1.472],
							"lerp_mode": "catmullrom"
						},
						"2.3067": {
							"post": [4.625, 2.572, -0.474],
							"lerp_mode": "catmullrom"
						},
						"2.3733": {
							"post": [4.441, 1.58, -2.72],
							"lerp_mode": "catmullrom"
						},
						"2.4267": {
							"post": [4.179, 0.215, -1.927],
							"lerp_mode": "catmullrom"
						},
						"2.4933": {
							"post": [3.994, -1.051, -1.733],
							"lerp_mode": "catmullrom"
						},
						"2.5733": {
							"post": [4.024, -2.154, -1.923],
							"lerp_mode": "catmullrom"
						},
						"2.7733": {
							"post": [4.783, -2.333, -2.02],
							"lerp_mode": "catmullrom"
						},
						"2.9733": {
							"post": [5.389, -2.079, -2.019],
							"lerp_mode": "catmullrom"
						},
						"3.2267": {
							"post": [0.267, 0.74, -5.227],
							"lerp_mode": "catmullrom"
						},
						"3.5733": {
							"post": [-0.511, 1.02, -4.627],
							"lerp_mode": "catmullrom"
						},
						"3.8267": {
							"post": [0.783, 3.658, 0.321],
							"lerp_mode": "catmullrom"
						},
						"4.0": {
							"post": [1.776, 4.87, 0.681],
							"lerp_mode": "catmullrom"
						},
						"4.0933": {
							"post": [0.947, 4.741, -0.115],
							"lerp_mode": "catmullrom"
						},
						"4.1733": {
							"post": [0.243, 4.19, 1.289],
							"lerp_mode": "catmullrom"
						},
						"4.2267": {
							"post": [0.214, 3.944, 1.36],
							"lerp_mode": "catmullrom"
						},
						"4.3067": {
							"post": [1.714, 2.856, -0.558],
							"lerp_mode": "catmullrom"
						},
						"4.3733": {
							"post": [1.223, 3.647, 0.998],
							"lerp_mode": "catmullrom"
						},
						"4.4667": {
							"post": [1.662, 3.337, -0.092],
							"lerp_mode": "catmullrom"
						},
						"4.5733": {
							"post": [1.519, 3.165, 0.346],
							"lerp_mode": "catmullrom"
						},
						"4.7067": {
							"post": [1.482, 3.937, 0.952],
							"lerp_mode": "catmullrom"
						},
						"4.7733": {
							"post": [2.126, 5.035, -1.242],
							"lerp_mode": "catmullrom"
						},
						"4.8267": {
							"post": [1.856, 4.714, 0.007],
							"lerp_mode": "catmullrom"
						},
						"4.8933": {
							"post": [1.512, 4.242, -0.147],
							"lerp_mode": "catmullrom"
						},
						"5.0": {
							"post": [1.742, 4.272, 1.17],
							"lerp_mode": "catmullrom"
						},
						"5.08": {
							"post": [1.74, 4.73, 1.236],
							"lerp_mode": "catmullrom"
						},
						"5.1067": {
							"post": [1.736, 4.972, 1.642],
							"lerp_mode": "catmullrom"
						},
						"5.2": {
							"post": [2.056, 4.515, 0.244],
							"lerp_mode": "catmullrom"
						},
						"5.3067": {
							"post": [2.431, 5.406, 1.288],
							"lerp_mode": "catmullrom"
						},
						"5.3467": {
							"post": [2.376, 5.306, 0.413],
							"lerp_mode": "catmullrom"
						},
						"5.44": {
							"post": [2.122, 5.444, 1.534],
							"lerp_mode": "catmullrom"
						},
						"5.5733": {
							"post": [1.577, 4.863, -0.035],
							"lerp_mode": "catmullrom"
						},
						"5.6267": {
							"post": [1.519, 4.876, 0.53],
							"lerp_mode": "catmullrom"
						},
						"5.6667": {
							"post": [1.722, 5.102, -0.342],
							"lerp_mode": "catmullrom"
						},
						"5.7733": {
							"post": [1.919, 5.779, 0.325],
							"lerp_mode": "catmullrom"
						},
						"5.8": {
							"post": [1.873, 5.994, 0.565],
							"lerp_mode": "catmullrom"
						},
						"5.8667": {
							"post": [1.973, 5.995, 0.333],
							"lerp_mode": "catmullrom"
						},
						"5.9333": {
							"post": [2.199, 5.787, 0.816],
							"lerp_mode": "catmullrom"
						},
						"5.9733": {
							"post": [2.22, 5.816, 0.969],
							"lerp_mode": "catmullrom"
						},
						"6.0": {
							"post": [2.143, 5.67, -1.355],
							"lerp_mode": "catmullrom"
						},
						"6.0667": {
							"post": [2.341, 6.006, 1.801],
							"lerp_mode": "catmullrom"
						},
						"6.2": {
							"post": [2.7, 5.697, 0.29],
							"lerp_mode": "catmullrom"
						},
						"6.3067": {
							"post": [2.199, 5.072, -0.157],
							"lerp_mode": "catmullrom"
						},
						"6.4667": {
							"post": [0.492, 4, -2.6],
							"lerp_mode": "catmullrom"
						},
						"6.6267": {
							"post": [-0.174, 3.423, -2.532],
							"lerp_mode": "catmullrom"
						},
						"6.8267": {
							"post": [3.173, 2.532, 0.523],
							"lerp_mode": "catmullrom"
						},
						"6.9733": {
							"post": [5.188, 2.112, 1.178],
							"lerp_mode": "catmullrom"
						},
						"7.0": {
							"post": [5.424, 2.064, 1.273],
							"lerp_mode": "catmullrom"
						},
						"7.0667": {
							"post": [5.528, 2.117, 0.63],
							"lerp_mode": "catmullrom"
						},
						"7.1333": {
							"post": [5.321, 2.195, 0.823],
							"lerp_mode": "catmullrom"
						},
						"7.2667": {
							"post": [5.268, 2.008, 0.409],
							"lerp_mode": "catmullrom"
						},
						"7.3333": {
							"post": [4.247, 3.039, -1.27],
							"lerp_mode": "catmullrom"
						},
						"7.4": {
							"post": [5.069, 2.955, 1.606],
							"lerp_mode": "catmullrom"
						},
						"7.4667": {
							"post": [4.695, 3.082, -0.285],
							"lerp_mode": "catmullrom"
						},
						"7.6267": {
							"post": [4.961, 3.169, 0.245],
							"lerp_mode": "catmullrom"
						},
						"7.6933": {
							"post": [4.418, 3.654, 0.075],
							"lerp_mode": "catmullrom"
						},
						"7.9067": {
							"post": [1.882, 4.177, -3.146],
							"lerp_mode": "catmullrom"
						},
						"8.0667": {
							"post": [1.175, 4.16, -3.578],
							"lerp_mode": "catmullrom"
						},
						"8.1333": {
							"post": [1.791, 4.746, -2.578],
							"lerp_mode": "catmullrom"
						},
						"8.1733": {
							"post": [2.353, 4.704, -2.766],
							"lerp_mode": "catmullrom"
						},
						"8.2": {
							"post": [2.032, 4.581, -2.991],
							"lerp_mode": "catmullrom"
						},
						"8.2667": {
							"post": [1.526, 4.809, -2.554],
							"lerp_mode": "catmullrom"
						},
						"8.3333": {
							"post": [1.292, 4.419, -0.828],
							"lerp_mode": "catmullrom"
						},
						"8.4": {
							"post": [0.8, 4.846, -3.005],
							"lerp_mode": "catmullrom"
						},
						"8.4667": {
							"post": [0.747, 4.566, -2.051],
							"lerp_mode": "catmullrom"
						},
						"8.5333": {
							"post": [0.859, 4.512, -2.568],
							"lerp_mode": "catmullrom"
						},
						"8.6": {
							"post": [1.195, 4.603, -2.7],
							"lerp_mode": "catmullrom"
						},
						"8.7333": {
							"post": [2.754, 2.621, -0.273],
							"lerp_mode": "catmullrom"
						},
						"8.8267": {
							"post": [3.403, 0.74, 0.814],
							"lerp_mode": "catmullrom"
						},
						"8.9333": {
							"post": [2.352, 0.461, -0.083],
							"lerp_mode": "catmullrom"
						},
						"9.0667": {
							"post": [-0.138, 0.281, 0.189],
							"lerp_mode": "catmullrom"
						},
						"9.1333": {
							"post": [-0.652, 0.351, 0.301],
							"lerp_mode": "catmullrom"
						},
						"9.1733": {
							"post": [-0.377, 0.372, -1.014],
							"lerp_mode": "catmullrom"
						},
						"9.2267": {
							"post": [-0.118, -0.119, 0.974],
							"lerp_mode": "catmullrom"
						},
						"9.2667": {
							"post": [-0.085, -0.066, 0.65],
							"lerp_mode": "catmullrom"
						},
						"9.3333": {
							"post": [0.035, 0.081, -0.278],
							"lerp_mode": "catmullrom"
						},
						"9.4267": {
							"post": [0.016, 0.021, 0.004],
							"lerp_mode": "catmullrom"
						},
						"9.4667": {
							"post": [0.01, 0, 0.378],
							"lerp_mode": "catmullrom"
						},
						"9.5867": {
							"post": [0.006, 0, -0.23],
							"lerp_mode": "catmullrom"
						},
						"9.68": {
							"post": [0, 0, -0.006],
							"lerp_mode": "catmullrom"
						},
						"9.8133": {
							"post": [0, 0, 0],
							"lerp_mode": "catmullrom"
						}
					}
				},
				"bullet": {
					"scale": 0
				},
				"bolt_release": {
					"rotation": {
						"3.9867": [0, -15, 0],
						"4.0133": [0, 0, 0],
						"8.08": [0, 0, 0],
						"8.0933": [0, -15, 0]
					}
				},
				"Bolt": {
					"position": {
						"3.9467": [0, 0, -0.004],
						"4.0267": [0.001, 0, 3.996],
						"4.1333": [0.001, 0, 3.996],
						"4.1733": [0.001, 0, 3.996],
						"4.2": [0.001, 0, 3.996],
						"4.2267": [0, 0, 0],
						"4.3733": [0, 0, 0],
						"4.4": [0, 0, 0],
						"4.6267": [0, 0, 0],
						"4.6667": [0, 0, 2],
						"4.7067": [0, 0, 4],
						"4.7333": [0, 0, 3.998],
						"4.7733": [0, 0, 3.776],
						"4.8": [0, 0, 1.797],
						"4.8267": [0, 0, 0],
						"5.0": [0, 0, 0],
						"5.0267": [0, 0, 1.746],
						"5.0667": [0, 0, 3.73],
						"5.1067": [0, 0, 3.998],
						"5.1333": [0, 0, 4],
						"5.1733": [0, 0, 2.009],
						"5.2": [0, 0, 0],
						"5.2667": [0, 0, 0],
						"5.2933": [0, 0, 1.746],
						"5.3333": [0, 0, 3.73],
						"5.3733": [0, 0, 3.998],
						"5.4": [0, 0, 4],
						"5.4267": [0, 0, 2.009],
						"5.4667": [0, 0, 0],
						"5.5733": [0, 0, 0],
						"5.6": [0, 0, 1.857],
						"5.6267": [0, 0, 4],
						"5.6667": [0, 0, 4],
						"5.6933": [0, 0, 4],
						"5.7333": [0, 0, 4],
						"5.7733": [0, 0, 4],
						"5.8": [0, 0, 3.822],
						"5.9467": [0, 0, 3.822],
						"5.96": [0, 0, 1.642],
						"5.9867": [0, 0, 0],
						"6.0267": [0, 0, 0],
						"7.8533": [0, 0, 0],
						"8.0267": [0, 0, 0],
						"8.0933": [0, 0, 4],
						"8.2933": [0, 0, 4],
						"8.32": [0, 0, 0]
					}
				},
				"bolt1": {
					"rotation": {
						"3.9067": [0, 0, 0],
						"3.9467": [0, -90, 0],
						"4.2": [0, -90, 0],
						"4.2267": [0, 0, 0],
						"4.5333": [0, 0, 0],
						"4.6267": [0, -90, 0],
						"5.9467": [0, -90, 0],
						"5.9733": [0, 0, 0],
						"7.8533": [0, 0, 0],
						"8.0267": [0, -90, 0],
						"8.2933": [0, -90, 0],
						"8.32": [0, 0, 0]
					}
				},
				"bolt_bullet": {
					"position": {
						"3.9467": [0, 0, 2],
						"4.0267": [0, 0, 0],
						"8.2933": [0, 0, 0],
						"8.32": [0, 0, 2]
					}
				},
				"magazine_and_bullet": {
					"scale": {
						"3.48": [1, 1, 1],
						"3.4933": [0, 0, 0],
						"6.6133": [0, 0, 0],
						"6.6267": [1, 1, 1]
					}
				}
			},
			"sound_effects": {
				"0.0": {
					"effect": "ccrp:apc_9k/apc_9k_inspect_empty_raise"
				},
				"0.72": {
					"effect": "ccrp:apc_9k/apc_9k_inspect_empty_mvmnt1"
				},
				"1.5333": {
					"effect": "ccrp:apc_9k/apc_9k_inspect_empty_rotate1"
				},
				"2.2": {
					"effect": "ccrp:apc_9k/apc_9k_inspect_empty_magout"
				},
				"3.1067": {
					"effect": "ccrp:apc_9k/apc_9k_inspect_empty_mvmnt2"
				},
				"3.8267": {
					"effect": "ccrp:apc_9k/apc_9k_inspect_empty_boltcheck"
				},
				"4.4133": {
					"effect": "ccrp:apc_9k/apc_9k_inspect_empty_rotate2"
				},
				"6.36": {
					"effect": "ccrp:apc_9k/apc_9k_inspect_empty_mvmnt3"
				},
				"7.0667": {
					"effect": "ccrp:apc_9k/apc_9k_inspect_empty_maghit1"
				},
				"7.0933": {
					"effect": "ccrp:apc_9k/apc_9k_inspect_empty_maghit2"
				},
				"7.2": {
					"effect": "ccrp:apc_9k/apc_9k_inspect_empty_magin"
				},
				"7.4667": {
					"effect": "ccrp:apc_9k/apc_9k_inspect_empty_rotate3"
				},
				"7.8667": {
					"effect": "ccrp:apc_9k/apc_9k_inspect_empty_boltgrab"
				},
				"8.0667": {
					"effect": "ccrp:apc_9k/apc_9k_inspect_empty_charge"
				},
				"8.6667": {
					"effect": "ccrp:apc_9k/apc_9k_inspect_empty_end"
				}
			}
		},
		"draw": {
			"animation_length": 1,
			"bones": {
				"lefthand": {
					"rotation": [98.24187, -48.10281, -139.91314],
					"position": [7.222, -8.347, -7.309],
					"scale": [1, 1.5, 1]
				},
				"righthand": {
					"rotation": [97.52832, -355.04288, -179.34574],
					"position": [-6.8, -10, 3],
					"scale": [1, 1.5, 1]
				},
				"root": {
					"rotation": {
						"0.0": {
							"post": [-42.192, -70.635, 107.011],
							"lerp_mode": "catmullrom"
						},
						"0.1167": {
							"post": [7.129, -61.498, 45.321],
							"lerp_mode": "catmullrom"
						},
						"0.25": {
							"post": [16.442, -31.13, 13.626],
							"lerp_mode": "catmullrom"
						},
						"0.4167": {
							"post": [-0.817, -6.31, -0.536],
							"lerp_mode": "catmullrom"
						},
						"0.5333": {
							"post": [0.072, 1.409, 3.364],
							"lerp_mode": "catmullrom"
						},
						"0.6667": {
							"post": [-0.392, -0.305, -1.289],
							"lerp_mode": "catmullrom"
						},
						"0.7833": {
							"post": [-0.023, -0.038, 0.493],
							"lerp_mode": "catmullrom"
						},
						"0.9167": {
							"post": [-0.006, 0.011, -0.209],
							"lerp_mode": "catmullrom"
						},
						"1.0": {
							"post": [0, 0, 0],
							"lerp_mode": "catmullrom"
						}
					},
					"position": {
						"0.0": {
							"post": [8.214, -16.096, 6.788],
							"lerp_mode": "catmullrom"
						},
						"0.1167": {
							"post": [7.933, -11.687, 4.191],
							"lerp_mode": "catmullrom"
						},
						"0.25": {
							"post": [5.068, -4.925, -0.044],
							"lerp_mode": "catmullrom"
						},
						"0.4167": {
							"post": [0.441, -0.178, -3.208],
							"lerp_mode": "catmullrom"
						},
						"0.5333": {
							"post": [-0.009, 0.031, 0.47],
							"lerp_mode": "catmullrom"
						},
						"0.6667": {
							"post": [-0.051, 0.028, -0.219],
							"lerp_mode": "catmullrom"
						},
						"0.8333": {
							"post": [0.019, 0.008, -0.041],
							"lerp_mode": "catmullrom"
						},
						"1.0": {
							"post": [0, 0, 0],
							"lerp_mode": "catmullrom"
						}
					}
				},
				"camera": {
					"rotation": {
						"0.0": {
							"post": [0, 0, 0],
							"lerp_mode": "catmullrom"
						},
						"0.2167": {
							"post": [0.989, 0.335, -0.545],
							"lerp_mode": "catmullrom"
						},
						"0.3833": {
							"post": [0.182, -0.106, -0.042],
							"lerp_mode": "catmullrom"
						},
						"0.4667": {
							"post": [-0.143, -0.113, -0.293],
							"lerp_mode": "catmullrom"
						},
						"0.5": {
							"post": [-0.2, 0, -0.68],
							"lerp_mode": "catmullrom"
						},
						"0.5833": {
							"post": [0.028, 0.246, 0.424],
							"lerp_mode": "catmullrom"
						},
						"0.6667": {
							"post": [0.062, 0.013, -0.301],
							"lerp_mode": "catmullrom"
						},
						"0.75": {
							"post": [-0.029, -0.05, -0.109],
							"lerp_mode": "catmullrom"
						},
						"0.8833": {
							"post": [-0.006, -0.026, 0.004],
							"lerp_mode": "catmullrom"
						},
						"1.0": {
							"post": [0, 0, 0],
							"lerp_mode": "catmullrom"
						}
					}
				}
			}
		},
		"put_away": {
			"animation_length": 0.55,
			"bones": {
				"lefthand": {
					"rotation": [98.24187, -48.10281, -139.91314],
					"position": [7.222, -8.347, -7.309],
					"scale": [1, 1.5, 1]
				},
				"righthand": {
					"rotation": [97.52832, -355.04288, -179.34574],
					"position": [-6.8, -10, 3],
					"scale": [1, 1.5, 1]
				},
				"root": {
					"rotation": {
						"0.0": {
							"post": [0, 0, 0],
							"lerp_mode": "catmullrom"
						},
						"0.1167": {
							"post": [0.307, -3.883, 16.825],
							"lerp_mode": "catmullrom"
						},
						"0.3333": {
							"post": [-11.323, -33.651, 77.05],
							"lerp_mode": "catmullrom"
						},
						"0.4667": {
							"post": [-26.916, -61.016, 89.192],
							"lerp_mode": "catmullrom"
						},
						"0.5333": {
							"post": [-42.192, -70.635, 107.011],
							"lerp_mode": "catmullrom"
						}
					},
					"position": {
						"0.0": {
							"post": [0, 0, 0],
							"lerp_mode": "catmullrom"
						},
						"0.1333": {
							"post": [1.922, -0.671, -1.113],
							"lerp_mode": "catmullrom"
						},
						"0.25": {
							"post": [3.666, -2.939, -0.727],
							"lerp_mode": "catmullrom"
						},
						"0.3833": {
							"post": [6.608, -9.007, 1.971],
							"lerp_mode": "catmullrom"
						},
						"0.5333": {
							"post": [8.214, -16.096, 6.788],
							"lerp_mode": "catmullrom"
						}
					}
				},
				"camera": {
					"rotation": {
						"0.0": {
							"post": [0, 0, 0],
							"lerp_mode": "catmullrom"
						},
						"0.0833": {
							"post": [0.298, -0.022, -0.032],
							"lerp_mode": "catmullrom"
						},
						"0.25": {
							"post": [1.056, -0.041, -0.234],
							"lerp_mode": "catmullrom"
						},
						"0.3333": {
							"post": [0.857, 0.071, -0.362],
							"lerp_mode": "catmullrom"
						},
						"0.4667": {
							"post": [0.261, 0.064, -0.188],
							"lerp_mode": "catmullrom"
						},
						"0.5333": {
							"post": [0, 0, 0],
							"lerp_mode": "catmullrom"
						}
					}
				}
			}
		}
	}
}