{
	"format_version": "1.8.0",
	"animations": {
		"static_idle": {
			"loop": true,
			"bones": {
				"lefthand": {
					"rotation": [102.62741, -34.61215, 210.40513],
					"position": [7.67, -13.25, -13.5],
					"scale": [1, 1.5, 1]
				},
				"righthand": {
					"rotation": [92.5, -355, -180],
					"position": [-6.25, -14, -5],
					"scale": [1, 1.5, 1]
				},
				"constraint": {
					"rotation": [0.2, 0.2, 0.2],
					"position": [0.2, 0.2, 0.2]
				}
			}
		},
		"reload_tactical": {
			"animation_length": 2.5833,
			"bones": {
				"lefthand": {
					"rotation": {
						"0.0": [102.62741, -34.61215, 210.40513],
						"0.3333": [102.33322, -13.14871, 169.69822],
						"1.625": [102.33, -13.15, 169.7],
						"2.0833": [102.62741, -34.61215, 210.40513]
					},
					"position": {
						"0.0": [7.67, -13.25, -13.5],
						"0.2083": [12.68, -22.52, -4.69],
						"0.3333": [6.67, -18.315, 0.595],
						"1.625": [6.67, -18.315, 0.595],
						"1.7917": [6.67, -29.5, 16],
						"1.9167": [6.67, -29.5, 16],
						"2.0833": [7.67, -13.25, -13.5]
					},
					"scale": [1, 1.5, 1]
				},
				"righthand": {
					"rotation": {
						"0.0": [92.5, -355, -180],
						"0.2083": [92.5, -355, -180],
						"0.3333": [92.80736, -332.52344, -178.92193],
						"1.875": [92.81, -332.52, -178.92],
						"2.0": [92.5, -355, -180]
					},
					"position": {
						"0.0": [-6.25, -14, -5],
						"0.2083": [-6.25, -14, -5]
					},
					"scale": [1, 1.5, 1]
				},
				"constraint": {
					"rotation": [0.2, 0.2, 0.2],
					"position": [0.2, 0.2, 0.2]
				},
				"root": {
					"rotation": {
						"0.0417": {
							"pre": [0, 0, 0],
							"post": [0, 0, 0],
							"lerp_mode": "catmullrom"
						},
						"0.2083": {
							"post": [-8.23, 0.24, -3.59],
							"lerp_mode": "catmullrom"
						},
						"0.2917": {
							"post": [-7.83, -2.65, -9.055],
							"lerp_mode": "catmullrom"
						},
						"0.4167": {
							"post": [-9.695, -4.65, -26.005],
							"lerp_mode": "catmullrom"
						},
						"0.5": {
							"post": [-9.62, -5.27, -24.525],
							"lerp_mode": "catmullrom"
						},
						"0.5833": {
							"post": [-9.28, -5.65, -20.29],
							"lerp_mode": "catmullrom"
						},
						"0.7083": {
							"post": [-9.09, -5.75, -24.09],
							"lerp_mode": "catmullrom"
						},
						"0.8333": {
							"post": [-9.28, -5.65, -22.99],
							"lerp_mode": "catmullrom"
						},
						"0.875": {
							"post": [-11.86, -5.07, -21.71],
							"lerp_mode": "catmullrom"
						},
						"0.9167": {
							"post": [-14.6637, -2.82827, -15.03944],
							"lerp_mode": "catmullrom"
						},
						"1.0": {
							"post": [-11.40525, -3.25733, -23.79294],
							"lerp_mode": "catmullrom"
						},
						"1.0833": {
							"post": [-11.06, -3.04, -24.95],
							"lerp_mode": "catmullrom"
						},
						"1.25": {
							"post": [-11.40525, -3.25733, -40.55794],
							"lerp_mode": "catmullrom"
						},
						"1.4167": {
							"post": [-13.72797, -7.15956, -40.28455],
							"lerp_mode": "catmullrom"
						},
						"1.4583": {
							"post": [-5.9367, -4.68029, -29.83801],
							"lerp_mode": "catmullrom"
						},
						"1.5": {
							"post": [-7.5566, -5.87823, -37.86916],
							"lerp_mode": "catmullrom"
						},
						"1.5417": {
							"post": [-10.36754, -5.46076, -33.72286],
							"lerp_mode": "catmullrom"
						},
						"1.625": {
							"post": [-13.11043, -4.02237, -29.96119],
							"lerp_mode": "catmullrom"
						},
						"1.7083": {
							"post": [-14.88, -5.35, -35.65],
							"lerp_mode": "catmullrom"
						},
						"1.9167": {
							"post": [-9.08, -5.35, -21.04],
							"lerp_mode": "catmullrom"
						},
						"2.0417": {
							"post": [3.38, 0.475, -3.8],
							"lerp_mode": "catmullrom"
						},
						"2.125": {
							"post": [2.98, 1.13875, 0.29],
							"lerp_mode": "catmullrom"
						},
						"2.2083": {
							"post": [2.455, 0.84375, -1.55],
							"lerp_mode": "catmullrom"
						},
						"2.2917": {
							"post": [-0.28125, -0.5625, 1.7],
							"lerp_mode": "catmullrom"
						},
						"2.3333": {
							"post": [0, 0.5625, -1.4125],
							"lerp_mode": "catmullrom"
						},
						"2.4583": {
							"post": [0, 0, 0.85],
							"lerp_mode": "catmullrom"
						},
						"2.5833": {
							"post": [0, 0, 0],
							"lerp_mode": "catmullrom"
						}
					},
					"position": {
						"0.0": {
							"post": [0, 0, 0],
							"lerp_mode": "catmullrom"
						},
						"0.1667": {
							"post": [-0.92, -0.125, -0.915],
							"lerp_mode": "catmullrom"
						},
						"0.2917": {
							"post": [-1.835, 1.19, -3.23],
							"lerp_mode": "catmullrom"
						},
						"0.375": {
							"post": [-1.96, 1.815, -3.545],
							"lerp_mode": "catmullrom"
						},
						"0.4583": {
							"post": [-1.895, 1.975, -3.195],
							"lerp_mode": "catmullrom"
						},
						"0.5417": {
							"post": [-1.77, 1.37, -2.475],
							"lerp_mode": "catmullrom"
						},
						"0.625": {
							"post": [-1.72, 1.11, -2.92],
							"lerp_mode": "catmullrom"
						},
						"0.7083": {
							"post": [-1.72, 1.17, -2.9],
							"lerp_mode": "catmullrom"
						},
						"0.8333": {
							"post": [-1.72, 1.01, -2.92],
							"lerp_mode": "catmullrom"
						},
						"0.875": {
							"post": [-1.575, 0.765, -3.025],
							"lerp_mode": "catmullrom"
						},
						"0.9583": {
							"post": [-1.765, 1.32, -3.035],
							"lerp_mode": "catmullrom"
						},
						"1.125": {
							"post": [-2, 1.48, -3.01],
							"lerp_mode": "catmullrom"
						},
						"1.25": {
							"post": [-2.445, 1.675, -2.99],
							"lerp_mode": "catmullrom"
						},
						"1.375": {
							"post": [-2.52, 1.615, -2.995],
							"lerp_mode": "catmullrom"
						},
						"1.4167": {
							"post": [-2.78, 0.605, -3.315],
							"lerp_mode": "catmullrom"
						},
						"1.5417": {
							"post": [-2.61, 1.125, -3.055],
							"lerp_mode": "catmullrom"
						},
						"1.6667": {
							"post": [-2.49, 0.955, -3.02],
							"lerp_mode": "catmullrom"
						},
						"1.875": {
							"post": [-2.19, 0.87, -3.02],
							"lerp_mode": "catmullrom"
						},
						"2.0833": {
							"post": [-0.175, -1.35, -2.275],
							"lerp_mode": "catmullrom"
						},
						"2.125": {
							"post": [-0.12, -1.25, -1.8],
							"lerp_mode": "catmullrom"
						},
						"2.25": {
							"post": [0, -0.05, 0.525],
							"lerp_mode": "catmullrom"
						},
						"2.3333": {
							"post": [0, 0, -0.125],
							"lerp_mode": "catmullrom"
						},
						"2.4583": {
							"post": [0, 0, 0.05],
							"lerp_mode": "catmullrom"
						},
						"2.5833": {
							"post": [0, 0, 0],
							"lerp_mode": "catmullrom"
						}
					}
				},
				"mag_and_hand": {
					"rotation": {
						"0.1667": [0, 0, 0],
						"0.2917": [0, 0, 0],
						"0.5": [0, 0, 0],
						"0.7083": [15.345, 0, 36.905],
						"0.8333": [15.345, 0, 30.795],
						"0.9583": [-12.5, 0, 0],
						"1.125": [-3, 0, 0],
						"1.25": [-3, 0, 0],
						"1.375": [0, 0, 0],
						"1.4167": [0, 0, 0]
					},
					"position": {
						"0.1667": [0, 0, 0],
						"0.2917": [0, -23, 6],
						"0.5": [0, -23, -1.175],
						"0.7083": [2, 0.1, 0.3],
						"0.8333": [2, 0, 0.3],
						"0.9167": [1, -5.83, -1.3],
						"1.0": [0, -6.83, -1.3],
						"1.125": [0, -5.23, -0.7],
						"1.25": [0, -5.23, -0.7],
						"1.375": [0, -5.23, -0.7],
						"1.4167": [0, 0, 0]
					}
				},
				"magazine_and_bullet": {
					"rotation": {
						"0.2083": [0, 0, 0],
						"0.3333": [0, 0, 0]
					},
					"position": {
						"0.2083": [11, -11, 11],
						"0.3333": [0, 0, 0]
					},
					"scale": {
						"0.3333": [0, 0, 0],
						"0.375": [1, 1, 1]
					}
				},
				"mag_release": {
					"rotation": {
						"0.8333": [0, 0, 0],
						"0.875": [10, 0, 0],
						"0.9167": [0, 0, 0],
						"1.375": [0, 0, 0],
						"1.4167": [10, 0, 0],
						"1.4583": [0, 0, 0]
					}
				},
				"additional_magazine": {
					"rotation": {
						"0.7083": [0, 0, 0],
						"0.875": [0, 0, 0],
						"1.0": [-12.5, 0, -24.745],
						"1.25": [-2.71937, -1.26738, -24.96992],
						"1.375": [0, 0, -24.75],
						"1.4167": [0, 0, -24.75],
						"1.625": [0, 0, -24.75],
						"1.7917": [0, 0, -24.75]
					},
					"position": {
						"0.7083": [0, 0, 0],
						"0.8333": [0, 0, 0],
						"0.9167": [0, -6.975, -1],
						"1.0": [-2, -7.975, -1],
						"1.125": [-2, -6.975, -0.4],
						"1.25": [-2, -6.975, -0.4],
						"1.375": [-2, -6.975, -0.4],
						"1.4167": [-2, 0, 0],
						"1.625": [-2, 0, 0],
						"1.7917": [-1, -14, 15]
					},
					"scale": {
						"1.7917": [1, 1, 1],
						"1.8333": [0, 0, 0]
					}
				},
				"camera": {
					"rotation": {
						"0.0": [0, 0, 0],
						"0.375": {
							"pre": [7.12, 0.83, -0.75],
							"post": [7.12, 0.83, -0.75],
							"lerp_mode": "catmullrom"
						},
						"0.625": {
							"post": [7.12, 0.83, -0.75],
							"lerp_mode": "catmullrom"
						},
						"0.7917": {
							"post": [6.57, 0.55, -0.46],
							"lerp_mode": "catmullrom"
						},
						"0.8333": {
							"post": [5.86, -0.39, 1.29],
							"lerp_mode": "catmullrom"
						},
						"0.9167": {
							"post": [6.13, 0.07, -0.7],
							"lerp_mode": "catmullrom"
						},
						"1.0": {
							"post": [4.6, 0.14, 0.24],
							"lerp_mode": "catmullrom"
						},
						"1.2083": {
							"post": [3.14, 0.07, 0.24],
							"lerp_mode": "catmullrom"
						},
						"1.4167": {
							"post": [3.85, -0.48, 0.24],
							"lerp_mode": "catmullrom"
						},
						"1.4583": {
							"post": [3.31, -0.36, -1.26],
							"lerp_mode": "catmullrom"
						},
						"1.5": {
							"post": [3.61, -0.36, 0.82],
							"lerp_mode": "catmullrom"
						},
						"1.5833": {
							"post": [3.64, -0.36, -0.26],
							"lerp_mode": "catmullrom"
						},
						"1.75": {
							"post": [2.59, -0.39, -0.06],
							"lerp_mode": "catmullrom"
						},
						"2.0": {
							"post": [2.09, -0.39, 0.41],
							"lerp_mode": "catmullrom"
						},
						"2.0833": {
							"post": [0.97, -0.21, 0.12],
							"lerp_mode": "catmullrom"
						},
						"2.1667": {
							"post": [-0.23, -0.04, -0.19],
							"lerp_mode": "catmullrom"
						},
						"2.2083": {
							"post": [-0.62, 0.015, 0.62],
							"lerp_mode": "catmullrom"
						},
						"2.2917": {
							"post": [-0.15, -0.005, -0.385],
							"lerp_mode": "catmullrom"
						},
						"2.375": {
							"post": [0.18, -0.06, 0.06],
							"lerp_mode": "catmullrom"
						},
						"2.5": {
							"post": [0, 0, 0],
							"lerp_mode": "catmullrom"
						}
					}
				}
			},
			"sound_effects": {
				"0.0": {
					"effect": "tacz:aug/aug_reload_raise"
				},
				"0.625": {
					"effect": "tacz:aug/aug_inspect_maggrab"
				},
				"0.7917": {
					"effect": "ccrp:aug_para/aug_para_reload_magout"
				},
				"1.1667": {
					"effect": "ccrp:aug_para/aug_para_reload_maghit"
				},
				"1.2917": {
					"effect": "ccrp:aug_para/aug_para_reload_magin"
				},
				"1.7083": {
					"effect": "tacz:aug/aug_reload_end"
				}
			}
		},
		"reload_empty": {
			"animation_length": 3.0333,
			"bones": {
				"lefthand": {
					"rotation": {
						"0.0": [102.62741, -34.61215, 210.40513],
						"0.1": [154.77627, -7.26414, 136.83999],
						"0.2667": [102.33322, -13.14871, 169.69822],
						"1.6667": [102.33, -13.15, 169.7],
						"1.8333": [89.03856, -22.67942, 220.59891],
						"1.9": [82.69, -31.66, 237.06],
						"1.9667": [82.69, -31.66, 237.06],
						"2.0333": [90.48779, -55.70625, 215.95174],
						"2.1": [85.56172, -60.70604, 215.86486],
						"2.2": {
							"pre": [90.56276, -66.76122, 202.5339],
							"post": [90.56276, -66.76122, 202.5339],
							"lerp_mode": "catmullrom"
						},
						"2.3": {
							"post": [89.5296, -46.39289, 213.14217],
							"lerp_mode": "catmullrom"
						},
						"2.4": {
							"post": [89.5296, -46.39289, 213.14217],
							"lerp_mode": "catmullrom"
						},
						"2.6": [92.62741, -34.61215, 210.40513],
						"2.6667": [102.62741, -34.61215, 210.40513]
					},
					"position": {
						"0.0": [7.67, -13.25, -13.5],
						"0.1": [11.17, -13.5, -7.605],
						"0.2667": [6.67, -17.43, 0.395],
						"1.6667": [6.67, -17.43, 0.395],
						"1.7333": [9.355, -20.815, -5.57],
						"1.8333": [9.36, -12.7, -15.645],
						"1.9": [9.36, -10.365, -12.64],
						"1.9667": [9.36, -10.365, -12.64],
						"2.0333": [9.36, -10.365, -7.89],
						"2.1": [9.36, -10.365, -7.89],
						"2.2": {
							"pre": [13.885, -15.82, 1.2],
							"post": [13.885, -15.82, 1.2],
							"lerp_mode": "catmullrom"
						},
						"2.3": {
							"post": [17.35, -21.145, 7.075],
							"lerp_mode": "catmullrom"
						},
						"2.4": {
							"post": [17.35, -25.145, 3.075],
							"lerp_mode": "catmullrom"
						},
						"2.5": [13.31, -14.34, -8.01],
						"2.6": [7.67, -13.25, -13.5],
						"2.6667": [7.67, -13.25, -13.5]
					},
					"scale": [1, 1.5, 1]
				},
				"righthand": {
					"rotation": {
						"0.0": [92.5, -355, -180],
						"0.1333": [92.5, -355, -180],
						"0.2667": [92.80736, -332.52344, -178.92193],
						"1.6": [92.81, -332.52, -178.92],
						"1.7333": [92.5, -355, -180]
					},
					"position": {
						"0.0": [-6.25, -14, -5],
						"0.1333": [-6.25, -14, -5]
					},
					"scale": [1, 1.5, 1]
				},
				"constraint": {
					"rotation": [0.2, 0.2, 0.2],
					"position": [0.2, 0.2, 0.2]
				},
				"root": {
					"rotation": {
						"0.0": [0, 0, 0],
						"0.1333": {
							"pre": [-8.23, 0.24, -1.965],
							"post": [-8.23, 0.24, -1.965],
							"lerp_mode": "catmullrom"
						},
						"0.2333": {
							"post": [-7.83, -2.65, -7.745],
							"lerp_mode": "catmullrom"
						},
						"0.3": {
							"post": [-9.695, -4.65, -12.815],
							"lerp_mode": "catmullrom"
						},
						"0.4333": {
							"post": [-9.695, -4.65, -25.595],
							"lerp_mode": "catmullrom"
						},
						"0.5333": {
							"post": [-9.62, -5.27, -24.115],
							"lerp_mode": "catmullrom"
						},
						"0.6": {
							"post": [-9.28, -5.65, -19.88],
							"lerp_mode": "catmullrom"
						},
						"0.7667": {
							"post": [-7.38, -5.65, -22.58],
							"lerp_mode": "catmullrom"
						},
						"0.8": {
							"post": [-11.86, -5.07, -21.3],
							"lerp_mode": "catmullrom"
						},
						"0.8667": {
							"post": [-14.6637, -2.82827, -14.62944],
							"lerp_mode": "catmullrom"
						},
						"0.9333": {
							"post": [-11.40525, -3.25733, -23.38294],
							"lerp_mode": "catmullrom"
						},
						"1.0": {
							"post": [-11.11, -3.17, -26.49],
							"lerp_mode": "catmullrom"
						},
						"1.1333": {
							"post": [-11.40525, -3.25733, -39.89794],
							"lerp_mode": "catmullrom"
						},
						"1.2": {
							"post": [-12.81, -5.07, -42.635],
							"lerp_mode": "catmullrom"
						},
						"1.3667": {
							"post": [-13.72797, -7.15956, -40.28455],
							"lerp_mode": "catmullrom"
						},
						"1.4": {
							"post": [-6.3567, -4.68029, -29.83801],
							"lerp_mode": "catmullrom"
						},
						"1.4333": {
							"post": [-9.8116, -5.87823, -37.86916],
							"lerp_mode": "catmullrom"
						},
						"1.4667": {
							"post": [-10.36754, -5.46076, -33.72286],
							"lerp_mode": "catmullrom"
						},
						"1.5667": {
							"post": [-13.11043, -4.02237, -36.76119],
							"lerp_mode": "catmullrom"
						},
						"1.6333": {
							"post": [-10.345, -5.35, -35.65],
							"lerp_mode": "catmullrom"
						},
						"1.8": {
							"post": [-13.775, -6.395, -15.705],
							"lerp_mode": "catmullrom"
						},
						"1.9": {
							"post": [-16.91, -7.585, -6.47],
							"lerp_mode": "catmullrom"
						},
						"1.9667": {
							"post": [-18.00638, -7.2271, -5.52838],
							"lerp_mode": "catmullrom"
						},
						"2.0": {
							"post": [-15.76315, -9.33546, -8.00289],
							"lerp_mode": "catmullrom"
						},
						"2.0667": {
							"post": [-16.70394, -9.79332, -6.68533],
							"lerp_mode": "catmullrom"
						},
						"2.1333": {
							"post": [-14.90239, -10.72542, -2.98555],
							"lerp_mode": "catmullrom"
						},
						"2.1667": {
							"post": [-7.975, -7, -8.17],
							"lerp_mode": "catmullrom"
						},
						"2.2": {
							"post": [-4.8869, -7.33696, 1.39442],
							"lerp_mode": "catmullrom"
						},
						"2.2667": {
							"post": [-7.97767, -3.61092, -8.41704],
							"lerp_mode": "catmullrom"
						},
						"2.3667": {
							"post": [0.59574, 0.43394, 10.58418],
							"lerp_mode": "catmullrom"
						},
						"2.5333": {
							"post": [2.92, 0.89375, 1.08],
							"lerp_mode": "catmullrom"
						},
						"2.6": {
							"post": [0.69919, 0.13505, -0.22805],
							"lerp_mode": "catmullrom"
						},
						"2.6667": {
							"post": [0.33125, -0.28125, 1.25],
							"lerp_mode": "catmullrom"
						},
						"2.7667": {
							"post": [0.20625, 0.09375, -0.78125],
							"lerp_mode": "catmullrom"
						},
						"2.8667": {
							"post": [0.0875, 0, 0.46875],
							"lerp_mode": "catmullrom"
						},
						"2.9667": {
							"post": [0, 0, 0],
							"lerp_mode": "catmullrom"
						}
					},
					"position": {
						"0.0": [0, 0, 0],
						"0.1333": {
							"pre": [-0.92, -0.125, -0.915],
							"post": [-0.92, -0.125, -0.915],
							"lerp_mode": "catmullrom"
						},
						"0.2333": {
							"post": [-1.835, 1.19, -3.23],
							"lerp_mode": "catmullrom"
						},
						"0.3": {
							"post": [-1.96, 1.815, -3.545],
							"lerp_mode": "catmullrom"
						},
						"0.4": {
							"post": [-1.895, 1.975, -3.195],
							"lerp_mode": "catmullrom"
						},
						"0.4667": {
							"post": [-1.77, 1.36, -2.36],
							"lerp_mode": "catmullrom"
						},
						"0.5667": {
							"post": [-1.72, 1.11, -2.92],
							"lerp_mode": "catmullrom"
						},
						"0.6333": {
							"post": [-1.72, 1.27, -2.9],
							"lerp_mode": "catmullrom"
						},
						"0.7667": {
							"post": [-1.72, 1.01, -2.92],
							"lerp_mode": "catmullrom"
						},
						"0.8": {
							"post": [-1.575, 0.765, -3.025],
							"lerp_mode": "catmullrom"
						},
						"0.9": {
							"post": [-1.765, 1.32, -3.035],
							"lerp_mode": "catmullrom"
						},
						"1.1": {
							"post": [-2.645, 1.29, -3],
							"lerp_mode": "catmullrom"
						},
						"1.3667": {
							"post": [-2.75, 1.5, -2.995],
							"lerp_mode": "catmullrom"
						},
						"1.4333": {
							"post": [-3.01, 0.605, -3.315],
							"lerp_mode": "catmullrom"
						},
						"1.5333": {
							"post": [-2.84, 1.64, -3.055],
							"lerp_mode": "catmullrom"
						},
						"1.6": {
							"post": [-2.72, 1.47, -3.02],
							"lerp_mode": "catmullrom"
						},
						"1.7667": {
							"post": [-2.26, 0.9, -2.545],
							"lerp_mode": "catmullrom"
						},
						"1.8667": {
							"post": [-1.42, 0.615, -1.34],
							"lerp_mode": "catmullrom"
						},
						"1.9333": {
							"post": [-0.515, -0.09, -0.745],
							"lerp_mode": "catmullrom"
						},
						"2.0": {
							"post": [-0.56375, -0.0475, 0.05875],
							"lerp_mode": "catmullrom"
						},
						"2.1": {
							"post": [-0.5825, 0.08, 0.91375],
							"lerp_mode": "catmullrom"
						},
						"2.1667": {
							"post": [-0.51, -0.0325, -1.62375],
							"lerp_mode": "catmullrom"
						},
						"2.2": {
							"post": [-0.47, -0.07, -1.0475],
							"lerp_mode": "catmullrom"
						},
						"2.3333": {
							"post": [-0.4225, 0.14, -1.18],
							"lerp_mode": "catmullrom"
						},
						"2.4333": {
							"post": [-0.42, -0.94, -1.975],
							"lerp_mode": "catmullrom"
						},
						"2.5333": {
							"post": [-0.08, -0.975, -1.43],
							"lerp_mode": "catmullrom"
						},
						"2.6667": {
							"post": [0, -0.175, 0.25625],
							"lerp_mode": "catmullrom"
						},
						"2.7333": {
							"post": [0, -0.075, -0.29375],
							"lerp_mode": "catmullrom"
						},
						"2.8333": {
							"post": [0, 0, 0.11875],
							"lerp_mode": "catmullrom"
						},
						"2.9333": {
							"post": [0, 0, -0.025],
							"lerp_mode": "catmullrom"
						},
						"3.0333": {
							"post": [0, 0, 0],
							"lerp_mode": "catmullrom"
						}
					}
				},
				"mag_and_hand": {
					"rotation": {
						"0.1333": [0, 0, 0],
						"0.2667": [0, 0, 0],
						"0.4333": [0, 0, 0],
						"0.6333": [15.345, 0, 36.905],
						"0.7667": [15.345, 0, 30.795],
						"0.8667": [-12.5, 0, 0],
						"0.9667": [-6.39341, -2.32092, -19.87036],
						"1.1667": [-3, 0, 0],
						"1.3667": [-4, 0, 0],
						"1.4": [0, 0, 0]
					},
					"position": {
						"0.1333": [0, 0, 0],
						"0.2667": [11.2, -23, 6],
						"0.4333": [0, -23, -1.175],
						"0.5667": [3.8, -1.14, 2.2],
						"0.6333": [2, 0.1, 0.3],
						"0.7667": [2, 0, 0.3],
						"0.8667": [1, -5.095, -1.3],
						"0.9": [2, -10.485, -1.74],
						"0.9333": [0, -12.44, -1.3],
						"1.0667": [0, -8.47, -1],
						"1.1667": [0, -5.23, -0.7],
						"1.3667": [0, -5.22, -1.14],
						"1.4": [0, 0, 0]
					}
				},
				"magazine_and_bullet": {
					"rotation": {
						"0.1333": [0, 0, 0],
						"0.2667": [0, 0, 0]
					},
					"position": {
						"0.1333": [11, -11, 11],
						"0.2667": [0, 0, 0]
					},
					"scale": {
						"0.2667": [0, 0, 0],
						"0.3": [1, 1, 1]
					}
				},
				"aug_charge": {
					"position": {
						"1.9667": [0, 0, 0],
						"2.0333": [0, 0, 5],
						"2.1333": [0, 0, 5],
						"2.1667": [0, 0, 0]
					}
				},
				"mag_release": {
					"rotation": {
						"0.7667": [0, 0, 0],
						"0.8": [10, 0, 0],
						"0.8667": [0, 0, 0],
						"1.3667": [0, 0, 0],
						"1.4": [10, 0, 0],
						"1.4333": [0, 0, 0]
					}
				},
				"additional_magazine": {
					"rotation": {
						"0.6333": [0, 0, 0],
						"0.7667": [0, 0, 0],
						"0.8667": [-12.5, 0, 0],
						"1.1333": [-1.75448, -1.11741, -32.48289],
						"1.1667": [0, 0, 0]
					},
					"position": {
						"0.6333": [0, 0, 0],
						"0.7667": [0, 0, 0],
						"0.8667": [-1, -6, -1],
						"1.1333": [-6, -32, 5],
						"1.1667": [0, 0, 0]
					},
					"scale": {
						"1.1": [1, 1, 1],
						"1.1333": [0, 0, 0]
					}
				},
				"camera": {
					"rotation": {
						"0.0": [0, 0, 0],
						"0.3": {
							"pre": [7.12, 0.83, -0.75],
							"post": [7.12, 0.83, -0.75],
							"lerp_mode": "catmullrom"
						},
						"0.5667": {
							"post": [7.12, 0.83, -0.75],
							"lerp_mode": "catmullrom"
						},
						"0.7333": {
							"post": [6.57, 0.55, -0.46],
							"lerp_mode": "catmullrom"
						},
						"0.7667": {
							"post": [5.86, -0.39, 1.29],
							"lerp_mode": "catmullrom"
						},
						"0.8667": {
							"post": [6.13, 0.07, -0.7],
							"lerp_mode": "catmullrom"
						},
						"0.9333": {
							"post": [4.6, 0.14, 0.24],
							"lerp_mode": "catmullrom"
						},
						"1.0333": {
							"post": [3.14, 0.07, 0.24],
							"lerp_mode": "catmullrom"
						},
						"1.4": {
							"post": [3.85, -0.48, 0.24],
							"lerp_mode": "catmullrom"
						},
						"1.4333": {
							"post": [3.31, -0.36, -1.26],
							"lerp_mode": "catmullrom"
						},
						"1.4667": {
							"post": [3.61, -0.36, 0.82],
							"lerp_mode": "catmullrom"
						},
						"1.5667": {
							"post": [3.64, -0.36, -0.26],
							"lerp_mode": "catmullrom"
						},
						"1.6333": {
							"post": [2.59, -0.39, -0.06],
							"lerp_mode": "catmullrom"
						},
						"1.7667": {
							"post": [1.625, -0.36, 0.17],
							"lerp_mode": "catmullrom"
						},
						"1.9": {
							"post": [1.45, 0, 0.05],
							"lerp_mode": "catmullrom"
						},
						"2.0333": {
							"post": [2.14, 0.355, -0.55],
							"lerp_mode": "catmullrom"
						},
						"2.1": {
							"post": [2.43, 0.635, 0.375],
							"lerp_mode": "catmullrom"
						},
						"2.1667": {
							"post": [0.94, 0.855, -1.325],
							"lerp_mode": "catmullrom"
						},
						"2.2": {
							"post": [2.26, -0.04, 1.135],
							"lerp_mode": "catmullrom"
						},
						"2.2667": {
							"post": [3.145, -0.89, -1.35],
							"lerp_mode": "catmullrom"
						},
						"2.3333": {
							"post": [1.315, -0.315, -0.085],
							"lerp_mode": "catmullrom"
						},
						"2.5": {
							"post": [0.7, -0.37, -1.175],
							"lerp_mode": "catmullrom"
						},
						"2.6333": {
							"post": [-0.55625, 0, 0.725],
							"lerp_mode": "catmullrom"
						},
						"2.7333": {
							"post": [0.03125, 0, -0.25],
							"lerp_mode": "catmullrom"
						},
						"2.8": {
							"post": [-0.025, 0, 0.2375],
							"lerp_mode": "catmullrom"
						},
						"2.9": {
							"post": [0.03375, 0, -0.095],
							"lerp_mode": "catmullrom"
						},
						"3.0": {
							"post": [0, 0, 0],
							"lerp_mode": "catmullrom"
						}
					}
				}
			},
			"sound_effects": {
				"0.1333": {
					"effect": "ccrp:aug_para/aug_para_reload_empty_raise"
				},
				"0.5667": {
					"effect": "ccrp:aug_para/aug_para_reload_empty_maggrab"
				},
				"0.6333": {
					"effect": "ccrp:aug_para/aug_para_reload_empty_magout"
				},
				"1.0667": {
					"effect": "tacz:mag_drop_sound/mag_drop_smg_metal_dirt"
				},
				"1.1667": {
					"effect": "ccrp:aug_para/aug_para_reload_empty_maghit"
				},
				"1.3667": {
					"effect": "ccrp:aug_para/aug_para_reload_empty_magin"
				},
				"1.5333": {
					"effect": "ccrp:aug_para/aug_para_reload_empty_rotate"
				},
				"1.8667": {
					"effect": "ccrp:aug_para/aug_para_reload_empty_boltpull"
				},
				"2.0": {
					"effect": "ccrp:aug_para/aug_para_reload_empty_boltrelease"
				},
				"2.2667": {
					"effect": "ccrp:aug_para/aug_para_reload_empty_end"
				}
			}
		},
		"inspect": {
			"animation_length": 8.5333,
			"bones": {
				"lefthand": {
					"rotation": {
						"0.0": [102.62741, -34.61215, 210.40513],
						"1.5333": [102.62741, -34.61215, 210.40513],
						"1.8": [116.66448, -4.504, 161.04733],
						"4.4": [116.66448, -4.504, 161.04733],
						"4.7333": [72.62741, -34.61215, 210.40513],
						"4.8667": [62.63, -34.61, 210.41],
						"6.2": [62.63, -34.61, 210.41],
						"6.6": [132.97914, -2.50417, 80.74722],
						"6.7333": [132.97914, -2.50417, 80.74722],
						"6.8667": [112.9897, 3.02027, 83.08922],
						"6.9": [112.9897, 3.02027, 83.08922],
						"7.0333": [113.32489, 9.91726, 86.05655],
						"7.3": {
							"pre": [113.32489, 9.91726, 86.05655],
							"post": [113.32489, 9.91726, 86.05655],
							"lerp_mode": "catmullrom"
						},
						"7.4": [113.86029, 15.41946, 88.52014],
						"7.4667": [108.84542, 16.55596, 88.35033],
						"7.5": [121.35, 16.56, 88.35],
						"7.7": [121.35, 16.56, 88.35],
						"7.9667": [102.62741, -34.61215, 210.40513]
					},
					"position": {
						"0.0": [7.67, -13.25, -13.5],
						"1.5333": [7.67, -13.25, -13.5],
						"1.6667": [9.67, -14.25, -6.46],
						"1.8": [7.505, -17.465, 0.26],
						"4.4": [7.505, -17.465, 0.26],
						"4.5667": [9.67, -14.25, -6.46],
						"4.7333": [7.67, -13.25, -11.5],
						"6.2": [7.67, -13.25, -11.5],
						"6.4": [9.19, -13.15, -13.55],
						"6.6": [8.53, -9.75, -12.25],
						"6.7333": [8.53, -9.75, -12.25],
						"6.8667": [9.455, -9.75, -10.93],
						"6.9": [9.455, -9.75, -10.93],
						"7.0333": [9.46, -9.75, -8.93],
						"7.3": {
							"pre": [9.46, -9.75, -8.93],
							"post": [9.46, -9.75, -8.93],
							"lerp_mode": "catmullrom"
						},
						"7.4": [9.46, -9.75, -9.335],
						"7.4667": [9.46, -9.75, -8.43],
						"7.5": [12.46, -12.75, -2.43],
						"7.6": [12.46, -15.75, -1.49],
						"7.7333": [12.46, -15.75, -1.49],
						"7.9667": [7.67, -13.25, -13.5]
					},
					"scale": [1, 1.5, 1]
				},
				"righthand": {
					"rotation": {
						"0.0": [92.5, -355, -180],
						"1.4667": [92.5, -355, -180],
						"1.6667": [92.60419, -343.01181, -179.45667],
						"4.6333": [92.6, -343.01, -179.46],
						"4.8": [92.5, -355, -180]
					},
					"position": [-6.25, -14, -5],
					"scale": [1, 1.5, 1]
				},
				"constraint": {
					"rotation": [0.1, 0.1, 0.1],
					"position": [0.1, 0.1, 0.1]
				},
				"root": {
					"rotation": {
						"0.0": {
							"post": [0, 0, 0],
							"lerp_mode": "catmullrom"
						},
						"0.1667": {
							"post": [-4.09882, -4.5091, 15.43498],
							"lerp_mode": "catmullrom"
						},
						"0.3667": {
							"post": [-6.9752, -21.75934, -0.38432],
							"lerp_mode": "catmullrom"
						},
						"0.5": {
							"post": [-8.32129, -24.13247, -10.27311],
							"lerp_mode": "catmullrom"
						},
						"0.5667": {
							"post": [-7.61387, -23.56468, -11.48134],
							"lerp_mode": "catmullrom"
						},
						"0.7": {
							"post": [-6.52, -24.31, -10.68],
							"lerp_mode": "catmullrom"
						},
						"0.9667": {
							"post": [-5.86, -24.82, -12.33],
							"lerp_mode": "catmullrom"
						},
						"1.2667": {
							"post": [-6.13, -24.11, -11.53],
							"lerp_mode": "catmullrom"
						},
						"1.4": {
							"post": [-6.76, -22.31, -9.46],
							"lerp_mode": "catmullrom"
						},
						"1.5333": {
							"post": [-10.84, -18.07, 1.3],
							"lerp_mode": "catmullrom"
						},
						"1.7333": {
							"post": [-6.83735, -6.6542, -13.30494],
							"lerp_mode": "catmullrom"
						},
						"1.9333": {
							"post": [-6.84, -6.65, -13.3],
							"lerp_mode": "catmullrom"
						},
						"2.0": {
							"post": [-4.795, -5.16, -13.07],
							"lerp_mode": "catmullrom"
						},
						"2.0333": {
							"post": [-9.54131, -5.38038, -5.56396],
							"lerp_mode": "catmullrom"
						},
						"2.0667": {
							"post": [-10.79799, -6.63854, -15.44136],
							"lerp_mode": "catmullrom"
						},
						"2.1667": {
							"post": [-12.90518, -6.42231, -13.0632],
							"lerp_mode": "catmullrom"
						},
						"2.4": {
							"post": [-11.96, -6.27, -14.505],
							"lerp_mode": "catmullrom"
						},
						"2.8": {
							"post": [-10.435, -6.27, -13.31],
							"lerp_mode": "catmullrom"
						},
						"3.0667": {
							"post": [-9.8054, -6.43212, -12.49189],
							"lerp_mode": "catmullrom"
						},
						"3.4": {
							"post": [-9.57429, -6.62712, -11.42407],
							"lerp_mode": "catmullrom"
						},
						"3.7": {
							"post": [-10.135, -6.97, -11.9],
							"lerp_mode": "catmullrom"
						},
						"3.9": {
							"post": [-13.11639, -8.84776, -12.05441],
							"lerp_mode": "catmullrom"
						},
						"4.0": {
							"post": [-13.50525, -8.25474, -10.13752],
							"lerp_mode": "catmullrom"
						},
						"4.1": {
							"post": [-9.95084, -7.13437, -11.0018],
							"lerp_mode": "catmullrom"
						},
						"4.1333": {
							"post": [-11.05656, -3.76579, 0.70662],
							"lerp_mode": "catmullrom"
						},
						"4.2": {
							"post": [-9.85646, -4.84047, -5.13882],
							"lerp_mode": "catmullrom"
						},
						"4.2667": {
							"post": [-8.44596, -4.84942, -4.52906],
							"lerp_mode": "catmullrom"
						},
						"4.4333": {
							"post": [-7.49, -4.85, 5.235],
							"lerp_mode": "catmullrom"
						},
						"4.7": {
							"post": [-22.55, 1.29, 54.76],
							"lerp_mode": "catmullrom"
						},
						"4.9": [-33.39, 6.04, 68.95],
						"4.9333": [-35.46447, 9.98175, 72.48389],
						"5.0": [-37.03832, 4.45511, 72.32435],
						"5.1667": {
							"pre": [-39.11597, 4.50829, 74.48083],
							"post": [-39.11597, 4.50829, 74.48083],
							"lerp_mode": "catmullrom"
						},
						"5.3": {
							"post": [-39.19802, 3.56109, 73.31483],
							"lerp_mode": "catmullrom"
						},
						"5.5": {
							"post": [-39.12119, 3.25823, 74.52516],
							"lerp_mode": "catmullrom"
						},
						"5.6667": {
							"post": [-39.12185, 3.23874, 74.18842],
							"lerp_mode": "catmullrom"
						},
						"6.2333": {
							"post": [-39.18533, 2.15323, 73.16661],
							"lerp_mode": "catmullrom"
						},
						"6.6": {
							"post": [-15.04037, 1.24695, 57.89948],
							"lerp_mode": "catmullrom"
						},
						"6.7333": {
							"post": [-10.27537, 1.24695, 57.89948],
							"lerp_mode": "catmullrom"
						},
						"6.8": {
							"post": [-10.3168, 0.89242, 61.88688],
							"lerp_mode": "catmullrom"
						},
						"6.9": {
							"post": [-10.20122, 0.79716, 62.22348],
							"lerp_mode": "catmullrom"
						},
						"7.0": {
							"post": [-10.2, -0.145, 57.455],
							"lerp_mode": "catmullrom"
						},
						"7.0667": {
							"post": [-10.2, -0.145, 59.35],
							"lerp_mode": "catmullrom"
						},
						"7.2333": {
							"post": [-10.2, -0.14, 59.35],
							"lerp_mode": "catmullrom"
						},
						"7.3667": {
							"post": [-10.18911, -0.49402, 57.38155],
							"lerp_mode": "catmullrom"
						},
						"7.4667": {
							"post": [-9.18006, -0.66683, 56.39571],
							"lerp_mode": "catmullrom"
						},
						"7.5": {
							"post": [-9.07576, -3.59694, 50.79029],
							"lerp_mode": "catmullrom"
						},
						"7.5667": {
							"post": [-9.08323, -0.16433, 56.30427],
							"lerp_mode": "catmullrom"
						},
						"7.6667": {
							"post": [-9.08, -0.16, 53.28],
							"lerp_mode": "catmullrom"
						},
						"7.7667": {
							"post": [-10.06927, 0.47113, 47.41493],
							"lerp_mode": "catmullrom"
						},
						"7.9333": {
							"post": [0.49661, -3.53831, 4.01329],
							"lerp_mode": "catmullrom"
						},
						"8.0333": {
							"post": [0.57, -1.0025, -1.135],
							"lerp_mode": "catmullrom"
						},
						"8.0667": {
							"post": [0.925, -0.4625, 2.125],
							"lerp_mode": "catmullrom"
						},
						"8.1333": {
							"post": [0, -0.4625, -1.45],
							"lerp_mode": "catmullrom"
						},
						"8.2667": {
							"post": [0.04375, 0.23125, 0.8375],
							"lerp_mode": "catmullrom"
						},
						"8.4": {
							"post": [0, 0, 0],
							"lerp_mode": "catmullrom"
						}
					},
					"position": {
						"0.0": {
							"post": [0, 0, 0],
							"lerp_mode": "catmullrom"
						},
						"0.1667": {
							"post": [0.075, -0.94, -0.22],
							"lerp_mode": "catmullrom"
						},
						"0.2667": {
							"post": [0.285, -1.81, -0.925],
							"lerp_mode": "catmullrom"
						},
						"0.3667": {
							"post": [0.44, -0.575, -1.48],
							"lerp_mode": "catmullrom"
						},
						"0.5": {
							"post": [0.37, -0.485, -1.775],
							"lerp_mode": "catmullrom"
						},
						"0.5667": {
							"post": [0.365, -0.445, -1.775],
							"lerp_mode": "catmullrom"
						},
						"0.7333": {
							"post": [0.465, -0.39, -1.675],
							"lerp_mode": "catmullrom"
						},
						"0.9333": {
							"post": [0.505, -0.35, -1.665],
							"lerp_mode": "catmullrom"
						},
						"1.1333": {
							"post": [0.525, -0.32, -1.675],
							"lerp_mode": "catmullrom"
						},
						"1.3": {
							"post": [0.465, -0.37, -1.675],
							"lerp_mode": "catmullrom"
						},
						"1.4333": {
							"post": [0.295, -0.63, -1.685],
							"lerp_mode": "catmullrom"
						},
						"1.5667": {
							"post": [0.31, -0.74, -1.675],
							"lerp_mode": "catmullrom"
						},
						"1.7333": {
							"post": [0, 1.66, -2.435],
							"lerp_mode": "catmullrom"
						},
						"1.8667": {
							"post": [-0.315, 1.72, -3.02],
							"lerp_mode": "catmullrom"
						},
						"2.0": {
							"post": [-0.59875, 1.80625, -2.8375],
							"lerp_mode": "catmullrom"
						},
						"2.0333": {
							"post": [-0.38875, 2.20625, -2.8675],
							"lerp_mode": "catmullrom"
						},
						"2.1333": {
							"post": [-0.60875, 2.25125, -2.9375],
							"lerp_mode": "catmullrom"
						},
						"2.3": {
							"post": [-0.68375, 2.25125, -3.1125],
							"lerp_mode": "catmullrom"
						},
						"2.5333": {
							"post": [-0.68375, 2.25125, -3.1325],
							"lerp_mode": "catmullrom"
						},
						"2.7": {
							"post": [-0.68, 2.14, -3.165],
							"lerp_mode": "catmullrom"
						},
						"2.9333": {
							"post": [-0.68, 2.145, -3.195],
							"lerp_mode": "catmullrom"
						},
						"3.2": {
							"post": [-0.545, 2.04, -3.17],
							"lerp_mode": "catmullrom"
						},
						"3.4333": {
							"post": [-0.51, 1.87, -3.205],
							"lerp_mode": "catmullrom"
						},
						"3.7333": {
							"post": [-0.48, 1.53, -3.46],
							"lerp_mode": "catmullrom"
						},
						"3.8": {
							"post": [-0.47, 2.115, -3.43],
							"lerp_mode": "catmullrom"
						},
						"3.9333": {
							"post": [-0.4575, 1.9825, -3.38],
							"lerp_mode": "catmullrom"
						},
						"4.0667": {
							"post": [-0.4325, 2.02875, -3.305],
							"lerp_mode": "catmullrom"
						},
						"4.1": {
							"post": [-0.15, 1.325, -3.28],
							"lerp_mode": "catmullrom"
						},
						"4.1333": {
							"post": [0.1175, 1.1725, -3.255],
							"lerp_mode": "catmullrom"
						},
						"4.2667": {
							"post": [0.10625, 1.21125, -3.275],
							"lerp_mode": "catmullrom"
						},
						"4.4": {
							"post": [0.11, 1.35, -3.27],
							"lerp_mode": "catmullrom"
						},
						"4.7667": {
							"post": [-0.96, -1.89, -1.285],
							"lerp_mode": "catmullrom"
						},
						"4.9333": {
							"post": [-0.145, 0.16, -3.31],
							"lerp_mode": "catmullrom"
						},
						"5.1667": {
							"post": [-0.065, 0.16, -3.31],
							"lerp_mode": "catmullrom"
						},
						"5.3": {
							"post": [-0.07, 0.21, -3.21],
							"lerp_mode": "catmullrom"
						},
						"5.5": {
							"post": [-0.07, 0.285, -3.21],
							"lerp_mode": "catmullrom"
						},
						"5.9333": {
							"post": [-0.07, 0.215, -3.21],
							"lerp_mode": "catmullrom"
						},
						"6.2333": {
							"post": [-0.07, 0.315, -3.21],
							"lerp_mode": "catmullrom"
						},
						"6.4333": {
							"post": [0.65, -1.045, -3.8],
							"lerp_mode": "catmullrom"
						},
						"6.6": {
							"post": [1.225, 0.32, -4.275],
							"lerp_mode": "catmullrom"
						},
						"6.7333": {
							"post": [1.225, 0.32, -3.415],
							"lerp_mode": "catmullrom"
						},
						"6.8": {
							"post": [1.23, 0.32, -3.32],
							"lerp_mode": "catmullrom"
						},
						"6.9": {
							"post": [1.23, 0.28, -3.32],
							"lerp_mode": "catmullrom"
						},
						"7.0": {
							"post": [1.23, 0.28, -4.065],
							"lerp_mode": "catmullrom"
						},
						"7.1333": {
							"post": [1.23, 0.28, -3.785],
							"lerp_mode": "catmullrom"
						},
						"7.3": {
							"post": [1.23, 0.28, -3.78],
							"lerp_mode": "catmullrom"
						},
						"7.4": {
							"post": [1.23, 0.28, -3.895],
							"lerp_mode": "catmullrom"
						},
						"7.4667": {
							"post": [1.23, 0.28, -4],
							"lerp_mode": "catmullrom"
						},
						"7.5": {
							"post": [1.23, 0.28, -2.915],
							"lerp_mode": "catmullrom"
						},
						"7.6": {
							"post": [1.23, 0.28, -4.53],
							"lerp_mode": "catmullrom"
						},
						"7.7": {
							"post": [1.23, 0.225, -3.98],
							"lerp_mode": "catmullrom"
						},
						"7.8": {
							"post": [0.93, -0.075, -3.52],
							"lerp_mode": "catmullrom"
						},
						"7.9333": {
							"post": [-0.075, -1.325, -1.3],
							"lerp_mode": "catmullrom"
						},
						"8.0333": {
							"post": [0, -0.275, 0.425],
							"lerp_mode": "catmullrom"
						},
						"8.1333": {
							"post": [0, 0, -0.35],
							"lerp_mode": "catmullrom"
						},
						"8.2667": {
							"post": [0, 0, 0.125],
							"lerp_mode": "catmullrom"
						},
						"8.4333": {
							"post": [0, 0, 0],
							"lerp_mode": "catmullrom"
						}
					}
				},
				"mag_and_hand": {
					"rotation": {
						"2.0": {
							"pre": [0, 0, 0],
							"post": [0, 0, 0],
							"lerp_mode": "catmullrom"
						},
						"2.1": {
							"post": [0, 0, 0],
							"lerp_mode": "catmullrom"
						},
						"2.3667": {
							"post": [-9.205, 2.78, -4.675],
							"lerp_mode": "catmullrom"
						},
						"2.6": {
							"post": [-12.115, 2.38, 10.145],
							"lerp_mode": "catmullrom"
						},
						"2.9333": {
							"post": [-11.165, 1.26, 8.855],
							"lerp_mode": "catmullrom"
						},
						"3.4667": {
							"post": [-6.112, 2.3212, 10.5561],
							"lerp_mode": "catmullrom"
						},
						"3.7": {
							"post": [-8.23299, -0.42571, -16.39625],
							"lerp_mode": "catmullrom"
						},
						"3.7667": {
							"post": [-5.05944, -0.58765, -10.872],
							"lerp_mode": "catmullrom"
						},
						"3.8333": [-5, 0, -9],
						"3.9333": [-5.25, 0, -9],
						"4.0": [-2.5, 0, -9],
						"4.1": [-2.5, 0, -9],
						"4.1333": [0, 0, 0]
					},
					"position": {
						"2.0": [0, 0, 0],
						"2.0667": [0, -6, -0.725],
						"2.2333": {
							"pre": [3.605, -8, -6.655],
							"post": [3.605, -8, -6.655],
							"lerp_mode": "catmullrom"
						},
						"2.3667": {
							"post": [4.865, -3.22, -9.4],
							"lerp_mode": "catmullrom"
						},
						"2.9333": {
							"post": [5.725, -2.59, -9.18],
							"lerp_mode": "catmullrom"
						},
						"3.4667": {
							"post": [5.73, -2.59, -9.18],
							"lerp_mode": "catmullrom"
						},
						"3.7": {
							"post": [1.72702, -5.69258, -2.0573],
							"lerp_mode": "catmullrom"
						},
						"3.8": [0.45, -3.88, -0.45],
						"3.8667": [0.45, -3.98875, -0.385],
						"3.9333": [0.45, -3.8475, -0.52],
						"4.0": [0.45, -3.96, -0.305],
						"4.1": [0.45, -3.96, -0.305],
						"4.1333": [0, 0, 0]
					}
				},
				"mag_release": {
					"rotation": {
						"1.9667": [0, 0, 0],
						"2.0": [10, 0, 0],
						"2.0333": [10, 0, 0],
						"2.0667": [0, 0, 0],
						"4.0667": [0, 0, 0],
						"4.1": [10, 0, 0],
						"4.1333": [10, 0, 0],
						"4.1667": [0, 0, 0]
					}
				},
				"aug_charge": {
					"position": {
						"6.9": [0, 0, 0],
						"7.0333": [0, 0, 2],
						"7.3": {
							"pre": [0, 0, 2],
							"post": [0, 0, 2],
							"lerp_mode": "catmullrom"
						},
						"7.4": [0, 0, 1.6],
						"7.4667": [0, 0, 2.34],
						"7.5": [0, 0, 0]
					}
				},
				"bolt1": {
					"rotation": {
						"6.7333": [0, 0, 0],
						"6.8667": [0, -90, 0],
						"7.5": [0, -77.5, 0],
						"7.5333": [0, 0, 0],
						"7.6": [0, -10, 0],
						"7.6667": [0, 0, 0],
						"7.7333": [0, -5, 0],
						"7.8": [0, 0, 0]
					}
				},
				"camera": {
					"rotation": {
						"0.0": {
							"post": [0, 0, 0],
							"lerp_mode": "catmullrom"
						},
						"0.0667": {
							"post": [0.25, 0.075, -0.15],
							"lerp_mode": "catmullrom"
						},
						"0.3333": {
							"post": [-0.275, -0.17, 0.025],
							"lerp_mode": "catmullrom"
						},
						"0.5": {
							"post": [-0.47, 0.08, -0.075],
							"lerp_mode": "catmullrom"
						},
						"0.6": {
							"post": [-0.315, 0.05, -0.17],
							"lerp_mode": "catmullrom"
						},
						"0.7333": {
							"post": [-0.37, -0.045, -0.05],
							"lerp_mode": "catmullrom"
						},
						"0.9333": {
							"post": [-0.37, -0.05, 0.245],
							"lerp_mode": "catmullrom"
						},
						"1.1": {
							"post": [0.005, -0.265, -0.08],
							"lerp_mode": "catmullrom"
						},
						"1.4": {
							"post": [0.11, -0.295, -0.1],
							"lerp_mode": "catmullrom"
						},
						"1.6667": {
							"post": [0.19, -0.17, -0.09],
							"lerp_mode": "catmullrom"
						},
						"1.9": {
							"post": [0.925, 0.81, -0.07],
							"lerp_mode": "catmullrom"
						},
						"1.9667": {
							"post": [0.585, 0.62, -0.02],
							"lerp_mode": "catmullrom"
						},
						"2.0": {
							"post": [0.515, 0.01, -1.15],
							"lerp_mode": "catmullrom"
						},
						"2.1": {
							"post": [0.475, 0.27, 0.505],
							"lerp_mode": "catmullrom"
						},
						"2.1667": {
							"post": [0.415, 0.49, -0.46],
							"lerp_mode": "catmullrom"
						},
						"2.3667": {
							"post": [0.575, 0.91, -0.61],
							"lerp_mode": "catmullrom"
						},
						"2.7": {
							"post": [0.645, 0.87, -1.11],
							"lerp_mode": "catmullrom"
						},
						"2.9667": {
							"post": [0.595, 0.845, -1.13],
							"lerp_mode": "catmullrom"
						},
						"3.2333": {
							"post": [0.825, 0.68, -0.985],
							"lerp_mode": "catmullrom"
						},
						"3.5333": {
							"post": [1.1, 0.455, -0.78],
							"lerp_mode": "catmullrom"
						},
						"3.7": {
							"post": [1.35, 0.31, -0.645],
							"lerp_mode": "catmullrom"
						},
						"3.9333": {
							"post": [1.815, -0.37, 0.33],
							"lerp_mode": "catmullrom"
						},
						"4.0": {
							"post": [1.745, -0.27, 0.41],
							"lerp_mode": "catmullrom"
						},
						"4.0667": {
							"post": [1.905, -0.09, 1.38],
							"lerp_mode": "catmullrom"
						},
						"4.1": {
							"post": [1.705, -0.27, -0.055],
							"lerp_mode": "catmullrom"
						},
						"4.1333": {
							"post": [1.895, -0.38, 0.12],
							"lerp_mode": "catmullrom"
						},
						"4.2": {
							"post": [2.105, -0.51, 0.71],
							"lerp_mode": "catmullrom"
						},
						"4.4667": {
							"post": [1.09, -0.09, -0.08],
							"lerp_mode": "catmullrom"
						},
						"4.7": {
							"post": [0.345, 0.26, -0.73],
							"lerp_mode": "catmullrom"
						},
						"4.9333": {
							"post": [0.54, 0.3, 0.665],
							"lerp_mode": "catmullrom"
						},
						"5.0333": {
							"post": [0.65, 0.275, 0.01],
							"lerp_mode": "catmullrom"
						},
						"5.1333": {
							"post": [0.695, 0.215, 0.955],
							"lerp_mode": "catmullrom"
						},
						"5.2333": {
							"post": [0.735, 0.025, 0.63],
							"lerp_mode": "catmullrom"
						},
						"5.7333": {
							"post": [0.74, -0.19, 0.435],
							"lerp_mode": "catmullrom"
						},
						"6.2667": {
							"post": [0.74, 0.03, 0.63],
							"lerp_mode": "catmullrom"
						},
						"6.4333": {
							"post": [0.34, 0.03, 0.63],
							"lerp_mode": "catmullrom"
						},
						"6.6333": {
							"post": [-0.025, 0.03, 0.63],
							"lerp_mode": "catmullrom"
						},
						"6.7667": {
							"post": [0.155, 0.03, 0.63],
							"lerp_mode": "catmullrom"
						},
						"7.1333": {
							"post": [2.03, 0.88, 1.82],
							"lerp_mode": "catmullrom"
						},
						"7.2667": {
							"post": [1.845, 1.18, 1.48],
							"lerp_mode": "catmullrom"
						},
						"7.4667": {
							"post": [2.045, 0.91, 1.745],
							"lerp_mode": "catmullrom"
						},
						"7.5": {
							"post": [2.2275, 1.26188, 1.34875],
							"lerp_mode": "catmullrom"
						},
						"7.5333": {
							"post": [2.3375, 0.89313, 1.98063],
							"lerp_mode": "catmullrom"
						},
						"7.6": {
							"post": [1.4575, 0.71625, 0.9375],
							"lerp_mode": "catmullrom"
						},
						"7.7667": {
							"post": [1.675, 0.955, -0.28],
							"lerp_mode": "catmullrom"
						},
						"7.9667": {
							"post": [-0.295, 0.35, 0.29],
							"lerp_mode": "catmullrom"
						},
						"8.1": {
							"post": [0.225, 0, -0.275],
							"lerp_mode": "catmullrom"
						},
						"8.2333": {
							"post": [-0.125, 0, 0.225],
							"lerp_mode": "catmullrom"
						},
						"8.3667": {
							"post": [0.075, 0, -0.125],
							"lerp_mode": "catmullrom"
						},
						"8.5": {
							"post": [0, 0, 0],
							"lerp_mode": "catmullrom"
						}
					}
				},
				"bullet": {
					"scale": 0
				},
				"additional_magazine": {
					"scale": 0
				}
			},
			"sound_effects": {
				"0.0": {
					"effect": "tacz:g36k/g36k_inspect_raise_quick"
				},
				"1.4333": {
					"effect": "tacz:g36k/g36k_inspect_fast_armup"
				},
				"1.7667": {
					"effect": "ccrp:aug_para/aug_para_reload_empty_maggrab"
				},
				"1.8667": {
					"effect": "ccrp:aug_para/aug_para_inspect_magout"
				},
				"3.4333": {
					"effect": "tacz:g36k/g36k_reload_arm_up"
				},
				"3.7333": {
					"effect": "ccrp:aug_para/aug_para_inspect_maghit"
				},
				"4.0333": {
					"effect": "ccrp:aug_para/aug_para_inspect_magin"
				},
				"6.0333": {
					"effect": "tacz:g36k/g36k_reload_lift"
				},
				"6.8333": {
					"effect": "tacz:g36k/g36k_inspect_boltback"
				},
				"7.3333": {
					"effect": "tacz:aug/aug_reload_empty_boltclose"
				},
				"7.8": {
					"effect": "tacz:aug/aug_inspect_end"
				}
			}
		},
		"inspect_empty": {
			"animation_length": 7.3333,
			"bones": {
				"lefthand": {
					"rotation": {
						"1.9333": [102.62741, -34.61215, 210.40513],
						"2.0667": [92.63, -34.61, 210.41],
						"2.2667": [94.27602, -59.56853, 208.21582],
						"3.1667": [94.28, -59.57, 208.22],
						"3.3667": [93.52684, -52.08719, 209.12837],
						"4.0667": [93.53, -52.09, 209.13],
						"4.5": [36.03, -52.09, 209.13],
						"6.2": [36.03, -52.09, 209.13],
						"6.4667": [102.62741, -34.61215, 210.40513]
					},
					"position": [7.67, -13.25, -13.5],
					"scale": [1, 1.5, 1]
				},
				"righthand": {
					"rotation": {
						"1.8": [92.5, -355, -180],
						"2.1": [113.81586, -417.85814, -190.71188],
						"2.3": [135.71893, -432.53612, -214.58068],
						"3.1667": [135.72, -432.54, -214.58],
						"3.4333": [135.94263, -443.13051, -215.3082],
						"4.0667": [135.94, -443.13, -215.31],
						"4.4": [177.47552, -364.05068, -316.57226],
						"6.1": [177.47552, -364.05068, -316.57226],
						"6.3667": [92.5, -355, -180]
					},
					"position": {
						"1.8": [-6.25, -14, -5],
						"1.9333": [-12.25, -14, -1],
						"2.1": [-7.25, -13, 12],
						"4.0667": [-7.25, -13, 12],
						"4.2333": [-2.25, -16, 11],
						"4.4": [-5.25, -15, 10],
						"6.1": [-5.25, -15, 10],
						"6.2333": [-6.75, -20.5, 3.5],
						"6.3667": [-6.25, -14, -5]
					},
					"scale": [1, 1.5, 1]
				},
				"constraint": {
					"rotation": [0.2, 0.2, 0.2],
					"position": [0.2, 0.2, 0.2]
				},
				"root": {
					"rotation": {
						"0.0": {
							"post": [0, 0, 0],
							"lerp_mode": "catmullrom"
						},
						"0.1667": {
							"post": [-4.09882, -4.5091, 15.43498],
							"lerp_mode": "catmullrom"
						},
						"0.3667": {
							"post": [-6.9752, -21.75934, -0.38432],
							"lerp_mode": "catmullrom"
						},
						"0.5": {
							"post": [-8.32129, -24.13247, -10.27311],
							"lerp_mode": "catmullrom"
						},
						"0.5667": {
							"post": [-7.61387, -23.56468, -11.48134],
							"lerp_mode": "catmullrom"
						},
						"0.7": {
							"post": [-6.52, -24.31, -10.68],
							"lerp_mode": "catmullrom"
						},
						"0.9667": {
							"post": [-5.86, -24.82, -12.33],
							"lerp_mode": "catmullrom"
						},
						"1.2667": {
							"post": [-6.13, -24.11, -11.53],
							"lerp_mode": "catmullrom"
						},
						"1.4": {
							"post": [-6.76, -22.31, -9.46],
							"lerp_mode": "catmullrom"
						},
						"1.5333": {
							"post": [-5.54, -22.17, -9.9],
							"lerp_mode": "catmullrom"
						},
						"1.7333": {
							"post": [-5.31471, -26.09487, -9.07249],
							"lerp_mode": "catmullrom"
						},
						"1.9": {
							"post": [-12.005, -26.895, -9.545],
							"lerp_mode": "catmullrom"
						},
						"2.0667": {
							"post": [-10.72664, -30.31767, -11.16406],
							"lerp_mode": "catmullrom"
						},
						"2.2667": {
							"post": [4.12, -52.38, -10.94],
							"lerp_mode": "catmullrom"
						},
						"2.3667": {
							"post": [11.27448, -65.81388, -11.19562],
							"lerp_mode": "catmullrom"
						},
						"2.4667": {
							"post": [13.51031, -66.02711, -13.84817],
							"lerp_mode": "catmullrom"
						},
						"2.6333": {
							"post": [10.48795, -66.36716, -12.09753],
							"lerp_mode": "catmullrom"
						},
						"2.7667": {
							"post": [10.15, -66.62, -12.03],
							"lerp_mode": "catmullrom"
						},
						"2.9667": {
							"post": [10.015, -67.03, -12.355],
							"lerp_mode": "catmullrom"
						},
						"3.2667": {
							"post": [11.78, -67.81, -13.365],
							"lerp_mode": "catmullrom"
						},
						"3.6": {
							"post": [25.53547, -72.0604, -20.11558],
							"lerp_mode": "catmullrom"
						},
						"3.9667": {
							"post": [16.16047, -66.8354, -8.01558],
							"lerp_mode": "catmullrom"
						},
						"4.5": {
							"post": [-41.27129, -13.75941, 86.13723],
							"lerp_mode": "catmullrom"
						},
						"4.8333": {
							"post": [-50.42551, -0.34609, 103.89191],
							"lerp_mode": "catmullrom"
						},
						"5.1333": {
							"post": [-50.3453, 0.74848, 106.3165],
							"lerp_mode": "catmullrom"
						},
						"5.6333": {
							"post": [-50.3453, 0.74848, 106.3165],
							"lerp_mode": "catmullrom"
						},
						"6.0667": {
							"post": [-47.1453, 0.74848, 98.9165],
							"lerp_mode": "catmullrom"
						},
						"6.3667": {
							"post": [-10.06927, 0.47113, 47.41493],
							"lerp_mode": "catmullrom"
						},
						"6.5333": {
							"post": [0.49661, -3.53831, 4.01329],
							"lerp_mode": "catmullrom"
						},
						"6.6333": {
							"post": [0.57, -1.0025, -1.135],
							"lerp_mode": "catmullrom"
						},
						"6.6667": {
							"post": [0.925, -0.4625, 2.125],
							"lerp_mode": "catmullrom"
						},
						"6.7333": {
							"post": [0, -0.4625, -1.45],
							"lerp_mode": "catmullrom"
						},
						"6.8667": {
							"post": [0.04375, 0.23125, 0.8375],
							"lerp_mode": "catmullrom"
						},
						"7.0": {
							"post": [0, 0, 0],
							"lerp_mode": "catmullrom"
						}
					},
					"position": {
						"0.0": {
							"post": [0, 0, 0],
							"lerp_mode": "catmullrom"
						},
						"0.1667": {
							"post": [0.075, -0.94, -0.22],
							"lerp_mode": "catmullrom"
						},
						"0.2667": {
							"post": [0.285, -1.81, -0.925],
							"lerp_mode": "catmullrom"
						},
						"0.3667": {
							"post": [0.44, -0.575, -1.48],
							"lerp_mode": "catmullrom"
						},
						"0.5": {
							"post": [0.37, -0.485, -1.775],
							"lerp_mode": "catmullrom"
						},
						"0.5667": {
							"post": [0.365, -0.445, -1.775],
							"lerp_mode": "catmullrom"
						},
						"0.7333": {
							"post": [0.465, -0.39, -1.675],
							"lerp_mode": "catmullrom"
						},
						"0.9333": {
							"post": [0.505, -0.35, -1.665],
							"lerp_mode": "catmullrom"
						},
						"1.1333": {
							"post": [0.525, -0.32, -1.675],
							"lerp_mode": "catmullrom"
						},
						"1.3": {
							"post": [0.465, -0.37, -1.675],
							"lerp_mode": "catmullrom"
						},
						"1.4333": {
							"post": [0.495, -0.43, -1.685],
							"lerp_mode": "catmullrom"
						},
						"1.5667": {
							"post": [0.51, -0.34, -1.675],
							"lerp_mode": "catmullrom"
						},
						"1.7667": {
							"post": [0.55, 0.275, -1.5],
							"lerp_mode": "catmullrom"
						},
						"1.8667": {
							"post": [0.57, 0.1, -1.6],
							"lerp_mode": "catmullrom"
						},
						"1.9333": {
							"post": [0.63, -0.345, -1.6],
							"lerp_mode": "catmullrom"
						},
						"2.1": {
							"post": [0.875, -0.85, -1.825],
							"lerp_mode": "catmullrom"
						},
						"2.2667": {
							"post": [1.44, 0.31, -2.275],
							"lerp_mode": "catmullrom"
						},
						"2.4667": {
							"post": [2.43, 1.765, -1.725],
							"lerp_mode": "catmullrom"
						},
						"2.6333": {
							"post": [2.64, 1.88, -2],
							"lerp_mode": "catmullrom"
						},
						"2.8333": {
							"post": [2.68, 1.735, -2.125],
							"lerp_mode": "catmullrom"
						},
						"3.1": {
							"post": [2.605, 1.79, -2.15],
							"lerp_mode": "catmullrom"
						},
						"3.2": {
							"post": [2.955, 1.85, -2.1],
							"lerp_mode": "catmullrom"
						},
						"3.6": {
							"post": [4.375, 2, -1.85],
							"lerp_mode": "catmullrom"
						},
						"3.8": {
							"post": [4.685, 2.065, -1.8],
							"lerp_mode": "catmullrom"
						},
						"4.0667": {
							"post": [4.745, 1.93, -1.8],
							"lerp_mode": "catmullrom"
						},
						"4.2667": {
							"post": [4.75, -0.87, -1.8],
							"lerp_mode": "catmullrom"
						},
						"4.5333": {
							"post": [4.75, -0.17, -1.8],
							"lerp_mode": "catmullrom"
						},
						"4.8": {
							"post": [4.75, -0.47, -1.9],
							"lerp_mode": "catmullrom"
						},
						"5.1667": {
							"post": [4.75, -0.77, -2],
							"lerp_mode": "catmullrom"
						},
						"5.6667": {
							"post": [4.75, -0.77, -2],
							"lerp_mode": "catmullrom"
						},
						"6.1": {
							"post": [4.35, -0.77, -2],
							"lerp_mode": "catmullrom"
						},
						"6.4": {
							"post": [0.93, -0.075, -3.52],
							"lerp_mode": "catmullrom"
						},
						"6.5333": {
							"post": [-0.075, -1.325, -1.3],
							"lerp_mode": "catmullrom"
						},
						"6.6333": {
							"post": [0, -0.275, 0.425],
							"lerp_mode": "catmullrom"
						},
						"6.7333": {
							"post": [0, 0, -0.35],
							"lerp_mode": "catmullrom"
						},
						"6.8667": {
							"post": [0, 0, 0.125],
							"lerp_mode": "catmullrom"
						},
						"7.0333": {
							"post": [0, 0, 0],
							"lerp_mode": "catmullrom"
						}
					}
				},
				"bolt_release": {
					"rotation": [0, 0, 22.5]
				},
				"bolt": {
					"position": [0, 0, 4]
				},
				"camera": {
					"rotation": {
						"0.0": {
							"post": [0, 0, 0],
							"lerp_mode": "catmullrom"
						},
						"0.0667": {
							"post": [0.25, 0.075, -0.15],
							"lerp_mode": "catmullrom"
						},
						"0.3333": {
							"post": [-0.275, -0.17, 0.025],
							"lerp_mode": "catmullrom"
						},
						"0.5": {
							"post": [-0.47, 0.08, -0.075],
							"lerp_mode": "catmullrom"
						},
						"0.6": {
							"post": [-0.315, 0.05, -0.17],
							"lerp_mode": "catmullrom"
						},
						"0.7333": {
							"post": [-0.37, -0.045, -0.05],
							"lerp_mode": "catmullrom"
						},
						"0.9333": {
							"post": [-0.37, -0.05, 0.245],
							"lerp_mode": "catmullrom"
						},
						"1.1": {
							"post": [0.005, -0.265, -0.08],
							"lerp_mode": "catmullrom"
						},
						"1.5": {
							"post": [0.11, -0.295, -0.1],
							"lerp_mode": "catmullrom"
						},
						"1.7667": {
							"post": [2.19341, 0.17713, -2.64195],
							"lerp_mode": "catmullrom"
						},
						"1.9667": {
							"post": [1.79533, -1.00684, -0.70832],
							"lerp_mode": "catmullrom"
						},
						"2.1333": {
							"post": [0.70742, -4.55228, -4.03082],
							"lerp_mode": "catmullrom"
						},
						"2.3": {
							"post": [0.78, -5.51, -4.96],
							"lerp_mode": "catmullrom"
						},
						"2.4333": {
							"post": [0.425, -5.535, -4.77],
							"lerp_mode": "catmullrom"
						},
						"2.7": {
							"post": [1.16, -5.17, -3.77],
							"lerp_mode": "catmullrom"
						},
						"2.9333": {
							"post": [1.94, -2.58, -2.35],
							"lerp_mode": "catmullrom"
						},
						"3.4333": {
							"post": [4.41776, 7.9306, 2.43903],
							"lerp_mode": "catmullrom"
						},
						"4.0333": {
							"post": [8.03, 13.75, 3.48],
							"lerp_mode": "catmullrom"
						},
						"4.2": {
							"post": [7.41, 9.84, 3.81],
							"lerp_mode": "catmullrom"
						},
						"4.3333": {
							"post": [5.64545, 6.12649, 4.44961],
							"lerp_mode": "catmullrom"
						},
						"4.4667": {
							"post": [5.02759, 2.57555, 4.76609],
							"lerp_mode": "catmullrom"
						},
						"4.6333": {
							"post": [5.64, 1.26, 3.82],
							"lerp_mode": "catmullrom"
						},
						"4.7": {
							"post": [5.30033, 0.85233, 3.77669],
							"lerp_mode": "catmullrom"
						},
						"4.9": {
							"post": [5.835, 1.2, 3.97],
							"lerp_mode": "catmullrom"
						},
						"5.1333": {
							"post": [6.52948, 2.06599, 3.97567],
							"lerp_mode": "catmullrom"
						},
						"6.0333": {
							"post": [6.53, 2.07, 3.98],
							"lerp_mode": "catmullrom"
						},
						"6.3667": {
							"post": [1.675, 0.955, -0.28],
							"lerp_mode": "catmullrom"
						},
						"6.5667": {
							"post": [-0.295, 0.35, 0.29],
							"lerp_mode": "catmullrom"
						},
						"6.7": {
							"post": [0.225, 0, -0.275],
							"lerp_mode": "catmullrom"
						},
						"6.8333": {
							"post": [-0.125, 0, 0.225],
							"lerp_mode": "catmullrom"
						},
						"6.9667": {
							"post": [0.075, 0, -0.125],
							"lerp_mode": "catmullrom"
						},
						"7.1": {
							"post": [0, 0, 0],
							"lerp_mode": "catmullrom"
						}
					}
				},
				"bullet": {
					"scale": 0
				}
			},
			"sound_effects": {
				"0.0": {
					"effect": "tacz:aug/aug_inspect_raise"
				},
				"1.8": {
					"effect": "tacz:aug/aug_inspect_grab"
				},
				"2.1": {
					"effect": "tacz:aug/aug_inspect_quick"
				},
				"3.6": {
					"effect": "tacz:aug/p90_inspect_rattle"
				},
				"4.0": {
					"effect": "tacz:aug/aug_inspect_armin"
				},
				"5.9667": {
					"effect": "tacz:p90/p90_reload_empty_armmvmnt"
				},
				"6.3333": {
					"effect": "tacz:p90/p90_inspect_grabgrip"
				},
				"6.4333": {
					"effect": "tacz:aug/aug_reload_empty_end"
				}
			}
		},
		"shoot": {
			"animation_length": 0.6333,
			"bones": {
				"root": {
					"rotation": {
						"0.0": [0, 0, 0],
						"0.0333": [1.225, 0, 0.725],
						"0.0667": [-0.595, 0, -1.175],
						"0.1": [-0.72, 0, -1.225],
						"0.1667": [0.18, 0, 0.525],
						"0.2667": [0.45, 0, -0.25],
						"0.3667": [0.225, -0.2, 0.25],
						"0.5": [0.055, -0.075, -0.075],
						"0.6333": [0, 0, 0]
					},
					"position": {
						"0.0": [0, 0, 0],
						"0.0333": [0, -0.025, 1.725],
						"0.0667": [0, -0.05, 1.38],
						"0.1333": [0, -0.05, -0.045],
						"0.2667": [0, -0.025, 0.1],
						"0.3667": [0, 0, 0]
					}
				},
				"bullet_in_barrel": {
					"position": {
						"0.0": [0, -0.5, 5],
						"0.0333": [0, 0, 5],
						"0.0667": [0, 0, 0]
					}
				},
				"bolt": {
					"position": {
						"0.0": [0, 0, 0],
						"0.0333": [0, 0, 5],
						"0.0667": [0, 0, 0]
					}
				},
				"camera": {
					"rotation": {
						"0.0": {
							"post": [0, 0, 0],
							"lerp_mode": "catmullrom"
						},
						"0.0333": {
							"post": [0, 0, 0.6],
							"lerp_mode": "catmullrom"
						},
						"0.0667": {
							"post": [0, 0, -0.4],
							"lerp_mode": "catmullrom"
						},
						"0.1": {
							"post": [0, 0, 0.375],
							"lerp_mode": "catmullrom"
						},
						"0.1667": {
							"post": [0, 0, -0.225],
							"lerp_mode": "catmullrom"
						},
						"0.2333": {
							"post": [0, 0, 0.075],
							"lerp_mode": "catmullrom"
						},
						"0.3": {
							"post": [0, 0, 0],
							"lerp_mode": "catmullrom"
						}
					}
				}
			}
		},
		"put_away": {
			"animation_length": 0.4333,
			"bones": {
				"root": {
					"rotation": {
						"0.0": {
							"post": [0, 0, 0],
							"lerp_mode": "catmullrom"
						},
						"0.0667": {
							"post": [-0.51171, -3.6801, -4.19401],
							"lerp_mode": "catmullrom"
						},
						"0.1667": {
							"post": [4.36882, -11.73179, -10.29382],
							"lerp_mode": "catmullrom"
						},
						"0.2333": {
							"post": [11.60471, -21.56305, -3.66288],
							"lerp_mode": "catmullrom"
						},
						"0.3333": {
							"post": [16.97, -33.62, 3.38],
							"lerp_mode": "catmullrom"
						},
						"0.4333": {
							"post": [34.73, -44.04, -3.09],
							"lerp_mode": "catmullrom"
						}
					},
					"position": {
						"0.0": {
							"post": [0, 0, 0],
							"lerp_mode": "catmullrom"
						},
						"0.0667": {
							"post": [0, -0.49, -0.02],
							"lerp_mode": "catmullrom"
						},
						"0.1667": {
							"post": [-0.52, -1.47, -0.56],
							"lerp_mode": "catmullrom"
						},
						"0.2333": {
							"post": [-0.36, -2.92, -0.84],
							"lerp_mode": "catmullrom"
						},
						"0.3333": {
							"post": [0.13, -5.86, -0.16],
							"lerp_mode": "catmullrom"
						},
						"0.4333": {
							"post": [1.72, -9.68, 0.16],
							"lerp_mode": "catmullrom"
						}
					}
				},
				"lefthand": {
					"rotation": {
						"0.0": [102.62741, -34.61215, 210.40513],
						"0.2": [162.25233, 6.262, 149.52756],
						"0.3333": [150.01559, -22.50021, 105.11136]
					},
					"position": {
						"0.0": [7.67, -13.25, -13.5],
						"0.1": {
							"pre": [9.59, -10.2, -12.28],
							"post": [9.59, -10.2, -12.28],
							"lerp_mode": "catmullrom"
						},
						"0.2": [8.08317, -8.39052, -11.11966]
					},
					"scale": [1, 1.5, 1]
				},
				"righthand": {
					"rotation": [92.5, -355, -180],
					"position": [-6.25, -14, -5],
					"scale": [1, 1.5, 1]
				},
				"camera": {
					"rotation": {
						"0.0": {
							"post": [0, 0, 0],
							"lerp_mode": "catmullrom"
						},
						"0.1333": {
							"post": [0.35, 0.27, -0.72],
							"lerp_mode": "catmullrom"
						},
						"0.3": {
							"post": [-0.025, -0.1, 0.2],
							"lerp_mode": "catmullrom"
						},
						"0.4333": {
							"post": [0, 0, 0],
							"lerp_mode": "catmullrom"
						}
					}
				}
			}
		},
		"draw": {
			"animation_length": 0.8667,
			"bones": {
				"lefthand": {
					"rotation": {
						"0.0667": [102.62741, -34.61215, 210.40513],
						"0.3": [102.62741, -34.61215, 210.40513]
					},
					"position": [7.67, -13.25, -13.5],
					"scale": [1, 1.5, 1]
				},
				"righthand": {
					"rotation": [92.5, -355, -180],
					"position": [-6.25, -14, -5],
					"scale": [1, 1.5, 1]
				},
				"constraint": {
					"rotation": [0.2, 0.2, 0.2],
					"position": [0.2, 0.2, 0.2]
				},
				"root": {
					"rotation": {
						"0.0": {
							"post": [0.811, -32.64455, 33.95463],
							"lerp_mode": "catmullrom"
						},
						"0.2": {
							"post": [0.36545, -4.75786, 6.30095],
							"lerp_mode": "catmullrom"
						},
						"0.4": {
							"post": [0.28514, 1.30965, -0.52252],
							"lerp_mode": "catmullrom"
						},
						"0.5": {
							"post": [-0.8526, -0.39013, 1.62061],
							"lerp_mode": "catmullrom"
						},
						"0.5667": {
							"post": [-0.01, -0.435, -0.76],
							"lerp_mode": "catmullrom"
						},
						"0.6333": {
							"post": [0.64837, -0.38036, -1.29904],
							"lerp_mode": "catmullrom"
						},
						"0.7667": {
							"post": [0, 0.25, -0.17],
							"lerp_mode": "catmullrom"
						},
						"0.8667": {
							"post": [0, 0, 0],
							"lerp_mode": "catmullrom"
						}
					},
					"position": {
						"0.0": {
							"post": [-3.18, -5.58, 13.525],
							"lerp_mode": "catmullrom"
						},
						"0.3": {
							"post": [0.12, -0.87, 1.515],
							"lerp_mode": "catmullrom"
						},
						"0.4667": {
							"post": [-0.03, -0.3025, -0.565],
							"lerp_mode": "catmullrom"
						},
						"0.5333": {
							"post": [-0.03, -0.1475, 0.565],
							"lerp_mode": "catmullrom"
						},
						"0.6333": {
							"post": [-0.01, -0.2, 0.065],
							"lerp_mode": "catmullrom"
						},
						"0.7": {
							"post": [0, -0.08125, 0],
							"lerp_mode": "catmullrom"
						},
						"0.8667": {
							"post": [0, 0, 0],
							"lerp_mode": "catmullrom"
						}
					}
				},
				"camera": {
					"rotation": {
						"0.0": {
							"post": [0, 0, 0],
							"lerp_mode": "catmullrom"
						},
						"0.1667": {
							"post": [0.45, -0.175, 0.6],
							"lerp_mode": "catmullrom"
						},
						"0.4": {
							"post": [-0.1, 0.05, -0.175],
							"lerp_mode": "catmullrom"
						},
						"0.5": {
							"post": [0.05, 0, 0.05],
							"lerp_mode": "catmullrom"
						},
						"0.6667": {
							"post": [0, 0, 0],
							"lerp_mode": "catmullrom"
						}
					}
				}
			}
		},
		"reload_empty_xmag": {
			"animation_length": 3.4583,
			"bones": {
				"root": {
					"rotation": {
						"0.0417": {
							"pre": [0, 0, 0],
							"post": [0, 0, 0],
							"lerp_mode": "catmullrom"
						},
						"0.125": {
							"post": [-3.15, -0.16, -3.66],
							"lerp_mode": "catmullrom"
						},
						"0.25": {
							"post": [-3.08, -0.15, -11.405],
							"lerp_mode": "catmullrom"
						},
						"0.375": {
							"post": [-10.44, -0.04, -10.375],
							"lerp_mode": "catmullrom"
						},
						"0.4583": {
							"post": [-9.76, 0.05, -6.475],
							"lerp_mode": "catmullrom"
						},
						"0.5417": {
							"post": [-8.23, 0.24, -6.455],
							"lerp_mode": "catmullrom"
						},
						"0.625": {
							"post": [-7.83, -2.65, -16.735],
							"lerp_mode": "catmullrom"
						},
						"0.7083": {
							"post": [-9.695, -4.65, -21.805],
							"lerp_mode": "catmullrom"
						},
						"0.8333": {
							"post": [-9.695, -4.65, -34.585],
							"lerp_mode": "catmullrom"
						},
						"0.9167": {
							"post": [-9.62, -5.27, -33.105],
							"lerp_mode": "catmullrom"
						},
						"1.0": {
							"post": [-9.28, -5.65, -28.87],
							"lerp_mode": "catmullrom"
						},
						"1.1667": {
							"post": [-7.38, -5.65, -31.57],
							"lerp_mode": "catmullrom"
						},
						"1.2083": {
							"post": [-11.86, -5.07, -30.29],
							"lerp_mode": "catmullrom"
						},
						"1.25": {
							"post": [-14.6637, -2.82827, -23.61944],
							"lerp_mode": "catmullrom"
						},
						"1.3333": {
							"post": [-11.40525, -3.25733, -32.37294],
							"lerp_mode": "catmullrom"
						},
						"1.5": {
							"post": [-11.40525, -3.25733, -32.37294],
							"lerp_mode": "catmullrom"
						},
						"1.75": {
							"post": [-13.72797, -7.15956, -40.28455],
							"lerp_mode": "catmullrom"
						},
						"1.7917": {
							"post": [-6.3567, -4.68029, -29.83801],
							"lerp_mode": "catmullrom"
						},
						"1.8333": {
							"post": [-9.8116, -5.87823, -37.86916],
							"lerp_mode": "catmullrom"
						},
						"1.875": {
							"post": [-10.36754, -5.46076, -33.72286],
							"lerp_mode": "catmullrom"
						},
						"1.9583": {
							"post": [-13.11043, -4.02237, -36.76119],
							"lerp_mode": "catmullrom"
						},
						"2.0417": {
							"post": [-10.345, -5.35, -35.65],
							"lerp_mode": "catmullrom"
						},
						"2.2083": {
							"post": [-1.015, 2.12, -6.565],
							"lerp_mode": "catmullrom"
						},
						"2.2917": {
							"post": [0.865, 3.91, 2.67],
							"lerp_mode": "catmullrom"
						},
						"2.4167": {
							"post": [-5.11, 3.31, 3.725],
							"lerp_mode": "catmullrom"
						},
						"2.5": {
							"post": [-0.48, 0.6, 8.48],
							"lerp_mode": "catmullrom"
						},
						"2.5417": {
							"post": [0.16726, 5.14954, 14.67424],
							"lerp_mode": "catmullrom"
						},
						"2.5833": {
							"post": [-0.49, 6.4375, 6.02],
							"lerp_mode": "catmullrom"
						},
						"2.6667": {
							"post": [-4.44, 3.3, 5.695],
							"lerp_mode": "catmullrom"
						},
						"2.7083": {
							"post": [-4.11, 0.91, -2.97],
							"lerp_mode": "catmullrom"
						},
						"2.8333": {
							"post": [-3.8, 0.475, -3.8],
							"lerp_mode": "catmullrom"
						},
						"2.9167": {
							"post": [2.98, 1.13875, 0.29],
							"lerp_mode": "catmullrom"
						},
						"3.0": {
							"post": [2.455, 0.84375, -1.55],
							"lerp_mode": "catmullrom"
						},
						"3.0833": {
							"post": [-0.28125, -0.5625, 1.7],
							"lerp_mode": "catmullrom"
						},
						"3.125": {
							"post": [0, 0.5625, -1.4125],
							"lerp_mode": "catmullrom"
						},
						"3.25": {
							"post": [0, 0, 0.85],
							"lerp_mode": "catmullrom"
						},
						"3.375": {
							"post": [0, 0, 0],
							"lerp_mode": "catmullrom"
						}
					},
					"position": {
						"0.0": {
							"post": [0, 0, 0],
							"lerp_mode": "catmullrom"
						},
						"0.125": {
							"post": [-0.285, -0.46, -0.41],
							"lerp_mode": "catmullrom"
						},
						"0.2083": {
							"post": [-0.285, -0.46, -0.41],
							"lerp_mode": "catmullrom"
						},
						"0.2917": {
							"post": [-0.285, -0.42, -0.41],
							"lerp_mode": "catmullrom"
						},
						"0.375": {
							"post": [-0.285, -0.7, 0.54],
							"lerp_mode": "catmullrom"
						},
						"0.4583": {
							"post": [-0.315, -0.51, 0.26],
							"lerp_mode": "catmullrom"
						},
						"0.5417": {
							"post": [-0.92, -0.125, -0.915],
							"lerp_mode": "catmullrom"
						},
						"0.625": {
							"post": [-1.835, 1.19, -3.23],
							"lerp_mode": "catmullrom"
						},
						"0.7083": {
							"post": [-1.96, 1.815, -3.545],
							"lerp_mode": "catmullrom"
						},
						"0.7917": {
							"post": [-1.895, 1.975, -3.195],
							"lerp_mode": "catmullrom"
						},
						"0.875": {
							"post": [-1.77, 1.36, -2.36],
							"lerp_mode": "catmullrom"
						},
						"0.9583": {
							"post": [-1.72, 1.11, -2.92],
							"lerp_mode": "catmullrom"
						},
						"1.0417": {
							"post": [-1.72, 1.27, -2.9],
							"lerp_mode": "catmullrom"
						},
						"1.1667": {
							"post": [-1.72, 1.01, -2.92],
							"lerp_mode": "catmullrom"
						},
						"1.2083": {
							"post": [-1.575, 0.765, -3.025],
							"lerp_mode": "catmullrom"
						},
						"1.2917": {
							"post": [-1.765, 1.32, -3.035],
							"lerp_mode": "catmullrom"
						},
						"1.5": {
							"post": [-1.84, 1.29, -3],
							"lerp_mode": "catmullrom"
						},
						"1.75": {
							"post": [-1.945, 1.5, -2.995],
							"lerp_mode": "catmullrom"
						},
						"1.8333": {
							"post": [-2.205, 0.605, -3.315],
							"lerp_mode": "catmullrom"
						},
						"1.9167": {
							"post": [-2.035, 1.64, -3.055],
							"lerp_mode": "catmullrom"
						},
						"2.0": {
							"post": [-1.915, 1.47, -3.02],
							"lerp_mode": "catmullrom"
						},
						"2.1667": {
							"post": [-1.455, 0.9, -2.26],
							"lerp_mode": "catmullrom"
						},
						"2.25": {
							"post": [-0.79, 0.615, -1.055],
							"lerp_mode": "catmullrom"
						},
						"2.3333": {
							"post": [-0.515, -0.09, -0.515],
							"lerp_mode": "catmullrom"
						},
						"2.4583": {
							"post": [-0.365, -0.645, -0.705],
							"lerp_mode": "catmullrom"
						},
						"2.5": {
							"post": [-0.445, -1.995, -1.93],
							"lerp_mode": "catmullrom"
						},
						"2.5417": {
							"post": [-0.225, -1.9, -3.15],
							"lerp_mode": "catmullrom"
						},
						"2.625": {
							"post": [0.09, -1.83, -2.3],
							"lerp_mode": "catmullrom"
						},
						"2.7083": {
							"post": [0.06, -1.27, -3.445],
							"lerp_mode": "catmullrom"
						},
						"2.875": {
							"post": [-0.175, -1.35, -2.275],
							"lerp_mode": "catmullrom"
						},
						"2.9167": {
							"post": [-0.12, -1.25, -1.8],
							"lerp_mode": "catmullrom"
						},
						"3.0417": {
							"post": [0, -0.05, 0.525],
							"lerp_mode": "catmullrom"
						},
						"3.125": {
							"post": [0, 0, -0.125],
							"lerp_mode": "catmullrom"
						},
						"3.25": {
							"post": [0, 0, 0.05],
							"lerp_mode": "catmullrom"
						},
						"3.375": {
							"post": [0, 0, 0],
							"lerp_mode": "catmullrom"
						}
					}
				},
				"mag_and_hand": {
					"rotation": {
						"0.5417": [0, 0, 0],
						"0.6667": [0, 0, 0],
						"0.8333": [0, 0, 0],
						"1.0417": [15.345, 0, 36.905],
						"1.1667": [15.345, 0, 30.795],
						"1.25": [-12.5, 0, 0],
						"1.375": [-6.39341, -2.32092, -19.87036],
						"1.5833": [-3, 0, 0],
						"1.75": [0, 0, 0],
						"1.7917": [0, 0, 0]
					},
					"position": {
						"0.5417": [0, 0, 0],
						"0.6667": [11.2, -23, 6],
						"0.8333": [0, -23, -1.175],
						"0.9583": [3.8, -1.14, 2.2],
						"1.0417": [2, 0.1, 0.3],
						"1.1667": [2, 0, 0.3],
						"1.25": [1, -5.095, -1.3],
						"1.2917": [2, -10.485, -1.74],
						"1.3333": [0, -12.44, -1.3],
						"1.4583": [0, -7.735, -1],
						"1.5833": [0, -4.495, -0.7],
						"1.75": [0, -4.485, -1.14],
						"1.7917": [0, 0, 0]
					}
				},
				"magazine_and_bullet": {
					"rotation": {
						"0.5417": [0, 0, 0],
						"0.6667": [0, 0, 0]
					},
					"position": {
						"0.5417": [11, -11, 11],
						"0.6667": [0, 0, 0]
					},
					"scale": {
						"0.6667": [0, 0, 0],
						"0.7083": [1, 1, 1]
					}
				},
				"lefthand": {
					"rotation": {
						"0.0": [102.62741, -34.61215, 210.40513],
						"0.125": [126.46961, -2.92895, 145.89432],
						"0.2083": [126.47, -2.93, 145.89],
						"0.3333": [153.97, -2.93, 145.89],
						"0.4167": [154.77627, -7.26414, 136.83999],
						"0.5": [154.77627, -7.26414, 136.83999],
						"0.6667": [102.33322, -13.14871, 169.69822],
						"2.125": [102.33, -13.15, 169.7],
						"2.375": [124.83, -13.15, 169.7],
						"2.4583": [129.51153, -18.54248, 163.55411],
						"2.5417": [141.04058, 2.63035, 145.71805],
						"2.6667": [141.04058, 2.63035, 145.71805],
						"2.8333": [102.62741, -34.61215, 210.40513]
					},
					"position": {
						"0.0": [7.67, -13.25, -13.5],
						"0.125": [9.67, -10.5, -11],
						"0.2083": [9.67, -10.5, -11],
						"0.3333": [9.67, -10.5, -7.605],
						"0.4167": [9.17, -9.5, -7.605],
						"0.5": [9.17, -9.5, -7.605],
						"0.6667": [6.67, -17.43, 0.395],
						"2.125": [6.67, -17.43, 0.395],
						"2.2083": [9.355, -20.815, -5.57],
						"2.375": [8.855, -9.815, -6.57],
						"2.4583": [8.755, -9.015, -6.57],
						"2.5": [10.355, -11.715, -6.57],
						"2.6667": [11.355, -12.715, -6.57],
						"2.8333": [7.67, -13.25, -13.5]
					},
					"scale": [1, 1.5, 1]
				},
				"mag_release": {
					"rotation": {
						"1.1667": [0, 0, 0],
						"1.2083": [10, 0, 0],
						"1.25": [0, 0, 0],
						"1.75": [0, 0, 0],
						"1.7917": [10, 0, 0],
						"1.8333": [0, 0, 0]
					}
				},
				"aug_charge": {
					"rotation": {
						"0.3333": [0, 0, 0],
						"0.4167": [0, 0, -27.5],
						"2.4583": [0, 0, -27.5],
						"2.5": [0, 0, 0]
					},
					"position": {
						"0.2083": [0, 0, 0],
						"0.3333": [0, 0, 5],
						"2.5": [0, 0, 5],
						"2.5417": [0, 0, 0]
					}
				},
				"bolt": {
					"position": {
						"0.2083": [0, 0, 4],
						"0.3333": [0, 0, -1],
						"2.5": [0, 0, -1],
						"2.5417": [0, 0, 0]
					}
				},
				"constraint": {
					"rotation": [0.2, 0.2, 0.2],
					"position": [0.2, 0.2, 0.2]
				},
				"righthand": {
					"rotation": {
						"0.0": [92.5, -355, -180],
						"0.5417": [92.5, -355, -180],
						"0.6667": [92.80736, -332.52344, -178.92193],
						"2.0": [92.81, -332.52, -178.92],
						"2.125": [92.5, -355, -180]
					},
					"position": {
						"0.0": [-6.25, -14, -5],
						"0.5417": [-6.25, -14, -5]
					},
					"scale": [1, 1.5, 1]
				},
				"additional_magazine": {
					"rotation": {
						"1.0417": [0, 0, 0],
						"1.1667": [0, 0, 0],
						"1.25": [-12.5, 0, 0],
						"1.5417": [-1.75448, -1.11741, -32.48289],
						"1.5833": [0, 0, 0]
					},
					"position": {
						"1.0417": [0, 0, 0],
						"1.1667": [0, 0, 0],
						"1.25": [-1, -6, -1],
						"1.5417": [-6, -32, 5],
						"1.5833": [0, 0, 0]
					},
					"scale": {
						"1.5417": [1, 1, 1],
						"1.5833": [0, 0, 0]
					}
				},
				"camera": {
					"rotation": {
						"0.0": {
							"post": [0, 0, 0],
							"lerp_mode": "catmullrom"
						},
						"0.125": {
							"post": [0.75, -0.43, -0.65],
							"lerp_mode": "catmullrom"
						},
						"0.25": {
							"post": [0.84, -0.45, -0.8],
							"lerp_mode": "catmullrom"
						},
						"0.3333": {
							"post": [-0.27, -0.28, 1.2],
							"lerp_mode": "catmullrom"
						},
						"0.375": {
							"post": [0.25, -0.28, -0.93],
							"lerp_mode": "catmullrom"
						},
						"0.4167": {
							"post": [-0.29, -0.17, -0.61],
							"lerp_mode": "catmullrom"
						},
						"0.4583": {
							"post": [0.14, 0.04, -0.09],
							"lerp_mode": "catmullrom"
						},
						"0.7083": {
							"post": [7.12, 0.83, -0.75],
							"lerp_mode": "catmullrom"
						},
						"0.9583": {
							"post": [7.12, 0.83, -0.75],
							"lerp_mode": "catmullrom"
						},
						"1.125": {
							"post": [6.57, 0.55, -0.46],
							"lerp_mode": "catmullrom"
						},
						"1.1667": {
							"post": [5.86, -0.39, 1.29],
							"lerp_mode": "catmullrom"
						},
						"1.25": {
							"post": [6.13, 0.07, -0.7],
							"lerp_mode": "catmullrom"
						},
						"1.3333": {
							"post": [4.6, 0.14, 0.24],
							"lerp_mode": "catmullrom"
						},
						"1.4167": {
							"post": [3.14, 0.07, 0.24],
							"lerp_mode": "catmullrom"
						},
						"1.7917": {
							"post": [3.85, -0.48, 0.24],
							"lerp_mode": "catmullrom"
						},
						"1.8333": {
							"post": [3.31, -0.36, -1.26],
							"lerp_mode": "catmullrom"
						},
						"1.875": {
							"post": [3.61, -0.36, 0.82],
							"lerp_mode": "catmullrom"
						},
						"1.9583": {
							"post": [3.64, -0.36, -0.26],
							"lerp_mode": "catmullrom"
						},
						"2.0417": {
							"post": [2.59, -0.39, -0.06],
							"lerp_mode": "catmullrom"
						},
						"2.1667": {
							"post": [0.32, -0.36, 0.17],
							"lerp_mode": "catmullrom"
						},
						"2.2917": {
							"post": [-1.25, 0, 0.05],
							"lerp_mode": "catmullrom"
						},
						"2.4167": {
							"post": [-1.7, 0.39, 0.64],
							"lerp_mode": "catmullrom"
						},
						"2.5417": {
							"post": [-1.7, 0.39, 0.64],
							"lerp_mode": "catmullrom"
						},
						"2.5833": {
							"post": [-0.38, 0.39, 2.64],
							"lerp_mode": "catmullrom"
						},
						"2.6667": {
							"post": [-0.61, 0.41, -0.16],
							"lerp_mode": "catmullrom"
						},
						"2.75": {
							"post": [-1.27, 0.39, 1.32],
							"lerp_mode": "catmullrom"
						},
						"2.875": {
							"post": [0.44, -0.2, -0.2],
							"lerp_mode": "catmullrom"
						},
						"2.9583": {
							"post": [0.13, 0.02, -0.01],
							"lerp_mode": "catmullrom"
						},
						"3.0417": {
							"post": [-0.1, 0.11, 0.11],
							"lerp_mode": "catmullrom"
						},
						"3.125": {
							"post": [0, 0, 0],
							"lerp_mode": "catmullrom"
						}
					}
				}
			},
			"sound_effects": {
				"0.0": {
					"effect": "tacz:aug/aug_reload_empty_raise"
				},
				"0.25": {
					"effect": "tacz:aug/aug_reload_empty_boltlock"
				},
				"0.6667": {
					"effect": "tacz:aug/aug_reload_empty_raise"
				},
				"1.0": {
					"effect": "tacz:aug/aug_inspect_maggrab"
				},
				"1.0833": {
					"effect": "tacz:aug/aug_reload_empty_magout"
				},
				"1.5833": {
					"effect": "tacz:hk416d/hk416d_reload_empty_mag_drop"
				},
				"1.7083": {
					"effect": "tacz:aug/aug_reload_magin"
				},
				"2.0": {
					"effect": "tacz:aug/aug_inspect_quick"
				},
				"2.3333": {
					"effect": "tacz:aug/aug_reload_empty_boltclose"
				},
				"2.6667": {
					"effect": "tacz:aug/aug_reload_empty_end"
				}
			}
		}
	}
}