{
	"format_version": "1.8.0",
	"animations": {
		"static_idle": {
			"loop": true,
			"bones": {
				"lefthand": {
					"rotation": [96.3949, -30.74097, -137.03831],
					"position": [8.05, -11.75, -5],
					"scale": [1, 1.5, 1]
				},
				"righthand": {
					"rotation": [91.51126, 6.99759, -179.81584],
					"position": [-6.875, -13.825, 6.8],
					"scale": [1, 1.5, 1]
				},
				"constraint": {
					"rotation": [0.1, 0.1, 0.1],
					"position": [0.1, 0.1, 0.4]
				}
			}
		},
		"static_auto": {
			"animation_length": 0.0333,
			"bones": {
				"Safety": {
					"rotation": [0, 0, 0]
				}
			}
		},
		"static_semi": {
			"animation_length": 0.0333,
			"bones": {
				"Safety": {
					"rotation": [90, 0, 0]
				}
			}
		},
		"switch_auto": {
			"animation_length": 0.4667,
			"bones": {
				"lefthand": {
					"rotation": [96.3949, -30.74097, -137.03831],
					"position": [8.05, -11.75, -5],
					"scale": [1, 1.5, 1]
				},
				"righthand": {
					"rotation": {
						"0.0": [91.51126, 6.99759, -179.81584],
						"0.1": [105.19307, 7.71027, -183.98523],
						"0.1667": [105.19307, 7.71027, -183.98523],
						"0.2": [96.60906, 7.26732, -180.95556],
						"0.3": [96.60688, 7.27, -180.96],
						"0.4333": [91.51126, 6.99759, -179.81584]
					},
					"position": {
						"0.0": [-6.875, -13.825, 6.8],
						"0.1": [-6.775, -13.60312, 7.60938],
						"0.1667": [-6.775, -13.60312, 7.60938],
						"0.2": [-6.79062, -13.35312, 7.01563],
						"0.3": [-6.79, -13.35312, 7.01563],
						"0.4333": [-6.875, -13.825, 6.8]
					},
					"scale": [1, 1.5, 1]
				},
				"constraint": {
					"rotation": [0.1, 0.1, 0.1],
					"position": [0.1, 0.1, 0.4]
				},
				"root": {
					"rotation": {
						"0.0": {
							"post": [0, 0, 0],
							"lerp_mode": "catmullrom"
						},
						"0.1": {
							"post": [0.56245, -0.38591, 0.40613],
							"lerp_mode": "catmullrom"
						},
						"0.1667": {
							"post": [0.64011, -0.41226, 0.46845],
							"lerp_mode": "catmullrom"
						},
						"0.2333": {
							"post": [0.45313, -0.29, 1.625],
							"lerp_mode": "catmullrom"
						},
						"0.3333": {
							"post": [0.45688, -0.1025, 1.6225],
							"lerp_mode": "catmullrom"
						},
						"0.4333": {
							"post": [0, 0, 0],
							"lerp_mode": "catmullrom"
						}
					},
					"position": {
						"0.0": {
							"post": [0, 0, 0],
							"lerp_mode": "catmullrom"
						},
						"0.1": {
							"post": [-0.0625, 0.09375, 0],
							"lerp_mode": "catmullrom"
						},
						"0.1667": {
							"post": [-0.09375, 0.16938, 0],
							"lerp_mode": "catmullrom"
						},
						"0.2333": {
							"post": [-0.09, 0.1225, -0.04687],
							"lerp_mode": "catmullrom"
						},
						"0.3333": {
							"post": [-0.085, 0.07187, -0.04687],
							"lerp_mode": "catmullrom"
						},
						"0.4333": {
							"post": [0, 0, 0],
							"lerp_mode": "catmullrom"
						}
					}
				},
				"Safety": {
					"rotation": {
						"0.0": [90, 0, 0],
						"0.1667": [90, 0, 0],
						"0.2": [0, 0, 0]
					}
				},
				"camera": {
					"rotation": {
						"0.0": [0, 0, 0],
						"0.1333": [0, 0, 0],
						"0.2": [0, 0, 0.575],
						"0.2667": [0, 0, -0.37],
						"0.3333": [0, 0, 0.105],
						"0.4333": [0, 0, 0]
					}
				}
			}
		},
		"switch_semi": {
			"animation_length": 0.5333,
			"bones": {
				"lefthand": {
					"rotation": [96.3949, -30.74097, -137.03831],
					"position": [8.05, -11.75, -5],
					"scale": [1, 1.5, 1]
				},
				"righthand": {
					"rotation": {
						"0.0": [91.51126, 6.99759, -179.81584],
						"0.1": [101.6433, 6.28588, -188.02183],
						"0.1667": [101.6433, 6.28588, -188.02183],
						"0.2": [93.92192, 4.35523, -176.64892],
						"0.3": [93.92192, 4.35523, -176.64892],
						"0.4333": [91.51126, 6.99759, -179.81584]
					},
					"position": {
						"0.0": [-6.875, -13.825, 6.8],
						"0.1": [-6.525, -13.30625, 6.67188],
						"0.1667": [-6.525, -13.30625, 6.67188],
						"0.2": [-6.85312, -13.41562, 7.59375],
						"0.3": [-6.85312, -13.41562, 7.59375],
						"0.4333": [-6.875, -13.825, 6.8]
					},
					"scale": [1, 1.5, 1]
				},
				"constraint": {
					"rotation": [0.1, 0.1, 0.1],
					"position": [0.1, 0.1, 0.4]
				},
				"root": {
					"rotation": {
						"0.0": {
							"post": [0, 0, 0],
							"lerp_mode": "catmullrom"
						},
						"0.1": {
							"post": [0.625, -0.29687, -0.71875],
							"lerp_mode": "catmullrom"
						},
						"0.1667": {
							"post": [0.88, -0.39375, -0.845],
							"lerp_mode": "catmullrom"
						},
						"0.2333": {
							"post": [0.45813, -0.2025, -0.4025],
							"lerp_mode": "catmullrom"
						},
						"0.3667": {
							"post": [0.35188, -0.19, -0.35437],
							"lerp_mode": "catmullrom"
						},
						"0.5": {
							"post": [0, 0, 0],
							"lerp_mode": "catmullrom"
						}
					},
					"position": {
						"0.0": {
							"post": [0, 0, 0],
							"lerp_mode": "catmullrom"
						},
						"0.1": {
							"post": [-0.04687, 0.125, 0],
							"lerp_mode": "catmullrom"
						},
						"0.1667": {
							"post": [-0.07812, 0.20813, 0],
							"lerp_mode": "catmullrom"
						},
						"0.2333": {
							"post": [-0.03312, -0.04, 0],
							"lerp_mode": "catmullrom"
						},
						"0.3667": {
							"post": [-0.03, -0.0525, 0],
							"lerp_mode": "catmullrom"
						},
						"0.5": {
							"post": [0, 0, 0],
							"lerp_mode": "catmullrom"
						}
					}
				},
				"Safety": {
					"rotation": {
						"0.1667": [0, 0, 0],
						"0.2": [90, 0, 0]
					}
				},
				"camera": {
					"rotation": {
						"0.0": [0, 0, 0],
						"0.1333": [0, 0, 0],
						"0.2": [0, 0, -0.575],
						"0.2667": [0, 0, 0.37],
						"0.3667": [0, 0, -0.105],
						"0.5": [0, 0, 0]
					}
				}
			}
		},
		"static_bolt_caught": {
			"loop": true,
			"bones": {
				"416d_bolt": {
					"position": [0, 0, 5]
				},
				"release": {
					"rotation": [0, 0, 17.5]
				}
			}
		},
		"reload_tactical": {
			"animation_length": 3.875,
			"bones": {
				"lefthand": {
					"rotation": {
						"0.0": [96.3949, -30.74097, -137.03831],
						"0.125": [96.3949, -30.74097, -137.03831],
						"0.4167": [93.88323, -18.65162, -167.37195],
						"0.5417": [77.91, -25.05, -100.99],
						"2.0833": [77.91, -25.05, -100.99],
						"2.1667": [87.03167, -4.46634, -105.30608],
						"2.2083": [87.03167, -4.46634, -105.30608],
						"2.2917": [77.91, -25.05, -100.99],
						"2.5": [77.91, -25.05, -100.99],
						"2.7917": [190.23212, -27.06727, -215.18163],
						"2.8333": [190.23212, -27.06727, -215.18163],
						"2.9167": [190.23212, -27.06727, -215.18163],
						"3.0": [190.23212, -27.06727, -215.18163],
						"3.1667": [96.3949, -30.74097, -137.03831]
					},
					"position": {
						"0.0": [8.05, -11.75, -5],
						"0.125": [8.05, -11.75, -5],
						"0.4167": [7.15, -16.115, 0.425],
						"0.5417": [6.35, -17.85, 1],
						"2.0833": [6.35, -17.85, 1],
						"2.1667": [7.35, -20.85, 2],
						"2.2083": [7.35, -20.85, 2],
						"2.2917": [6.35, -17.85, 1],
						"2.5": [6.35, -17.85, 1],
						"2.625": [12.51, -18.3, 3.55],
						"2.7917": [14.78, -11.05, 5.13],
						"2.8333": [14.78, -11.05, 5.13],
						"2.9167": [13.245, -15.205, 5.13],
						"3.0": [13.245, -15.205, 5.13],
						"3.1667": [8.05, -11.75, -5]
					},
					"scale": [1, 1.5, 1]
				},
				"righthand": {
					"rotation": [91.51126, 6.99759, -179.81584],
					"position": [-6.875, -13.825, 6.8],
					"scale": [1, 1.5, 1]
				},
				"constraint": {
					"rotation": [0.1, 0.1, 0.1],
					"position": [0.1, 0.1, 0.4]
				},
				"root": {
					"rotation": {
						"0.0": {
							"post": [0, 0, 0],
							"lerp_mode": "catmullrom"
						},
						"0.1667": {
							"post": [-1, 0, 0],
							"lerp_mode": "catmullrom"
						},
						"0.2917": {
							"post": [-10.85381, -2.84177, -16.81939],
							"lerp_mode": "catmullrom"
						},
						"0.4583": {
							"post": [-18.65775, -3.396, -23.61424],
							"lerp_mode": "catmullrom"
						},
						"0.5417": {
							"post": [-19.65615, -2.97001, -23.40946],
							"lerp_mode": "catmullrom"
						},
						"0.9167": {
							"post": [-17.83397, -4.65085, -21.2219],
							"lerp_mode": "catmullrom"
						},
						"1.125": {
							"post": [-18.72, -2.92, -24.765],
							"lerp_mode": "catmullrom"
						},
						"1.1667": {
							"post": [-16.595, -3.89, -24.14],
							"lerp_mode": "catmullrom"
						},
						"1.2083": {
							"post": [-17.21533, -4.69935, -24.69851],
							"lerp_mode": "catmullrom"
						},
						"1.2917": {
							"post": [-20.20571, -3.43771, -23.44704],
							"lerp_mode": "catmullrom"
						},
						"1.5": {
							"post": [-26.97, -11.86, -24.78],
							"lerp_mode": "catmullrom"
						},
						"1.5417": {
							"post": [-27.03, -11.35, -22.685],
							"lerp_mode": "catmullrom"
						},
						"1.5833": {
							"post": [-27.00859, -10.87042, -22.50376],
							"lerp_mode": "catmullrom"
						},
						"1.7083": {
							"post": [-27.08824, -10.68889, -22.03125],
							"lerp_mode": "catmullrom"
						},
						"1.7917": {
							"post": [-26.62, -11.56, -23.41],
							"lerp_mode": "catmullrom"
						},
						"1.9167": {
							"post": [-26.34205, -12.08936, -25.85171],
							"lerp_mode": "catmullrom"
						},
						"1.9583": {
							"post": [-26.38929, -11.99693, -25.60291],
							"lerp_mode": "catmullrom"
						},
						"2.0": {
							"post": [-26.918, -11.04685, -22.98029],
							"lerp_mode": "catmullrom"
						},
						"2.0417": {
							"post": [-26.70364, -11.51114, -24.24174],
							"lerp_mode": "catmullrom"
						},
						"2.1667": {
							"post": [-27.24041, -10.67623, -21.99602],
							"lerp_mode": "catmullrom"
						},
						"2.25": {
							"post": [-26.87966, -11.10772, -23.15283],
							"lerp_mode": "catmullrom"
						},
						"2.2917": {
							"post": [-26.44188, -8.81956, -17.81455],
							"lerp_mode": "catmullrom"
						},
						"2.375": {
							"post": [-23.42, -10.79, -25.24],
							"lerp_mode": "catmullrom"
						},
						"2.5": {
							"post": [-21.005, -7.75, -21.35],
							"lerp_mode": "catmullrom"
						},
						"2.6667": {
							"post": [-18.80953, -3.80298, -17.63867],
							"lerp_mode": "catmullrom"
						},
						"2.8333": {
							"post": [-19.08, -3.33, -16.88],
							"lerp_mode": "catmullrom"
						},
						"3.0417": {
							"post": [-13.98476, -3.08228, -14.72124],
							"lerp_mode": "catmullrom"
						},
						"3.1667": {
							"post": [-1.02, -1.12, -1.07],
							"lerp_mode": "catmullrom"
						},
						"3.2917": {
							"post": [-0.775, -0.5, -0.5],
							"lerp_mode": "catmullrom"
						},
						"3.4583": {
							"post": [0.25654, 0.24991, 2.62501],
							"lerp_mode": "catmullrom"
						},
						"3.5833": {
							"post": [-0.25, -0.1, -1.55],
							"lerp_mode": "catmullrom"
						},
						"3.6667": {
							"post": [0, -0.04, 0.29],
							"lerp_mode": "catmullrom"
						},
						"3.7917": {
							"post": [0, 0, 0],
							"lerp_mode": "catmullrom"
						}
					},
					"position": {
						"0.0": {
							"post": [0, 0, 0],
							"lerp_mode": "catmullrom"
						},
						"0.0417": {
							"post": [-0.01, -0.135, -0.15],
							"lerp_mode": "catmullrom"
						},
						"0.1667": {
							"post": [-0.4, -0.9, -0.4],
							"lerp_mode": "catmullrom"
						},
						"0.25": {
							"post": [-0.62, 0.01, -0.59],
							"lerp_mode": "catmullrom"
						},
						"0.3333": {
							"post": [-0.62, 0.255, -0.29],
							"lerp_mode": "catmullrom"
						},
						"0.4167": {
							"post": [-0.52, -0.025, -0.12],
							"lerp_mode": "catmullrom"
						},
						"0.5": {
							"post": [-0.3, -0.3, 0.05],
							"lerp_mode": "catmullrom"
						},
						"0.5833": {
							"post": [-0.3, -0.155, 0.08],
							"lerp_mode": "catmullrom"
						},
						"0.875": {
							"post": [-0.65, -0.27, -0.32],
							"lerp_mode": "catmullrom"
						},
						"1.0417": {
							"post": [-0.35, -0.195, -0.205],
							"lerp_mode": "catmullrom"
						},
						"1.125": {
							"post": [-0.31, 0.0075, 0.07],
							"lerp_mode": "catmullrom"
						},
						"1.1667": {
							"post": [-0.3, -0.105, 0.05],
							"lerp_mode": "catmullrom"
						},
						"1.2083": {
							"post": [-0.2, -0.47, -0.14],
							"lerp_mode": "catmullrom"
						},
						"1.25": {
							"post": [-0.1, -0.555, -0.325],
							"lerp_mode": "catmullrom"
						},
						"1.375": {
							"post": [0.0325, -0.51, -0.35],
							"lerp_mode": "catmullrom"
						},
						"1.625": {
							"post": [-0.825, -0.255, -1.02],
							"lerp_mode": "catmullrom"
						},
						"1.75": {
							"post": [-0.76, -0.175, -1.02],
							"lerp_mode": "catmullrom"
						},
						"1.875": {
							"post": [-0.69, -0.26, -1.02],
							"lerp_mode": "catmullrom"
						},
						"1.9583": {
							"post": [-0.595, -0.235, -1.02],
							"lerp_mode": "catmullrom"
						},
						"2.0417": {
							"post": [-0.34, -0.58, -1.02],
							"lerp_mode": "catmullrom"
						},
						"2.2083": {
							"post": [-0.54, -1.015, -1.19],
							"lerp_mode": "catmullrom"
						},
						"2.2917": {
							"post": [-0.64, -0.985, -1.32],
							"lerp_mode": "catmullrom"
						},
						"2.375": {
							"post": [-0.8, -0.09, -1.065],
							"lerp_mode": "catmullrom"
						},
						"2.5": {
							"post": [-0.925, -0.51, -1.13],
							"lerp_mode": "catmullrom"
						},
						"2.5833": {
							"post": [-0.71, -1.64, -1.22],
							"lerp_mode": "catmullrom"
						},
						"2.9583": {
							"post": [-0.71, -1.66, -1.22],
							"lerp_mode": "catmullrom"
						},
						"3.0833": {
							"post": [-0.47, -1.44, -1.165],
							"lerp_mode": "catmullrom"
						},
						"3.25": {
							"post": [0.06, -2.02, -1.665],
							"lerp_mode": "catmullrom"
						},
						"3.4167": {
							"post": [0.08, -0.83, -0.18],
							"lerp_mode": "catmullrom"
						},
						"3.5": {
							"post": [0, -0.25, 0.2],
							"lerp_mode": "catmullrom"
						},
						"3.625": {
							"post": [0, 0, -0.1],
							"lerp_mode": "catmullrom"
						},
						"3.7917": {
							"post": [0, 0, 0],
							"lerp_mode": "catmullrom"
						}
					}
				},
				"magazine_and_hand": {
					"rotation": {
						"0.0": {
							"post": [0, 0, 0],
							"lerp_mode": "catmullrom"
						},
						"0.2083": {
							"post": [8.71599, 29.5921, -17.64588],
							"lerp_mode": "catmullrom"
						},
						"0.625": {
							"post": [8.71599, 29.5921, -17.64588],
							"lerp_mode": "catmullrom"
						},
						"0.9167": [0, 0, 9],
						"1.1667": [0, 0, 0],
						"1.3333": {
							"pre": [11.05081, 6.52075, -21.98363],
							"post": [11.05081, 6.52075, -21.98363],
							"lerp_mode": "catmullrom"
						},
						"1.4167": {
							"post": [4.19393, 8.62895, -10.03866],
							"lerp_mode": "catmullrom"
						},
						"1.5": [-7.92118, 1.59131, -1.14819],
						"1.6667": [-7.99895, 0.69387, -5.04703],
						"1.75": [-7.77379, 0.75657, 0.26111],
						"1.875": [-7.77379, 0.75657, 0.26111],
						"1.9583": [0, 0, 0],
						"2.0": [0, 0, 0]
					},
					"position": {
						"0.0": {
							"post": [0, 0, 0],
							"lerp_mode": "catmullrom"
						},
						"0.2083": {
							"post": [5.6, -13, 10.2],
							"lerp_mode": "catmullrom"
						},
						"0.625": {
							"post": [5.6, -13, 10.2],
							"lerp_mode": "catmullrom"
						},
						"0.9167": [1.805, 0.23, 0],
						"1.0833": [1.805, 0, 0],
						"1.1667": {
							"pre": [1.805, -2.4, 0],
							"post": [1.805, -2.4, 0],
							"lerp_mode": "catmullrom"
						},
						"1.25": {
							"post": [2.335, -3.6, 0.37],
							"lerp_mode": "catmullrom"
						},
						"1.3333": {
							"post": [1.9, -3.7, 1.1],
							"lerp_mode": "catmullrom"
						},
						"1.4167": {
							"post": [0.81, -4.23, 0.41],
							"lerp_mode": "catmullrom"
						},
						"1.5": [-0.1, -3.475, -0.885],
						"1.5833": [0.03, -3.435, -0.885],
						"1.6667": [0.3, -3.2, -0.4],
						"1.75": [0.005, -3.05, -0.24],
						"1.875": [0.005, -3, -0.24],
						"1.9583": [0, -2.25, 0],
						"2.0": [0, 0, 0]
					}
				},
				"bullet": {
					"scale": {
						"0.0": [0, 0, 0],
						"1.3333": [0, 0, 0],
						"1.375": [1, 1, 1]
					}
				},
				"MagazineCatch": {
					"position": {
						"1.0": [0, 0, 0],
						"1.0417": [0.125, 0, 0],
						"1.2917": [0.125, 0, 0],
						"1.375": [0, 0, 0],
						"1.9167": [0, 0, 0],
						"1.9583": [0.125, 0, 0],
						"2.0417": [0.125, 0, 0],
						"2.0833": [0, 0, 0]
					}
				},
				"camera": {
					"rotation": {
						"0.0": {
							"post": [0, 0, 0],
							"lerp_mode": "catmullrom"
						},
						"0.25": {
							"post": [0.32, 0.09, -0.88],
							"lerp_mode": "catmullrom"
						},
						"0.5": {
							"post": [1.8, 0.9, -1.3],
							"lerp_mode": "catmullrom"
						},
						"0.7917": {
							"post": [1.26, 1.16, -1.66],
							"lerp_mode": "catmullrom"
						},
						"0.9167": {
							"post": [1.2, 0.4, -1.3],
							"lerp_mode": "catmullrom"
						},
						"1.125": {
							"post": [1, 0.1, -1.3],
							"lerp_mode": "catmullrom"
						},
						"1.25": {
							"post": [1.49, 1.3, -2.25],
							"lerp_mode": "catmullrom"
						},
						"1.2917": {
							"post": [2.16, 1.33, -0.83],
							"lerp_mode": "catmullrom"
						},
						"1.5": {
							"post": [2.4, 0.5, -2.1],
							"lerp_mode": "catmullrom"
						},
						"1.5417": {
							"post": [2.78, 0.56, -2.1],
							"lerp_mode": "catmullrom"
						},
						"1.625": {
							"post": [2.395, 0.64, -3.2],
							"lerp_mode": "catmullrom"
						},
						"1.7917": {
							"post": [2.46, 0.78, -3],
							"lerp_mode": "catmullrom"
						},
						"1.9583": {
							"post": [2.8, 0.9, -1.7],
							"lerp_mode": "catmullrom"
						},
						"2.0": {
							"post": [3.57, 0.88, -0.53],
							"lerp_mode": "catmullrom"
						},
						"2.125": {
							"post": [2.08, 0.76, -2.63],
							"lerp_mode": "catmullrom"
						},
						"2.25": {
							"post": [2.82, 0.55, -1.68],
							"lerp_mode": "catmullrom"
						},
						"2.2917": {
							"post": [2.77, 0.5, -1.87],
							"lerp_mode": "catmullrom"
						},
						"2.375": {
							"post": [3.81, 0.46, -0.54],
							"lerp_mode": "catmullrom"
						},
						"2.5": {
							"post": [2.36, 0.37, -2.25],
							"lerp_mode": "catmullrom"
						},
						"2.6667": {
							"post": [2.6, 0.24, 0.01],
							"lerp_mode": "catmullrom"
						},
						"2.875": {
							"post": [1.13, 0.11, -0.32],
							"lerp_mode": "catmullrom"
						},
						"3.0417": {
							"post": [-0.2, 0, 0.4],
							"lerp_mode": "catmullrom"
						},
						"3.1667": {
							"post": [0.2, 0, 0],
							"lerp_mode": "catmullrom"
						},
						"3.2083": {
							"post": [0.77, 0, 0.6],
							"lerp_mode": "catmullrom"
						},
						"3.375": {
							"post": [-0.1, 0, -0.3],
							"lerp_mode": "catmullrom"
						},
						"3.5": {
							"post": [0, 0, 0],
							"lerp_mode": "catmullrom"
						}
					}
				},
				"additional_magazine": {
					"rotation": {
						"0.9167": [0, 0, 0],
						"1.1667": [0, 0, 0],
						"1.3333": {
							"pre": [11.05081, 6.52075, -21.98363],
							"post": [11.05081, 6.52075, -21.98363],
							"lerp_mode": "catmullrom"
						},
						"1.4167": {
							"post": [4.19393, 8.62895, -10.03866],
							"lerp_mode": "catmullrom"
						},
						"1.5": [-7.92118, 1.59131, -1.14819],
						"1.6667": [-7.99895, 0.69387, -5.04703],
						"1.75": [-7.77379, 0.75657, -4.45389],
						"1.875": [-7.77379, 0.75657, -4.45389],
						"1.9583": [0, 0, -4.715],
						"2.0": [0, 0, -4.715],
						"2.0417": [0, 0, -6.29],
						"2.0833": [6.99, 0, -12.5],
						"2.1667": [14.99, 0, -12.5],
						"2.2083": [14.99, 0, -12.5],
						"2.2917": [-15.51, 0, -12.5],
						"2.5": [-15.51, 0, -12.5],
						"2.7917": [133.41324, -76.31278, -275.69486],
						"2.8333": [133.41324, -76.31278, -275.69486],
						"2.9167": [133.41324, -76.31278, -275.69486]
					},
					"position": {
						"0.9167": [0, 0, 0],
						"1.0833": [0, 0, 0],
						"1.1667": {
							"pre": [-0.06, -2.2, 0],
							"post": [-0.06, -2.2, 0],
							"lerp_mode": "catmullrom"
						},
						"1.25": {
							"post": [0.47, -3.4, 0.37],
							"lerp_mode": "catmullrom"
						},
						"1.3333": {
							"post": [0.835, -3.7, 1.1],
							"lerp_mode": "catmullrom"
						},
						"1.4167": {
							"post": [-0.255, -4.23, 0.41],
							"lerp_mode": "catmullrom"
						},
						"1.5": [-1.965, -3.475, -0.885],
						"1.5833": [-1.835, -3.435, -0.885],
						"1.6667": [-1.565, -3.2, -0.4],
						"1.75": [-1.86, -3.05, -0.24],
						"1.875": [-1.86, -3, -0.24],
						"1.9583": [-1.865, -2.25, 0],
						"2.0": [-1.865, 0, 0],
						"2.0417": [-1.86, 0, 0],
						"2.0833": [-1.86, -1.275, 1],
						"2.1667": [-1.09, -4.27, 2],
						"2.2083": [-1.09, -4.27, 2],
						"2.2917": [-1.09, -1.27, 2],
						"2.5": [-1.09, -1.27, 2],
						"2.625": [5.28, -3.02, 2.75],
						"2.7917": [7.91, 4.73, 4],
						"2.8333": [7.91, 4.73, 4],
						"2.9167": [6.41, 1.23, 4]
					},
					"scale": {
						"3.125": {
							"pre": [1, 1, 1],
							"post": [0, 0, 0]
						}
					}
				},
				"magazine_bullet": {
					"rotation": {
						"0.5": [0, 0, 0],
						"0.5417": [0, 0, 0]
					},
					"position": {
						"0.5": [7, -15, 18],
						"0.5417": [0, 0, 0]
					},
					"scale": {
						"0.5417": {
							"pre": [0, 0, 0],
							"post": [1, 1, 1]
						}
					}
				}
			},
			"sound_effects": {
				"0.1667": {
					"effect": "tacz:hk416d/hk416d_reload_xmaglrg_lift"
				},
				"1.0417": {
					"effect": "tacz:hk416d/hk416d_reload_xmaglrg_magout"
				},
				"1.5": {
					"effect": "tacz:hk416d/hk416d_reload_xmaglrg_maghit"
				},
				"1.875": {
					"effect": "tacz:hk416d/hk416d_reload_xmaglrg_magin"
				},
				"2.25": {
					"effect": "tacz:hk416d/hk416d_reload_xmag_maghit"
				},
				"2.75": {
					"effect": "tacz:hk416d/hk416d_reload_empty_rattle"
				},
				"3.125": {
					"effect": "tacz:hk416d/hk416d_reload_end"
				}
			}
		},
		"reload_empty": {
			"animation_length": 4.2917,
			"bones": {
				"lefthand": {
					"rotation": {
						"0.0": [96.3949, -30.74097, -137.03831],
						"0.625": [96.3949, -30.74097, -137.03831],
						"0.75": [73.44732, -81.84257, -126.34163],
						"0.9167": [77.91349, -25.05286, -100.98953],
						"2.25": [77.91, -25.05, -100.99],
						"2.3333": [87.03167, -4.46634, -105.30608],
						"2.4583": [87.03, -4.47, -105.31],
						"2.5417": [77.91, -25.05, -100.99],
						"2.7083": [77.91, -25.05, -100.99],
						"2.8333": [95.08127, -23.91871, -94.43813],
						"2.9167": [98.35519, -25.30679, -114.65965],
						"3.0417": [98.35519, -25.30679, -114.65965],
						"3.125": [98.35519, -25.30679, -114.65965],
						"3.1667": [103.50191, -29.30592, -126.97891],
						"3.4583": [103.50191, -29.30592, -126.97891],
						"3.5417": [94.93507, -31.55667, -104.77923],
						"3.625": [109.15761, -35.41036, -123.82922],
						"3.6667": [100.8174, -32.05224, -130.17759],
						"3.7083": [96.3949, -30.74097, -137.03831]
					},
					"position": {
						"0.0": [8.05, -11.75, -5],
						"0.6667": [8.05, -11.75, -5],
						"0.7083": [8.56, -13.98, -5.13],
						"0.75": [9.98, -14.62, -5.27],
						"0.7917": [11.37, -14.96, -3.65],
						"0.875": [12.66, -14.44, -0.42],
						"0.9167": [6.35, -17.85, 1],
						"2.25": [6.35, -17.85, 1],
						"2.3333": [7.85, -23.25, 2],
						"2.4583": [8.18, -24.72, 2],
						"2.5417": [6.35, -17.85, 1],
						"2.7083": [6.35, -17.85, 1],
						"2.8333": [6.71, -15.57, 4.36],
						"2.9167": [6.75, -12.65, 4.4],
						"3.0417": [6.75, -12.65, 4.4],
						"3.125": [6.75, -12.65, 4.4],
						"3.1667": [6.75, -12.65, 4.4],
						"3.4583": [6.75, -12.65, 4.4],
						"3.5417": [8.48, -17.55, 2.27],
						"3.625": [8.15, -11.85, -7.1],
						"3.7083": [8.05, -11.75, -5]
					},
					"scale": [1, 1.5, 1]
				},
				"righthand": {
					"rotation": [91.51126, 6.99759, -179.81584],
					"position": [-6.875, -13.825, 6.8],
					"scale": [1, 1.5, 1]
				},
				"constraint": {
					"rotation": [0.1, 0.1, 0.1],
					"position": [0.1, 0.1, 0.4]
				},
				"root": {
					"rotation": {
						"0.0": {
							"post": [0, 0, 0],
							"lerp_mode": "catmullrom"
						},
						"0.2083": {
							"post": [-9.2, -0.33, -6.87],
							"lerp_mode": "catmullrom"
						},
						"0.375": {
							"post": [-11.04871, -0.39507, -8.89319],
							"lerp_mode": "catmullrom"
						},
						"0.4167": {
							"post": [-12.71, -0.01, -7.16],
							"lerp_mode": "catmullrom"
						},
						"0.5": {
							"post": [-11.04011, 0.75051, -6.12048],
							"lerp_mode": "catmullrom"
						},
						"0.625": {
							"post": [-10.93, -0.35, -10.84],
							"lerp_mode": "catmullrom"
						},
						"0.7083": {
							"post": [-11.01691, -1.1581, -10.74208],
							"lerp_mode": "catmullrom"
						},
						"0.875": {
							"post": [-12.5, -1.57, -8.6],
							"lerp_mode": "catmullrom"
						},
						"1.0": {
							"post": [-17.66823, -6.21051, -10.31499],
							"lerp_mode": "catmullrom"
						},
						"1.2083": {
							"post": [-32.41312, -13.84031, -22.12649],
							"lerp_mode": "catmullrom"
						},
						"1.4167": {
							"post": [-34, -13.35, -24.02],
							"lerp_mode": "catmullrom"
						},
						"1.5": {
							"post": [-32.33928, -15.37375, -24.93991],
							"lerp_mode": "catmullrom"
						},
						"1.625": {
							"post": [-31.40372, -17.18805, -25.49424],
							"lerp_mode": "catmullrom"
						},
						"1.75": {
							"post": [-30.70157, -17.68026, -25.12481],
							"lerp_mode": "catmullrom"
						},
						"1.9583": {
							"post": [-30.39339, -13.44427, -23.17014],
							"lerp_mode": "catmullrom"
						},
						"2.0833": {
							"post": [-29.7691, -14.2916, -23.14429],
							"lerp_mode": "catmullrom"
						},
						"2.125": {
							"post": [-30.83284, -11.07113, -16.27607],
							"lerp_mode": "catmullrom"
						},
						"2.2083": {
							"post": [-25.7877, -16.80889, -25.51052],
							"lerp_mode": "catmullrom"
						},
						"2.3333": {
							"post": [-28.63495, -15.66823, -22.44678],
							"lerp_mode": "catmullrom"
						},
						"2.5": {
							"post": [-32.51, -15, -20.63],
							"lerp_mode": "catmullrom"
						},
						"2.5833": {
							"post": [-33.5342, -12.11993, -15.98555],
							"lerp_mode": "catmullrom"
						},
						"2.6667": {
							"post": [-30.73459, -16.48285, -23.15597],
							"lerp_mode": "catmullrom"
						},
						"2.75": {
							"post": [-30.71, -14.42, -19.57],
							"lerp_mode": "catmullrom"
						},
						"2.9167": {
							"post": [-21.37, -15.77, -21.92],
							"lerp_mode": "catmullrom"
						},
						"3.1667": {
							"post": [-18.77076, -15.03017, -20.73582],
							"lerp_mode": "catmullrom"
						},
						"3.2083": {
							"post": [-17.35086, -17.29642, -25.49676],
							"lerp_mode": "catmullrom"
						},
						"3.25": {
							"post": [-18.82893, -15.80588, -20.65362],
							"lerp_mode": "catmullrom"
						},
						"3.3333": {
							"post": [-18.35715, -16.75095, -23.55397],
							"lerp_mode": "catmullrom"
						},
						"3.4167": {
							"post": [-19.88867, -13.9056, -17.18325],
							"lerp_mode": "catmullrom"
						},
						"3.5": {
							"post": [-17.46649, -5.88886, -9.44007],
							"lerp_mode": "catmullrom"
						},
						"3.6667": {
							"post": [0, 0, -3],
							"lerp_mode": "catmullrom"
						},
						"3.75": {
							"post": [5.52334, 0.24781, -0.65327],
							"lerp_mode": "catmullrom"
						},
						"3.8333": {
							"post": [1.2, 0, -1.25],
							"lerp_mode": "catmullrom"
						},
						"3.875": {
							"post": [0, 0, 1.55],
							"lerp_mode": "catmullrom"
						},
						"4.0": {
							"post": [0.2, 0, -0.875],
							"lerp_mode": "catmullrom"
						},
						"4.0833": {
							"post": [0.11248, -0.00196, 0.41094],
							"lerp_mode": "catmullrom"
						},
						"4.1667": {
							"post": [0.0639, -0.00081, -0.15099],
							"lerp_mode": "catmullrom"
						},
						"4.2917": {
							"post": [0, 0, 0],
							"lerp_mode": "catmullrom"
						}
					},
					"position": {
						"0.0": {
							"post": [0, 0, 0],
							"lerp_mode": "catmullrom"
						},
						"0.125": {
							"post": [-0.25, -0.95, 0.3],
							"lerp_mode": "catmullrom"
						},
						"0.25": {
							"post": [-0.45, -0.8, -0.41],
							"lerp_mode": "catmullrom"
						},
						"0.375": {
							"post": [-0.575, -0.275, 0.065],
							"lerp_mode": "catmullrom"
						},
						"0.5": {
							"post": [-0.645, -1.145, -0.49],
							"lerp_mode": "catmullrom"
						},
						"0.625": {
							"post": [-0.845, -0.795, -0.44],
							"lerp_mode": "catmullrom"
						},
						"0.875": {
							"post": [-1.2, -1.195, -0.46],
							"lerp_mode": "catmullrom"
						},
						"1.0": {
							"post": [-1.245, -1.015, -1.09],
							"lerp_mode": "catmullrom"
						},
						"1.2083": {
							"post": [-0.82, 0.585, -1.79],
							"lerp_mode": "catmullrom"
						},
						"1.4167": {
							"post": [-0.52, 0.905, -2.02],
							"lerp_mode": "catmullrom"
						},
						"1.625": {
							"post": [-0.49, 0.86, -1.81],
							"lerp_mode": "catmullrom"
						},
						"1.75": {
							"post": [-0.34, 0.61, -1.995],
							"lerp_mode": "catmullrom"
						},
						"1.9583": {
							"post": [-0.24, 0.61, -1.99],
							"lerp_mode": "catmullrom"
						},
						"2.0833": {
							"post": [-0.24, 0.45, -1.99],
							"lerp_mode": "catmullrom"
						},
						"2.125": {
							"post": [-0.54, 0.34, -1.99],
							"lerp_mode": "catmullrom"
						},
						"2.1667": {
							"post": [-0.39, -0.015, -1.99],
							"lerp_mode": "catmullrom"
						},
						"2.375": {
							"post": [0.06, -0.215, -1.995],
							"lerp_mode": "catmullrom"
						},
						"2.4583": {
							"post": [-0.14, -0.97, -2.05],
							"lerp_mode": "catmullrom"
						},
						"2.5": {
							"post": [-0.32, -1.26, -2],
							"lerp_mode": "catmullrom"
						},
						"2.5417": {
							"post": [-0.71, -1.67, -1.63],
							"lerp_mode": "catmullrom"
						},
						"2.5833": {
							"post": [-1.025, -0.52, -1.31],
							"lerp_mode": "catmullrom"
						},
						"2.7083": {
							"post": [-0.57, -0.29, -1.72],
							"lerp_mode": "catmullrom"
						},
						"2.875": {
							"post": [-0.46, -1.24, -1.91],
							"lerp_mode": "catmullrom"
						},
						"3.0": {
							"post": [-0.38, -1.15, -1.63],
							"lerp_mode": "catmullrom"
						},
						"3.1667": {
							"post": [-0.39, -1.32, -1.315],
							"lerp_mode": "catmullrom"
						},
						"3.2083": {
							"post": [-0.24, -1.325, -2.09],
							"lerp_mode": "catmullrom"
						},
						"3.375": {
							"post": [-0.54, -1.9, -2.01],
							"lerp_mode": "catmullrom"
						},
						"3.5": {
							"post": [-0.52, -1.26, -1.92],
							"lerp_mode": "catmullrom"
						},
						"3.625": {
							"post": [-0.38, -1.33, -2.38],
							"lerp_mode": "catmullrom"
						},
						"3.7083": {
							"post": [-0.25, -1.625, -2.265],
							"lerp_mode": "catmullrom"
						},
						"3.8333": {
							"post": [0, -0.45, 0.675],
							"lerp_mode": "catmullrom"
						},
						"4.0": {
							"post": [0, -0.1125, -0.1625],
							"lerp_mode": "catmullrom"
						},
						"4.1667": {
							"post": [0, 0, 0],
							"lerp_mode": "catmullrom"
						}
					}
				},
				"magazine_and_hand": {
					"rotation": {
						"0.0": [0, 0, 0],
						"0.7083": [0, 0, 0],
						"1.125": [80.22, 0, 0],
						"1.25": [80.22, 0, 0],
						"1.3333": [23, 0, 0],
						"1.4167": [-10.8, 0, 0],
						"1.5": [-15, 0, 0],
						"1.5833": [-15, 0, 0],
						"1.7083": [-10.95916, -0.95288, -4.90859],
						"1.9167": [0, 0, 0],
						"2.0417": [0, 0, 0]
					},
					"position": {
						"0.0": [0, 0, 0],
						"0.7083": [0, 0, 0],
						"1.125": [0.1515, -12.71767, 14.29153],
						"1.25": {
							"pre": [0.1515, -12.71767, 14.29153],
							"post": [0.1515, -12.71767, 14.29153],
							"lerp_mode": "catmullrom"
						},
						"1.375": {
							"post": [0, -12.7, 3.7],
							"lerp_mode": "catmullrom"
						},
						"1.5": [0, -3.2, -0.7],
						"1.5417": [0, -3.2, -0.7],
						"1.5833": [0, -3.4, -0.7],
						"1.7083": [0.3, -3.2, -0.7],
						"1.75": [0.22, -2.945, -0.52],
						"1.9167": [0, -3.1, 0],
						"1.9583": [0, -2.75, 0],
						"2.0417": [0, -2.75, 0],
						"2.0833": [0, 0, 0]
					}
				},
				"magazine_bullet": {
					"rotation": [0, 0, 0],
					"position": [0, 0, 0],
					"scale": {
						"0.0": [0, 0, 0],
						"1.1667": {
							"pre": [0, 0, 0],
							"post": [1, 1, 1]
						},
						"1.2083": [1, 1, 1]
					}
				},
				"416d_bolt": {
					"position": {
						"0.0": [0, 0, 5],
						"3.125": [0, 0, 5],
						"3.1667": [0, 0, 0]
					}
				},
				"release": {
					"rotation": {
						"0.0": [0, 0, 17.5],
						"3.125": [0, 0, 17.5],
						"3.1667": [0, 0, 0]
					}
				},
				"camera": {
					"rotation": {
						"0.0": {
							"post": [0, 0, 0],
							"lerp_mode": "catmullrom"
						},
						"0.3333": {
							"post": [1.9, 0.2, -1],
							"lerp_mode": "catmullrom"
						},
						"0.4583": {
							"post": [2.69, 0.25, -0.2],
							"lerp_mode": "catmullrom"
						},
						"0.5417": {
							"post": [1.61, 0.26, -1.88],
							"lerp_mode": "catmullrom"
						},
						"0.7083": {
							"post": [2.05, 0.26, -1.23],
							"lerp_mode": "catmullrom"
						},
						"1.1667": {
							"post": [2.09, 0.35, -1.91],
							"lerp_mode": "catmullrom"
						},
						"1.3333": {
							"post": [0.66, 0.62, -2.03],
							"lerp_mode": "catmullrom"
						},
						"1.4583": {
							"post": [0.77, 0.75, -2.01],
							"lerp_mode": "catmullrom"
						},
						"1.5": {
							"post": [0.84, 0.83, -1.62],
							"lerp_mode": "catmullrom"
						},
						"1.5833": {
							"post": [0.08, 0.94, -2.29],
							"lerp_mode": "catmullrom"
						},
						"1.75": {
							"post": [0.2, 1.03, -1.99],
							"lerp_mode": "catmullrom"
						},
						"2.0417": {
							"post": [0.62, 1.11, -1.78],
							"lerp_mode": "catmullrom"
						},
						"2.0833": {
							"post": [1.51, 1.12, -0.65],
							"lerp_mode": "catmullrom"
						},
						"2.2083": {
							"post": [0.38, 1.13, -2.51],
							"lerp_mode": "catmullrom"
						},
						"2.3333": {
							"post": [1.1, 1.1, -1.6],
							"lerp_mode": "catmullrom"
						},
						"2.5": {
							"post": [0.83, 1.02, -1.66],
							"lerp_mode": "catmullrom"
						},
						"2.5417": {
							"post": [1.53, 1, -0.51],
							"lerp_mode": "catmullrom"
						},
						"2.6667": {
							"post": [0.15, 0.95, -2.45],
							"lerp_mode": "catmullrom"
						},
						"2.75": {
							"post": [0.6, 0.8, -1.7],
							"lerp_mode": "catmullrom"
						},
						"2.9167": {
							"post": [2.475, 0.48, -1.57],
							"lerp_mode": "catmullrom"
						},
						"3.0417": {
							"post": [2.71, 0.34, -1.45],
							"lerp_mode": "catmullrom"
						},
						"3.1667": {
							"post": [3.25, 0.25, -1.26],
							"lerp_mode": "catmullrom"
						},
						"3.2083": {
							"post": [3.9, 0.2, -0.22],
							"lerp_mode": "catmullrom"
						},
						"3.2917": {
							"post": [2.59, 0.15, -1.78],
							"lerp_mode": "catmullrom"
						},
						"3.4167": {
							"post": [3.04, 0.08, -0.95],
							"lerp_mode": "catmullrom"
						},
						"3.5417": {
							"post": [2.72, -0.01, -0.79],
							"lerp_mode": "catmullrom"
						},
						"3.6667": {
							"post": [2.47, -0.05, -0.1],
							"lerp_mode": "catmullrom"
						},
						"3.75": {
							"post": [1.7, -0.03, -0.16],
							"lerp_mode": "catmullrom"
						},
						"3.8333": {
							"post": [0.18, -0.01, -0.05],
							"lerp_mode": "catmullrom"
						},
						"3.9167": {
							"post": [0.5, 0, 0.6],
							"lerp_mode": "catmullrom"
						},
						"4.0": {
							"post": [-0.1, 0, -0.1],
							"lerp_mode": "catmullrom"
						},
						"4.1667": {
							"post": [0, 0, 0],
							"lerp_mode": "catmullrom"
						}
					}
				},
				"additional_magazine": {
					"rotation": {
						"0.4583": [0, 0, 0],
						"0.5833": [0, 0, 0],
						"0.75": [-25, 0, 0],
						"0.875": [-25, 0, 0],
						"1.0": [-25, 0, 0]
					},
					"position": {
						"0.4583": [0, 0, 0],
						"0.5833": [0, -4.4, 0],
						"0.75": [-0.41841, -14.78768, 2.56978],
						"0.875": [-2.82004, -28.65714, 8.3081],
						"1.0": [-2.82004, -28.65714, 8.3081]
					},
					"scale": {
						"0.0": [1, 1, 1],
						"1.0": {
							"pre": [1, 1, 1],
							"post": [0, 0, 0]
						},
						"1.0417": [0, 0, 0]
					}
				}
			},
			"sound_effects": {
				"0.0": {
					"effect": "tacz:hk416d/hk416d_reload_empty_fast_xmaglrg_lift"
				},
				"0.5": {
					"effect": "tacz:hk416d/hk416d_reload_empty_fast_xmaglrg_magout"
				},
				"0.9167": {
					"effect": "tacz:hk416d/hk416d_reload_empty_mag_drop_large_drum"
				},
				"1.5417": {
					"effect": "tacz:hk416d/hk416d_reload_empty_fast_xmaglrg_maghit"
				},
				"2.0": {
					"effect": "tacz:hk416d/hk416d_reload_empty_fast_xmaglrg_magin"
				},
				"2.5417": {
					"effect": "tacz:hk416d/hk416d_reload_empty_xmag_magin"
				},
				"3.0": {
					"effect": "tacz:hk416d/hk416d_reload_empty_fast_chamber"
				},
				"3.5417": {
					"effect": "tacz:hk416d/hk416d_reload_empty_fast_end"
				}
			}
		},
		"inspect": {
			"animation_length": 7.8667,
			"bones": {
				"lefthand": {
					"rotation": {
						"0.0": [96.3949, -30.74097, -137.03831],
						"0.1333": [99.49924, -14.05927, -169.79427],
						"2.4": [99.49924, -14.05927, -169.79427],
						"2.6": [121.60711, -3.77449, -183.61012],
						"3.3667": [121.60711, -3.77449, -183.61012],
						"3.4333": [136.60711, -3.77449, -183.61012],
						"4.2333": [136.60711, -3.77449, -183.61012],
						"4.3333": [121.60711, -3.77449, -183.61012],
						"4.9667": [121.60711, -3.77449, -183.61012],
						"5.0333": [117.4217, -14.33855, -180.24921],
						"5.1333": [104.62161, -32.13652, -141.20735],
						"5.2": [71.42154, -44.00184, -115.17944],
						"7.1667": [71.42154, -44.00184, -115.17944],
						"7.3333": [96.3949, -30.74097, -137.03831]
					},
					"position": {
						"0.0": [8.05, -11.75, -5],
						"0.0667": [7.84, -13.49, -3.37],
						"0.1333": [8.125, -12.925, -1.62],
						"2.4": [8.125, -12.925, -1.62],
						"2.5": [8.655, -14.745, 0.8],
						"2.6": [6.625, -16.15, 1.43],
						"3.3667": [6.63, -16.15, 1.43],
						"3.4333": [8.13, -16.15, 1.43],
						"4.2333": [8.13, -16.15, 1.43],
						"4.3333": [6.63, -16.15, 1.43],
						"4.9667": [6.625, -16.15, 1.43],
						"5.0333": [7.39571, -17.21299, 0.87783],
						"5.0667": [8.61854, -15.71817, -0.03298],
						"5.1333": [8.85, -12.9, -1.77],
						"5.2": [7.555, -10.575, -2.395],
						"7.1667": [7.555, -10.575, -2.395],
						"7.3333": [8.05, -11.75, -5]
					},
					"scale": [1, 1.5, 1]
				},
				"righthand": {
					"rotation": {
						"0.0": [91.51126, 6.99759, -179.81584],
						"1.7": [91.51, 7, -179.82],
						"1.7333": [98.85138, 26.30322, -173.74042],
						"1.7667": [110.8827, 2.02799, -172.9332],
						"1.8": [117.33359, 1.09364, -168.20493],
						"1.8333": [118.85, 0, -169.23],
						"1.9": [119.84457, -11.99574, -154.87825],
						"1.9333": [122.1031, -10.32561, -161.32185],
						"2.0667": [122.1031, -10.32561, -161.32185],
						"2.1": [113.49488, 11.56259, -169.74745],
						"2.2": [92.26784, 16.41392, -175.33659],
						"2.2667": [91.51, 7, -179.82],
						"5.2333": [91.51, 7, -179.82],
						"5.3333": [124.21707, 10.38543, -125.82172],
						"5.4333": [94.66246, -0.0296, -98.37415],
						"5.4667": [93.45347, -6.79301, -87.82245],
						"6.1667": [93.45347, -6.79301, -87.82245],
						"6.2": [95.59825, -13.20421, -84.11017],
						"6.4667": [95.59825, -13.20421, -84.11017],
						"6.6333": [96.17595, -12.94775, -86.66319],
						"6.7333": [96.17595, -12.94775, -86.66319],
						"6.9333": [96.17595, -12.94775, -86.66319],
						"7.1333": [91.51, 7, -179.82]
					},
					"position": {
						"0.0": [-6.875, -13.825, 6.8],
						"1.7": [-6.87, -13.82, 6.8],
						"1.7333": [-7.855, -13.93, 5.66],
						"1.8": [-8.185, -14.035, 3.815],
						"1.8333": [-8.51, -13.135, 2.47],
						"1.8667": [-8.57, -12.815, 2.47],
						"1.9": [-8.63, -12.12, 2.47],
						"1.9333": [-8.975, -10.82, 2.47],
						"2.0667": [-8.975, -10.82, 2.47],
						"2.2": [-7.855, -13.93, 5.66],
						"2.2667": [-6.87, -13.82, 6.8],
						"5.2333": [-6.87, -13.82, 6.8],
						"5.3333": [-10.215, -9.57, 8.685],
						"5.4": [-7.88, -7.365, 9.66],
						"5.4333": [-6.72, -7.42, 9.975],
						"5.4667": [-6.02, -7.42, 9.425],
						"5.5667": [-6.02, -7.42, 9.425],
						"5.6333": [-6.02, -7.42, 11.58],
						"6.1667": [-6.02, -7.42, 11.58],
						"6.2": [-6.22, -7.62, 12.33],
						"6.4667": [-6.22, -7.62, 12.33],
						"6.6333": [-9.02, -10.045, 10.38],
						"6.7333": [-9.02, -10.045, 10.38],
						"6.7667": [-9.02, -10.05, 9.45],
						"6.8667": [-9.02, -10.05, 9.45],
						"6.9333": [-9.02, -10.045, 10.205],
						"6.9667": [-9.07, -10.33, 10.44],
						"7.0333": [-9.16875, -10.8925, 11.25],
						"7.1333": [-6.87, -13.82, 8.875],
						"7.2": [-6.87, -13.82, 6.8]
					},
					"scale": [1, 1.5, 1]
				},
				"root": {
					"rotation": {
						"0.0": {
							"post": [0, 0, 0],
							"lerp_mode": "catmullrom"
						},
						"0.1": {
							"post": [-2.92794, -1.45516, -4.08685],
							"lerp_mode": "catmullrom"
						},
						"0.2": {
							"post": [-6.23342, -0.06771, 6.84998],
							"lerp_mode": "catmullrom"
						},
						"0.2667": {
							"post": [-15.68551, 2.7218, 27.95326],
							"lerp_mode": "catmullrom"
						},
						"0.3667": {
							"post": [-26.33751, 20.61309, 45.54135],
							"lerp_mode": "catmullrom"
						},
						"0.4333": {
							"post": [-28.00547, 42.56983, 66.19136],
							"lerp_mode": "catmullrom"
						},
						"0.6": {
							"post": [-29.45998, 42.56019, 63.40711],
							"lerp_mode": "catmullrom"
						},
						"0.9": {
							"post": [-29.08729, 42.57667, 64.83091],
							"lerp_mode": "catmullrom"
						},
						"1.0667": {
							"post": [-25.18663, 45.11926, 71.68477],
							"lerp_mode": "catmullrom"
						},
						"1.2": {
							"post": [-25.55721, 45.49448, 71.72208],
							"lerp_mode": "catmullrom"
						},
						"1.4": {
							"post": [-26.235, 46.0275, 71.58375],
							"lerp_mode": "catmullrom"
						},
						"1.6": {
							"post": [-26.91569, 45.1771, 70.74864],
							"lerp_mode": "catmullrom"
						},
						"1.7333": {
							"post": [-31.09882, 41.80053, 65.88361],
							"lerp_mode": "catmullrom"
						},
						"1.8667": {
							"post": [-33.875, 40.0375, 63.09375],
							"lerp_mode": "catmullrom"
						},
						"1.9667": {
							"post": [-33.83334, 38.52552, 61.85168],
							"lerp_mode": "catmullrom"
						},
						"2.1333": {
							"post": [-34.00105, 36.84236, 60.22072],
							"lerp_mode": "catmullrom"
						},
						"2.2333": {
							"post": [-32.49069, 36.13335, 58.92364],
							"lerp_mode": "catmullrom"
						},
						"2.3333": {
							"post": [-28.53, 34.325, 54.2375],
							"lerp_mode": "catmullrom"
						},
						"2.5333": {
							"post": [-31.695, -6.02, -4.4475],
							"lerp_mode": "catmullrom"
						},
						"2.6333": {
							"post": [-31.7077, -20.32777, -27.91905],
							"lerp_mode": "catmullrom"
						},
						"2.7667": {
							"post": [-33.13341, -18.48017, -29.52559],
							"lerp_mode": "catmullrom"
						},
						"2.8333": {
							"post": [-29.24259, -20.6357, -35.75424],
							"lerp_mode": "catmullrom"
						},
						"2.9333": {
							"post": [-31.75318, -20.27906, -31.83003],
							"lerp_mode": "catmullrom"
						},
						"3.0667": {
							"post": [-30.87104, -20.98924, -33.51461],
							"lerp_mode": "catmullrom"
						},
						"3.3": {
							"post": [-30.96973, -20.31933, -32.90717],
							"lerp_mode": "catmullrom"
						},
						"3.7": {
							"post": [-31.19165, -20.8001, -33.83378],
							"lerp_mode": "catmullrom"
						},
						"4.2667": {
							"post": [-31.54585, -20.53484, -33.31358],
							"lerp_mode": "catmullrom"
						},
						"4.4": {
							"post": [-31.10621, -20.96141, -34.23635],
							"lerp_mode": "catmullrom"
						},
						"4.5667": {
							"post": [-27.57602, -24.53818, -41.79788],
							"lerp_mode": "catmullrom"
						},
						"4.6667": {
							"post": [-27.47758, -23.75677, -39.95647],
							"lerp_mode": "catmullrom"
						},
						"4.8333": {
							"post": [-27.46216, -24.37922, -41.42702],
							"lerp_mode": "catmullrom"
						},
						"4.8667": {
							"post": [-29.07756, -20.82572, -33.81444],
							"lerp_mode": "catmullrom"
						},
						"4.9333": {
							"post": [-26.04941, -24.49362, -42.11922],
							"lerp_mode": "catmullrom"
						},
						"5.0": {
							"post": [-30.91574, -20.60051, -33.59982],
							"lerp_mode": "catmullrom"
						},
						"5.1": {
							"post": [-32.315, -10.26, -14.76],
							"lerp_mode": "catmullrom"
						},
						"5.1667": {
							"post": [-33.94954, 1.00031, 5.72823],
							"lerp_mode": "catmullrom"
						},
						"5.3": {
							"post": [-27.08709, 24.26739, 57.28414],
							"lerp_mode": "catmullrom"
						},
						"5.4": {
							"post": [-25.94722, 23.84349, 60.69646],
							"lerp_mode": "catmullrom"
						},
						"5.5667": {
							"post": [-25.58866, 19.38103, 58.3156],
							"lerp_mode": "catmullrom"
						},
						"5.6333": {
							"post": [-27.60556, 18.8553, 57.17696],
							"lerp_mode": "catmullrom"
						},
						"5.7333": {
							"post": [-26.92797, 20.83597, 59.80573],
							"lerp_mode": "catmullrom"
						},
						"5.8667": {
							"post": [-26.75457, 20.21697, 59.23198],
							"lerp_mode": "catmullrom"
						},
						"6.1667": {
							"post": [-27.085, 21.11375, 57.28],
							"lerp_mode": "catmullrom"
						},
						"6.2": {
							"post": [-27.43557, 18.42357, 53.99959],
							"lerp_mode": "catmullrom"
						},
						"6.2667": {
							"post": [-26.58571, 20.69554, 58.06568],
							"lerp_mode": "catmullrom"
						},
						"6.3333": {
							"post": [-27.48896, 21.23165, 55.75288],
							"lerp_mode": "catmullrom"
						},
						"6.4333": {
							"post": [-27.145, 19.02375, 56.21],
							"lerp_mode": "catmullrom"
						},
						"6.5333": {
							"post": [-27.05184, 14.53189, 46.81698],
							"lerp_mode": "catmullrom"
						},
						"6.6667": {
							"post": [-27.59314, 8.76989, 40.44086],
							"lerp_mode": "catmullrom"
						},
						"6.7333": {
							"post": [-27.56818, 8.12712, 40.83541],
							"lerp_mode": "catmullrom"
						},
						"6.7667": {
							"post": [-28.08726, 8.1961, 42.30351],
							"lerp_mode": "catmullrom"
						},
						"6.8333": {
							"post": [-28.05023, 8.86876, 41.80194],
							"lerp_mode": "catmullrom"
						},
						"6.9": {
							"post": [-27.47548, 8.52896, 42.23046],
							"lerp_mode": "catmullrom"
						},
						"7.0333": {
							"post": [-24.84511, 7.85978, 46.72068],
							"lerp_mode": "catmullrom"
						},
						"7.1333": {
							"post": [-23.39383, 5.15097, 41.56594],
							"lerp_mode": "catmullrom"
						},
						"7.3": {
							"post": [-5.23766, -3.13615, 7.81846],
							"lerp_mode": "catmullrom"
						},
						"7.4": {
							"post": [1.99535, -0.85991, 0.99261],
							"lerp_mode": "catmullrom"
						},
						"7.5": {
							"post": [1, -0.43, -2.52],
							"lerp_mode": "catmullrom"
						},
						"7.5667": {
							"post": [0, 0, 2.525],
							"lerp_mode": "catmullrom"
						},
						"7.6667": {
							"post": [0, 0, -0.7375],
							"lerp_mode": "catmullrom"
						},
						"7.7667": {
							"post": [0, 0, -0.53125],
							"lerp_mode": "catmullrom"
						},
						"7.9": {
							"post": [0, 0, 0],
							"lerp_mode": "catmullrom"
						}
					},
					"position": {
						"0.0": {
							"post": [0, 0, 0],
							"lerp_mode": "catmullrom"
						},
						"0.1": {
							"post": [0.08, -0.895, 0],
							"lerp_mode": "catmullrom"
						},
						"0.2333": {
							"post": [-0.15, -0.29, -0.76],
							"lerp_mode": "catmullrom"
						},
						"0.3333": {
							"post": [-0.395, 1.03, -1.545],
							"lerp_mode": "catmullrom"
						},
						"0.4333": {
							"post": [-0.665, 1.425, -1.86],
							"lerp_mode": "catmullrom"
						},
						"0.5667": {
							"post": [-0.515, 1.3, -1.525],
							"lerp_mode": "catmullrom"
						},
						"0.7": {
							"post": [-0.59, 1.425, -1.63],
							"lerp_mode": "catmullrom"
						},
						"0.9": {
							"post": [-0.69, 1.425, -1.575],
							"lerp_mode": "catmullrom"
						},
						"1.1667": {
							"post": [-0.665, 1.35, -1.57],
							"lerp_mode": "catmullrom"
						},
						"1.4333": {
							"post": [-0.615, 1.38, -1.585],
							"lerp_mode": "catmullrom"
						},
						"1.6667": {
							"post": [-0.59, 1.4, -1.575],
							"lerp_mode": "catmullrom"
						},
						"1.9": {
							"post": [-0.79, 0.92, -1.455],
							"lerp_mode": "catmullrom"
						},
						"2.2333": {
							"post": [-0.665, 0.92, -1.455],
							"lerp_mode": "catmullrom"
						},
						"2.3333": {
							"post": [-0.765, 0.795, -1.455],
							"lerp_mode": "catmullrom"
						},
						"2.4667": {
							"post": [-0.775, 0.005, -1.205],
							"lerp_mode": "catmullrom"
						},
						"2.6": {
							"post": [-0.74, 0.87, -0.98],
							"lerp_mode": "catmullrom"
						},
						"2.7667": {
							"post": [-0.485, 0.72, -0.98],
							"lerp_mode": "catmullrom"
						},
						"2.8333": {
							"post": [-1.035, 1.345, -1.03],
							"lerp_mode": "catmullrom"
						},
						"3.0": {
							"post": [-1.025, 1.025, -0.98],
							"lerp_mode": "catmullrom"
						},
						"3.2": {
							"post": [-0.81, 0.87, -0.98],
							"lerp_mode": "catmullrom"
						},
						"3.5": {
							"post": [-0.86, 0.91, -0.98],
							"lerp_mode": "catmullrom"
						},
						"3.8333": {
							"post": [-0.86, 0.995, -0.98],
							"lerp_mode": "catmullrom"
						},
						"4.1": {
							"post": [-0.84, 0.965, -0.98],
							"lerp_mode": "catmullrom"
						},
						"4.3": {
							"post": [-0.81, 0.89, -0.98],
							"lerp_mode": "catmullrom"
						},
						"4.5333": {
							"post": [-0.215, 0.57, -0.98],
							"lerp_mode": "catmullrom"
						},
						"4.6667": {
							"post": [-0.265, 0.895, -0.98],
							"lerp_mode": "catmullrom"
						},
						"4.7667": {
							"post": [-0.205, 0.96, -0.98],
							"lerp_mode": "catmullrom"
						},
						"4.8333": {
							"post": [-0.265, 0.945, -0.98],
							"lerp_mode": "catmullrom"
						},
						"4.8667": {
							"post": [0.11, 0.22, -0.98],
							"lerp_mode": "catmullrom"
						},
						"4.9333": {
							"post": [0.15, 0.38, -0.98],
							"lerp_mode": "catmullrom"
						},
						"5.0333": {
							"post": [0.01, 0.17, -0.98],
							"lerp_mode": "catmullrom"
						},
						"5.1667": {
							"post": [-0.875, -0.73, -1.34],
							"lerp_mode": "catmullrom"
						},
						"5.3": {
							"post": [-0.99, 1.07, -0.93],
							"lerp_mode": "catmullrom"
						},
						"5.4333": {
							"post": [-0.985, 1.395, -0.93],
							"lerp_mode": "catmullrom"
						},
						"5.5667": {
							"post": [-0.985, 1.435, -0.93],
							"lerp_mode": "catmullrom"
						},
						"5.6333": {
							"post": [-0.985, 1.245, -0.93],
							"lerp_mode": "catmullrom"
						},
						"5.7333": {
							"post": [-0.985, 1.265, -0.93],
							"lerp_mode": "catmullrom"
						},
						"5.9333": {
							"post": [-0.985, 1.22, -0.93],
							"lerp_mode": "catmullrom"
						},
						"6.1": {
							"post": [-0.985, 1.245, -0.925],
							"lerp_mode": "catmullrom"
						},
						"6.1667": {
							"post": [-0.97875, 1.195, -1.075],
							"lerp_mode": "catmullrom"
						},
						"6.2": {
							"post": [-0.975, 1.275, -1.32],
							"lerp_mode": "catmullrom"
						},
						"6.3667": {
							"post": [-0.955, 1.025, -1.05],
							"lerp_mode": "catmullrom"
						},
						"6.4333": {
							"post": [-0.785, 1.025, -0.855],
							"lerp_mode": "catmullrom"
						},
						"6.5333": {
							"post": [-0.55, 0.885, -0.71],
							"lerp_mode": "catmullrom"
						},
						"6.6667": {
							"post": [-0.075, 0.825, -0.525],
							"lerp_mode": "catmullrom"
						},
						"6.7333": {
							"post": [-0.055, 0.755, -0.61],
							"lerp_mode": "catmullrom"
						},
						"6.8": {
							"post": [0.005, 0.655, -0.93],
							"lerp_mode": "catmullrom"
						},
						"6.9": {
							"post": [0.005, 0.625, -0.795],
							"lerp_mode": "catmullrom"
						},
						"7.1333": {
							"post": [-0.05, 0.755, -1.33],
							"lerp_mode": "catmullrom"
						},
						"7.3": {
							"post": [0.09, -0.95, -2.08],
							"lerp_mode": "catmullrom"
						},
						"7.4333": {
							"post": [0, -0.475, -1.7],
							"lerp_mode": "catmullrom"
						},
						"7.5333": {
							"post": [0, -0.10625, 0.15],
							"lerp_mode": "catmullrom"
						},
						"7.6667": {
							"post": [0, 0, -0.11875],
							"lerp_mode": "catmullrom"
						},
						"7.8333": {
							"post": [0, 0, 0],
							"lerp_mode": "catmullrom"
						}
					}
				},
				"magazine_and_hand": {
					"rotation": {
						"2.7667": [0, 0, 0],
						"2.8333": {
							"pre": [0, 0, 0],
							"post": [0, 0, 0],
							"lerp_mode": "catmullrom"
						},
						"2.9": {
							"post": [9.203, -2.00169, -11.09877],
							"lerp_mode": "catmullrom"
						},
						"2.9667": {
							"post": [-2.89032, -3.53535, 2.06985],
							"lerp_mode": "catmullrom"
						},
						"3.0333": {
							"post": [-7.58646, -4.0264, 8.70465],
							"lerp_mode": "catmullrom"
						},
						"3.2": [-7.67616, -5.11571, 9.98963],
						"3.3667": [-7.70946, -6.83347, 10.3497],
						"3.4667": [31.2, 12.59, 75.22],
						"3.5333": [44.51426, 20.8106, 112.23175],
						"3.7": [47.07875, 23.37875, 119.41],
						"3.9333": [46.2225, 20.81, 117.48875],
						"4.2": [44.7, 20.81, 117.13],
						"4.2667": [30.1, 10.61, 78.55],
						"4.3333": [1.29145, -9.7762, 1.48473],
						"4.4333": [5.1433, -1.20887, -5.04347],
						"4.5": [-0.75, 0, 0],
						"4.6333": [0, 0, 0],
						"4.7": [0, 0, 0],
						"4.8333": [0, 0, 0],
						"4.8667": [0, 0, 0]
					},
					"position": {
						"2.7667": [0, 0, 0],
						"2.8333": {
							"pre": [0.175, -7.06, 0.97],
							"post": [0.175, -7.06, 0.97],
							"lerp_mode": "catmullrom"
						},
						"2.9": {
							"post": [2.05719, -9.57491, 1.73318],
							"lerp_mode": "catmullrom"
						},
						"2.9667": {
							"post": [4.04785, -7.1694, 1.1623],
							"lerp_mode": "catmullrom"
						},
						"3.0667": {
							"post": [4.90917, -6.70004, 0.75521],
							"lerp_mode": "catmullrom"
						},
						"3.2333": {
							"post": [5.09526, -5.89847, 0.88375],
							"lerp_mode": "catmullrom"
						},
						"3.3667": {
							"post": [5.26583, -5.67508, 0.71231],
							"lerp_mode": "catmullrom"
						},
						"3.5": {
							"post": [6.39781, -5.96163, 0.11955],
							"lerp_mode": "catmullrom"
						},
						"3.6667": {
							"post": [6.52602, -5.80959, -0.02997],
							"lerp_mode": "catmullrom"
						},
						"4.2333": [6.50082, -5.83846, 0.00031],
						"4.4": [1.19723, -5.38675, 0.94906],
						"4.5": [0, -3.41, 0.2],
						"4.5667": [0, -3.415, 0.1],
						"4.6333": [0, -3.26, 0],
						"4.7": [0, -2.685, 0],
						"4.8333": [0, -2.63, 0],
						"4.8667": [0, 0, 0]
					}
				},
				"gun_and_hand": {
					"rotation": {
						"2.8667": [0, 0, 0],
						"4.5333": [0, 0, 0]
					},
					"position": {
						"2.8667": {
							"pre": [0, 0, 0],
							"post": [0, 0, 0],
							"lerp_mode": "catmullrom"
						},
						"3.2333": {
							"post": [-0.4984, -0.50383, 0.55979],
							"lerp_mode": "catmullrom"
						},
						"3.6667": {
							"post": [-0.60824, -0.55716, 0.65883],
							"lerp_mode": "catmullrom"
						},
						"4.3667": {
							"post": [-0.38641, -0.48904, 0.49367],
							"lerp_mode": "catmullrom"
						},
						"4.5333": {
							"post": [0, 0, 0],
							"lerp_mode": "catmullrom"
						}
					}
				},
				"additional_magazine": {
					"scale": 0
				},
				"charge_handle": {
					"position": {
						"5.5667": [0, 0, 0],
						"5.6333": [0, 0, 2.75],
						"6.1667": [0, 0, 2.75],
						"6.2": [0, 0, 0]
					}
				},
				"dust_cover": {
					"rotation": {
						"1.8333": [0, 0, 0],
						"1.9": [0, 0, 75],
						"1.9333": [0, 0, 180],
						"5.5667": [0, 0, 180],
						"5.6333": [0, 0, 0],
						"5.7": [0, 0, 7],
						"5.7667": [0, 0, 0]
					}
				},
				"MagazineCatch": {
					"position": {
						"2.7": [0, 0, 0],
						"2.7333": [0.125, 0, 0],
						"3.0": [0.125, 0, 0],
						"3.0333": [0, 0, 0],
						"4.8333": [0, 0, 0],
						"4.8667": [0.125, 0, 0],
						"4.9": [0.125, 0, 0],
						"4.9333": [0, 0, 0]
					}
				},
				"bullet": {
					"scale": 0
				},
				"camera": {
					"rotation": {
						"0.0": {
							"post": [0, 0, 0],
							"lerp_mode": "catmullrom"
						},
						"0.2": {
							"post": [0.215, 0, 0],
							"lerp_mode": "catmullrom"
						},
						"0.5333": {
							"post": [3.125, -0.25, 0.8],
							"lerp_mode": "catmullrom"
						},
						"0.7333": {
							"post": [2.745, -0.25, 1],
							"lerp_mode": "catmullrom"
						},
						"1.3333": {
							"post": [3.25, -0.275, 0.8],
							"lerp_mode": "catmullrom"
						},
						"1.6667": {
							"post": [3.08, -0.275, 0.8],
							"lerp_mode": "catmullrom"
						},
						"1.8333": {
							"post": [1.925, -0.275, 0.725],
							"lerp_mode": "catmullrom"
						},
						"2.2667": {
							"post": [1.67, -0.25, 0.725],
							"lerp_mode": "catmullrom"
						},
						"2.5667": {
							"post": [2.79, 0.39, -0.865],
							"lerp_mode": "catmullrom"
						},
						"2.7667": {
							"post": [3.02, 0.44, -1.12],
							"lerp_mode": "catmullrom"
						},
						"2.8": {
							"post": [3.49, 0.42, -1.8],
							"lerp_mode": "catmullrom"
						},
						"2.8333": {
							"post": [3.82, 0.3, -0.325],
							"lerp_mode": "catmullrom"
						},
						"2.9333": {
							"post": [3, -0.42, -1.325],
							"lerp_mode": "catmullrom"
						},
						"3.0333": {
							"post": [3.38, -1.3, -0.72],
							"lerp_mode": "catmullrom"
						},
						"3.1667": {
							"post": [3.225, -2.125, -1.05],
							"lerp_mode": "catmullrom"
						},
						"3.6667": {
							"post": [3.055, -2.375, -1.125],
							"lerp_mode": "catmullrom"
						},
						"4.2333": {
							"post": [3.335, -2.375, -1.125],
							"lerp_mode": "catmullrom"
						},
						"4.5": {
							"post": [2.14, 0.64, -0.81],
							"lerp_mode": "catmullrom"
						},
						"4.5667": {
							"post": [1.63, 1.175, -0.925],
							"lerp_mode": "catmullrom"
						},
						"4.6667": {
							"post": [1.94, 1.19, -0.77],
							"lerp_mode": "catmullrom"
						},
						"4.8333": {
							"post": [1.895, 1.12, -0.85],
							"lerp_mode": "catmullrom"
						},
						"4.8667": {
							"post": [2.33, 1.1, -1.485],
							"lerp_mode": "catmullrom"
						},
						"4.9": {
							"post": [2.62, 1.09, -0.09],
							"lerp_mode": "catmullrom"
						},
						"4.9667": {
							"post": [1.355, 1.06, -1.095],
							"lerp_mode": "catmullrom"
						},
						"5.0667": {
							"post": [1.43, 1.27, -0.61],
							"lerp_mode": "catmullrom"
						},
						"5.2": {
							"post": [0.06, 1.87, -0.22],
							"lerp_mode": "catmullrom"
						},
						"5.3": {
							"post": [-0.945, 2.275, 0.85],
							"lerp_mode": "catmullrom"
						},
						"5.5333": {
							"post": [-1.295, 2.275, 1.125],
							"lerp_mode": "catmullrom"
						},
						"5.5667": {
							"post": [-1.09, 2.26, 0.74],
							"lerp_mode": "catmullrom"
						},
						"5.6333": {
							"post": [-0.55, 2.2, 1.505],
							"lerp_mode": "catmullrom"
						},
						"5.7667": {
							"post": [-0.795, 2.06, 0.57],
							"lerp_mode": "catmullrom"
						},
						"5.9333": {
							"post": [-0.72, 1.925, 0.85],
							"lerp_mode": "catmullrom"
						},
						"6.1667": {
							"post": [-0.8, 2.07, 0.91],
							"lerp_mode": "catmullrom"
						},
						"6.2": {
							"post": [-0.41, 2.1, -0.275],
							"lerp_mode": "catmullrom"
						},
						"6.2333": {
							"post": [-0.145, 2.12, 1.73],
							"lerp_mode": "catmullrom"
						},
						"6.3333": {
							"post": [-1.195, 2.19, 0.36],
							"lerp_mode": "catmullrom"
						},
						"6.4667": {
							"post": [-0.72, 2.225, 1.2],
							"lerp_mode": "catmullrom"
						},
						"6.6": {
							"post": [0.06, 2.02, 1.05],
							"lerp_mode": "catmullrom"
						},
						"6.7": {
							"post": [0.57, 1.86, 0.99],
							"lerp_mode": "catmullrom"
						},
						"6.7667": {
							"post": [0.68, 1.775, 1],
							"lerp_mode": "catmullrom"
						},
						"6.8667": {
							"post": [0.96, 1.8, 1.08],
							"lerp_mode": "catmullrom"
						},
						"7.1": {
							"post": [1.105, 1.725, 1.15],
							"lerp_mode": "catmullrom"
						},
						"7.4": {
							"post": [0.625, 0.25, -0.25],
							"lerp_mode": "catmullrom"
						},
						"7.5333": {
							"post": [-0.225, 0, 0.425],
							"lerp_mode": "catmullrom"
						},
						"7.6": {
							"post": [0.225, 0, -0.45],
							"lerp_mode": "catmullrom"
						},
						"7.7": {
							"post": [-0.15, 0, 0.125],
							"lerp_mode": "catmullrom"
						},
						"7.8333": {
							"post": [0, 0, 0],
							"lerp_mode": "catmullrom"
						}
					}
				},
				"group9": {
					"position": {
						"6.7333": [0, 0, 0],
						"6.7667": [0.13, 0, -0.265],
						"6.8667": [0.13, 0, -0.265],
						"6.9": [0, 0, 0]
					}
				}
			},
			"sound_effects": {
				"0.1667": {
					"effect": "tacz:hk416d/hk416d_inspect_01"
				},
				"0.9": {
					"effect": "tacz:hk416d/hk416d_inspect_02"
				},
				"1.9333": {
					"effect": "tacz:hk416d/hk416d_deadtrigger"
				},
				"2.1": {
					"effect": "tacz:hk416d/hk416d_inspect_03"
				},
				"2.8333": {
					"effect": "tacz:hk416d/hk416d_reload_fast_magout"
				},
				"4.5333": {
					"effect": "tacz:hk416d/hk416d_reload_fast_magin_01"
				},
				"4.8": {
					"effect": "tacz:hk416d/hk416d_reload_empty_magin_02"
				},
				"5.1": {
					"effect": "tacz:hk416d/hk416d_reload_fast_lift"
				},
				"5.5333": {
					"effect": "tacz:hk416d/hk416d_inspect_bolt"
				},
				"5.6": {
					"effect": "tacz:hk416d/hk416d_inspect_finger"
				},
				"6.0333": {
					"effect": "tacz:hk416d/hk416d_inspect_boltrelease"
				},
				"6.2667": {
					"effect": "tacz:hk416d/hk416d_inspect_maginmvt"
				},
				"6.7": {
					"effect": "tacz:hk416d/hk416d_inspect_boltclick"
				},
				"7.1": {
					"effect": "tacz:hk416d/hk416d_inspect_05"
				}
			}
		},
		"inspect_empty": {
			"animation_length": 8.4333,
			"bones": {
				"lefthand": {
					"rotation": {
						"0.0": [96.3949, -30.74097, -137.03831],
						"0.1333": [99.49924, -14.05927, -169.79427],
						"1.8": [99.49924, -14.05927, -169.79427],
						"2.0": [121.60711, -3.77449, -183.61012],
						"2.7667": [121.60711, -3.77449, -183.61012],
						"2.8333": [136.60711, -3.77449, -183.61012],
						"3.4333": [136.60711, -3.77449, -183.61012],
						"5.6333": [121.60711, -3.77449, -183.61012],
						"6.8": [121.60711, -3.77449, -183.61012],
						"7.0333": [132.9235, 10.91028, -234.51153],
						"7.1667": [132.9235, 10.91028, -234.51153],
						"7.6667": [132.92, 10.91, -234.51],
						"7.8": [88.84129, -9.21912, -113.67789],
						"7.9333": [96.3949, -30.74097, -137.03831]
					},
					"position": {
						"0.0": [8.05, -11.75, -5],
						"0.0667": [8.25313, -13.49, -1.07313],
						"0.1333": [8.125, -12.925, -1.62],
						"1.8": [8.125, -12.925, -1.62],
						"1.9": [8.655, -14.745, 0.8],
						"2.0": [5.875, -16.15, 1.43],
						"2.7667": [5.875, -16.15, 1.43],
						"2.8333": [8.13, -16.15, 1.43],
						"3.4333": [8.13, -16.15, 1.43],
						"5.6333": [6.35, -17.85, 1],
						"6.8": [6.35, -17.85, 1],
						"6.9333": [10.38, -16.25, 3.79],
						"7.0333": [8.50671, -9.32734, 7.74259],
						"7.1667": [8.50671, -9.32734, 7.74259],
						"7.2667": [8.51, -9.33, 13.24],
						"7.4667": [8.51, -9.33, 13.24],
						"7.5667": [8.50671, -9.32734, 7.74259],
						"7.6667": [8.50671, -9.32734, 7.74259],
						"7.8": [9.705, -16.33, 2.945],
						"7.8667": [9.53, -12.79, -1.96],
						"7.9333": [8.05, -11.75, -5]
					},
					"scale": [1, 1.5, 1]
				},
				"righthand": {
					"rotation": [91.51126, 6.99759, -179.81584],
					"position": [-6.875, -13.825, 6.8],
					"scale": [1, 1.5, 1]
				},
				"root": {
					"rotation": {
						"0.0": {
							"post": [0, 0, 0],
							"lerp_mode": "catmullrom"
						},
						"0.1": {
							"post": [-2.92794, -1.45516, -4.08685],
							"lerp_mode": "catmullrom"
						},
						"0.2": {
							"post": [-6.23342, -0.06771, 6.84998],
							"lerp_mode": "catmullrom"
						},
						"0.2667": {
							"post": [-15.68551, 2.7218, 27.95326],
							"lerp_mode": "catmullrom"
						},
						"0.3667": {
							"post": [-26.33751, 20.61309, 45.54135],
							"lerp_mode": "catmullrom"
						},
						"0.4333": {
							"post": [-28.00547, 42.56983, 66.19136],
							"lerp_mode": "catmullrom"
						},
						"0.6": {
							"post": [-29.45998, 42.56019, 63.40711],
							"lerp_mode": "catmullrom"
						},
						"0.9": {
							"post": [-29.08729, 42.57667, 64.83091],
							"lerp_mode": "catmullrom"
						},
						"1.0667": {
							"post": [-25.18663, 45.11926, 71.68477],
							"lerp_mode": "catmullrom"
						},
						"1.2": {
							"post": [-25.55721, 45.49448, 71.72208],
							"lerp_mode": "catmullrom"
						},
						"1.4": {
							"post": [-26.235, 46.0275, 71.58375],
							"lerp_mode": "catmullrom"
						},
						"1.6333": {
							"post": [-26.91569, 45.1771, 70.74864],
							"lerp_mode": "catmullrom"
						},
						"1.7667": {
							"post": [-28.53, 34.325, 54.2375],
							"lerp_mode": "catmullrom"
						},
						"1.9": {
							"post": [-31.695, -6.02, -4.4475],
							"lerp_mode": "catmullrom"
						},
						"2.0333": {
							"post": [-31.7077, -20.32777, -27.91905],
							"lerp_mode": "catmullrom"
						},
						"2.1667": {
							"post": [-33.13341, -18.48017, -29.52559],
							"lerp_mode": "catmullrom"
						},
						"2.2333": {
							"post": [-29.24259, -20.6357, -35.75424],
							"lerp_mode": "catmullrom"
						},
						"2.3333": {
							"post": [-31.75318, -20.27906, -31.83003],
							"lerp_mode": "catmullrom"
						},
						"2.4667": {
							"post": [-30.87104, -20.98924, -33.51461],
							"lerp_mode": "catmullrom"
						},
						"2.7": {
							"post": [-30.96973, -20.31933, -32.90717],
							"lerp_mode": "catmullrom"
						},
						"3.1": {
							"post": [-31.19165, -20.8001, -33.83378],
							"lerp_mode": "catmullrom"
						},
						"3.4667": {
							"post": [-31.56, -19.59, -34.19],
							"lerp_mode": "catmullrom"
						},
						"3.6333": {
							"post": [-26.23638, -11.60253, -27.58239],
							"lerp_mode": "catmullrom"
						},
						"3.8": {
							"post": [-22.5484, -9.34587, -19.61706],
							"lerp_mode": "catmullrom"
						},
						"4.0": {
							"post": [-27.50449, 17.41323, 43.80724],
							"lerp_mode": "catmullrom"
						},
						"4.2": {
							"post": [-29.845, 28.53875, 55.025],
							"lerp_mode": "catmullrom"
						},
						"4.3333": {
							"post": [-29.56373, 29.96896, 57.57586],
							"lerp_mode": "catmullrom"
						},
						"4.4667": {
							"post": [-29.02324, 30.06323, 58.84474],
							"lerp_mode": "catmullrom"
						},
						"4.5333": {
							"post": [-29.30998, 32.16448, 61.3307],
							"lerp_mode": "catmullrom"
						},
						"4.6333": {
							"post": [-27.94694, 32.48368, 60.37904],
							"lerp_mode": "catmullrom"
						},
						"4.7": {
							"post": [-30.26565, 30.16774, 55.4556],
							"lerp_mode": "catmullrom"
						},
						"4.7667": {
							"post": [-30.02769, 30.4145, 55.94489],
							"lerp_mode": "catmullrom"
						},
						"4.8333": {
							"post": [-28.83883, 31.9124, 59.07239],
							"lerp_mode": "catmullrom"
						},
						"4.9333": {
							"post": [-30.43011, 30.04981, 55.22071],
							"lerp_mode": "catmullrom"
						},
						"5.0": {
							"post": [-29.28567, 31.15137, 57.44079],
							"lerp_mode": "catmullrom"
						},
						"5.1": {
							"post": [-28.91161, 31.56009, 58.2915],
							"lerp_mode": "catmullrom"
						},
						"5.1333": {
							"post": [-28.74813, 32.35437, 60.0253],
							"lerp_mode": "catmullrom"
						},
						"5.2": {
							"post": [-29.46004, 31.07145, 57.28422],
							"lerp_mode": "catmullrom"
						},
						"5.3": {
							"post": [-29.3152, 32.25841, 59.90051],
							"lerp_mode": "catmullrom"
						},
						"5.4333": {
							"post": [-30.17656, 31.59507, 58.41255],
							"lerp_mode": "catmullrom"
						},
						"5.5333": {
							"post": [-29.76875, 24.00375, 43.845],
							"lerp_mode": "catmullrom"
						},
						"5.7333": {
							"post": [-20.09433, -7.32392, -25.26456],
							"lerp_mode": "catmullrom"
						},
						"5.9": {
							"post": [-25.22, -16.29, -34.39],
							"lerp_mode": "catmullrom"
						},
						"6.0333": {
							"post": [-31.10621, -20.96141, -34.23635],
							"lerp_mode": "catmullrom"
						},
						"6.2": {
							"post": [-27.57602, -24.53818, -41.79788],
							"lerp_mode": "catmullrom"
						},
						"6.3": {
							"post": [-27.47758, -23.75677, -39.95647],
							"lerp_mode": "catmullrom"
						},
						"6.4667": {
							"post": [-27.46216, -24.37922, -41.42702],
							"lerp_mode": "catmullrom"
						},
						"6.5333": {
							"post": [-29.07756, -20.82572, -33.81444],
							"lerp_mode": "catmullrom"
						},
						"6.5667": {
							"post": [-26.04941, -24.49362, -42.11922],
							"lerp_mode": "catmullrom"
						},
						"6.6333": {
							"post": [-30.91574, -20.60051, -33.59982],
							"lerp_mode": "catmullrom"
						},
						"6.7333": {
							"post": [-27.63971, -21.78786, -35.79446],
							"lerp_mode": "catmullrom"
						},
						"6.8667": {
							"post": [-19.49668, -11.19785, -23.23037],
							"lerp_mode": "catmullrom"
						},
						"7.0": {
							"post": [-7.74481, -0.25471, 1.39865],
							"lerp_mode": "catmullrom"
						},
						"7.2": {
							"post": [-5.28, 2.64, 12.09],
							"lerp_mode": "catmullrom"
						},
						"7.2333": {
							"post": [-5.51, 1.9, 13.01],
							"lerp_mode": "catmullrom"
						},
						"7.2667": {
							"post": [-5.75363, 1.33079, 11.00024],
							"lerp_mode": "catmullrom"
						},
						"7.3": {
							"post": [-5.73845, 1.94936, 12.9322],
							"lerp_mode": "catmullrom"
						},
						"7.3667": {
							"post": [-5.93618, 2.73767, 11.28312],
							"lerp_mode": "catmullrom"
						},
						"7.4333": {
							"post": [-6.13568, 2.46194, 11.89363],
							"lerp_mode": "catmullrom"
						},
						"7.5333": {
							"post": [-6.40389, 1.73482, 12.36268],
							"lerp_mode": "catmullrom"
						},
						"7.6667": {
							"post": [-5.86981, 1.24529, 10.19865],
							"lerp_mode": "catmullrom"
						},
						"7.7333": {
							"post": [-2.82, 0.41, 6.84],
							"lerp_mode": "catmullrom"
						},
						"7.8667": {
							"post": [-1.25465, -0.85991, 0.99261],
							"lerp_mode": "catmullrom"
						},
						"7.9667": {
							"post": [-0.71699, -0.7512, -1.37103],
							"lerp_mode": "catmullrom"
						},
						"8.0667": {
							"post": [1, -0.43, -2.52],
							"lerp_mode": "catmullrom"
						},
						"8.1": {
							"post": [0, 0, 1.35],
							"lerp_mode": "catmullrom"
						},
						"8.2": {
							"post": [0, 0, -0.7375],
							"lerp_mode": "catmullrom"
						},
						"8.3": {
							"post": [0, 0, -0.53125],
							"lerp_mode": "catmullrom"
						},
						"8.4333": {
							"post": [0, 0, 0],
							"lerp_mode": "catmullrom"
						}
					},
					"position": {
						"0.0": {
							"post": [0, 0, 0],
							"lerp_mode": "catmullrom"
						},
						"0.1": {
							"post": [0.08, -0.895, 0],
							"lerp_mode": "catmullrom"
						},
						"0.2333": {
							"post": [-0.15, -0.29, -0.76],
							"lerp_mode": "catmullrom"
						},
						"0.3333": {
							"post": [-0.395, 1.03, -1.545],
							"lerp_mode": "catmullrom"
						},
						"0.4333": {
							"post": [-0.665, 1.425, -1.86],
							"lerp_mode": "catmullrom"
						},
						"0.5667": {
							"post": [-0.515, 1.3, -1.525],
							"lerp_mode": "catmullrom"
						},
						"0.7": {
							"post": [-0.59, 1.425, -1.63],
							"lerp_mode": "catmullrom"
						},
						"0.9": {
							"post": [-0.69, 1.425, -1.575],
							"lerp_mode": "catmullrom"
						},
						"1.1667": {
							"post": [-0.665, 1.225, -1.57],
							"lerp_mode": "catmullrom"
						},
						"1.4333": {
							"post": [-0.615, 1.38, -1.585],
							"lerp_mode": "catmullrom"
						},
						"1.6333": {
							"post": [-0.59, 1.4, -1.575],
							"lerp_mode": "catmullrom"
						},
						"1.7333": {
							"post": [-0.765, 0.795, -1.455],
							"lerp_mode": "catmullrom"
						},
						"1.8667": {
							"post": [-0.775, 0.005, -1.205],
							"lerp_mode": "catmullrom"
						},
						"2.0": {
							"post": [-0.74, 0.87, -0.98],
							"lerp_mode": "catmullrom"
						},
						"2.1667": {
							"post": [-0.485, 0.72, -0.98],
							"lerp_mode": "catmullrom"
						},
						"2.2333": {
							"post": [-1.035, 1.345, -1.03],
							"lerp_mode": "catmullrom"
						},
						"2.4": {
							"post": [-1.025, 1.025, -0.98],
							"lerp_mode": "catmullrom"
						},
						"2.6": {
							"post": [-0.81, 0.87, -0.98],
							"lerp_mode": "catmullrom"
						},
						"2.9": {
							"post": [-1.01, 0.735, -0.98],
							"lerp_mode": "catmullrom"
						},
						"3.2333": {
							"post": [-0.86, 1.045, -0.98],
							"lerp_mode": "catmullrom"
						},
						"3.5": {
							"post": [-0.84, 0.84, -0.98],
							"lerp_mode": "catmullrom"
						},
						"3.7": {
							"post": [-0.81, 0.89, -1.23],
							"lerp_mode": "catmullrom"
						},
						"3.8667": {
							"post": [-0.64, 0.425, -1.465],
							"lerp_mode": "catmullrom"
						},
						"4.0333": {
							"post": [-0.61, 1.02, -2.39],
							"lerp_mode": "catmullrom"
						},
						"4.2": {
							"post": [-0.56, 1.5875, -2.59],
							"lerp_mode": "catmullrom"
						},
						"4.3333": {
							"post": [-0.44, 1.52, -2.57],
							"lerp_mode": "catmullrom"
						},
						"4.4333": {
							"post": [-0.31, 1.6425, -2.655],
							"lerp_mode": "catmullrom"
						},
						"4.5333": {
							"post": [-0.31, 2.28625, -2.60375],
							"lerp_mode": "catmullrom"
						},
						"4.5667": {
							"post": [-0.31, 2.24125, -2.595],
							"lerp_mode": "catmullrom"
						},
						"4.6": {
							"post": [-0.31, 2.24125, -2.605],
							"lerp_mode": "catmullrom"
						},
						"4.7333": {
							"post": [-0.3, 1.83, -2.625],
							"lerp_mode": "catmullrom"
						},
						"4.8333": {
							"post": [-0.29, 2.12, -2.635],
							"lerp_mode": "catmullrom"
						},
						"4.8667": {
							"post": [-0.29, 2.025, -2.635],
							"lerp_mode": "catmullrom"
						},
						"4.9333": {
							"post": [-0.29, 1.73, -2.645],
							"lerp_mode": "catmullrom"
						},
						"5.0": {
							"post": [-0.28, 1.765, -2.655],
							"lerp_mode": "catmullrom"
						},
						"5.1": {
							"post": [-0.27, 2.05, -2.665],
							"lerp_mode": "catmullrom"
						},
						"5.1333": {
							"post": [-0.26, 2, -2.675],
							"lerp_mode": "catmullrom"
						},
						"5.1667": {
							"post": [-0.25, 2.01, -2.685],
							"lerp_mode": "catmullrom"
						},
						"5.2667": {
							"post": [-0.24, 2.05, -2.695],
							"lerp_mode": "catmullrom"
						},
						"5.3333": {
							"post": [-0.24, 2.12, -2.695],
							"lerp_mode": "catmullrom"
						},
						"5.4333": {
							"post": [-0.23, 1.69125, -2.705],
							"lerp_mode": "catmullrom"
						},
						"5.5": {
							"post": [-0.24, 1.18125, -2.705],
							"lerp_mode": "catmullrom"
						},
						"5.6": {
							"post": [-0.23, -0.335, -1.85],
							"lerp_mode": "catmullrom"
						},
						"5.7": {
							"post": [-0.215, 0.07, -0.98],
							"lerp_mode": "catmullrom"
						},
						"5.8": {
							"post": [-0.21, 0.3425, -0.86],
							"lerp_mode": "catmullrom"
						},
						"6.0": {
							"post": [-0.215, 0.17, -0.98],
							"lerp_mode": "catmullrom"
						},
						"6.3": {
							"post": [-0.265, 0.595, -0.98],
							"lerp_mode": "catmullrom"
						},
						"6.4": {
							"post": [-0.205, 0.66, -0.98],
							"lerp_mode": "catmullrom"
						},
						"6.4667": {
							"post": [-0.265, 0.645, -0.98],
							"lerp_mode": "catmullrom"
						},
						"6.5333": {
							"post": [0.11, -0.08, -0.98],
							"lerp_mode": "catmullrom"
						},
						"6.5667": {
							"post": [0.15, 0.08, -0.98],
							"lerp_mode": "catmullrom"
						},
						"6.6667": {
							"post": [0.01, -0.13, -0.98],
							"lerp_mode": "catmullrom"
						},
						"6.8": {
							"post": [-0.09, -0.08, -0.98],
							"lerp_mode": "catmullrom"
						},
						"6.9": {
							"post": [-0.29, -0.67, -0.88],
							"lerp_mode": "catmullrom"
						},
						"7.0333": {
							"post": [-0.225, -0.45, -0.56875],
							"lerp_mode": "catmullrom"
						},
						"7.1667": {
							"post": [-0.22, -0.385, -0.53],
							"lerp_mode": "catmullrom"
						},
						"7.2333": {
							"post": [-0.245, -0.54, -0.945],
							"lerp_mode": "catmullrom"
						},
						"7.3333": {
							"post": [-0.305, -0.525, -0.935],
							"lerp_mode": "catmullrom"
						},
						"7.4667": {
							"post": [-0.265, -0.58, -1.025],
							"lerp_mode": "catmullrom"
						},
						"7.5333": {
							"post": [-0.275, -0.56, -0.835],
							"lerp_mode": "catmullrom"
						},
						"7.6333": {
							"post": [-0.25, -0.55, -0.86875],
							"lerp_mode": "catmullrom"
						},
						"7.7": {
							"post": [-0.19, -0.7, -1.03],
							"lerp_mode": "catmullrom"
						},
						"7.8333": {
							"post": [-0.07, -0.91, -1.355],
							"lerp_mode": "catmullrom"
						},
						"7.9667": {
							"post": [0, -1.025, -1.85],
							"lerp_mode": "catmullrom"
						},
						"8.0667": {
							"post": [0, -0.10625, 0.15],
							"lerp_mode": "catmullrom"
						},
						"8.2": {
							"post": [0, 0, -0.11875],
							"lerp_mode": "catmullrom"
						},
						"8.3667": {
							"post": [0, 0, 0],
							"lerp_mode": "catmullrom"
						}
					}
				},
				"magazine_and_hand": {
					"rotation": {
						"2.1667": [0, 0, 0],
						"2.2333": {
							"pre": [0, 0, 0],
							"post": [0, 0, 0],
							"lerp_mode": "catmullrom"
						},
						"2.3": {
							"post": [9.203, -2.00169, -11.09877],
							"lerp_mode": "catmullrom"
						},
						"2.3667": {
							"post": [-2.89032, -3.53535, 2.06985],
							"lerp_mode": "catmullrom"
						},
						"2.4333": {
							"post": [-7.58646, -4.0264, 8.70465],
							"lerp_mode": "catmullrom"
						},
						"2.6": [-7.67616, -5.11571, 9.98963],
						"2.7667": [-7.70946, -6.83347, 10.3497],
						"2.8667": [31.2, 12.59, 75.22],
						"2.9333": [44.51426, 20.8106, 112.23175],
						"3.1": [47.07875, 23.37875, 119.41],
						"3.2": [46.71, 22.28, 118.59],
						"3.3333": [46.2225, 20.81, 117.48875],
						"3.4333": [45.65, 20.81, 117.35],
						"3.5333": {
							"pre": [20.7, 16.47, 27.02],
							"post": [20.7, 16.47, 27.02],
							"lerp_mode": "catmullrom"
						},
						"3.6": {
							"post": [5.73056, 13.86361, -27.17426],
							"lerp_mode": "catmullrom"
						},
						"5.7333": {
							"post": [5.73056, 13.86361, -27.17426],
							"lerp_mode": "catmullrom"
						},
						"6.0": [1.29145, -9.7762, 1.48473],
						"6.0667": [5.1433, -1.20887, -5.04347],
						"6.1333": [-0.42363, -0.10462, -1.49635],
						"6.2667": [0, 0, 0],
						"6.3333": [0, 0, 0],
						"6.4667": [0, 0, 0],
						"6.5333": [0, 0, 0]
					},
					"position": {
						"2.1667": [0, 0, 0],
						"2.2333": {
							"pre": [0.175, -7.06, 0.97],
							"post": [0.175, -7.06, 0.97],
							"lerp_mode": "catmullrom"
						},
						"2.3": {
							"post": [2.05719, -9.57491, 1.73318],
							"lerp_mode": "catmullrom"
						},
						"2.3667": {
							"post": [4.04785, -7.1694, 1.1623],
							"lerp_mode": "catmullrom"
						},
						"2.4667": {
							"post": [4.90917, -6.70004, 0.75521],
							"lerp_mode": "catmullrom"
						},
						"2.6333": {
							"post": [5.09526, -5.89847, 0.88375],
							"lerp_mode": "catmullrom"
						},
						"2.7667": {
							"post": [5.26583, -5.67508, 0.71231],
							"lerp_mode": "catmullrom"
						},
						"2.9": {
							"post": [6.39781, -5.96163, 0.11955],
							"lerp_mode": "catmullrom"
						},
						"3.0667": [6.52602, -5.80959, -0.02997],
						"3.2": [6.52, -5.82, -0.02],
						"3.3": [6.52, -5.82, -0.02],
						"3.4": [6.51, -5.82, -0.02],
						"3.5": {
							"pre": [3.61, -7.62, 3.03],
							"post": [3.61, -7.62, 3.03],
							"lerp_mode": "catmullrom"
						},
						"3.6": {
							"post": [-2.19156, -11.22691, 9.13499],
							"lerp_mode": "catmullrom"
						},
						"3.8333": [4.32319, -7.75804, 9.80502],
						"3.9333": [8.09672, -1.23486, 8.28932],
						"4.0333": [6.4886, 3.82814, 6.55342],
						"4.1": [3.1318, 5.33273, 5.64785],
						"4.1667": [0.5206, 6.19833, 6.32249],
						"4.3": [0.5206, 6.19833, 6.32249],
						"4.4333": [0.5206, 6.19833, 6.32249],
						"4.4667": [0.625, 6.255, 6.415],
						"4.5667": [0.625, 6.255, 11.415],
						"4.6333": [0.625, 6.255, 11.415],
						"4.7": [0.625, 6.255, 6.415],
						"4.8": [0.625, 6.255, 6.415],
						"4.8667": [0.625, 6.255, 11.415],
						"4.9333": [0.625, 6.255, 11.415],
						"5.0333": [0.625, 6.255, 6.415],
						"5.1333": [0.625, 6.255, 11.415],
						"5.2": [0.625, 6.255, 11.415],
						"5.3": [0.625, 6.255, 6.415],
						"5.4333": [0.625, 6.255, 6.415],
						"5.5667": [9.85859, 6.06658, 9.51346],
						"5.7333": {
							"pre": [-2.19156, -11.22691, 9.13499],
							"post": [-2.19156, -11.22691, 9.13499],
							"lerp_mode": "catmullrom"
						},
						"6.0667": [0.10286, -5.38675, 0.94906],
						"6.1333": [0.29625, -3.245, -0.105],
						"6.1667": [0.17125, -3.15125, -0.105],
						"6.2667": [0.14, -3.16, -0.3],
						"6.3": [0.14, -3.12125, -0.3],
						"6.3333": [0.00688, -3.00437, -0.3],
						"6.4": [-0.15625, -3.00437, -0.3],
						"6.4667": [0, -2.89, 0],
						"6.5333": [0, 0, 0]
					}
				},
				"gun_and_hand": {
					"rotation": {
						"2.2667": [0, 0, 0],
						"3.8333": [0, 0, 0]
					},
					"position": {
						"2.2667": {
							"pre": [0, 0, 0],
							"post": [0, 0, 0],
							"lerp_mode": "catmullrom"
						},
						"2.6333": {
							"post": [-0.4984, -0.50383, 0.55979],
							"lerp_mode": "catmullrom"
						},
						"3.0667": {
							"post": [-0.60824, -0.55716, 0.65883],
							"lerp_mode": "catmullrom"
						},
						"3.4667": {
							"post": [-0.60824, -0.55716, 0.65883],
							"lerp_mode": "catmullrom"
						},
						"3.8333": {
							"post": [0, 0, 0],
							"lerp_mode": "catmullrom"
						}
					}
				},
				"additional_magazine": {
					"scale": 0
				},
				"charge_handle": {
					"position": {
						"4.4667": [0, 0, 0],
						"4.5667": [0, 0, 4.85],
						"4.6333": [0, 0, 4.85],
						"4.7": [0, 0, 0],
						"4.8": [0, 0, 0],
						"4.8667": [0, 0, 4.85],
						"4.9333": [0, 0, 4.85],
						"5.0333": [0, 0, 0],
						"5.1333": [0, 0, 4.85],
						"5.2": [0, 0, 4.85],
						"5.3": [0, 0, 0],
						"7.1667": [0, 0, 0],
						"7.2667": [0, 0, 4.85],
						"7.4667": [0, 0, 4.85],
						"7.5667": [0, 0, 0]
					}
				},
				"MagazineCatch": {
					"position": {
						"0.0": [0, 0, 0],
						"2.0667": [0, 0, 0],
						"2.1": [0.125, 0, 0],
						"2.4": [0.125, 0, 0],
						"2.4333": [0, 0, 0],
						"6.4667": [0, 0, 0],
						"6.5": [0.125, 0, 0],
						"6.5333": [0.125, 0, 0],
						"6.5667": [0, 0, 0]
					}
				},
				"magazine_bullet": {
					"scale": {
						"3.6": [1, 1, 1],
						"3.6333": {
							"pre": [1, 1, 1],
							"post": [0, 0, 0]
						},
						"5.7333": [0, 0, 0],
						"5.8": {
							"pre": [0, 0, 0],
							"post": [1, 1, 1]
						}
					}
				},
				"416d_bolt": {
					"position": {
						"0.0": [0, 0, 5],
						"4.4667": [0, 0, 5],
						"4.5667": [0, 0, 0],
						"7.4667": [0, 0, 0],
						"7.5667": [0, 0, 5]
					}
				},
				"release": {
					"rotation": {
						"0.0": [0, 0, 17.5],
						"4.5": [0, 0, 17.5],
						"4.5333": [0, 0, 0],
						"7.2333": [0, 0, 0],
						"7.2667": [0, 0, 17.5]
					}
				},
				"bullet": {
					"scale": 0
				},
				"camera": {
					"relative_to": {
						"rotation": "entity"
					},
					"rotation": {
						"0.0": {
							"post": [0, 0, 0],
							"lerp_mode": "catmullrom"
						},
						"0.2": {
							"post": [0.215, 0, 0],
							"lerp_mode": "catmullrom"
						},
						"0.5333": {
							"post": [3.125, -0.25, 0.8],
							"lerp_mode": "catmullrom"
						},
						"0.7333": {
							"post": [2.745, -0.25, 1],
							"lerp_mode": "catmullrom"
						},
						"1.6667": {
							"post": [1.67, -0.25, 0.725],
							"lerp_mode": "catmullrom"
						},
						"1.9667": {
							"post": [2.79, 0.39, -0.865],
							"lerp_mode": "catmullrom"
						},
						"2.1667": {
							"post": [3.02, 0.44, -1.12],
							"lerp_mode": "catmullrom"
						},
						"2.2": {
							"post": [3.49, 0.42, -1.8],
							"lerp_mode": "catmullrom"
						},
						"2.2333": {
							"post": [3.82, 0.3, -0.325],
							"lerp_mode": "catmullrom"
						},
						"2.3333": {
							"post": [3, -0.42, -1.325],
							"lerp_mode": "catmullrom"
						},
						"2.4333": {
							"post": [3.38, -1.3, -0.72],
							"lerp_mode": "catmullrom"
						},
						"2.5667": {
							"post": [3.225, -2.125, -1.05],
							"lerp_mode": "catmullrom"
						},
						"3.0667": {
							"post": [3.055, -2.375, -1.125],
							"lerp_mode": "catmullrom"
						},
						"3.4667": {
							"post": [3.06, -2.38, -1.12],
							"lerp_mode": "catmullrom"
						},
						"3.7333": {
							"post": [4.16, -2.38, -1.12],
							"lerp_mode": "catmullrom"
						},
						"3.9333": {
							"post": [3.81, -1.78, 0.43],
							"lerp_mode": "catmullrom"
						},
						"4.2333": {
							"post": [-0.135, 0.82, 1.155],
							"lerp_mode": "catmullrom"
						},
						"4.4667": {
							"post": [-0.35, 1.06, 1.25],
							"lerp_mode": "catmullrom"
						},
						"4.5": {
							"post": [-0.02, 1.07, 0.685],
							"lerp_mode": "catmullrom"
						},
						"4.5333": {
							"post": [0.25, 1.05, 1.61],
							"lerp_mode": "catmullrom"
						},
						"4.6": {
							"post": [-0.505, 1.05, 0.82],
							"lerp_mode": "catmullrom"
						},
						"4.7": {
							"post": [0.08, 1.05, 1.63],
							"lerp_mode": "catmullrom"
						},
						"4.7667": {
							"post": [-0.105, 1.06, 1.075],
							"lerp_mode": "catmullrom"
						},
						"4.8333": {
							"post": [0.14, 1.07, 1.495],
							"lerp_mode": "catmullrom"
						},
						"4.8667": {
							"post": [0.38, 1.08, 1.09],
							"lerp_mode": "catmullrom"
						},
						"4.9": {
							"post": [0.5, 1.08, 2.04],
							"lerp_mode": "catmullrom"
						},
						"4.9667": {
							"post": [-0.245, 1.08, 0.9],
							"lerp_mode": "catmullrom"
						},
						"5.0667": {
							"post": [0.16, 1.08, 1.36],
							"lerp_mode": "catmullrom"
						},
						"5.1": {
							"post": [0.12, 1.08, 0.805],
							"lerp_mode": "catmullrom"
						},
						"5.1333": {
							"post": [0.08, 1.08, 1.905],
							"lerp_mode": "catmullrom"
						},
						"5.2": {
							"post": [0.485, 1.08, 1.24],
							"lerp_mode": "catmullrom"
						},
						"5.2667": {
							"post": [-0.53, 1.08, 1.675],
							"lerp_mode": "catmullrom"
						},
						"5.3667": {
							"post": [-0.21, 1.06, 1.38],
							"lerp_mode": "catmullrom"
						},
						"5.4667": {
							"post": [-0.14, 0.82, 1.155],
							"lerp_mode": "catmullrom"
						},
						"5.9": {
							"post": [1.585, -1.305, -1.12],
							"lerp_mode": "catmullrom"
						},
						"6.1333": {
							"post": [1.83, -1.45, -1.27],
							"lerp_mode": "catmullrom"
						},
						"6.2": {
							"post": [2.025, -1.43, -1.55],
							"lerp_mode": "catmullrom"
						},
						"6.2667": {
							"post": [1.76, -1.37, -0.93],
							"lerp_mode": "catmullrom"
						},
						"6.4": {
							"post": [1.865, -1.305, -1.12],
							"lerp_mode": "catmullrom"
						},
						"6.5333": {
							"post": [1.91, -1.33, -1.13],
							"lerp_mode": "catmullrom"
						},
						"6.5667": {
							"post": [2.25, -1.34, -1.68],
							"lerp_mode": "catmullrom"
						},
						"6.6": {
							"post": [2.49, -1.35, -0.665],
							"lerp_mode": "catmullrom"
						},
						"6.6667": {
							"post": [1.67, -1.38, -1.385],
							"lerp_mode": "catmullrom"
						},
						"6.7667": {
							"post": [2.005, -1.42, -1.005],
							"lerp_mode": "catmullrom"
						},
						"6.8667": {
							"post": [1.77, -1.305, -1.12],
							"lerp_mode": "catmullrom"
						},
						"7.1": {
							"post": [0.42, -0.29, -0.55],
							"lerp_mode": "catmullrom"
						},
						"7.1667": {
							"post": [0.27, -0.105, -0.445],
							"lerp_mode": "catmullrom"
						},
						"7.2333": {
							"post": [0.665, -0.03, 0.265],
							"lerp_mode": "catmullrom"
						},
						"7.3": {
							"post": [0.215, -0.04, -1.145],
							"lerp_mode": "catmullrom"
						},
						"7.4": {
							"post": [0.44, -0.06, 0],
							"lerp_mode": "catmullrom"
						},
						"7.5333": {
							"post": [0.27, -0.105, -0.445],
							"lerp_mode": "catmullrom"
						},
						"7.6667": {
							"post": [-0.14, -0.14, -0.055],
							"lerp_mode": "catmullrom"
						},
						"7.8333": {
							"post": [-0.43, -0.155, -0.345],
							"lerp_mode": "catmullrom"
						},
						"8.0": {
							"post": [0.26, -0.02, 0.025],
							"lerp_mode": "catmullrom"
						},
						"8.0667": {
							"post": [0.42, 0.02, -0.27],
							"lerp_mode": "catmullrom"
						},
						"8.1333": {
							"post": [-0.305, 0.02, 0.405],
							"lerp_mode": "catmullrom"
						},
						"8.2333": {
							"post": [0.19, 0.02, -0.145],
							"lerp_mode": "catmullrom"
						},
						"8.3333": {
							"post": [0, 0, 0],
							"lerp_mode": "catmullrom"
						}
					}
				}
			},
			"sound_effects": {
				"0.1667": {
					"effect": "tacz:hk416d/hk416d_inspect_01"
				},
				"0.9": {
					"effect": "tacz:hk416d/hk416d_inspect_02"
				},
				"2.1667": {
					"effect": "tacz:hk416d/hk416d_reload_empty_fast_xmaglrg_magout"
				},
				"3.4667": {
					"effect": "tacz:hk416d/hk416d_hybrid01_off_arm"
				},
				"3.8333": {
					"effect": "tacz:hk416d/hk416d_reload_empty_rattle"
				},
				"4.4333": {
					"effect": "tacz:hk416d/hk416d_inspect_empty_rack"
				},
				"5.3333": {
					"effect": "tacz:hk416d/hk416d_inspect_03"
				},
				"6.2": {
					"effect": "tacz:hk416d/hk416d_reload_empty_xmag_maghit"
				},
				"6.4667": {
					"effect": "tacz:hk416d/hk416d_reload_empty_fast_xmaglrg_magin"
				},
				"7.1": {
					"effect": "tacz:hk416d/hk416d_inspect_empty_charge"
				},
				"7.2333": {
					"effect": "tacz:hk416d/hk416d_inspect_empty_handle"
				},
				"7.6": {
					"effect": "tacz:hk416d/hk416d_inspect_05"
				}
			}
		},
		"draw": {
			"animation_length": 0.7843,
			"bones": {
				"root": {
					"rotation": {
						"0.0": [30.00673, -2.0705, -27.00752],
						"0.3137": {
							"pre": [1.26636, -2.72255, -1.21189],
							"post": [1.26636, -2.72255, -1.21189],
							"lerp_mode": "catmullrom"
						},
						"0.549": {
							"post": [-0.065, -0.095, 0.79],
							"lerp_mode": "catmullrom"
						},
						"0.6667": {
							"post": [0, -0.03, 0.1],
							"lerp_mode": "catmullrom"
						},
						"0.7843": [0, 0, 0]
					},
					"position": {
						"0.0": [0.0625, -3.14062, 13.32813],
						"0.1961": {
							"pre": [0.275, -1.45, -0.38438],
							"post": [0.275, -1.45, -0.38438],
							"lerp_mode": "catmullrom"
						},
						"0.3529": {
							"post": [0.09, -0.56, -1.2],
							"lerp_mode": "catmullrom"
						},
						"0.4706": {
							"post": [-0.05, -0.075, 0.265],
							"lerp_mode": "catmullrom"
						},
						"0.5882": {
							"post": [0, 0, 0],
							"lerp_mode": "catmullrom"
						},
						"0.7451": {
							"post": [0, 0, 0],
							"lerp_mode": "catmullrom"
						}
					}
				},
				"lefthand": {
					"rotation": {
						"0.0": [92.44585, -22.23047, -119.50882],
						"0.2353": [96.3949, -30.74097, -137.03831]
					},
					"position": {
						"0.0": [15.57, -23.23, -4.95],
						"0.2353": [8.05, -11.75, -5]
					},
					"scale": [1, 1.5, 1]
				},
				"righthand": {
					"rotation": [91.51126, 6.99759, -179.81584],
					"position": [-6.875, -13.825, 6.8],
					"scale": [1, 1.5, 1]
				},
				"camera": {
					"rotation": {
						"0.0": {
							"post": [0, 0, 0],
							"lerp_mode": "catmullrom"
						},
						"0.1961": {
							"post": [0.225, -0.2, -0.375],
							"lerp_mode": "catmullrom"
						},
						"0.4314": {
							"post": [-0.22, 0.15, 0.1],
							"lerp_mode": "catmullrom"
						},
						"0.5882": {
							"post": [0.03, 0, -0.02],
							"lerp_mode": "catmullrom"
						},
						"0.7451": {
							"post": [0, 0, 0],
							"lerp_mode": "catmullrom"
						}
					}
				}
			},
			"sound_effects": {
				"0.0": {
					"effect": "m4a1_raise_v2"
				}
			}
		},
		"shoot": {
			"animation_length": 0.8333,
			"bones": {
				"lefthand": {
					"position": [0, 0, 0]
				},
				"root": {
					"rotation": {
						"0.0": [0, 0, 0],
						"0.0333": [-2.47, 0, 1.3],
						"0.0667": [-1.79, 0, 0.18],
						"0.1": [-1.44, 0, -0.27],
						"0.1333": [-0.87, 0, -0.81],
						"0.1667": [-0.12, 0, 0.48],
						"0.2": [-0.05, 0, 0.3],
						"0.2333": [-0.01, 0, -0.54],
						"0.2667": [0.11, 0.01, -0.56],
						"0.3": [0.16, 0.01, -0.35],
						"0.3333": [0.26, 0.01, 0.07],
						"0.3667": [0.35, -0.07, 0.13],
						"0.4": [0.36, -0.11, 0.04],
						"0.4333": [0.38, -0.18, -0.13],
						"0.4667": [0.36, -0.13, -0.07],
						"0.5": [0.34, -0.08, 0.02],
						"0.5333": [0.3, 0.03, 0.18],
						"0.5667": [0.23, 0.1, 0.27],
						"0.6": [0.2, 0.1, 0.25],
						"0.6333": [0.13, 0.07, 0.17],
						"0.6667": [0.03, 0.02, 0.03],
						"0.7": [0.01, 0.01, -0.01],
						"0.7333": [-0.02, -0.01, -0.04],
						"0.7667": [-0.02, -0.01, -0.03],
						"0.8": [-0.01, 0, -0.02],
						"0.8333": [0, 0, 0]
					},
					"position": {
						"0.0": [0, 0, 0],
						"0.0333": [0, -0.07, 2.29],
						"0.0667": [0, -0.05, 1.6],
						"0.1": [0, -0.05, 1.29],
						"0.1333": [0, -0.08, 0.64],
						"0.1667": [0, -0.15, -0.32],
						"0.2": [0, -0.15, -0.35],
						"0.2333": [0, -0.14, -0.35],
						"0.2667": [0, -0.12, -0.25],
						"0.3": [0, -0.11, -0.21],
						"0.3333": [0, -0.09, -0.11],
						"0.3667": [0, -0.07, 0],
						"0.4": [0, -0.06, 0.02],
						"0.4333": [0, -0.04, 0.04],
						"0.4667": [0, -0.01, 0.01],
						"0.5": [0, -0.01, 0],
						"0.5333": [0, 0, 0],
						"0.5667": [0, 0, 0],
						"0.6": [0, 0, 0],
						"0.6333": [0, 0, 0],
						"0.6667": [0, 0, 0],
						"0.7": [0, 0, 0],
						"0.7333": [0, 0, 0],
						"0.7667": [0, 0, 0]
					}
				},
				"416d_bolt": {
					"position": {
						"0.0": [0, 0, 0],
						"0.0333": [0, 0, 5],
						"0.0667": [0, 0, 0]
					}
				},
				"camera": {
					"rotation": {
						"0.0": [0, 0, 0],
						"0.0333": [0, 0, 1.52],
						"0.0667": [0, 0, 0.8],
						"0.1": [0, 0, 0.55],
						"0.1333": [0, 0, -0.4],
						"0.1667": [0, 0, 0.12],
						"0.2": [0, 0, 0.25],
						"0.2333": [0, 0, 0.14],
						"0.2667": [0, 0, -0.15],
						"0.3": [0, 0, -0.16],
						"0.3333": [0, 0, -0.1],
						"0.3667": [0, 0, 0]
					}
				}
			}
		},
		"put_away": {
			"animation_length": 0.5333,
			"bones": {
				"root": {
					"rotation": {
						"0.0": {
							"post": [0, 0, 0],
							"lerp_mode": "catmullrom"
						},
						"0.0667": {
							"post": [-0.51171, -0.5301, -4.19401],
							"lerp_mode": "catmullrom"
						},
						"0.1333": {
							"post": [2.46882, -5.40679, -3.99382],
							"lerp_mode": "catmullrom"
						},
						"0.2333": {
							"post": [12.74519, -25.35519, 12.7657],
							"lerp_mode": "catmullrom"
						},
						"0.4": {
							"post": [32.04283, -33.29116, 21.60153],
							"lerp_mode": "catmullrom"
						},
						"0.5": {
							"post": [49.81196, -45.49555, 20.27054],
							"lerp_mode": "catmullrom"
						}
					},
					"position": {
						"0.0": {
							"post": [0, 0, 0],
							"lerp_mode": "catmullrom"
						},
						"0.0667": {
							"post": [-0.075, -0.49, 0.28],
							"lerp_mode": "catmullrom"
						},
						"0.1333": {
							"post": [-0.57, -1.47, 0.34],
							"lerp_mode": "catmullrom"
						},
						"0.2333": {
							"post": [-2.51, -3.42, 0.06],
							"lerp_mode": "catmullrom"
						},
						"0.4": {
							"post": [-2.23, -7.375, -0.335],
							"lerp_mode": "catmullrom"
						},
						"0.5333": {
							"post": [-2.55, -13.425, -0.35],
							"lerp_mode": "catmullrom"
						}
					}
				},
				"lefthand": {
					"rotation": {
						"0.0": [96.3949, -30.74097, -137.03831],
						"0.2": [156.62844, -0.35344, -245.73276]
					},
					"position": {
						"0.0": [8.05, -11.75, -5],
						"0.1": [9.745, -10.635, -4.995],
						"0.2": [8.42, -7.92, -1.745]
					},
					"scale": [1, 1.5, 1]
				},
				"righthand": {
					"rotation": [91.51126, 6.99759, -179.81584],
					"position": [-6.875, -13.825, 6.8],
					"scale": [1, 1.5, 1]
				},
				"camera": {
					"rotation": {
						"0.0": {
							"post": [0, 0, 0],
							"lerp_mode": "catmullrom"
						},
						"0.1333": {
							"post": [0.3, 0, -0.125],
							"lerp_mode": "catmullrom"
						},
						"0.2333": {
							"post": [0.64, 0, 0.3],
							"lerp_mode": "catmullrom"
						},
						"0.3333": {
							"post": [0.5, 0, 0.15],
							"lerp_mode": "catmullrom"
						},
						"0.5": {
							"post": [0, 0, 0],
							"lerp_mode": "catmullrom"
						}
					}
				}
			},
			"sound_effects": {
				"0.1": {
					"effect": "p01_ar_mike4_drop"
				}
			}
		}
	}
}