{
	"format_version": "1.8.0",
	"animations": {
		"static_idle": {
			"loop": true,
			"bones": {
				"root": {
					"rotation": [0, 0, 0],
					"position": [0, 0, 0]
				},
				"lefthand": {
					"rotation": [82.13539, -427.02695, -114.77082],
					"position": [12.475, -8.135, -9.105],
					"scale": [1, 1.5, 1]
				},
				"righthand": {
					"rotation": [87.43393, 4.57237, -174.60633],
					"position": [-6.60303, -8.40413, -5.49781],
					"scale": [1, 1.5, 1]
				}
			}
		},
		"shoot": {
			"animation_length": 0.5667,
			"bones": {
				"slide2": {
					"position": {
						"0.0": [0, 0, 0],
						"0.0333": [0, 0, 3],
						"0.0667": [0, 0, 0]
					}
				},
				"bullet_in_barrel": {
					"scale": {
						"0.0": [0, 0, 0],
						"0.0667": [0, 0, 0],
						"0.1": [1, 1, 1]
					}
				},
				"constraint": {
					"rotation": {
						"0.1667": [0.3, 0.4, 0.4],
						"0.2667": [0, 0, 0]
					},
					"position": {
						"0.1667": [0.2, 0.3, 0.75],
						"0.2667": [0, 0, 0]
					}
				},
				"camera": {
					"rotation": {
						"0.0": {
							"post": [0, 0, 0],
							"lerp_mode": "catmullrom"
						},
						"0.0333": {
							"post": [0, 0, 1.025],
							"lerp_mode": "catmullrom"
						},
						"0.0667": {
							"post": [0, 0, 0.6],
							"lerp_mode": "catmullrom"
						},
						"0.1333": {
							"post": [0, 0, -0.3],
							"lerp_mode": "catmullrom"
						},
						"0.2": {
							"post": [0, 0, 0.35],
							"lerp_mode": "catmullrom"
						},
						"0.2667": {
							"post": [0, 0, -0.15],
							"lerp_mode": "catmullrom"
						},
						"0.3667": {
							"post": [0, 0, 0],
							"lerp_mode": "catmullrom"
						}
					}
				},
				"left": {
					"rotation": {
						"0.0": [0, 0, 0],
						"0.0333": [0, 0.87, 0.88],
						"0.1": [0, -0.415, -0.545],
						"0.1667": [0, 0.2, 0.235],
						"0.3": [0, 0, -0.16],
						"0.4667": [0, 0, 0]
					},
					"position": {
						"0.0": [0, 0, 0],
						"0.0667": [0, 0, 0.41],
						"0.1333": [0, 0, 0]
					}
				},
				"slides": {
					"position": {
						"0.0": [0, 0, 0],
						"0.0333": [0, 0, 3.1],
						"0.1": [0, 0, 0]
					}
				},
				"hammer": {
					"rotation": {
						"0.0": [67.5, 0, 0],
						"0.0333": [-10, 0, 0],
						"0.1": [0, 0, 0]
					}
				},
				"right": {
					"rotation": {
						"0.0": {
							"post": [0, 0, 0],
							"lerp_mode": "catmullrom"
						},
						"0.0333": {
							"post": [-10.58768, 0.1525, 1.74334],
							"lerp_mode": "catmullrom"
						},
						"0.0667": {
							"post": [-12.4275, 0, 0],
							"lerp_mode": "catmullrom"
						},
						"0.1333": {
							"post": [0.84251, -0.98521, -1.02186],
							"lerp_mode": "catmullrom"
						},
						"0.1667": {
							"post": [0.65, 0.2, 0],
							"lerp_mode": "catmullrom"
						},
						"0.2333": {
							"post": [0.05, 0.13, 0.1],
							"lerp_mode": "catmullrom"
						},
						"0.3667": {
							"post": [0, 0, 0],
							"lerp_mode": "catmullrom"
						}
					},
					"position": {
						"0.0": {
							"post": [0, 0, 0],
							"lerp_mode": "catmullrom"
						},
						"0.0333": {
							"post": [0, -0.5225, 1.2425],
							"lerp_mode": "catmullrom"
						},
						"0.0667": {
							"post": [0, 0.175, -0.05],
							"lerp_mode": "catmullrom"
						},
						"0.1333": {
							"post": [0, 0.0625, 0.2625],
							"lerp_mode": "catmullrom"
						},
						"0.1667": {
							"post": [0, -0.1, 0.075],
							"lerp_mode": "catmullrom"
						},
						"0.2333": {
							"post": [0, -0.005, -0.015],
							"lerp_mode": "catmullrom"
						},
						"0.3333": {
							"post": [0, 0, 0],
							"lerp_mode": "catmullrom"
						}
					}
				}
			},
			"sound_effects": {
				"0.0": {
					"effect": "weap_decho_fire_first_plr_03"
				},
				"0.0333": {
					"effect": "weap_deagle_fire_npc_mech_02"
				}
			}
		},
		"static_bolt_caught": {
			"loop": true,
			"bones": {
				"slides": {
					"position": [0, 0, 3.07]
				},
				"hammer": {
					"rotation": [-20, 0, 0]
				},
				"slidestoplever": {
					"rotation": [6, 0, 0]
				}
			}
		},
		"reload_tactical": {
			"animation_length": 3.3667,
			"bones": {
				"camera": {
					"rotation": {
						"0.0": {
							"post": [0, 0, 0],
							"lerp_mode": "catmullrom"
						},
						"0.1333": {
							"post": [2.475, -1.135, 2.31],
							"lerp_mode": "catmullrom"
						},
						"0.3": {
							"post": [1.285, 1.605, 1.61],
							"lerp_mode": "catmullrom"
						},
						"0.5333": {
							"post": [0.735, 1.97, 1.74],
							"lerp_mode": "catmullrom"
						},
						"0.7333": {
							"post": [1.29, 1.61, 1.61],
							"lerp_mode": "catmullrom"
						},
						"0.7667": {
							"post": [1.29, 2.155, 0.395],
							"lerp_mode": "catmullrom"
						},
						"0.8": {
							"post": [1.29, 1.32, 2.21],
							"lerp_mode": "catmullrom"
						},
						"0.8667": {
							"post": [1.29, 1.68, 1.22],
							"lerp_mode": "catmullrom"
						},
						"1.0": {
							"post": [2.675, 1.61, 1.615],
							"lerp_mode": "catmullrom"
						},
						"1.1333": {
							"post": [3.16, 1.61, 1.62],
							"lerp_mode": "catmullrom"
						},
						"1.3667": {
							"post": [3.46, 1.61, 1.53],
							"lerp_mode": "catmullrom"
						},
						"1.6333": {
							"post": [3.16, 1.61, 1.62],
							"lerp_mode": "catmullrom"
						},
						"1.8": {
							"post": [2.675, 1.61, 1.615],
							"lerp_mode": "catmullrom"
						},
						"1.9333": {
							"post": [1.105, 2.61, 1.62],
							"lerp_mode": "catmullrom"
						},
						"2.0": {
							"post": [1.01, 2.67, 1.17],
							"lerp_mode": "catmullrom"
						},
						"2.0667": {
							"post": [1.11, 2.61, 1.62],
							"lerp_mode": "catmullrom"
						},
						"2.1333": {
							"post": [0.72, 2.61, 1.62],
							"lerp_mode": "catmullrom"
						},
						"2.1667": {
							"post": [1.515, 1.64, 3.545],
							"lerp_mode": "catmullrom"
						},
						"2.2": {
							"post": [1.52, 3.01, 0.345],
							"lerp_mode": "catmullrom"
						},
						"2.2667": {
							"post": [1.52, 2.44, 2.105],
							"lerp_mode": "catmullrom"
						},
						"2.3667": {
							"post": [1.52, 2.61, 1.62],
							"lerp_mode": "catmullrom"
						},
						"2.5667": {
							"post": [-0.975, 1.32, -0.895],
							"lerp_mode": "catmullrom"
						},
						"2.8667": {
							"post": [0.09, 1.32, 0.225],
							"lerp_mode": "catmullrom"
						},
						"3.1333": {
							"post": [-0.185, -0.385, -0.145],
							"lerp_mode": "catmullrom"
						},
						"3.3": {
							"post": [0, 0, 0],
							"lerp_mode": "catmullrom"
						}
					}
				},
				"root": {
					"rotation": {
						"0.0": {
							"post": [0, 0, 0],
							"lerp_mode": "catmullrom"
						},
						"0.2333": {
							"post": [0, -16.355, 0],
							"lerp_mode": "catmullrom"
						},
						"0.4333": {
							"post": [0, -18.56, 0],
							"lerp_mode": "catmullrom"
						},
						"0.7667": {
							"post": [0, -18.72, 0],
							"lerp_mode": "catmullrom"
						},
						"0.8": {
							"post": [-0.33885, -18.71704, 1.05584],
							"lerp_mode": "catmullrom"
						},
						"0.8667": {
							"post": [-0.0009, -18.73297, -0.30093],
							"lerp_mode": "catmullrom"
						},
						"1.0": {
							"post": [0.01, -18.78, -0.04],
							"lerp_mode": "catmullrom"
						},
						"1.6667": {
							"post": [0.01, -19.66, -0.01],
							"lerp_mode": "catmullrom"
						},
						"1.8667": {
							"post": [-0.71302, -19.86773, 2.11663],
							"lerp_mode": "catmullrom"
						},
						"2.1333": {
							"post": [-0.71302, -19.86773, 2.11663],
							"lerp_mode": "catmullrom"
						},
						"2.1667": {
							"post": [0.0427, -19.87112, -0.10653],
							"lerp_mode": "catmullrom"
						},
						"2.2333": {
							"post": [-0.64505, -19.92014, 1.90733],
							"lerp_mode": "catmullrom"
						},
						"2.3": {
							"post": [-0.71302, -19.86773, 2.11663],
							"lerp_mode": "catmullrom"
						},
						"2.7": {
							"post": [0, -18.56, 0],
							"lerp_mode": "catmullrom"
						},
						"3.0667": {
							"post": [0, -1.79, 0],
							"lerp_mode": "catmullrom"
						},
						"3.2333": {
							"post": [0, 0, 0],
							"lerp_mode": "catmullrom"
						}
					},
					"position": {
						"0.0": {
							"post": [0, 0, 0],
							"lerp_mode": "catmullrom"
						},
						"0.2": {
							"post": [3.16, 0, -2.57],
							"lerp_mode": "catmullrom"
						},
						"0.4": {
							"post": [3.16, 0, -1.96],
							"lerp_mode": "catmullrom"
						},
						"0.7667": {
							"post": [3.17, 0, -1.93],
							"lerp_mode": "catmullrom"
						},
						"0.8333": {
							"post": [3.17, 0.165, -1.93],
							"lerp_mode": "catmullrom"
						},
						"0.9667": {
							"post": [3.17, 0, -1.93],
							"lerp_mode": "catmullrom"
						},
						"1.2": {
							"post": [3.18, -0.11, -1.93],
							"lerp_mode": "catmullrom"
						},
						"1.6333": {
							"post": [3.18, -0.11, -1.93],
							"lerp_mode": "catmullrom"
						},
						"1.8": {
							"post": [3.17, 0, -1.93],
							"lerp_mode": "catmullrom"
						},
						"1.9333": {
							"post": [3.18, 0.205, -1.93],
							"lerp_mode": "catmullrom"
						},
						"2.1": {
							"post": [3.18, 0.205, -1.93],
							"lerp_mode": "catmullrom"
						},
						"2.1667": {
							"post": [3.19, -0.26, -1.93],
							"lerp_mode": "catmullrom"
						},
						"2.3": {
							"post": [3.23, -0.015, -1.94],
							"lerp_mode": "catmullrom"
						},
						"2.7": {
							"post": [3.16, 0, -1.96],
							"lerp_mode": "catmullrom"
						},
						"2.8333": {
							"post": [1.935, -0.23, -1.96],
							"lerp_mode": "catmullrom"
						},
						"3.0667": {
							"post": [0, 0, -0.415],
							"lerp_mode": "catmullrom"
						},
						"3.2333": {
							"post": [0, 0, 0],
							"lerp_mode": "catmullrom"
						}
					}
				},
				"lefthand": {
					"rotation": {
						"0.1": [82.13539, -427.02695, -114.77082],
						"0.2667": [60.35072, -435.89452, -109.73404],
						"2.6": [60.35072, -435.89452, -109.73404],
						"2.7667": [82.13539, -427.02695, -114.77082]
					},
					"position": {
						"0.1": [12.475, -8.135, -9.105],
						"0.2333": [12.48, -7.395, -9.1],
						"2.5667": [12.48, -7.395, -9.1],
						"2.7667": [12.475, -8.135, -9.105]
					},
					"scale": [1, 1.5, 1]
				},
				"righthand": {
					"rotation": {
						"0.5333": [87.43393, 4.57237, -174.60633],
						"0.6667": [85.2201, -2.15385, -259.41753],
						"2.2667": [85.22, -2.15, -259.42],
						"2.4": [85.2201, -2.15385, -259.41753],
						"2.5": [87.43393, 4.57237, -174.60633]
					},
					"position": {
						"0.5333": [-6.60303, -8.40413, -5.49781],
						"0.6333": [-6.685, -12.72, -4.5],
						"0.7333": [-6.685, -12.645, -4.5],
						"2.2667": [-6.685, -12.64, -4.5],
						"2.3667": [-6.685, -12.72, -5.5],
						"2.5": [-6.60303, -8.40413, -5.49781]
					},
					"scale": [1, 1.5, 1]
				},
				"right": {
					"rotation": {
						"0.0667": {
							"pre": [0, 0, 0],
							"post": [0, 0, 0],
							"lerp_mode": "catmullrom"
						},
						"0.2333": {
							"post": [0, 72.35, 105.635],
							"lerp_mode": "catmullrom"
						},
						"0.4": [-7, 85, 122.5],
						"2.5": [-7, 85, 122.5],
						"2.7": {
							"pre": [0, 72.35, 105.635],
							"post": [0, 72.35, 105.635],
							"lerp_mode": "catmullrom"
						},
						"3.1": {
							"post": [0, 8.485, 7.83],
							"lerp_mode": "catmullrom"
						},
						"3.2333": {
							"post": [0, 0, 0],
							"lerp_mode": "catmullrom"
						}
					},
					"position": {
						"0.0": {
							"post": [0, 0, 0],
							"lerp_mode": "catmullrom"
						},
						"0.2": {
							"post": [2.415, 1.755, -0.81],
							"lerp_mode": "catmullrom"
						},
						"0.3667": [3.5, 2.975, -3.21],
						"2.5": [3.5, 2.98, -3.21],
						"2.6667": {
							"pre": [2.415, 1.755, -2.81],
							"post": [2.415, 1.755, -2.81],
							"lerp_mode": "catmullrom"
						},
						"2.8667": {
							"post": [0.705, -0.28, -1.22],
							"lerp_mode": "catmullrom"
						},
						"3.0333": {
							"post": [0, 0, 0.125],
							"lerp_mode": "catmullrom"
						},
						"3.2333": {
							"post": [0, 0, 0],
							"lerp_mode": "catmullrom"
						}
					}
				},
				"rh_and_mag": {
					"rotation": {
						"0.7333": {
							"pre": [0, 0, 0],
							"post": [0, 0, 0],
							"lerp_mode": "catmullrom"
						},
						"0.8667": {
							"post": [0, 0, 0],
							"lerp_mode": "catmullrom"
						},
						"1.0": {
							"post": [47.81374, -17.38772, -18.2489],
							"lerp_mode": "catmullrom"
						},
						"1.1333": {
							"post": [60.35214, -17.22809, -18.41134],
							"lerp_mode": "catmullrom"
						},
						"1.4": {
							"post": [60.35214, -17.22809, -18.41134],
							"lerp_mode": "catmullrom"
						},
						"1.4333": {
							"post": [-17.61, -17.6, -18.77],
							"lerp_mode": "catmullrom"
						},
						"1.8333": {
							"post": [47.81374, -17.38772, -18.2489],
							"lerp_mode": "catmullrom"
						},
						"1.9667": [0, 0, 0],
						"2.0333": [4, 0, 0],
						"2.1": [2.605, 0, 0],
						"2.1667": {
							"pre": [0, 0, 0],
							"post": [0, 0, 0],
							"lerp_mode": "catmullrom"
						}
					},
					"position": {
						"0.7333": {
							"pre": [0, 0, 0],
							"post": [0, 0, 0],
							"lerp_mode": "catmullrom"
						},
						"0.8333": {
							"post": [0, -5.61, 0.955],
							"lerp_mode": "catmullrom"
						},
						"0.9667": {
							"post": [0, -8.415, 5.665],
							"lerp_mode": "catmullrom"
						},
						"1.1333": {
							"post": [0, 11.775, 15.52],
							"lerp_mode": "catmullrom"
						},
						"1.4": {
							"post": [0, 11.775, 15.52],
							"lerp_mode": "catmullrom"
						},
						"1.4333": {
							"post": [-5, 11.83, -0.395],
							"lerp_mode": "catmullrom"
						},
						"1.6667": {
							"post": [0, -8.225, 6.505],
							"lerp_mode": "catmullrom"
						},
						"1.8667": {
							"post": [0.205, -3.775, 4.4],
							"lerp_mode": "catmullrom"
						},
						"1.9667": [0, -5.61, 1.165],
						"2.0333": [0, -5.33, 1.475],
						"2.1333": [0, -5.265, 1.325],
						"2.1667": {
							"pre": [0, 0, 0],
							"post": [0, 0, 0],
							"lerp_mode": "catmullrom"
						}
					}
				}
			},
			"sound_effects": {
				"0.0333": {
					"effect": "tacz:b93r/b93r_reload_empty_raise"
				},
				"0.5": {
					"effect": "tacz:b93r/b93r_reload_magout"
				},
				"1.9": {
					"effect": "tacz:b93r/b93r_reload_maghit"
				},
				"2.1": {
					"effect": "tacz:b93r/b93r_reload_magin"
				},
				"2.7": {
					"effect": "tacz:b93r/b93r_reload_end"
				}
			}
		},
		"reload_empty": {
			"animation_length": 4.3667,
			"bones": {
				"camera": {
					"rotation": {
						"0.0": {
							"post": [0, 0, 0],
							"lerp_mode": "catmullrom"
						},
						"0.1333": {
							"post": [2.475, -1.135, 2.31],
							"lerp_mode": "catmullrom"
						},
						"0.3": {
							"post": [1.285, 1.605, 1.61],
							"lerp_mode": "catmullrom"
						},
						"0.5333": {
							"post": [0.735, 1.97, 1.74],
							"lerp_mode": "catmullrom"
						},
						"0.7333": {
							"post": [1.29, 1.61, 1.61],
							"lerp_mode": "catmullrom"
						},
						"0.7667": {
							"post": [1.29, 2.155, 0.395],
							"lerp_mode": "catmullrom"
						},
						"0.8": {
							"post": [1.29, 1.32, 2.21],
							"lerp_mode": "catmullrom"
						},
						"0.8667": {
							"post": [1.29, 1.68, 1.22],
							"lerp_mode": "catmullrom"
						},
						"1.0": {
							"post": [2.675, 1.61, 1.615],
							"lerp_mode": "catmullrom"
						},
						"1.1333": {
							"post": [3.16, 1.61, 1.62],
							"lerp_mode": "catmullrom"
						},
						"1.3667": {
							"post": [3.46, 1.61, 1.53],
							"lerp_mode": "catmullrom"
						},
						"1.6333": {
							"post": [3.16, 1.61, 1.62],
							"lerp_mode": "catmullrom"
						},
						"1.8": {
							"post": [2.675, 1.61, 1.615],
							"lerp_mode": "catmullrom"
						},
						"1.9333": {
							"post": [1.105, 2.61, 1.62],
							"lerp_mode": "catmullrom"
						},
						"2.0": {
							"post": [1.01, 2.67, 1.17],
							"lerp_mode": "catmullrom"
						},
						"2.0667": {
							"post": [1.11, 2.61, 1.62],
							"lerp_mode": "catmullrom"
						},
						"2.1333": {
							"post": [0.72, 2.61, 1.62],
							"lerp_mode": "catmullrom"
						},
						"2.1667": {
							"post": [1.515, 1.64, 3.545],
							"lerp_mode": "catmullrom"
						},
						"2.2": {
							"post": [1.52, 3.01, 0.345],
							"lerp_mode": "catmullrom"
						},
						"2.2667": {
							"post": [1.52, 2.44, 2.105],
							"lerp_mode": "catmullrom"
						},
						"2.5": {
							"post": [1.52, 2.44, 2.535],
							"lerp_mode": "catmullrom"
						},
						"2.8": {
							"post": [2.85, 2.44, -0.355],
							"lerp_mode": "catmullrom"
						},
						"3.1": {
							"post": [0.63, -0.12, -0.35],
							"lerp_mode": "catmullrom"
						},
						"3.3": {
							"post": [0.755, 0.175, 0.03],
							"lerp_mode": "catmullrom"
						},
						"3.3333": {
							"post": [0.76, 1.225, -1.91],
							"lerp_mode": "catmullrom"
						},
						"3.3667": {
							"post": [0.76, -0.285, 1.13],
							"lerp_mode": "catmullrom"
						},
						"3.4333": {
							"post": [0.76, 0.4, -0.625],
							"lerp_mode": "catmullrom"
						},
						"3.5333": {
							"post": [0.76, 0.18, 0.29],
							"lerp_mode": "catmullrom"
						},
						"3.6667": {
							"post": [0.76, 0.18, -0.13],
							"lerp_mode": "catmullrom"
						},
						"3.8333": {
							"post": [0.09, 0.08, 0.225],
							"lerp_mode": "catmullrom"
						},
						"4.1": {
							"post": [-0.185, -0.385, -0.145],
							"lerp_mode": "catmullrom"
						},
						"4.2667": {
							"post": [0, 0, 0],
							"lerp_mode": "catmullrom"
						}
					}
				},
				"root": {
					"rotation": {
						"0.0": {
							"post": [0, 0, 0],
							"lerp_mode": "catmullrom"
						},
						"0.2333": {
							"post": [0, -16.355, 0],
							"lerp_mode": "catmullrom"
						},
						"0.4333": {
							"post": [0, -18.56, 0],
							"lerp_mode": "catmullrom"
						},
						"0.7667": {
							"post": [0, -18.72, 0],
							"lerp_mode": "catmullrom"
						},
						"0.8": {
							"post": [-0.33885, -18.71704, 1.05584],
							"lerp_mode": "catmullrom"
						},
						"0.8667": {
							"post": [-0.0009, -18.73297, -0.30093],
							"lerp_mode": "catmullrom"
						},
						"1.0": {
							"post": [0.01, -18.78, -0.04],
							"lerp_mode": "catmullrom"
						},
						"1.6667": {
							"post": [0.01, -19.66, -0.01],
							"lerp_mode": "catmullrom"
						},
						"1.8667": {
							"post": [-0.71302, -19.86773, 2.11663],
							"lerp_mode": "catmullrom"
						},
						"2.1333": {
							"post": [-0.71302, -19.86773, 2.11663],
							"lerp_mode": "catmullrom"
						},
						"2.1667": {
							"post": [0.0427, -19.87112, -0.10653],
							"lerp_mode": "catmullrom"
						},
						"2.2333": {
							"post": [-0.64505, -19.92014, 1.90733],
							"lerp_mode": "catmullrom"
						},
						"2.3": {
							"post": [-0.71302, -19.86773, 2.11663],
							"lerp_mode": "catmullrom"
						},
						"2.6": {
							"post": [0, -18.56, 0],
							"lerp_mode": "catmullrom"
						},
						"2.9": {
							"post": [0, -4.3, 0],
							"lerp_mode": "catmullrom"
						},
						"3.3": {
							"post": [0, -1.925, 0],
							"lerp_mode": "catmullrom"
						},
						"3.8667": {
							"post": [0, -1.79, 0],
							"lerp_mode": "catmullrom"
						},
						"4.0333": {
							"post": [0, 0, 0],
							"lerp_mode": "catmullrom"
						}
					},
					"position": {
						"0.0": {
							"post": [0, 0, 0],
							"lerp_mode": "catmullrom"
						},
						"0.2": {
							"post": [3.16, 0, -2.57],
							"lerp_mode": "catmullrom"
						},
						"0.4": {
							"post": [3.16, 0, -1.96],
							"lerp_mode": "catmullrom"
						},
						"0.7667": {
							"post": [3.17, 0, -1.93],
							"lerp_mode": "catmullrom"
						},
						"0.8333": {
							"post": [3.17, 0.165, -1.93],
							"lerp_mode": "catmullrom"
						},
						"0.9667": {
							"post": [3.17, 0, -1.93],
							"lerp_mode": "catmullrom"
						},
						"1.2": {
							"post": [3.18, -0.11, -1.93],
							"lerp_mode": "catmullrom"
						},
						"1.6333": {
							"post": [3.18, -0.11, -1.93],
							"lerp_mode": "catmullrom"
						},
						"1.8": {
							"post": [3.17, 0, -1.93],
							"lerp_mode": "catmullrom"
						},
						"1.9333": {
							"post": [3.18, 0.205, -1.93],
							"lerp_mode": "catmullrom"
						},
						"2.1": {
							"post": [3.18, 0.205, -1.93],
							"lerp_mode": "catmullrom"
						},
						"2.1667": {
							"post": [3.19, -0.26, -1.93],
							"lerp_mode": "catmullrom"
						},
						"2.3": {
							"post": [3.23, -0.015, -1.94],
							"lerp_mode": "catmullrom"
						},
						"2.6": {
							"post": [3.16, 0, -1.96],
							"lerp_mode": "catmullrom"
						},
						"2.9": {
							"post": [0, 0, -1.395],
							"lerp_mode": "catmullrom"
						},
						"3.1333": {
							"post": [-0.25, -0.275, -1.36],
							"lerp_mode": "catmullrom"
						},
						"3.2667": {
							"post": [-0.25, -0.275, -1.36],
							"lerp_mode": "catmullrom"
						},
						"3.3": {
							"post": [-0.24, -0.055, -1.36],
							"lerp_mode": "catmullrom"
						},
						"3.6333": {
							"post": [-0.055, -0.23, -1.31],
							"lerp_mode": "catmullrom"
						},
						"3.8667": {
							"post": [0, 0, -0.415],
							"lerp_mode": "catmullrom"
						},
						"4.0333": {
							"post": [0, 0, 0],
							"lerp_mode": "catmullrom"
						}
					}
				},
				"lefthand": {
					"rotation": {
						"0.1": [82.13539, -427.02695, -114.77082],
						"0.2667": [60.35072, -435.89452, -109.73404],
						"2.5": [60.35072, -435.89452, -109.73404],
						"2.6667": [82.13539, -427.02695, -114.77082]
					},
					"position": {
						"0.1": [12.475, -8.135, -9.105],
						"0.2333": [12.48, -7.395, -9.1],
						"2.4667": [12.48, -7.395, -9.1],
						"2.6667": [12.475, -8.135, -9.105]
					},
					"scale": [1, 1.5, 1]
				},
				"righthand": {
					"rotation": {
						"0.5": [87.43393, 4.57237, -174.60633],
						"0.6333": [85.2201, -2.15385, -259.41753],
						"2.2667": [85.22, -2.15, -259.42],
						"2.4": [85.2201, -2.15385, -259.41753],
						"2.5": [87.43393, 4.57237, -174.60633],
						"3.0333": [87.43, 4.57, -174.61],
						"3.1667": [100.43, 4.57, -174.61],
						"3.2667": [100.43, 4.57, -174.61],
						"3.3": [93.43, 4.57, -174.61],
						"3.4667": [93.43, 4.57, -174.61],
						"3.6": [87.43, 4.57, -174.61]
					},
					"position": {
						"0.5": [-6.60303, -8.40413, -5.49781],
						"0.6": [-6.685, -12.72, -5.5],
						"0.7": [-6.685, -12.645, -4.5],
						"2.2667": [-6.685, -12.645, -4.5],
						"2.3667": [-6.685, -12.72, -4.5],
						"2.5": [-6.60303, -8.40413, -4.49781],
						"3.0333": [-6.6, -8.4, -4.5],
						"3.1333": [-6.6, -8.4, -4.63],
						"3.2333": [-6.6, -7.81, -5.09],
						"3.2667": [-6.6, -7.81, -5.09],
						"3.3": [-6.6, -7.81, -5.09],
						"3.4667": [-6.6, -7.81, -5.09],
						"3.6": [-6.6, -8.4, -5.5]
					},
					"scale": [1, 1.5, 1]
				},
				"slides": {
					"position": {
						"3.2667": [0, 0, 3.07],
						"3.3": [0, 0, 0]
					}
				},
				"hammer": {
					"rotation": {
						"3.2667": [-20, 0, 0],
						"3.3": [4, 0, 0],
						"3.3667": [-2, 0, 0],
						"3.4667": [1, 0, 0],
						"3.5667": [0, 0, 0]
					}
				},
				"slidestoplever": {
					"rotation": {
						"3.2667": [6, 0, 0],
						"3.3": [0, 0, 0]
					}
				},
				"right": {
					"rotation": {
						"0.0667": {
							"pre": [0, 0, 0],
							"post": [0, 0, 0],
							"lerp_mode": "catmullrom"
						},
						"0.2333": {
							"post": [0, 72.35, 105.635],
							"lerp_mode": "catmullrom"
						},
						"0.4": [-7, 85, 122.5],
						"2.5333": [-7, 85, 122.5],
						"2.7667": {
							"pre": [0, 72.35, 105.635],
							"post": [0, 72.35, 105.635],
							"lerp_mode": "catmullrom"
						},
						"2.9667": [-70.13, 24.87, 34.85],
						"3.1": [-64.85166, -2.77403, -6.51467],
						"3.2667": [-64.85166, -2.77403, -6.51467],
						"3.3": [-60.87372, 0.05785, -5.508],
						"3.4": [-60.8726, 0.0603, -5.5131],
						"3.6": [-60.85413, 1.80694, -4.53608],
						"3.9": {
							"pre": [0, 8.485, 7.83],
							"post": [0, 8.485, 7.83],
							"lerp_mode": "catmullrom"
						},
						"4.1667": {
							"post": [0, 0, 0],
							"lerp_mode": "catmullrom"
						}
					},
					"position": {
						"0.0": {
							"post": [0, 0, 0],
							"lerp_mode": "catmullrom"
						},
						"0.2": {
							"post": [2.415, 1.755, -0.81],
							"lerp_mode": "catmullrom"
						},
						"0.3667": [3.5, 2.975, -3.21],
						"2.5333": [3.5, 2.98, -3.21],
						"2.7333": {
							"pre": [2.415, 1.755, -2.81],
							"post": [2.415, 1.755, -2.81],
							"lerp_mode": "catmullrom"
						},
						"2.9": {
							"post": [0.705, -0.28, -1.22],
							"lerp_mode": "catmullrom"
						},
						"3.1": {
							"post": [4.71, 2.585, -2.94],
							"lerp_mode": "catmullrom"
						},
						"3.2": {
							"post": [4.71, 2.495, -2.94],
							"lerp_mode": "catmullrom"
						},
						"3.2667": {
							"post": [4.71, 2.72, -2.94],
							"lerp_mode": "catmullrom"
						},
						"3.3": [4.71, 3.295, -2.94],
						"3.3667": [4.71, 3, -2.94],
						"3.6": {
							"pre": [4.195, 2.675, -2.82],
							"post": [4.195, 2.675, -2.82],
							"lerp_mode": "catmullrom"
						},
						"3.8667": {
							"post": [0, 0, 1.28],
							"lerp_mode": "catmullrom"
						},
						"4.1667": {
							"post": [0, 0, 0],
							"lerp_mode": "catmullrom"
						}
					}
				},
				"rh_and_mag": {
					"rotation": {
						"0.7333": {
							"pre": [0, 0, 0],
							"post": [0, 0, 0],
							"lerp_mode": "catmullrom"
						},
						"0.8667": {
							"post": [0, 0, 0],
							"lerp_mode": "catmullrom"
						},
						"1.0": {
							"post": [47.81374, -17.38772, -18.2489],
							"lerp_mode": "catmullrom"
						},
						"1.4": {
							"post": [60.35214, -17.22809, -18.41134],
							"lerp_mode": "catmullrom"
						},
						"1.4333": {
							"post": [-17.61, -17.6, -18.77],
							"lerp_mode": "catmullrom"
						},
						"1.8333": {
							"post": [47.81374, -17.38772, -18.2489],
							"lerp_mode": "catmullrom"
						},
						"1.9667": [0, 0, 0],
						"2.0333": [4, 0, 0],
						"2.1": [2.605, 0, 0],
						"2.1667": {
							"pre": [0, 0, 0],
							"post": [0, 0, 0],
							"lerp_mode": "catmullrom"
						}
					},
					"position": {
						"0.7333": {
							"pre": [0, 0, 0],
							"post": [0, 0, 0],
							"lerp_mode": "catmullrom"
						},
						"0.8333": {
							"post": [0, -5.61, 0.955],
							"lerp_mode": "catmullrom"
						},
						"0.9667": {
							"post": [0, -8.415, 5.665],
							"lerp_mode": "catmullrom"
						},
						"1.1667": {
							"post": [0, 11.775, 26.81],
							"lerp_mode": "catmullrom"
						},
						"1.4": {
							"post": [0, 11.775, 15.52],
							"lerp_mode": "catmullrom"
						},
						"1.4333": {
							"post": [-5, 11.83, -0.395],
							"lerp_mode": "catmullrom"
						},
						"1.6667": {
							"post": [0, -8.225, 6.505],
							"lerp_mode": "catmullrom"
						},
						"1.8667": {
							"post": [0.205, -3.775, 4.4],
							"lerp_mode": "catmullrom"
						},
						"1.9667": [0, -5.61, 1.165],
						"2.0333": [0, -5.33, 1.475],
						"2.1333": [0, -5.265, 1.325],
						"2.1667": {
							"pre": [0, 0, 0],
							"post": [0, 0, 0],
							"lerp_mode": "catmullrom"
						}
					}
				},
				"bone": {
					"scale": {
						"0.0": [0, 0, 0],
						"1.4": [0, 0, 0],
						"1.4333": [1, 1, 1]
					}
				},
				"bullet": {
					"scale": {
						"1.4": [0, 0, 0],
						"1.4333": [1, 1, 1]
					}
				}
			},
			"sound_effects": {
				"0.0333": {
					"effect": "tacz:b93r/b93r_reload_empty_raise"
				},
				"0.5": {
					"effect": "tacz:b93r/b93r_reload_magout"
				},
				"1.9": {
					"effect": "tacz:b93r/b93r_reload_maghit"
				},
				"2.1": {
					"effect": "tacz:b93r/b93r_reload_magin"
				},
				"2.5333": {
					"effect": "tacz:b93r/b93r_inspect_mvmt_5"
				},
				"3.0": {
					"effect": "tacz:p320/p320_reload_empty_charge"
				},
				"3.5": {
					"effect": "tacz:b93r/b93r_reload_empty_end"
				}
			}
		},
		"run_start": {
			"animation_length": 0.25,
			"bones": {
				"left": {
					"rotation": {
						"0.0": {
							"post": [0, 0, 0],
							"lerp_mode": "catmullrom"
						},
						"0.1667": {
							"post": [2, 0, 0],
							"lerp_mode": "catmullrom"
						}
					},
					"position": {
						"0.0": {
							"post": [0, 0, 0],
							"lerp_mode": "catmullrom"
						},
						"0.0833": {
							"post": [0, 0, -2.315],
							"lerp_mode": "catmullrom"
						},
						"0.1667": {
							"post": [0, 0, -2.835],
							"lerp_mode": "catmullrom"
						}
					}
				},
				"right": {
					"rotation": {
						"0.0": {
							"post": [0, 0, 0],
							"lerp_mode": "catmullrom"
						},
						"0.1667": {
							"post": [-78.01118, -12.02572, 13.46569],
							"lerp_mode": "catmullrom"
						}
					},
					"position": {
						"0.0": {
							"post": [0, 0, 0],
							"lerp_mode": "catmullrom"
						},
						"0.0833": {
							"post": [2, 1.5, 0.25],
							"lerp_mode": "catmullrom"
						},
						"0.1667": {
							"post": [4, 3, -4],
							"lerp_mode": "catmullrom"
						}
					}
				}
			}
		},
		"run": {
			"loop": true,
			"animation_length": 0.8,
			"bones": {
				"root": {
					"rotation": {
						"0.0": [0, 0, 0],
						"0.05": [0, 0, 0.705],
						"0.1": [0, 0, 0.705],
						"0.15": [0, 0, 0.705],
						"0.2": [0, 0, 0],
						"0.25": [0, 0, -0.46],
						"0.3": [0, 0, -0.46],
						"0.35": [0, 0, -0.46],
						"0.4": [0, 0, 0],
						"0.45": [0, 0, 0.635],
						"0.5": [0, 0, 0.635],
						"0.55": [0, 0, 0.635],
						"0.6": [0, 0, 0],
						"0.65": [0, 0, -0.47],
						"0.7": [0, 0, -0.47],
						"0.75": [0, 0, -0.47],
						"0.8": [0, 0, 0]
					},
					"position": {
						"0.0": [0, 0, 0],
						"0.05": [0.26, -0.525, 0],
						"0.1": [0.7, -1.135, 0],
						"0.15": [1.085, -0.54, 0],
						"0.2": [1.405, 0.01, 0],
						"0.25": [1.785, 0.56, 0],
						"0.3": [2.035, 0.73, 0],
						"0.35": [2.195, 0.43, 0],
						"0.4": [2.215, 0.06, 0],
						"0.45": [2.155, -0.285, 0],
						"0.5": [1.895, -0.66, 0],
						"0.55": [1.715, -0.305, 0],
						"0.6": [1.4, 0.02, 0],
						"0.65": [0.57, 0.3, 0],
						"0.7": [0.01, 0.6, 0],
						"0.75": [-0.07, 0.12, 0],
						"0.8": [0, 0, 0]
					}
				},
				"left": {
					"rotation": {
						"0.0": {
							"post": [2, 0, 0],
							"lerp_mode": "catmullrom"
						}
					},
					"position": {
						"0.0": {
							"post": [0, 0, -2.835],
							"lerp_mode": "catmullrom"
						}
					}
				},
				"right": {
					"rotation": {
						"0.0": {
							"post": [-78.01118, -12.02572, 13.46569],
							"lerp_mode": "catmullrom"
						},
						"0.2": {
							"post": [-77.01712, -10.94826, 8.48846],
							"lerp_mode": "catmullrom"
						},
						"0.4": {
							"post": [-77.80649, -11.82203, 12.47223],
							"lerp_mode": "catmullrom"
						},
						"0.6": {
							"post": [-77.21418, -11.17115, 9.48102],
							"lerp_mode": "catmullrom"
						},
						"0.75": {
							"post": [-78.01118, -12.02572, 13.46569],
							"lerp_mode": "catmullrom"
						}
					},
					"position": {
						"0.0": {
							"post": [4, 3, -4],
							"lerp_mode": "catmullrom"
						},
						"0.15": {
							"post": [4.955, 2.96, -4],
							"lerp_mode": "catmullrom"
						},
						"0.35": {
							"post": [3.585, 1.715, -4],
							"lerp_mode": "catmullrom"
						},
						"0.5": {
							"post": [3.585, 1.715, -4],
							"lerp_mode": "catmullrom"
						},
						"0.65": {
							"post": [4.59, 3.01, -4],
							"lerp_mode": "catmullrom"
						},
						"0.8": {
							"post": [4, 3, -4],
							"lerp_mode": "catmullrom"
						}
					}
				}
			}
		},
		"run_hold": {
			"loop": true,
			"bones": {
				"left": {
					"rotation": {
						"0.0": {
							"post": [2, 0, 0],
							"lerp_mode": "catmullrom"
						}
					},
					"position": {
						"0.0": {
							"post": [0, 0, -2.835],
							"lerp_mode": "catmullrom"
						}
					}
				},
				"right": {
					"rotation": {
						"0.0": {
							"post": [-78.01118, -12.02572, 13.46569],
							"lerp_mode": "catmullrom"
						}
					},
					"position": {
						"0.0": {
							"post": [4, 3, -4],
							"lerp_mode": "catmullrom"
						}
					}
				}
			}
		},
		"run_end": {
			"loop": "hold_on_last_frame",
			"animation_length": 0.1667,
			"bones": {
				"left": {
					"rotation": {
						"0.0": {
							"post": [2, 0, 0],
							"lerp_mode": "catmullrom"
						},
						"0.1333": {
							"post": [0, 0, 0],
							"lerp_mode": "catmullrom"
						}
					},
					"position": {
						"0.0": {
							"post": [0, 0, -2.835],
							"lerp_mode": "catmullrom"
						},
						"0.0667": {
							"post": [0, 0, -2.315],
							"lerp_mode": "catmullrom"
						},
						"0.1333": {
							"post": [0, 0, 0],
							"lerp_mode": "catmullrom"
						}
					}
				},
				"right": {
					"rotation": {
						"0.0": {
							"post": [-78.01118, -12.02572, 13.46569],
							"lerp_mode": "catmullrom"
						},
						"0.1333": {
							"post": [0, 0, 0],
							"lerp_mode": "catmullrom"
						}
					},
					"position": {
						"0.0": {
							"post": [4, 3, -4],
							"lerp_mode": "catmullrom"
						},
						"0.0667": {
							"post": [2, 1.5, 0.25],
							"lerp_mode": "catmullrom"
						},
						"0.1333": {
							"post": [0, 0, 0],
							"lerp_mode": "catmullrom"
						}
					}
				}
			}
		},
		"walk_aiming": {
			"loop": true,
			"animation_length": 1,
			"bones": {
				"root": {
					"rotation": {
						"0.0": [0, 0, 0.22],
						"0.05": [0, -0.16, 0.22],
						"0.1": [0, -0.39, 0.22],
						"0.15": [0, -0.56, 0.2],
						"0.2": [0, -0.65, 0.13],
						"0.25": [0, -0.69, 0.05],
						"0.3": [0, -0.68, -0.03],
						"0.35": [0, -0.53, -0.14],
						"0.4": [0, -0.33, -0.21],
						"0.45": [0, -0.18, -0.21],
						"0.5": [0, 0, -0.16],
						"0.55": [0, 0.19, -0.1],
						"0.6": [0, 0.4, -0.01],
						"0.65": [0, 0.56, 0.06],
						"0.7": [0, 0.66, 0.14],
						"0.75": [0, 0.67, 0.2],
						"0.8": [0, 0.64, 0.24],
						"0.85": [0, 0.52, 0.27],
						"0.9": [0, 0.35, 0.26],
						"0.95": [0, 0.15, 0.24],
						"1.0": [0, 0, 0.22]
					},
					"position": {
						"0.0": [0, -0.07, 0.34],
						"0.05": [-0.03, -0.01, 0.36],
						"0.1": [-0.07, 0.08, 0.39],
						"0.15": [-0.11, 0.14, 0.41],
						"0.2": [-0.11, 0.16, 0.42],
						"0.25": [-0.11, 0.16, 0.42],
						"0.3": [-0.1, 0.14, 0.41],
						"0.35": [-0.09, 0.07, 0.37],
						"0.4": [-0.07, 0, 0.34],
						"0.45": [-0.04, -0.06, 0.34],
						"0.5": [0, -0.07, 0.36],
						"0.55": [0.03, -0.01, 0.38],
						"0.6": [0.07, 0.08, 0.4],
						"0.65": [0.1, 0.14, 0.41],
						"0.7": [0.11, 0.16, 0.42],
						"0.75": [0.1, 0.16, 0.42],
						"0.8": [0.09, 0.14, 0.41],
						"0.85": [0.08, 0.07, 0.39],
						"0.9": [0.06, 0, 0.36],
						"0.95": [0.03, -0.05, 0.35],
						"1.0": [0, -0.07, 0.34]
					}
				}
			}
		},
		"walk_forward": {
			"loop": true,
			"animation_length": 1,
			"bones": {
				"root": {
					"rotation": {
						"0.0": {
							"post": [0, 0, 1.53199],
							"lerp_mode": "catmullrom"
						},
						"0.1": {
							"post": [0, -1.29, 2.05297],
							"lerp_mode": "catmullrom"
						},
						"0.2": {
							"post": [0, -1.97, 2.58375],
							"lerp_mode": "catmullrom"
						},
						"0.3": {
							"post": [0, -1.95516, 3.10859],
							"lerp_mode": "catmullrom"
						},
						"0.35": {
							"post": [0, -1.67, 3.24516],
							"lerp_mode": "catmullrom"
						},
						"0.45": {
							"post": [0, -0.87641, 3.08984],
							"lerp_mode": "catmullrom"
						},
						"0.55": {
							"post": [0, 0, 2.55156],
							"lerp_mode": "catmullrom"
						},
						"0.65": {
							"post": [0, 1.4375, 1.96172],
							"lerp_mode": "catmullrom"
						},
						"0.75": {
							"post": [0, 1.86953, 1.51875],
							"lerp_mode": "catmullrom"
						},
						"0.8": {
							"post": [0, 1.84, 1.34484],
							"lerp_mode": "catmullrom"
						},
						"0.9": {
							"post": [0, 1.47, 1.22563],
							"lerp_mode": "catmullrom"
						},
						"1.0": {
							"post": [0, 0, 1.53199],
							"lerp_mode": "catmullrom"
						}
					},
					"position": {
						"0.0": {
							"post": [0.12109, -0.51219, 0.635],
							"lerp_mode": "catmullrom"
						},
						"0.15": {
							"post": [0.14453, -0.17031, 0.63438],
							"lerp_mode": "catmullrom"
						},
						"0.3": {
							"post": [0.14844, -0.13359, 0.635],
							"lerp_mode": "catmullrom"
						},
						"0.35": {
							"post": [0.15, -0.255, 0.64],
							"lerp_mode": "catmullrom"
						},
						"0.4": {
							"post": [0.14109, -0.44125, 0.635],
							"lerp_mode": "catmullrom"
						},
						"0.5": {
							"post": [0.12109, -0.51219, 0.635],
							"lerp_mode": "catmullrom"
						},
						"0.65": {
							"post": [0.07422, -0.17031, 0.63438],
							"lerp_mode": "catmullrom"
						},
						"0.8": {
							"post": [0.07031, -0.13359, 0.635],
							"lerp_mode": "catmullrom"
						},
						"0.85": {
							"post": [0.07, -0.255, 0.64],
							"lerp_mode": "catmullrom"
						},
						"0.9": {
							"post": [0.07859, -0.44125, 0.635],
							"lerp_mode": "catmullrom"
						},
						"1.0": {
							"post": [0.12109, -0.51219, 0.635],
							"lerp_mode": "catmullrom"
						}
					}
				}
			}
		},
		"walk_sideway": {
			"loop": true,
			"animation_length": 1,
			"bones": {
				"root": {
					"rotation": {
						"0.0": [0, 0, 0.22],
						"0.05": [0, -0.22, 0.22],
						"0.1": [0, -0.53, 0.22],
						"0.15": [0, -0.77, 0.2],
						"0.2": [0, -0.88, 0.13],
						"0.25": [0, -0.92, 0.05],
						"0.3": [0, -0.88, -0.03],
						"0.35": [0, -0.64, -0.14],
						"0.4": [0, -0.34, -0.21],
						"0.45": [0, -0.18, -0.21],
						"0.5": [0, 0, -0.16],
						"0.55": [0, 0.24, -0.1],
						"0.6": [0, 0.52, -0.01],
						"0.65": [0, 0.73, 0.06],
						"0.7": [0, 0.85, 0.14],
						"0.75": [0, 0.85, 0.2],
						"0.8": [0, 0.82, 0.24],
						"0.85": [0, 0.7, 0.27],
						"0.9": [0, 0.48, 0.26],
						"0.95": [0, 0.2, 0.24],
						"1.0": [0, 0, 0.22]
					},
					"position": {
						"0.0": [0, -0.42, 0.13],
						"0.05": [-0.03, -0.35, 0.16],
						"0.1": [-0.07, -0.26, 0.19],
						"0.15": [-0.11, -0.2, 0.21],
						"0.2": [-0.11, -0.18, 0.21],
						"0.25": [-0.11, -0.18, 0.21],
						"0.3": [-0.1, -0.2, 0.21],
						"0.35": [-0.09, -0.27, 0.17],
						"0.4": [-0.07, -0.35, 0.13],
						"0.45": [-0.04, -0.4, 0.14],
						"0.5": [0, -0.42, 0.16],
						"0.55": [0.03, -0.36, 0.17],
						"0.6": [0.07, -0.26, 0.19],
						"0.65": [0.1, -0.19, 0.21],
						"0.7": [0.11, -0.17, 0.21],
						"0.75": [0.1, -0.17, 0.21],
						"0.8": [0.09, -0.19, 0.21],
						"0.85": [0.08, -0.26, 0.18],
						"0.9": [0.06, -0.35, 0.16],
						"0.95": [0.03, -0.39, 0.14],
						"1.0": [0, -0.42, 0.13]
					}
				}
			}
		},
		"walk_backward": {
			"loop": true,
			"animation_length": 1,
			"bones": {
				"root": {
					"rotation": {
						"0.0": [0, 0, 0.22],
						"0.05": [0, -0.16, 0.22],
						"0.1": [0, -0.39, 0.22],
						"0.15": [0, -0.56, 0.2],
						"0.2": [0, -0.65, 0.13],
						"0.25": [0, -0.69, 0.05],
						"0.3": [0, -0.68, -0.03],
						"0.35": [0, -0.53, -0.14],
						"0.4": [0, -0.33, -0.21],
						"0.45": [0, -0.18, -0.21],
						"0.5": [0, 0, -0.16],
						"0.55": [0, 0.19, -0.1],
						"0.6": [0, 0.4, -0.01],
						"0.65": [0, 0.56, 0.06],
						"0.7": [0, 0.66, 0.14],
						"0.75": [0, 0.67, 0.2],
						"0.8": [0, 0.64, 0.24],
						"0.85": [0, 0.52, 0.27],
						"0.9": [0, 0.35, 0.26],
						"0.95": [0, 0.15, 0.24],
						"1.0": [0, 0, 0.22]
					},
					"position": {
						"0.0": [0, -0.07, 0.34],
						"0.05": [-0.03, -0.01, 0.36],
						"0.1": [-0.07, 0.08, 0.39],
						"0.15": [-0.11, 0.14, 0.41],
						"0.2": [-0.11, 0.16, 0.42],
						"0.25": [-0.11, 0.16, 0.42],
						"0.3": [-0.1, 0.14, 0.41],
						"0.35": [-0.09, 0.07, 0.37],
						"0.4": [-0.07, 0, 0.34],
						"0.45": [-0.04, -0.06, 0.34],
						"0.5": [0, -0.07, 0.36],
						"0.55": [0.03, -0.01, 0.38],
						"0.6": [0.07, 0.08, 0.4],
						"0.65": [0.1, 0.14, 0.41],
						"0.7": [0.11, 0.16, 0.42],
						"0.75": [0.1, 0.16, 0.42],
						"0.8": [0.09, 0.14, 0.41],
						"0.85": [0.08, 0.07, 0.39],
						"0.9": [0.06, 0, 0.36],
						"0.95": [0.03, -0.05, 0.35],
						"1.0": [0, -0.07, 0.34]
					}
				}
			}
		},
		"draw": {
			"loop": "hold_on_last_frame",
			"animation_length": 0.5,
			"bones": {
				"root": {
					"rotation": [0, 0, 0],
					"position": [0, 0, 0]
				},
				"lefthand": {
					"rotation": [82.13539, -427.02695, -114.77082],
					"position": [12.475, -8.135, -9.105],
					"scale": [1, 1.5, 1]
				},
				"righthand": {
					"rotation": [87.43393, 4.57237, -174.60633],
					"position": [-6.60303, -8.40413, -5.49781],
					"scale": [1, 1.5, 1]
				},
				"left": {
					"rotation": {
						"0.0": {
							"post": [24.31, -82.5, 0],
							"lerp_mode": "catmullrom"
						},
						"0.3667": {
							"post": [-2.98, -8.155, 0],
							"lerp_mode": "catmullrom"
						},
						"0.5": {
							"post": [0, 0, 0],
							"lerp_mode": "catmullrom"
						}
					},
					"position": {
						"0.0": {
							"post": [26, 1.92, 10],
							"lerp_mode": "catmullrom"
						},
						"0.1667": {
							"post": [14.18, 1.92, -5.55],
							"lerp_mode": "catmullrom"
						},
						"0.3667": {
							"post": [1.33, -0.59, 1.18],
							"lerp_mode": "catmullrom"
						},
						"0.5": {
							"post": [0, 0, 0],
							"lerp_mode": "catmullrom"
						}
					}
				},
				"right": {
					"rotation": {
						"0.0": {
							"post": [90, 0, 0],
							"lerp_mode": "catmullrom"
						},
						"0.2667": {
							"post": [-5.14, 0, 0],
							"lerp_mode": "catmullrom"
						},
						"0.4": {
							"post": [0, 0, 0],
							"lerp_mode": "catmullrom"
						}
					},
					"position": {
						"0.0": {
							"post": [-7, -17, 16],
							"lerp_mode": "catmullrom"
						},
						"0.1": {
							"post": [-21.82, -10.27, -13.27],
							"lerp_mode": "catmullrom"
						},
						"0.2333": {
							"post": [-2.815, 0, -3.17],
							"lerp_mode": "catmullrom"
						},
						"0.3667": {
							"post": [0, 0, 0],
							"lerp_mode": "catmullrom"
						}
					}
				},
				"camera": {
					"rotation": {
						"0.0": {
							"post": [0, 0, 0],
							"lerp_mode": "catmullrom"
						},
						"0.1667": {
							"post": [-1.06, 1.295, 1.205],
							"lerp_mode": "catmullrom"
						},
						"0.3333": {
							"post": [-0.055, -0.36, -0.335],
							"lerp_mode": "catmullrom"
						},
						"0.5": {
							"post": [0, 0, 0],
							"lerp_mode": "catmullrom"
						}
					}
				}
			}
		},
		"put_away": {
			"animation_length": 0.6,
			"bones": {
				"root": {
					"rotation": [0, 0, 0],
					"position": [0, 0, 0]
				},
				"lefthand": {
					"rotation": [82.13539, -427.02695, -114.77082],
					"position": [12.475, -8.135, -9.105],
					"scale": [1, 1.5, 1]
				},
				"righthand": {
					"rotation": [87.43393, 4.57237, -174.60633],
					"position": [-6.60303, -8.40413, -5.49781],
					"scale": [1, 1.5, 1]
				},
				"left": {
					"rotation": {
						"0.0": [0, 0, 0],
						"0.2": {
							"pre": [-2.98, -8.155, 0],
							"post": [-2.98, -8.155, 0],
							"lerp_mode": "catmullrom"
						},
						"0.4667": {
							"post": [-16.08, -82.5, 0],
							"lerp_mode": "catmullrom"
						}
					},
					"position": {
						"0.0": [0, 0, 0],
						"0.1": {
							"pre": [1.33, -0.59, 1.18],
							"post": [1.33, -0.59, 1.18],
							"lerp_mode": "catmullrom"
						},
						"0.2333": {
							"post": [9.61, 1.92, -5.55],
							"lerp_mode": "catmullrom"
						},
						"0.5": {
							"post": [17.895, 1.92, 10],
							"lerp_mode": "catmullrom"
						}
					}
				},
				"right": {
					"rotation": {
						"0.0": [0, 0, 0],
						"0.1333": {
							"pre": [-5.14, 0, 0],
							"post": [-5.14, 0, 0],
							"lerp_mode": "catmullrom"
						},
						"0.4": {
							"post": [90, 0, 0],
							"lerp_mode": "catmullrom"
						}
					},
					"position": {
						"0.0": [0, 0, 0],
						"0.1": {
							"pre": [-2.815, 0, -3.17],
							"post": [-2.815, 0, -3.17],
							"lerp_mode": "catmullrom"
						},
						"0.2667": {
							"post": [-21.82, -10.27, -13.27],
							"lerp_mode": "catmullrom"
						},
						"0.4": {
							"post": [-7, -17, 16],
							"lerp_mode": "catmullrom"
						}
					}
				},
				"camera": {
					"rotation": {
						"0.0": {
							"post": [0, 0, 0],
							"lerp_mode": "catmullrom"
						},
						"0.1667": {
							"post": [-1.06, 1.295, 1.205],
							"lerp_mode": "catmullrom"
						},
						"0.3333": {
							"post": [-0.055, -0.36, -0.335],
							"lerp_mode": "catmullrom"
						},
						"0.5": {
							"post": [0, 0, 0],
							"lerp_mode": "catmullrom"
						}
					}
				}
			}
		},
		"melee_push": {
			"animation_length": 1.0667,
			"bones": {
				"root": {
					"rotation": {
						"0.0": {
							"post": [0, 0, 0],
							"lerp_mode": "catmullrom"
						},
						"0.3333": {
							"post": [-2.07144, 0.08857, -1.53384],
							"lerp_mode": "catmullrom"
						},
						"0.3667": {
							"post": [-0.02845, 1.28529, -0.63631],
							"lerp_mode": "catmullrom"
						},
						"0.4333": {
							"post": [-0.08879, 1.14855, -3.63734],
							"lerp_mode": "catmullrom"
						},
						"0.5667": {
							"post": [-0.02113, 1.29125, -0.64265],
							"lerp_mode": "catmullrom"
						},
						"0.7333": {
							"post": [-0.02113, 1.29125, -0.64265],
							"lerp_mode": "catmullrom"
						},
						"1.0": {
							"post": [0, 0, 0],
							"lerp_mode": "catmullrom"
						}
					},
					"position": {
						"0.0": {
							"post": [0, 0, 0],
							"lerp_mode": "catmullrom"
						},
						"0.1667": {
							"post": [0, 0, 0.02],
							"lerp_mode": "catmullrom"
						},
						"0.3333": {
							"post": [0.685, 0.39, 1.34],
							"lerp_mode": "catmullrom"
						},
						"0.3667": {
							"post": [0.63, -0.045, -4.365],
							"lerp_mode": "catmullrom"
						},
						"0.4333": {
							"post": [0.545, -0.045, -1.18],
							"lerp_mode": "catmullrom"
						},
						"0.5333": {
							"post": [0.545, -0.045, 0.385],
							"lerp_mode": "catmullrom"
						},
						"0.7": {
							"post": [0.545, -0.045, 0.385],
							"lerp_mode": "catmullrom"
						},
						"0.8667": {
							"post": [0, 0, 0.02],
							"lerp_mode": "catmullrom"
						},
						"1.0": {
							"post": [0, 0, 0],
							"lerp_mode": "catmullrom"
						}
					}
				},
				"right": {
					"rotation": {
						"0.0": {
							"post": [0, 0, 0],
							"lerp_mode": "catmullrom"
						},
						"0.2": [-78.01118, -12.02572, 13.46569],
						"0.7667": [-78.01118, -12.02572, 13.46569],
						"0.9667": {
							"pre": [0, 0, 0],
							"post": [0, 0, 0],
							"lerp_mode": "catmullrom"
						}
					},
					"position": {
						"0.0": {
							"post": [0, 0, 0],
							"lerp_mode": "catmullrom"
						},
						"0.1": {
							"post": [2, 1.5, 0.25],
							"lerp_mode": "catmullrom"
						},
						"0.2": [4, 3, -1.13],
						"0.7667": [4, 3, -1.13],
						"0.8667": {
							"pre": [2, 1.5, 0.25],
							"post": [2, 1.5, 0.25],
							"lerp_mode": "catmullrom"
						},
						"0.9667": {
							"post": [0, 0, 0],
							"lerp_mode": "catmullrom"
						}
					}
				},
				"camera": {
					"rotation": {
						"0.0": {
							"post": [0, 0, 0],
							"lerp_mode": "catmullrom"
						},
						"0.2": {
							"post": [-1.07, 0, 0],
							"lerp_mode": "catmullrom"
						},
						"0.3333": {
							"post": [-0.8, 0, 0],
							"lerp_mode": "catmullrom"
						},
						"0.3667": {
							"post": [-0.8, 0, -1.275],
							"lerp_mode": "catmullrom"
						},
						"0.4": {
							"post": [-0.8, 0, 0.975],
							"lerp_mode": "catmullrom"
						},
						"0.4667": {
							"post": [-0.8, 0, -0.56],
							"lerp_mode": "catmullrom"
						},
						"0.5667": {
							"post": [-0.8, 0, 0.265],
							"lerp_mode": "catmullrom"
						},
						"0.7": {
							"post": [0.115, 0, -0.145],
							"lerp_mode": "catmullrom"
						},
						"0.8333": {
							"post": [-0.085, 0, 0.025],
							"lerp_mode": "catmullrom"
						},
						"1.0333": {
							"post": [0, 0, 0],
							"lerp_mode": "catmullrom"
						}
					}
				}
			}
		},
		"melee_bayonet_1": {
			"animation_length": 1.0667,
			"bones": {
				"root": {
					"rotation": {
						"0.0": {
							"post": [0, 0, 0],
							"lerp_mode": "catmullrom"
						},
						"0.3333": {
							"post": [4, 0, 0],
							"lerp_mode": "catmullrom"
						},
						"0.3667": {
							"post": [-5.99637, 0.20901, 1.98905],
							"lerp_mode": "catmullrom"
						},
						"0.4": {
							"post": [-6.00006, -0.20828, -1.98808],
							"lerp_mode": "catmullrom"
						},
						"0.4667": {
							"post": [-4.99554, 0.31278, 2.98261],
							"lerp_mode": "catmullrom"
						},
						"0.5667": {
							"post": [-5, 0.31, 0.845],
							"lerp_mode": "catmullrom"
						},
						"0.7667": {
							"post": [-4, 0, 0],
							"lerp_mode": "catmullrom"
						},
						"1.0333": {
							"post": [0, 0, 0],
							"lerp_mode": "catmullrom"
						}
					},
					"position": {
						"0.0": {
							"post": [0, 0, 0],
							"lerp_mode": "catmullrom"
						},
						"0.1667": {
							"post": [0, 0, 0.02],
							"lerp_mode": "catmullrom"
						},
						"0.3333": {
							"post": [0, 0.39, -0.5],
							"lerp_mode": "catmullrom"
						},
						"0.3667": {
							"post": [0, -0.58, 0.975],
							"lerp_mode": "catmullrom"
						},
						"0.4333": {
							"post": [-0.955, -0.58, 0.175],
							"lerp_mode": "catmullrom"
						},
						"0.5333": {
							"post": [0, -0.445, 0.06],
							"lerp_mode": "catmullrom"
						},
						"0.6667": {
							"post": [0, 0, 0],
							"lerp_mode": "catmullrom"
						},
						"0.7667": {
							"post": [0, 0, -0.5],
							"lerp_mode": "catmullrom"
						},
						"0.9": {
							"post": [0, 0, 0.02],
							"lerp_mode": "catmullrom"
						},
						"1.0333": {
							"post": [0, 0, 0],
							"lerp_mode": "catmullrom"
						}
					}
				},
				"button": {
					"position": {
						"0.3": [0, 0, 0],
						"0.3333": [0.06, -0.235, 0],
						"0.7333": [0.06, -0.235, 0],
						"0.8": [0, 0, 0]
					}
				},
				"right": {
					"rotation": {
						"0.0": {
							"post": [0, 0, 0],
							"lerp_mode": "catmullrom"
						},
						"0.2": [-78.01118, -12.02572, 13.46569],
						"0.7667": [-78.01118, -12.02572, 13.46569],
						"0.9667": {
							"pre": [0, 0, 0],
							"post": [0, 0, 0],
							"lerp_mode": "catmullrom"
						}
					},
					"position": {
						"0.0": {
							"post": [0, 0, 0],
							"lerp_mode": "catmullrom"
						},
						"0.1": {
							"post": [2, 1.5, 0.25],
							"lerp_mode": "catmullrom"
						},
						"0.2": [4, 3, -1.13],
						"0.7667": [4, 3, -1.13],
						"0.8667": {
							"pre": [2, 1.5, 0.25],
							"post": [2, 1.5, 0.25],
							"lerp_mode": "catmullrom"
						},
						"0.9667": {
							"post": [0, 0, 0],
							"lerp_mode": "catmullrom"
						}
					}
				},
				"camera": {
					"rotation": {
						"0.0": {
							"post": [0, 0, 0],
							"lerp_mode": "catmullrom"
						},
						"0.2": {
							"post": [-1.07, 0, 0],
							"lerp_mode": "catmullrom"
						},
						"0.3333": {
							"post": [-0.8, 0, 0],
							"lerp_mode": "catmullrom"
						},
						"0.3667": {
							"post": [-0.8, 0, -1.275],
							"lerp_mode": "catmullrom"
						},
						"0.4": {
							"post": [-0.8, 0, 0.975],
							"lerp_mode": "catmullrom"
						},
						"0.4667": {
							"post": [-0.8, 0, -0.56],
							"lerp_mode": "catmullrom"
						},
						"0.5667": {
							"post": [-0.8, 0, 0.265],
							"lerp_mode": "catmullrom"
						},
						"0.7": {
							"post": [0.115, 0, -0.145],
							"lerp_mode": "catmullrom"
						},
						"0.8333": {
							"post": [-0.085, 0, 0.025],
							"lerp_mode": "catmullrom"
						},
						"1.0333": {
							"post": [0, 0, 0],
							"lerp_mode": "catmullrom"
						}
					}
				}
			}
		},
		"melee_bayonet_2": {
			"animation_length": 1.0667,
			"bones": {
				"root": {
					"rotation": {
						"0.0": {
							"post": [0, 0, 0],
							"lerp_mode": "catmullrom"
						},
						"0.3333": {
							"post": [4, 0, 0],
							"lerp_mode": "catmullrom"
						},
						"0.3667": {
							"post": [-5.99637, 0.20901, 1.98905],
							"lerp_mode": "catmullrom"
						},
						"0.4": {
							"post": [-6.00006, -0.20828, -1.98808],
							"lerp_mode": "catmullrom"
						},
						"0.4667": {
							"post": [-4.99554, 0.31278, 2.98261],
							"lerp_mode": "catmullrom"
						},
						"0.5667": {
							"post": [-5, 0.31, 0.845],
							"lerp_mode": "catmullrom"
						},
						"0.7667": {
							"post": [-4, 0, 0],
							"lerp_mode": "catmullrom"
						},
						"1.0333": {
							"post": [0, 0, 0],
							"lerp_mode": "catmullrom"
						}
					},
					"position": {
						"0.0": {
							"post": [0, 0, 0],
							"lerp_mode": "catmullrom"
						},
						"0.1667": {
							"post": [0, 0, 0.02],
							"lerp_mode": "catmullrom"
						},
						"0.3333": {
							"post": [0, 0.39, -0.5],
							"lerp_mode": "catmullrom"
						},
						"0.3667": {
							"post": [0, -0.58, 0.975],
							"lerp_mode": "catmullrom"
						},
						"0.4333": {
							"post": [-0.955, -0.58, 0.175],
							"lerp_mode": "catmullrom"
						},
						"0.5333": {
							"post": [0, -0.445, 0.06],
							"lerp_mode": "catmullrom"
						},
						"0.6667": {
							"post": [0, 0, 0],
							"lerp_mode": "catmullrom"
						},
						"0.7667": {
							"post": [0, 0, -0.5],
							"lerp_mode": "catmullrom"
						},
						"0.9": {
							"post": [0, 0, 0.02],
							"lerp_mode": "catmullrom"
						},
						"1.0333": {
							"post": [0, 0, 0],
							"lerp_mode": "catmullrom"
						}
					}
				},
				"button": {
					"position": {
						"0.3": [0, 0, 0],
						"0.3333": [0.06, -0.235, 0],
						"0.7333": [0.06, -0.235, 0],
						"0.8": [0, 0, 0]
					}
				},
				"right": {
					"rotation": {
						"0.0": {
							"post": [0, 0, 0],
							"lerp_mode": "catmullrom"
						},
						"0.2": [-78.01118, -12.02572, 13.46569],
						"0.7667": [-78.01118, -12.02572, 13.46569],
						"0.9667": {
							"pre": [0, 0, 0],
							"post": [0, 0, 0],
							"lerp_mode": "catmullrom"
						}
					},
					"position": {
						"0.0": {
							"post": [0, 0, 0],
							"lerp_mode": "catmullrom"
						},
						"0.1": {
							"post": [2, 1.5, 0.25],
							"lerp_mode": "catmullrom"
						},
						"0.2": [4, 3, -1.13],
						"0.7667": [4, 3, -1.13],
						"0.8667": {
							"pre": [2, 1.5, 0.25],
							"post": [2, 1.5, 0.25],
							"lerp_mode": "catmullrom"
						},
						"0.9667": {
							"post": [0, 0, 0],
							"lerp_mode": "catmullrom"
						}
					}
				},
				"camera": {
					"rotation": {
						"0.0": {
							"post": [0, 0, 0],
							"lerp_mode": "catmullrom"
						},
						"0.2": {
							"post": [-1.07, 0, 0],
							"lerp_mode": "catmullrom"
						},
						"0.3333": {
							"post": [-0.8, 0, 0],
							"lerp_mode": "catmullrom"
						},
						"0.3667": {
							"post": [-0.8, 0, -1.275],
							"lerp_mode": "catmullrom"
						},
						"0.4": {
							"post": [-0.8, 0, 0.975],
							"lerp_mode": "catmullrom"
						},
						"0.4667": {
							"post": [-0.8, 0, -0.56],
							"lerp_mode": "catmullrom"
						},
						"0.5667": {
							"post": [-0.8, 0, 0.265],
							"lerp_mode": "catmullrom"
						},
						"0.7": {
							"post": [0.115, 0, -0.145],
							"lerp_mode": "catmullrom"
						},
						"0.8333": {
							"post": [-0.085, 0, 0.025],
							"lerp_mode": "catmullrom"
						},
						"1.0333": {
							"post": [0, 0, 0],
							"lerp_mode": "catmullrom"
						}
					}
				}
			}
		},
		"melee_bayonet_3": {
			"animation_length": 1.0667,
			"bones": {
				"root": {
					"rotation": {
						"0.0": {
							"post": [0, 0, 0],
							"lerp_mode": "catmullrom"
						},
						"0.3333": {
							"post": [4, 0, 0],
							"lerp_mode": "catmullrom"
						},
						"0.3667": {
							"post": [-5.99637, 0.20901, 1.98905],
							"lerp_mode": "catmullrom"
						},
						"0.4": {
							"post": [-6.00006, -0.20828, -1.98808],
							"lerp_mode": "catmullrom"
						},
						"0.4667": {
							"post": [-4.99554, 0.31278, 2.98261],
							"lerp_mode": "catmullrom"
						},
						"0.5667": {
							"post": [-5, 0.31, 0.845],
							"lerp_mode": "catmullrom"
						},
						"0.7667": {
							"post": [-4, 0, 0],
							"lerp_mode": "catmullrom"
						},
						"1.0333": {
							"post": [0, 0, 0],
							"lerp_mode": "catmullrom"
						}
					},
					"position": {
						"0.0": {
							"post": [0, 0, 0],
							"lerp_mode": "catmullrom"
						},
						"0.1667": {
							"post": [0, 0, 0.02],
							"lerp_mode": "catmullrom"
						},
						"0.3333": {
							"post": [0, 0.39, -0.5],
							"lerp_mode": "catmullrom"
						},
						"0.3667": {
							"post": [0, -0.58, 0.975],
							"lerp_mode": "catmullrom"
						},
						"0.4333": {
							"post": [-0.955, -0.58, 0.175],
							"lerp_mode": "catmullrom"
						},
						"0.5333": {
							"post": [0, -0.445, 0.06],
							"lerp_mode": "catmullrom"
						},
						"0.6667": {
							"post": [0, 0, 0],
							"lerp_mode": "catmullrom"
						},
						"0.7667": {
							"post": [0, 0, -0.5],
							"lerp_mode": "catmullrom"
						},
						"0.9": {
							"post": [0, 0, 0.02],
							"lerp_mode": "catmullrom"
						},
						"1.0333": {
							"post": [0, 0, 0],
							"lerp_mode": "catmullrom"
						}
					}
				},
				"button": {
					"position": {
						"0.3": [0, 0, 0],
						"0.3333": [0.06, -0.235, 0],
						"0.7333": [0.06, -0.235, 0],
						"0.8": [0, 0, 0]
					}
				},
				"right": {
					"rotation": {
						"0.0": {
							"post": [0, 0, 0],
							"lerp_mode": "catmullrom"
						},
						"0.2": [-78.01118, -12.02572, 13.46569],
						"0.7667": [-78.01118, -12.02572, 13.46569],
						"0.9667": {
							"pre": [0, 0, 0],
							"post": [0, 0, 0],
							"lerp_mode": "catmullrom"
						}
					},
					"position": {
						"0.0": {
							"post": [0, 0, 0],
							"lerp_mode": "catmullrom"
						},
						"0.1": {
							"post": [2, 1.5, 0.25],
							"lerp_mode": "catmullrom"
						},
						"0.2": [4, 3, -1.13],
						"0.7667": [4, 3, -1.13],
						"0.8667": {
							"pre": [2, 1.5, 0.25],
							"post": [2, 1.5, 0.25],
							"lerp_mode": "catmullrom"
						},
						"0.9667": {
							"post": [0, 0, 0],
							"lerp_mode": "catmullrom"
						}
					}
				},
				"camera": {
					"rotation": {
						"0.0": {
							"post": [0, 0, 0],
							"lerp_mode": "catmullrom"
						},
						"0.2": {
							"post": [-1.07, 0, 0],
							"lerp_mode": "catmullrom"
						},
						"0.3333": {
							"post": [-0.8, 0, 0],
							"lerp_mode": "catmullrom"
						},
						"0.3667": {
							"post": [-0.8, 0, -1.275],
							"lerp_mode": "catmullrom"
						},
						"0.4": {
							"post": [-0.8, 0, 0.975],
							"lerp_mode": "catmullrom"
						},
						"0.4667": {
							"post": [-0.8, 0, -0.56],
							"lerp_mode": "catmullrom"
						},
						"0.5667": {
							"post": [-0.8, 0, 0.265],
							"lerp_mode": "catmullrom"
						},
						"0.7": {
							"post": [0.115, 0, -0.145],
							"lerp_mode": "catmullrom"
						},
						"0.8333": {
							"post": [-0.085, 0, 0.025],
							"lerp_mode": "catmullrom"
						},
						"1.0333": {
							"post": [0, 0, 0],
							"lerp_mode": "catmullrom"
						}
					}
				}
			}
		},
		"ads": {
			"animation_length": 1,
			"bones": {
				"root": {
					"rotation": [0, 0, 0],
					"position": [0, 0, 0]
				},
				"left": {
					"rotation": {
						"0.2": {
							"pre": [0, 0, 0],
							"post": [0, 0, 0],
							"lerp_mode": "catmullrom"
						},
						"0.7333": [0, 0, -60],
						"0.9333": [0, 0, -60]
					},
					"position": {
						"0.0": {
							"post": [0, 0, 0],
							"lerp_mode": "catmullrom"
						},
						"0.5333": {
							"post": [-6, -20.79, 0],
							"lerp_mode": "catmullrom"
						},
						"0.8": [-10, -15.66, 0],
						"1.0": [-10, -15.66, 0]
					}
				},
				"camera": {
					"position": [0, 0, 4]
				}
			}
		},
		"inspect": {
			"animation_length": 3.1667,
			"bones": {
				"root": {
					"rotation": {
						"0.0": {
							"post": [0, 0, 0],
							"lerp_mode": "catmullrom"
						},
						"0.2333": {
							"post": [0, -16.355, 0],
							"lerp_mode": "catmullrom"
						},
						"0.4333": {
							"post": [0, -18.56, 0],
							"lerp_mode": "catmullrom"
						},
						"2.5333": {
							"post": [0, -18.56, 0],
							"lerp_mode": "catmullrom"
						},
						"3.0": {
							"post": [0, -1.79, 0],
							"lerp_mode": "catmullrom"
						},
						"3.1667": {
							"post": [0, 0, 0],
							"lerp_mode": "catmullrom"
						}
					},
					"position": {
						"0.0": {
							"post": [0, 0, 0],
							"lerp_mode": "catmullrom"
						},
						"0.2": {
							"post": [3.16, 0, -2.57],
							"lerp_mode": "catmullrom"
						},
						"0.4": {
							"post": [3.16, 0, -1.96],
							"lerp_mode": "catmullrom"
						},
						"2.5333": {
							"post": [3.16, 0, -1.96],
							"lerp_mode": "catmullrom"
						},
						"2.7667": {
							"post": [-0.055, -0.23, -1.31],
							"lerp_mode": "catmullrom"
						},
						"3.0": {
							"post": [0, 0, -0.415],
							"lerp_mode": "catmullrom"
						},
						"3.1667": {
							"post": [0, 0, 0],
							"lerp_mode": "catmullrom"
						}
					}
				},
				"lefthand": {
					"rotation": [82.13539, -427.02695, -114.77082],
					"position": [12.475, -8.135, -9.105],
					"scale": [1, 1.5, 1]
				},
				"righthand": {
					"rotation": {
						"1.0333": [87.43393, 4.57237, -174.60633],
						"1.2": [124.93, 4.57, -174.61],
						"1.3667": [124.93, 4.57, -174.61],
						"1.5": [137.43, 4.57, -174.61],
						"2.1": [137.43, 4.57, -174.61],
						"2.1667": [124.93, 4.57, -174.61],
						"2.3667": [124.93, 4.57, -174.61],
						"2.5667": [87.43393, 4.57237, -174.60633]
					},
					"position": {
						"0.2": [-6.6, -8.4, -5.5],
						"0.4": [-7.91, -8.4, -5.5],
						"1.0333": [-7.91, -8.4, -5.5],
						"1.2": [-6.6, -6.4, -4.5],
						"1.3667": [-6.6, -6.4, -4.5],
						"2.1": [-6.6, -6.4, -4.5],
						"2.1667": [-6.6, -6.4, -4.5],
						"2.3667": [-6.6, -6.4, -4.5],
						"2.5667": [-6.60303, -8.40413, -5.49781]
					},
					"scale": [1, 1.5, 1]
				},
				"left": {
					"position": {
						"0.1": [0, 0, 0],
						"0.3333": [0, 0, -3],
						"2.6": [0, 0, -3],
						"2.9333": [0, 0, 0]
					}
				},
				"right": {
					"rotation": {
						"0.0": {
							"post": [0, 0, 0],
							"lerp_mode": "catmullrom"
						},
						"0.2": {
							"post": [-57.04, -19.47, 4.14],
							"lerp_mode": "catmullrom"
						},
						"0.5": {
							"post": [-39.06578, -38.93566, 8.27632],
							"lerp_mode": "catmullrom"
						},
						"1.0333": {
							"post": [-39.06578, -38.93566, 8.27632],
							"lerp_mode": "catmullrom"
						},
						"1.2333": {
							"post": [-53.72226, 34.03109, 16.38236],
							"lerp_mode": "catmullrom"
						},
						"1.5333": {
							"post": [-56.72, 44.97, 16.38],
							"lerp_mode": "catmullrom"
						},
						"2.0667": {
							"post": [-56.72, 44.97, 16.38],
							"lerp_mode": "catmullrom"
						},
						"2.1": [-57.59666, 41.39097, 15.18533],
						"2.1333": [-53.61872, 44.22285, 16.192],
						"2.2333": [-53.6176, 44.2253, 16.1869],
						"2.4333": [-53.59913, 45.97194, 17.16392],
						"2.8333": {
							"pre": [0, 8.485, 7.83],
							"post": [0, 8.485, 7.83],
							"lerp_mode": "catmullrom"
						},
						"3.1": {
							"post": [0, 0, 0],
							"lerp_mode": "catmullrom"
						}
					},
					"position": {
						"0.0": {
							"post": [0, 0, 0],
							"lerp_mode": "catmullrom"
						},
						"0.1667": {
							"post": [2, -0.47, 2.18],
							"lerp_mode": "catmullrom"
						},
						"0.4667": {
							"post": [6.935, 3, 0],
							"lerp_mode": "catmullrom"
						},
						"1.0667": {
							"post": [6.935, 3, 0],
							"lerp_mode": "catmullrom"
						},
						"1.2": {
							"post": [4, 1.15, -2.4],
							"lerp_mode": "catmullrom"
						},
						"1.4": {
							"post": [4, 1.23, -3.47],
							"lerp_mode": "catmullrom"
						},
						"1.5667": {
							"post": [4, 0.385, -3.47],
							"lerp_mode": "catmullrom"
						},
						"2.0667": {
							"post": [4, 0.385, -3.47],
							"lerp_mode": "catmullrom"
						},
						"2.1": {
							"post": [3.995, 0.4, -3.445],
							"lerp_mode": "catmullrom"
						},
						"2.1333": [3.995, 0.975, -3.445],
						"2.2": [3.995, 0.68, -3.445],
						"2.4333": {
							"pre": [4.015, 0.355, -3.325],
							"post": [4.015, 0.355, -3.325],
							"lerp_mode": "catmullrom"
						},
						"2.8": {
							"post": [0, 0, 1.28],
							"lerp_mode": "catmullrom"
						},
						"3.1": {
							"post": [0, 0, 0],
							"lerp_mode": "catmullrom"
						}
					}
				},
				"slides": {
					"position": {
						"1.3667": [0, 0, 0],
						"1.5": [0, 0, 0.915],
						"2.0667": [0, 0, 0.92],
						"2.1": [0, 0, 0]
					}
				},
				"camera": {
					"rotation": {
						"0.0": {
							"post": [0, 0, 0],
							"lerp_mode": "catmullrom"
						},
						"0.2": {
							"post": [-0.995, -0.56, -0.57],
							"lerp_mode": "catmullrom"
						},
						"0.4": {
							"post": [-0.72, -0.39, -0.57],
							"lerp_mode": "catmullrom"
						},
						"0.7": {
							"post": [-0.72, -0.29, -0.57],
							"lerp_mode": "catmullrom"
						},
						"1.0": {
							"post": [-0.72, -0.39, -0.57],
							"lerp_mode": "catmullrom"
						},
						"1.3333": {
							"post": [-0.72, 1.12, 0.615],
							"lerp_mode": "catmullrom"
						},
						"1.5333": {
							"post": [-0.72, 0.975, 0.495],
							"lerp_mode": "catmullrom"
						},
						"2.0667": {
							"post": [-0.72, 0.975, 0.495],
							"lerp_mode": "catmullrom"
						},
						"2.1": {
							"post": [-0.72, 1.73, -0.535],
							"lerp_mode": "catmullrom"
						},
						"2.1667": {
							"post": [-0.72, 0.605, 0.885],
							"lerp_mode": "catmullrom"
						},
						"2.3": {
							"post": [-0.72, 1.24, 0.285],
							"lerp_mode": "catmullrom"
						},
						"2.4667": {
							"post": [-0.72, 1.09, 0.54],
							"lerp_mode": "catmullrom"
						},
						"2.8": {
							"post": [0.19, -0.175, -0.1],
							"lerp_mode": "catmullrom"
						},
						"2.9333": {
							"post": [-0.055, 0.045, 0.065],
							"lerp_mode": "catmullrom"
						},
						"3.1": {
							"post": [0, 0, 0],
							"lerp_mode": "catmullrom"
						}
					}
				}
			},
			"sound_effects": {
				"0.0": {
					"effect": "tacz:b93r/b93r_inspect_mvmt_1"
				},
				"0.9667": {
					"effect": "tacz:b93r/b93r_inspect_mvmt_5"
				},
				"1.3667": {
					"effect": "tacz:b93r/b93r_inspect_slide_back"
				},
				"1.8667": {
					"effect": "tacz:p320/p320_inspect_sliderelease"
				},
				"2.3667": {
					"effect": "tacz:p320/p320_inspect_empty_end"
				}
			}
		},
		"inspect_empty": {
			"animation_length": 3.1667,
			"bones": {
				"root": {
					"rotation": {
						"0.0": {
							"post": [0, 0, 0],
							"lerp_mode": "catmullrom"
						},
						"0.2333": {
							"post": [0, -16.355, 0],
							"lerp_mode": "catmullrom"
						},
						"0.4333": {
							"post": [0, -18.56, 0],
							"lerp_mode": "catmullrom"
						},
						"2.5333": {
							"post": [0, -18.56, 0],
							"lerp_mode": "catmullrom"
						},
						"3.0": {
							"post": [0, -1.79, 0],
							"lerp_mode": "catmullrom"
						},
						"3.1667": {
							"post": [0, 0, 0],
							"lerp_mode": "catmullrom"
						}
					},
					"position": {
						"0.0": {
							"post": [0, 0, 0],
							"lerp_mode": "catmullrom"
						},
						"0.2": {
							"post": [3.16, 0, -2.57],
							"lerp_mode": "catmullrom"
						},
						"0.4": {
							"post": [3.16, 0, -1.96],
							"lerp_mode": "catmullrom"
						},
						"2.5333": {
							"post": [3.16, 0, -1.96],
							"lerp_mode": "catmullrom"
						},
						"2.7667": {
							"post": [-0.055, -0.23, -1.31],
							"lerp_mode": "catmullrom"
						},
						"3.0": {
							"post": [0, 0, -0.415],
							"lerp_mode": "catmullrom"
						},
						"3.1667": {
							"post": [0, 0, 0],
							"lerp_mode": "catmullrom"
						}
					}
				},
				"lefthand": {
					"rotation": [82.13539, -427.02695, -114.77082],
					"position": [12.475, -8.135, -9.105],
					"scale": [1, 1.5, 1]
				},
				"righthand": {
					"rotation": {
						"1.0333": [87.43393, 4.57237, -174.60633],
						"2.5667": [87.43393, 4.57237, -174.60633]
					},
					"position": {
						"0.0": [-6.6, -8.4, -5.5],
						"0.2333": [-7.91, -8.4, -5.5],
						"1.0333": [-7.91, -8.4, -5.5],
						"1.2333": [-6.60303, -8.40413, -5.49781]
					},
					"scale": [1, 1.5, 1]
				},
				"left": {
					"position": {
						"0.1": [0, 0, 0],
						"0.3333": [0, 0, -3],
						"2.6": [0, 0, -3],
						"2.9333": [0, 0, 0]
					}
				},
				"right": {
					"rotation": {
						"0.0": {
							"post": [0, 0, 0],
							"lerp_mode": "catmullrom"
						},
						"0.2": {
							"post": [-57.04, -19.47, 4.14],
							"lerp_mode": "catmullrom"
						},
						"0.4667": {
							"post": [-39.06578, -38.93566, 8.27632],
							"lerp_mode": "catmullrom"
						},
						"1.0333": {
							"post": [-39.06578, -38.93566, 8.27632],
							"lerp_mode": "catmullrom"
						},
						"1.2333": {
							"post": [-53.72226, 34.03109, 16.38236],
							"lerp_mode": "catmullrom"
						},
						"1.5333": {
							"post": [-56.72, 44.97, 16.38],
							"lerp_mode": "catmullrom"
						},
						"1.9333": {
							"post": [-56.72, 44.97, 16.38],
							"lerp_mode": "catmullrom"
						},
						"2.2333": {
							"post": [-54.95, 44.49, 17.54],
							"lerp_mode": "catmullrom"
						},
						"2.4333": {
							"post": [-51.17913, 40.51194, 17.16392],
							"lerp_mode": "catmullrom"
						},
						"2.8333": {
							"post": [0, 8.485, 7.83],
							"lerp_mode": "catmullrom"
						},
						"3.1": {
							"post": [0, 0, 0],
							"lerp_mode": "catmullrom"
						}
					},
					"position": {
						"0.0": {
							"post": [0, 0, 0],
							"lerp_mode": "catmullrom"
						},
						"0.1667": {
							"post": [2, -0.47, 2.18],
							"lerp_mode": "catmullrom"
						},
						"0.4333": {
							"post": [6.935, 3, 0],
							"lerp_mode": "catmullrom"
						},
						"1.0667": {
							"post": [6.935, 3, 0],
							"lerp_mode": "catmullrom"
						},
						"1.2": {
							"post": [4, 3.445, -2.4],
							"lerp_mode": "catmullrom"
						},
						"1.4": {
							"post": [4, 4.29, -3.47],
							"lerp_mode": "catmullrom"
						},
						"1.5667": {
							"post": [4, 4.375, -3.47],
							"lerp_mode": "catmullrom"
						},
						"2.0667": {
							"post": [4, 4.375, -3.47],
							"lerp_mode": "catmullrom"
						},
						"2.4333": {
							"post": [3.6, 3.52, -2.815],
							"lerp_mode": "catmullrom"
						},
						"2.8": {
							"post": [0, 0, 1.28],
							"lerp_mode": "catmullrom"
						},
						"3.1": {
							"post": [0, 0, 0],
							"lerp_mode": "catmullrom"
						}
					}
				},
				"slides": {
					"position": [0, 0, 3.07]
				},
				"hammer": {
					"rotation": [-20, 0, 0]
				},
				"slidestoplever": {
					"rotation": [6, 0, 0]
				},
				"bullet": {
					"scale": 0
				},
				"camera": {
					"rotation": {
						"0.0": {
							"post": [0, 0, 0],
							"lerp_mode": "catmullrom"
						},
						"0.2": {
							"post": [-0.995, -0.56, -0.57],
							"lerp_mode": "catmullrom"
						},
						"0.4": {
							"post": [-0.72, -0.39, -0.57],
							"lerp_mode": "catmullrom"
						},
						"0.7": {
							"post": [-0.72, -0.29, -0.57],
							"lerp_mode": "catmullrom"
						},
						"1.0": {
							"post": [-0.72, -0.39, -0.57],
							"lerp_mode": "catmullrom"
						},
						"1.3333": {
							"post": [-0.72, 1.12, 0.615],
							"lerp_mode": "catmullrom"
						},
						"1.5333": {
							"post": [-0.72, 0.975, 0.495],
							"lerp_mode": "catmullrom"
						},
						"2.4667": {
							"post": [-0.72, 1.09, 0.54],
							"lerp_mode": "catmullrom"
						},
						"2.8": {
							"post": [0.19, -0.175, -0.1],
							"lerp_mode": "catmullrom"
						},
						"2.9333": {
							"post": [-0.055, 0.045, 0.065],
							"lerp_mode": "catmullrom"
						},
						"3.1": {
							"post": [0, 0, 0],
							"lerp_mode": "catmullrom"
						}
					}
				}
			},
			"sound_effects": {
				"0.0": {
					"effect": "tacz:b93r/b93r_inspect_mvmt_1"
				},
				"0.9667": {
					"effect": "tacz:b93r/b93r_inspect_mvmt_5"
				},
				"2.1667": {
					"effect": "tacz:p320/p320_inspect_empty_rattle"
				},
				"2.3667": {
					"effect": "tacz:p320/p320_inspect_empty_end"
				}
			}
		},
		"melee_stock": {
			"animation_length": 1.0667,
			"bones": {
				"root": {
					"rotation": {
						"0.0": {
							"post": [0, 0, 0],
							"lerp_mode": "catmullrom"
						},
						"0.3333": {
							"post": [4, 0, 0],
							"lerp_mode": "catmullrom"
						},
						"0.3667": {
							"post": [-5.99637, 0.20901, 1.98905],
							"lerp_mode": "catmullrom"
						},
						"0.4": {
							"post": [-6.00006, -0.20828, -1.98808],
							"lerp_mode": "catmullrom"
						},
						"0.4667": {
							"post": [-4.99554, 0.31278, 2.98261],
							"lerp_mode": "catmullrom"
						},
						"0.5667": {
							"post": [-5, 0.31, 0.845],
							"lerp_mode": "catmullrom"
						},
						"0.7667": {
							"post": [-4, 0, 0],
							"lerp_mode": "catmullrom"
						},
						"1.0333": {
							"post": [0, 0, 0],
							"lerp_mode": "catmullrom"
						}
					},
					"position": {
						"0.0": {
							"post": [0, 0, 0],
							"lerp_mode": "catmullrom"
						},
						"0.1667": {
							"post": [0, 0, 0.02],
							"lerp_mode": "catmullrom"
						},
						"0.3333": {
							"post": [0, 0.39, -0.5],
							"lerp_mode": "catmullrom"
						},
						"0.3667": {
							"post": [0, -0.58, 0.975],
							"lerp_mode": "catmullrom"
						},
						"0.4333": {
							"post": [-0.955, -0.58, 0.175],
							"lerp_mode": "catmullrom"
						},
						"0.5333": {
							"post": [0, -0.445, 0.06],
							"lerp_mode": "catmullrom"
						},
						"0.6667": {
							"post": [0, 0, 0],
							"lerp_mode": "catmullrom"
						},
						"0.7667": {
							"post": [0, 0, -0.5],
							"lerp_mode": "catmullrom"
						},
						"0.9": {
							"post": [0, 0, 0.02],
							"lerp_mode": "catmullrom"
						},
						"1.0333": {
							"post": [0, 0, 0],
							"lerp_mode": "catmullrom"
						}
					}
				},
				"button": {
					"position": {
						"0.3": [0, 0, 0],
						"0.3333": [0.06, -0.235, 0],
						"0.7333": [0.06, -0.235, 0],
						"0.8": [0, 0, 0]
					}
				},
				"right": {
					"rotation": {
						"0.0": {
							"post": [0, 0, 0],
							"lerp_mode": "catmullrom"
						},
						"0.2": [-78.01118, -12.02572, 13.46569],
						"0.7667": [-78.01118, -12.02572, 13.46569],
						"0.9667": {
							"pre": [0, 0, 0],
							"post": [0, 0, 0],
							"lerp_mode": "catmullrom"
						}
					},
					"position": {
						"0.0": {
							"post": [0, 0, 0],
							"lerp_mode": "catmullrom"
						},
						"0.1": {
							"post": [2, 1.5, 0.25],
							"lerp_mode": "catmullrom"
						},
						"0.2": [4, 3, -1.13],
						"0.7667": [4, 3, -1.13],
						"0.8667": {
							"pre": [2, 1.5, 0.25],
							"post": [2, 1.5, 0.25],
							"lerp_mode": "catmullrom"
						},
						"0.9667": {
							"post": [0, 0, 0],
							"lerp_mode": "catmullrom"
						}
					}
				},
				"camera": {
					"rotation": {
						"0.0": {
							"post": [0, 0, 0],
							"lerp_mode": "catmullrom"
						},
						"0.2": {
							"post": [-1.07, 0, 0],
							"lerp_mode": "catmullrom"
						},
						"0.3333": {
							"post": [-0.8, 0, 0],
							"lerp_mode": "catmullrom"
						},
						"0.3667": {
							"post": [-0.8, 0, -1.275],
							"lerp_mode": "catmullrom"
						},
						"0.4": {
							"post": [-0.8, 0, 0.975],
							"lerp_mode": "catmullrom"
						},
						"0.4667": {
							"post": [-0.8, 0, -0.56],
							"lerp_mode": "catmullrom"
						},
						"0.5667": {
							"post": [-0.8, 0, 0.265],
							"lerp_mode": "catmullrom"
						},
						"0.7": {
							"post": [0.115, 0, -0.145],
							"lerp_mode": "catmullrom"
						},
						"0.8333": {
							"post": [-0.085, 0, 0.025],
							"lerp_mode": "catmullrom"
						},
						"1.0333": {
							"post": [0, 0, 0],
							"lerp_mode": "catmullrom"
						}
					}
				}
			}
		}
	}
}