{
  "ammo": "tacz:50ae",
  "can_slide": false,
  "ammo_amount": 12,
  "bolt": "manual_action",
  "rpm": 1000,
  "bullet": {
    "life": 0.8,
    "bullet_amount": 1,
    "damage": 9,
    "tracer_count_interval": 0,
    "extra_damage": {
      "armor_ignore": 0,
      "head_shot_multiplier": 1.1,
      "damage_adjust": [
        {"distance": 15, "damage": 12},
        {"distance": 25, "damage": 9.5},
        {"distance": 35, "damage": 8},
        {"distance": 45, "damage": 7},
        {"distance": 65, "damage": 6},
        {"distance": "infinite", "damage": 5}
      ]
    },
    "speed": 140,
    "gravity": 0.15,
    "knockback": 0.1,
    "friction": 0.03,
    "ignite": false,
    "pierce": 1
  },
  "reload": {
    "type": "magazine",
    "feed": {
      "empty": 6.2,
      "tactical": 3.3
    },
    "cooldown": {
      "empty": 7.6,
      "tactical": 4
    }
  },
  "script": "qkl:m1860_gun_logic",
  "script_param": {
    "bolt_time": 0.5,
    "intro": 3.25,
    "intro_empty": 5.38,
    "loop": 0.85,
    "ending": 2.54,
    "ending_empty": 2.17,
    "ending_empty_feed": 2.2,
    "loop_feed": 0.5
  },
 "draw_time": 0.9,
  "put_away_time": 0.9,
  "aim_time": 0.2,
  "sprint_time": 0.2,
  "bolt_action_time": 0.5,
  "weight": 4.2,
  "fire_mode": [
    "semi"
  ],
  "recoil": {
    "pitch": [
      {"time": 0, "value": [2, 2]},
      {"time": 0.1, "value": [2, 2]},
      {"time": 0.25, "value": [-0.3, -0.3]},
      {"time": 0.6, "value": [0.2, 0.2]},
      {"time": 0.73, "value": [0, 0]},
      {"time": 0.75, "value": [0, 0]}
    ],
    "yaw": [
      {"time": 0, "value": [-0.15, -0.75]},
      {"time": 0.1, "value": [-0.15, -0.75]},
      {"time": 0.3, "value": [0, 0]}
    ]
  },

  "melee": {
    "distance": 1,
    "cooldown": 0.7,
    "default": {
      "animation_type": "melee_stock",
      "distance": 3,
      "range_angle": 40,
      "cooldown": 0,
      "damage": 3,
      "knockback": 0.5,
      "prep": 0.1
    }
  },

  "inaccuracy": {
    "stand": 2.6,
    "move": 3.5,
    "sneak": 2,
    "lie": 2,
    "aim": 0.18
  }

}