{
    "ammo": "qkl:rb10",
    "can_slide": false,
    "ammo_amount": 5,
    "bolt": "manual_action",
    "rpm": 600,
    "bullet": {
      "life": 1,
      "bullet_amount": 1,
      "damage": 27,
      "tracer_count_interval": 0,
      "extra_damage": {
        "armor_ignore": 0.45,
        "head_shot_multiplier": 1.5,
        "damage_adjust": [
          {"distance": 15, "damage": 27},
          {"distance": 35, "damage": 23},
          {"distance": 65, "damage": 20},
          {"distance": 85, "damage": 17},
          {"distance": 100, "damage": 16},
          {"distance": "infinite", "damage": 14}
        ]
      },
      "speed": 220,
      "gravity": 0.025,
      "knockback": 0,
      "friction": 0.015,
      "ignite": false,
      "pierce": 1
    },
    "reload": {
      "type": "magazine",
      "feed": {
        "empty": 2.42,
        "tactical": 2.42
      },
      "cooldown": {
        "empty": 3.63,
        "tactical": 3.7
      }
    },
    "script": "qkl:cbr11_gun_logic",
  "script_param": {
    "bolt_time": 1.7,
    "intro": 2,
    "intro_empty": 2,
    "intro_empty_clip": 0.83,
    "loop": 1.25,
    "ending": 1.5,
    "ending_empty": 1.5,
    "ending_empty_feed": 0.5,
    "clip_load": 2.75,
    "clip_load_feed": 2.75,
    "loop_feed": 0.6
  },
    "draw_time": 0.57,
    "put_away_time": 0.57,
    "aim_time": 0.15,
    "sprint_time": 0.2,
    "weight": 3,
    "fire_mode": [
      "semi"
    ],
    "recoil": {
      "pitch": [
        {"time": 0, "value": [3.5, 3.5]},
        {"time": 0.3, "value": [3.5, 3.5]},
        {"time": 0.55, "value": [-0.225, -0.225]},
        {"time": 0.7, "value": [0, 0]},
        {"time": 0.8, "value": [0, 0]}
      ],
      "yaw": [
        {"time": 0, "value": [-1, -1]},
        {"time": 0.45, "value": [-1, -1]},
        {"time": 0.7, "value": [0, 0]}
      ]
    },

    "melee": {
    "distance": 1,
    "cooldown": 0.35,
    "default": {
      "animation_type": "melee_stock",
      "distance": 0,
      "range_angle": 30,
      "cooldown": 0,
      "damage": 3,
      "knockback": 0,
      "prep": 0.1
    }
  },

  "allow_attachment_types": [

    "muzzle"

  ],

    "inaccuracy": {
      "stand": 5.5,
      "move": 7.5,
      "sneak": 3.5,
      "lie": 2.5,
      "aim": 0.24
    }
}