{
  "ammo": "tacz:12g",
  "can_slide": false,
  "ammo_amount": 1,
  "bolt": "open_bolt",
  "rpm": 1500,
  "bullet": {
    "life": 0.8,
    "bullet_amount": 7,
    "damage": 35,
    "tracer_count_interval": 0,
    "extra_damage": {
      "armor_ignore": 0,
      "head_shot_multiplier": 1.2,
      "damage_adjust": [
        {"distance": 9, "damage": 42},
        {"distance": 28, "damage": 28},
        {"distance": 38, "damage": 14},
        {"distance": "infinite", "damage": 7}
      ]
    },
    "speed": 200,
    "gravity": 0.0245,
    "knockback": 0.4,
    "friction": 0.012,
    "ignite": false,
    "pierce": 1
  },
  "reload": {
    "type": "magazine",
    "feed": {
      "empty": 2,
      "tactical": 1
    },
    "cooldown": {
      "empty": 3,
      "tactical": 2
    }
  },
  "draw_time": 0.53,
  "put_away_time": 0.73,
  "aim_time": 0.3,
  "sprint_time": 0.8,
  "weight": 3,
  "fire_mode": [
    "semi"
  ],
  "recoil": {
    "pitch": [
      {"time": 0, "value": [4.5, 4.5]},
      {"time": 0.32, "value": [4.5, 4.5]},
      {"time": 0.57, "value": [-0.5, -0.5]},
      {"time": 0.82, "value": [0.25, 0.25]},
      {"time": 1.17, "value": [0, 0]},
      {"time": 1.47, "value": [0, 0]}
    ],
    "yaw": [
      {"time": 0, "value": [-0.9, -0.75]},
      {"time": 0.32, "value": [-0.9, -0.75]},
      {"time": 0.57, "value": [0, 0]}
    ]
  },

  "melee": {
    "distance": 1,
    "cooldown": 0.7,
    "default": {
      "animation_type": "melee_stock",
      "distance": 0,
      "range_angle": 40,
      "cooldown": 0,
      "damage": 5,
      "knockback": 0.5,
      "prep": 0.1
    }
  },

  "inaccuracy": {
    "stand": 3,
    "move": 3.5,
    "sneak": 3,
    "lie": 3,
    "aim": 1
  }

}