{
  "ammo": "tacz:30_06",
  "can_slide": false,
  "ammo_amount": 5,
  "bolt": "manual_action",
  "rpm": 1200,
  "bullet": {
    "life": 1,
    "bullet_amount": 1,
    "damage": 33,
    "tracer_count_interval": 0,
    "extra_damage": {
      "armor_ignore": 0.6,
      "head_shot_multiplier": 1.5,
     "damage_adjust": [
          {"distance": 15, "damage": 33},
          {"distance": 30, "damage": 24},
          {"distance": 45, "damage": 21},
          {"distance": 55, "damage": 19},
          {"distance": 65, "damage": 17},
          {"distance": 75, "damage": 15},
          {"distance": "infinite", "damage": 13}
        ]
    },
    "speed": 350,
    "gravity": 0.15,
    "knockback": 0,
    "friction": 0.015,
    "ignite": false,
    "pierce": 1
  },
  "reload": {
    "type": "magazine",
    "feed": {
      "empty": 6.2,
      "tactical": 3.3
    },
    "cooldown": {
      "empty": 7.6,
      "tactical": 4
    }
  },
  "script": "qkl:m1903a3_gun_logic",
  "script_param": {
    "bolt_time": 1.7,
    "intro": 1.75,
    "intro_empty": 1.75,
    "intro_empty_clip": 1.27,
    "loop": 1.04,
    "ending": 1.7,
    "ending_empty": 1.7,
    "ending_empty_feed": 0.5,
    "clip_load": 5.38,
    "clip_load_feed": 5.38,
    "loop_feed": 0.6
  },
 "draw_time": 0.7,
  "put_away_time": 0.4,
  "aim_time": 0.25,
  "sprint_time": 0.2,
  "bolt_action_time": 1.8,
  "weight": 3.95,
  "fire_mode": [
    "semi"
  ],
  "recoil": {
      "pitch": [
        {"time": 0, "value": [1.3, 1.3]},
        {"time": 0.3, "value": [1.3, 1.3]},
        {"time": 0.55, "value": [-0.225, -0.225]},
        {"time": 0.7, "value": [0, 0]},
        {"time": 0.8, "value": [0, 0]}
      ],
      "yaw": [
        {"time": 0, "value": [-0.3, -0.3]},
        {"time": 0.45, "value": [-0.3, -0.3]},
        {"time": 0.7, "value": [0, 0]}
      ]
    },

  "melee": {
    "distance": 1,
    "cooldown": 1,
    "default": {
      "animation_type": "melee_stock",
      "distance": 2,
      "range_angle": 40,
      "cooldown": 0,
      "damage": 3,
      "knockback": 0.5,
      "prep": 0.1
    }
  },
  "allow_attachment_types": [

    "scope",
    "muzzle"

  ],

  "inaccuracy": {
    "stand": 7.5,
    "move": 8,
    "sneak": 6.5,
    "lie": 4.5,
    "aim": 0.15
  }

}