{
  "name": "rainforest.gun.at4.name",
  "tooltip": "sb",
  "data": "rainforest:at4_data",
  "display": "rainforest:at4_display",
  "type": "rpg",
  "item_type": "modern_kinetic",
  "sort": 1,
   "sounds": {
      "shoot": "rainforest:m72/m72_shoot",
      "shoot_3p": "rainforest:rpg7/rpg7_shoot_3p",
      "reload_empty": "rainforest:m72/m72_reload_empty",
      "reload_tactical": "rainforest:m72/m72_reload_tactical",
      "inspect": "rainforest:rpg7/rpg7_inspect",
      "inspect_empty": "rainforest:rpg7/rpg7_inspect_empty",
      "draw": "rainforest:m72/m72_draw",
      "put_away": "rainforest:m14/m14_put_away",
      "silence": "rainforest:rpg7/rpg7_silence",
      "silence_3p": "rainforest:rpg7/rpg7_silence_3p",
      // 下面四个音效可以不写，模组会自动添加默认音效
      "dry_fire": "tacz:dry_fire",
      "fire_select": "tcaz:fire_select",
      "head_hit": "tacz:head_hit",
      "flesh_hit": "tacz:flesh_hit",
      "kill": "tacz:kill",
      // 近战音效，默认就会添加
      "melee_bayonet": "tacz:melee_bayonet/melee_bayonet_01",
      "melee_push": "tacz:melee_stock/melee_stock_01",
      "melee_stock": "tacz:melee_stock/melee_stock_02"
    }
}
