{
    // 枪械的显示名称，支持本地化
    "name": "FN FAL",
    // 枪械效果文件
    "display": "rainforest:fal_display",
    // 枪械参数文件
    "data": "rainforest:fal_data",
    // 枪械文本提示
    "tooltip": "比利时FNFAL步枪易于生产、价格较低，所以很快被列为北约军队的制式步枪，并很快普及到为数众多的拉美、亚洲、非洲国家共90多个国家，还有不少国家进行仿制或特许生产。",
    // 枪械种类，用于创造标签栏归类。
    "type": "rifle",
    // 枪械的物品类型，决定枪械的逻辑，如开火、装填等，默认是 modern_kinetic (现代动能枪械)
    "item_type": "modern_kinetic",
    // 排序数，决定了在创造模式标签页中的顺序
    // 数字越小，优先级越高
    "sort": 1
}