{
    // 枪械的显示名称，支持本地化
    "name": "HK SPG1",
    // 枪械效果文件
    "display": "rainforest:hk_spg1_display",
    // 枪械参数文件
    "data": "rainforest:hk_spg1_data",
    // 枪械文本提示
    "tooltip": "PSG-1的研制据说与1972年奥运会的慕尼黑惨案有关，事后西德警方认为需要装备一种高精度的半自动狙击步枪来面对同类事件。在当年HK公司便推出了PSG-1狙击步枪。",
    // 枪械种类，用于创造标签栏归类。
    "type": "rifle",
    // 枪械的物品类型，决定枪械的逻辑，如开火、装填等，默认是 modern_kinetic (现代动能枪械)
    "item_type": "modern_kinetic",
    // 排序数，决定了在创造模式标签页中的顺序
    // 数字越小，优先级越高
    "sort": 1
}