{
    // 枪械的显示名称，支持本地化
    "name": "L85A1 IW",
    // 枪械效果文件
    "display": "rainforest:l85a1_display",
    // 枪械参数文件
    "data": "rainforest:l85a1_data",
    // 枪械文本提示
    "tooltip": "L85A1/L85A2在实战及演习中发现故障率太高，经MoD调查小组调查后发现与大多数士兵没有按时进行适当的维护和保养有关。",
    // 枪械种类，用于创造标签栏归类。
    "type": "rifle",
    // 枪械的物品类型，决定枪械的逻辑，如开火、装填等，默认是 modern_kinetic (现代动能枪械)
    "item_type": "modern_kinetic",
    // 排序数，决定了在创造模式标签页中的顺序
    // 数字越小，优先级越高
    "sort": 1
}