{
    // 枪械的显示名称，支持本地化
    "name": "PM-63",
    // 枪械效果文件
    "display": "rainforest:pm63_display",
    // 枪械参数文件
    "data": "rainforest:pm63_data",
    // 枪械文本提示
    "tooltip": "PM-63冲锋枪，或者叫wz.63冲锋枪，有两种叫法是因为该枪的正式全称叫Pistolet maszynowy wzór 1963（1963式冲锋枪）",
    // 枪械种类，用于创造标签栏归类。
    "type": "smg",
    // 枪械的物品类型，决定枪械的逻辑，如开火、装填等，默认是 modern_kinetic (现代动能枪械)
    "item_type": "modern_kinetic",
    // 排序数，决定了在创造模式标签页中的顺序
    // 数字越小，优先级越高
    "sort": 1
}