{
    // 枪械的显示名称，支持本地化
    "name": "Samopal Vzor 1961",
    // 枪械效果文件
    "display": "rainforest:vz68_display",
    // 枪械参数文件
    "data": "rainforest:vz68_data",
    // 枪械文本提示
    "tooltip": "虽然它的实战效果不太理想，然而，该枪在轻武器历史上却占有一席之地。该枪在捷克被警察、安全部队和反恐怖部队中获得广泛采用",
    // 枪械种类，用于创造标签栏归类。
    "type": "smg",
    // 枪械的物品类型，决定枪械的逻辑，如开火、装填等，默认是 modern_kinetic (现代动能枪械)
    "item_type": "modern_kinetic",
    // 排序数，决定了在创造模式标签页中的顺序
    // 数字越小，优先级越高
    "sort": 1
}