{
  "slot": "ccrp:attachment/slot/scope_xm157",
  "model": "ccrp:attachment/scope_xm157_geo",
  "texture": "ccrp:attachment/uv/scope_xm157",
  "lod": {
    "model": "ccrp:attachment/lod/scope_xm157",
    "texture": "ccrp:attachment/lod/scope_xm157"
  },
  "zoom": [
    1.5,
    3.0,
    7.0,
    15.0
  ],
  "views": [
    1
  ],
  "views_fov": [
    40.0
  ],
  "text_show": {
    // 作用的组名，该组的旋转点决定文本的位置和朝向
    "ammo_count_text": {
      // 文本缩放，默认大小对于 BlockBench 里的 1
      "scale": 0.09375,
      // 对齐方式：right，center，left
      "align": "left",
      // 阴影
      "shadow": false,
      // 文本颜色
      "color": "#e1ce3e",
      // 亮度：1-15
      "light": 15,
      // 本地化，且支持PlaceholderAPI 风格的占位符
      // 目前仅支持两个：%player_name% %ammo_count%
      "text": "%ammo_count%"
    },
    "custom_text_ammo":{
      "scale": 0.0625,
      "align": "center",
      "shadow": false,
      "color": "#ffffff",
      "light": 15,
      "text": "AMMO"
    }
  },
  // 组合镜需要将两个选项都设为 true
  "scope": true,
  // 组合镜不需要这个
  //"fov": 20.0,
  "sounds": {
    "install": "tacz:attachments/scope_general_a",
    "uninstall": "tacz:attachments/scope_general_a"
  }
}