{
	"format_version": "1.8.0",
	"animations": {
		"animation.unknown.new": {
			"loop": true
		},
		"idle": {
			"loop": true,
			"animation_length": 3.25,
			"bones": {
				"push": {
					"position": [0, 0, 0]
				},
				"hammer": {
					"rotation": [0, 0, 0]
				},
				"root": {
					"rotation": {
						"0.0": {
							"post": [0, 0, 0],
							"lerp_mode": "catmullrom"
						},
						"0.5417": {
							"post": [0.03, 0.03, 0.08],
							"lerp_mode": "catmullrom"
						},
						"1.75": {
							"post": [0, 0, 0],
							"lerp_mode": "catmullrom"
						},
						"2.375": {
							"post": [-0.01, -0.01, -0.02],
							"lerp_mode": "catmullrom"
						},
						"3.0": {
							"post": [0, 0, 0],
							"lerp_mode": "catmullrom"
						},
						"3.25": {
							"post": [0, 0, 0],
							"lerp_mode": "catmullrom"
						}
					},
					"position": {
						"0.0": {
							"post": [0, 0, 0],
							"lerp_mode": "catmullrom"
						},
						"0.5417": {
							"post": [0.03, -0.04, 0.02],
							"lerp_mode": "catmullrom"
						},
						"0.875": {
							"post": [0.02, -0.03, 0.02],
							"lerp_mode": "catmullrom"
						},
						"1.3333": {
							"post": [-0.01, -0.01, 0.01],
							"lerp_mode": "catmullrom"
						},
						"1.75": {
							"post": [-0.02, 0.03, 0],
							"lerp_mode": "catmullrom"
						},
						"2.25": {
							"post": [0.03, 0.05, -0.02],
							"lerp_mode": "catmullrom"
						},
						"2.5833": {
							"post": [0.05, 0.03, -0.03],
							"lerp_mode": "catmullrom"
						},
						"3.25": {
							"post": [0, 0, 0],
							"lerp_mode": "catmullrom"
						}
					}
				}
			}
		},
		"static_idle": {
			"loop": true,
			"bones": {
				"lefthand": {
					"rotation": {
						"0.0": {
							"post": [90.72566, -29.88058, -134.2425],
							"lerp_mode": "catmullrom"
						}
					},
					"position": {
						"0.0": {
							"post": [7.22, -14.4075, -8.22],
							"lerp_mode": "catmullrom"
						}
					},
					"scale": [1, 1.5, 1]
				},
				"righthand": {
					"rotation": [96.82801, 8.38804, -174.02421],
					"position": [-6.925, -14.8, 10.7125],
					"scale": [1, 1.5, 1]
				},
				"push": {
					"position": [0, 0, 0]
				},
				"hammer": {
					"rotation": [0, 0, 0]
				},
				"constraint": {
					"rotation": [0.2, 0.2, 0.2],
					"position": [0.2, 0.2, 0.2]
				}
			}
		},
		"static_bolt_caught": {
			"loop": true,
			"bones": {
				"hammer": {
					"rotation": [50, 0, 0]
				},
				"push": {
					"position": [0, 0, 27]
				},
				"constraint": {
					"rotation": [0.5, 0.5, 0.5],
					"position": [0.5, 0.5, 0.5]
				}
			}
		},
		"draw": {
			"animation_length": 1.1042,
			"bones": {
				"lefthand": {
					"rotation": {
						"0.0": {
							"post": [90.72566, -29.88058, -134.2425],
							"lerp_mode": "catmullrom"
						}
					},
					"position": {
						"0.0": {
							"post": [7.22, -14.4075, -8.22],
							"lerp_mode": "catmullrom"
						}
					},
					"scale": [1, 1.5, 1]
				},
				"righthand": {
					"rotation": [96.82801, 8.38804, -174.02421],
					"position": [-6.925, -14.8, 10.7125],
					"scale": [1, 1.5, 1]
				},
				"push": {
					"position": [0, 0, 0]
				},
				"hammer": {
					"rotation": [0, 0, 0]
				},
				"root": {
					"rotation": {
						"0.0": {
							"post": [22.5, -22.5, 32.5],
							"lerp_mode": "catmullrom"
						},
						"0.2083": {
							"post": [38, -22.5, 32.5],
							"lerp_mode": "catmullrom"
						},
						"0.4167": {
							"post": [41.18785, -7.19766, -11.88051],
							"lerp_mode": "catmullrom"
						},
						"0.5": {
							"post": [28.34697, -2.72722, -17.16382],
							"lerp_mode": "catmullrom"
						},
						"0.5833": {
							"post": [5.46711, -1.86522, -16.76963],
							"lerp_mode": "catmullrom"
						},
						"0.6875": {
							"post": [-7.70495, -2.31557, -11.75826],
							"lerp_mode": "catmullrom"
						},
						"0.7708": {
							"post": [-9.15398, -1.1938, -6.74138],
							"lerp_mode": "catmullrom"
						},
						"0.8542": {
							"post": [-2, 0, 1],
							"lerp_mode": "catmullrom"
						},
						"0.9583": {
							"post": [1.4, 0, 0.5],
							"lerp_mode": "catmullrom"
						},
						"1.125": {
							"post": [0, 0, 0],
							"lerp_mode": "catmullrom"
						}
					},
					"position": {
						"0.0": {
							"post": [-5, -14, 0],
							"lerp_mode": "catmullrom"
						},
						"0.2083": {
							"post": [-7.375, -14, 0],
							"lerp_mode": "catmullrom"
						},
						"0.4167": {
							"post": [-1, -3.8125, -3.8125],
							"lerp_mode": "catmullrom"
						},
						"0.5": {
							"post": [-0.0625, -1.435, -4.56],
							"lerp_mode": "catmullrom"
						},
						"0.5833": {
							"post": [0.125, -0.68, -3.81],
							"lerp_mode": "catmullrom"
						},
						"0.6875": {
							"post": [0.13, -0.1175, -2.4975],
							"lerp_mode": "catmullrom"
						},
						"0.7708": {
							"post": [0.06, -0.3575, -1.07],
							"lerp_mode": "catmullrom"
						},
						"0.8542": {
							"post": [0, -0.25, 0.125],
							"lerp_mode": "catmullrom"
						},
						"0.9583": {
							"post": [0, -0.0625, 0],
							"lerp_mode": "catmullrom"
						},
						"1.1042": {
							"post": [0, 0, 0],
							"lerp_mode": "catmullrom"
						}
					}
				},
				"constraint": {
					"rotation": [0.5, 0.5, 0.5],
					"position": [0.5, 0.5, 0.5]
				},
				"camera": {
					"rotation": {
						"0.0": {
							"post": [0, 0, 0],
							"lerp_mode": "catmullrom"
						},
						"0.1458": {
							"post": [0.25, -0.125, -0.58],
							"lerp_mode": "catmullrom"
						},
						"0.25": {
							"post": [0.4375, -0.1875, -0.3125],
							"lerp_mode": "catmullrom"
						},
						"0.3333": {
							"post": [0.36, -0.17, 0.0725],
							"lerp_mode": "catmullrom"
						},
						"0.4375": {
							"post": [0.1875, -0.125, 0.315],
							"lerp_mode": "catmullrom"
						},
						"0.5208": {
							"post": [-0.06, 0, 0.175],
							"lerp_mode": "catmullrom"
						},
						"0.6042": {
							"post": [-0.3125, 0.125, -0.055],
							"lerp_mode": "catmullrom"
						},
						"0.7708": {
							"post": [-0.5625, 0.1875, -0.24],
							"lerp_mode": "catmullrom"
						},
						"0.9792": {
							"post": [-0.1875, 0, -0.11],
							"lerp_mode": "catmullrom"
						},
						"1.1042": {
							"post": [0.02, -0.01, 0.0125],
							"lerp_mode": "catmullrom"
						},
						"1.2083": {
							"post": [0, 0, 0],
							"lerp_mode": "catmullrom"
						}
					}
				}
			}
		},
		"put_away": {
			"animation_length": 1.0417,
			"bones": {
				"lefthand": {
					"rotation": {
						"0.0": {
							"post": [90.72566, -29.88058, -134.2425],
							"lerp_mode": "catmullrom"
						}
					},
					"position": {
						"0.0": {
							"post": [7.22, -14.4075, -8.22],
							"lerp_mode": "catmullrom"
						}
					},
					"scale": [1, 1.5, 1]
				},
				"righthand": {
					"rotation": [96.82801, 8.38804, -174.02421],
					"position": [-6.925, -14.8, 10.7125],
					"scale": [1, 1.5, 1]
				},
				"push": {
					"position": [0, 0, 0]
				},
				"hammer": {
					"rotation": [0, 0, 0]
				},
				"root": {
					"rotation": {
						"0.0": {
							"post": [0, 0, 0],
							"lerp_mode": "catmullrom"
						},
						"0.125": {
							"post": [4.5, -3.75, 0.8125],
							"lerp_mode": "catmullrom"
						},
						"0.2292": {
							"post": [16.7775, -7.415, 2.02],
							"lerp_mode": "catmullrom"
						},
						"0.3333": {
							"post": [39.99705, -10.40433, 3.05578],
							"lerp_mode": "catmullrom"
						},
						"0.4375": {
							"post": [51.0825, -11.49, 2.5],
							"lerp_mode": "catmullrom"
						},
						"0.5417": {
							"post": [46.50915, -32.31564, -1.81842],
							"lerp_mode": "catmullrom"
						},
						"0.8333": {
							"post": [51.31976, -38.24243, -10.1268],
							"lerp_mode": "catmullrom"
						}
					},
					"position": {
						"0.0": {
							"post": [0, 0, 0],
							"lerp_mode": "catmullrom"
						},
						"0.125": {
							"post": [-0.25, -0.1875, -0.1875],
							"lerp_mode": "catmullrom"
						},
						"0.3333": {
							"post": [-0.4375, -2.69, 0.3725],
							"lerp_mode": "catmullrom"
						},
						"0.5417": {
							"post": [-0.485, -11.2025, -1],
							"lerp_mode": "catmullrom"
						},
						"0.8333": {
							"post": [-0.485, -15.4525, -1],
							"lerp_mode": "catmullrom"
						}
					}
				},
				"constraint": {
					"rotation": [0.5, 0.5, 0.5],
					"position": [0.5, 0.5, 0.5]
				},
				"camera": {
					"rotation": {
						"0.0": {
							"post": [0, 0, 0],
							"lerp_mode": "catmullrom"
						},
						"0.125": {
							"post": [0.2875, 0, -0.165],
							"lerp_mode": "catmullrom"
						},
						"0.2292": {
							"post": [0.43, 0, -0.625],
							"lerp_mode": "catmullrom"
						},
						"0.3333": {
							"post": [0.4375, 0, -0.6875],
							"lerp_mode": "catmullrom"
						},
						"0.5417": {
							"post": [0.255, 0, 0.25],
							"lerp_mode": "catmullrom"
						},
						"0.6667": {
							"post": [-0.1175, 0, 0.4475],
							"lerp_mode": "catmullrom"
						},
						"0.7708": {
							"post": [-0.115, 0, 0.3125],
							"lerp_mode": "catmullrom"
						},
						"0.9375": {
							"post": [0, 0, 0],
							"lerp_mode": "catmullrom"
						},
						"1.0417": {
							"post": [0, 0, 0],
							"lerp_mode": "catmullrom"
						}
					}
				}
			}
		},
		"bolt": {
			"animation_length": 1.5,
			"bones": {
				"lefthand": {
					"rotation": {
						"0.0": {
							"post": [90.72566, -29.88058, -134.2425],
							"lerp_mode": "catmullrom"
						},
						"0.1667": {
							"post": [90.73, -29.88, -134.24],
							"lerp_mode": "catmullrom"
						},
						"0.2917": {
							"post": [93.8, -30.87, -134.38],
							"lerp_mode": "catmullrom"
						},
						"0.4583": {
							"post": [93.8, -30.87, -134.38],
							"lerp_mode": "catmullrom"
						},
						"0.6042": {
							"post": [90.72566, -29.88058, -134.2425],
							"lerp_mode": "catmullrom"
						}
					},
					"position": {
						"0.0": {
							"post": [7.22, -14.4075, -8.22],
							"lerp_mode": "catmullrom"
						},
						"0.1667": {
							"post": [7.22, -14.41, -8.22],
							"lerp_mode": "catmullrom"
						},
						"0.2917": {
							"post": [7.2225, -14.22, -8.22],
							"lerp_mode": "catmullrom"
						},
						"0.4583": {
							"post": [7.2225, -14.22, -8.22],
							"lerp_mode": "catmullrom"
						},
						"0.6042": {
							"post": [7.22, -14.4075, -8.22],
							"lerp_mode": "catmullrom"
						}
					},
					"scale": [1, 1.5, 1]
				},
				"righthand": {
					"rotation": {
						"0.0": [96.82801, 8.38804, -174.02421],
						"0.1042": [96.82801, 8.38804, -174.02421],
						"0.1667": [96.78617, 12.58511, -167.33092],
						"0.25": [84.46098, 12.89233, -164.27136],
						"0.2917": [84.46, 12.89, -164.27],
						"0.375": [96.78617, 12.58511, -167.33092],
						"0.4375": [96.68053, 8.50565, -175.02816],
						"0.5625": [96.83, 8.39, -174.02]
					},
					"position": {
						"0.0": [-6.925, -14.8, 10.7125],
						"0.1042": [-6.925, -14.8, 10.7125],
						"0.1667": [-7.4825, -17.1125, 9.835],
						"0.25": [-7.48, -18.86, 7.0275],
						"0.2917": [-7.48, -18.86, 6.405],
						"0.375": [-7.4825, -17.1125, 9.835],
						"0.4375": [-6.925, -14.8, 10.7125],
						"0.5625": [-6.92, -14.8, 10.71]
					},
					"scale": [1, 1.5, 1]
				},
				"root": {
					"rotation": {
						"0.0": {
							"post": [0, 0, 0],
							"lerp_mode": "catmullrom"
						},
						"0.1042": {
							"post": [0, 0, 1],
							"lerp_mode": "catmullrom"
						},
						"0.1875": {
							"post": [0, 0, 0],
							"lerp_mode": "catmullrom"
						},
						"0.25": {
							"post": [-2.68, 0.7725, 3.6575],
							"lerp_mode": "catmullrom"
						},
						"0.3125": {
							"post": [-1.60202, 1.3347, 2.99966],
							"lerp_mode": "catmullrom"
						},
						"0.4167": [1.01946, 0.60492, 2.40539],
						"0.5": [1.67, -0.1, 1.51],
						"0.5417": [1.25, -0.3, 0.21],
						"0.5833": [0.7, -0.4, -0.7],
						"0.625": [0.37, -0.32, -0.82],
						"0.6667": [-0.08, -0.16, -0.56],
						"0.7083": [-0.275, -0.0625, -0.3],
						"0.75": [-0.335, 0.0675, -0.16],
						"0.7917": [-0.275, 0.1775, -0.03],
						"0.8333": [-0.175, 0.2375, 0.06],
						"0.875": [-0.1275, 0.135, 0.08],
						"0.9167": [-0.05, 0.0875, 0.05],
						"0.9583": [0.05, 0.07, 0.03],
						"1.0": [0.06, 0.04, 0.02],
						"1.0417": [0.05, 0.02, 0.01],
						"1.0833": [0.02, 0.01, 0.01],
						"1.125": [0, 0, 0],
						"1.1667": [0, 0, 0],
						"1.2083": [0, 0, 0],
						"1.25": [0, 0, 0],
						"1.2917": [0, 0, 0],
						"1.3333": [0, 0, 0],
						"1.375": [0, 0, 0],
						"1.4167": [0, 0, 0],
						"1.4583": [0, 0, 0]
					},
					"position": {
						"0.0": {
							"post": [0, 0, 0],
							"lerp_mode": "catmullrom"
						},
						"0.1042": {
							"post": [0, -0.125, 0],
							"lerp_mode": "catmullrom"
						},
						"0.1875": {
							"post": [0, -0.1825, -0.5625],
							"lerp_mode": "catmullrom"
						},
						"0.3125": {
							"post": [0.125, -0.18, -0.8125],
							"lerp_mode": "catmullrom"
						},
						"0.5": [0.03, 0.01, 0.03],
						"0.5417": [0.01, 0.01, 0.01],
						"0.5833": [0, 0, 0],
						"0.625": [0, 0, 0],
						"0.6667": [0, 0, 0],
						"0.7083": [0, 0, 0]
					}
				},
				"bullet_in_chamber": {
					"rotation": {
						"0.0": [0, 0, 0],
						"0.1875": [0, 0, 0],
						"0.2708": [-26.02875, 2.75098, -1.19717],
						"0.3542": [-159.36391, 30.7068, -0.03776],
						"0.4375": [-326.86123, -23.84905, -52.1418],
						"0.5417": [-439.33947, 30.41199, -52.09865],
						"0.6458": [-559.28719, 14.1851, -6.31336],
						"0.7292": [0, 0, 0]
					},
					"position": {
						"0.0": [0, 0, 0],
						"0.1875": [0, 0, 0.875],
						"0.2708": [0, 1.8125, 0.88],
						"0.3542": [-0.5, 5.435, 0.88],
						"0.3958": [-0.75, 5.815, 0.88],
						"0.4375": [-1.53, 4.4075, 0.88],
						"0.5417": [-2.6875, -1.305, 0.88],
						"0.6458": [-3.69, -8.9875, 0.88],
						"0.7292": [0, 0, 0]
					},
					"scale": {
						"0.6458": [1, 1, 1],
						"0.6875": [0, 0, 0],
						"0.7708": [0, 0, 0],
						"0.7917": [1, 1, 1]
					}
				},
				"round_head3": {
					"scale": {
						"0.0": [1, 1, 1],
						"0.0417": [0, 0, 0],
						"0.7292": [0, 0, 0],
						"0.7708": [1, 1, 1]
					}
				},
				"bolt": {
					"position": {
						"0.0": [0, 0, 0],
						"0.1667": [0, 0, 0],
						"0.25": [0, 0, 2],
						"0.3125": [0, 0, 2],
						"0.375": [0, 0, 0]
					}
				},
				"elevator": {
					"position": {
						"0.0": [0, 0, 0],
						"0.1042": [0, 0, 0],
						"0.1667": [0, 0, 0],
						"0.25": [0, 1, 0],
						"0.4375": [0, 1, 0],
						"0.625": [0, 0, 0]
					}
				},
				"push": {
					"position": [0, 0, 0]
				},
				"hammer": {
					"rotation": {
						"0.0": [50, 0, 0],
						"0.1667": [50, 0, 0],
						"0.2083": [5, 0, 0],
						"0.25": [-10, 0, 0],
						"0.3125": [-10, 0, 0],
						"0.3542": [0, 0, 0]
					}
				},
				"lever": {
					"rotation": {
						"0.0": [0, 0, 0],
						"0.1458": [0, 0, 0],
						"0.2292": [-57.5, 0, 0],
						"0.3125": [-72.5, 0, 0],
						"0.375": [0, 0, 0]
					}
				},
				"camera": {
					"rotation": {
						"0.0": {
							"post": [0, 0, 0],
							"lerp_mode": "catmullrom"
						},
						"0.1667": {
							"post": [0, 0, 0.0625],
							"lerp_mode": "catmullrom"
						},
						"0.2708": {
							"post": [-0.5, 0, -0.69],
							"lerp_mode": "catmullrom"
						},
						"0.3333": {
							"post": [0, 0, -0.0825],
							"lerp_mode": "catmullrom"
						},
						"0.3958": {
							"post": [0.3125, 0, 0.5],
							"lerp_mode": "catmullrom"
						},
						"0.5": {
							"post": [0.0625, 0, 0.3125],
							"lerp_mode": "catmullrom"
						},
						"0.625": {
							"post": [0, 0, -0.0025],
							"lerp_mode": "catmullrom"
						},
						"0.7708": {
							"post": [0, 0, 0],
							"lerp_mode": "catmullrom"
						},
						"0.9375": {
							"post": [0, 0, 0],
							"lerp_mode": "catmullrom"
						}
					}
				},
				"constraint": {
					"rotation": [0.5, 0.5, 0.5],
					"position": [0.5, 0.5, 0.5]
				}
			}
		},
		"reload_start": {
			"animation_length": 3.25,
			"bones": {
				"1860": {
					"rotation": {
						"0.0": [0, 0, 0],
						"0.2708": [0, 0, 0],
						"0.6875": [0, 0, 122.5],
						"0.9792": [0, 0, 137.5],
						"3.1875": [0, 0, 137.5]
					}
				},
				"lefthand": {
					"rotation": {
						"0.0": {
							"post": [90.72566, -29.88058, -134.2425],
							"lerp_mode": "catmullrom"
						},
						"0.3333": {
							"post": [91.28234, -29.77614, -127.32623],
							"lerp_mode": "catmullrom"
						},
						"0.5": {
							"post": [73.38802, -17.04428, -78.94073],
							"lerp_mode": "catmullrom"
						},
						"0.6667": {
							"post": [61.81747, -1.90687, -54.51972],
							"lerp_mode": "catmullrom"
						},
						"1.0417": {
							"post": [61.18175, 21.97767, -63.05434],
							"lerp_mode": "catmullrom"
						},
						"1.4167": {
							"post": [61.18, 21.98, -63.05],
							"lerp_mode": "catmullrom"
						},
						"1.7917": {
							"post": [77.84898, 15.1889, -66.69564],
							"lerp_mode": "catmullrom"
						},
						"3.1875": {
							"post": [77.84898, 15.1889, -66.69564],
							"lerp_mode": "catmullrom"
						}
					},
					"position": {
						"0.0": {
							"post": [7.22, -14.4075, -8.22],
							"lerp_mode": "catmullrom"
						},
						"0.3333": {
							"post": [7.22, -14.41, -8.72],
							"lerp_mode": "catmullrom"
						},
						"0.5": {
							"post": [7.5325, -13.8475, -8.72],
							"lerp_mode": "catmullrom"
						},
						"1.0417": {
							"post": [7.53, -13.85, -8.72],
							"lerp_mode": "catmullrom"
						},
						"1.4167": {
							"post": [7.53, -13.85, -8.72],
							"lerp_mode": "catmullrom"
						},
						"1.7917": {
							"post": [8.03, -14.475, -15.1575],
							"lerp_mode": "catmullrom"
						},
						"3.1875": {
							"post": [8.03, -14.475, -15.1575],
							"lerp_mode": "catmullrom"
						}
					},
					"scale": {
						"0.0": [1, 1.5, 1],
						"3.1875": [1, 1.5, 1]
					}
				},
				"righthand": {
					"rotation": {
						"0.0": {
							"post": [96.82801, 8.38804, -174.02421],
							"lerp_mode": "catmullrom"
						},
						"0.4375": {
							"post": [74.9878, 34.96904, -181.9836],
							"lerp_mode": "catmullrom"
						},
						"0.7083": {
							"post": [94.98255, 44.4495, -187.74433],
							"lerp_mode": "catmullrom"
						},
						"0.9375": {
							"post": [78.54168, 41.04012, -223.12493],
							"lerp_mode": "catmullrom"
						},
						"3.1875": {
							"post": [78.54, 41.04, -223.12],
							"lerp_mode": "catmullrom"
						}
					},
					"position": {
						"0.0": {
							"post": [-6.925, -14.8, 10.7125],
							"lerp_mode": "catmullrom"
						},
						"0.4375": {
							"post": [-7.6075, -12.4875, 9.6475],
							"lerp_mode": "catmullrom"
						},
						"0.9375": {
							"post": [-7.61, -12.49, 9.65],
							"lerp_mode": "catmullrom"
						},
						"3.1875": {
							"post": [-7.61, -12.49, 9.65],
							"lerp_mode": "catmullrom"
						}
					},
					"scale": {
						"0.0": [1, 1.5, 1],
						"3.1875": [1, 1.5, 1]
					}
				},
				"push": {
					"position": {
						"0.0": [0, 0, 0],
						"1.75": [0, 0, 0],
						"2.1667": [0, 0, 0],
						"2.375": [0, 0, -2],
						"2.5": [0, 0, -2],
						"2.5417": [0, 0, -3],
						"2.6875": [0, 0, -3.0625],
						"2.8542": [0, 0, -3.0625],
						"2.9167": [0, 0, -2.935],
						"3.1875": [0, 0, -2.935]
					}
				},
				"hammer": {
					"rotation": {
						"0.0": [0, 0, 0],
						"3.1875": [0, 0, 0]
					}
				},
				"root": {
					"rotation": {
						"0.0": {
							"post": [0, 0, 0],
							"lerp_mode": "catmullrom"
						},
						"0.1458": {
							"post": [-0.97974, 0.0171, 0.99985],
							"lerp_mode": "catmullrom"
						},
						"0.375": {
							"post": [-4.96542, 0.29266, 8.99148],
							"lerp_mode": "catmullrom"
						},
						"0.6875": {
							"post": [-24.16793, 12.01195, 21.61173],
							"lerp_mode": "catmullrom"
						},
						"0.9792": {
							"post": [-61.44868, 35.42778, 14.09269],
							"lerp_mode": "catmullrom"
						},
						"1.1875": {
							"post": [-71.85715, 37.33791, 8.3551],
							"lerp_mode": "catmullrom"
						},
						"1.375": {
							"post": [-70.49595, 36.44892, 10.60327],
							"lerp_mode": "catmullrom"
						},
						"1.5833": {
							"post": [-68.8125, 37.2625, 10.6],
							"lerp_mode": "catmullrom"
						},
						"1.75": {
							"post": [-68.81, 37.3225, 10.6],
							"lerp_mode": "catmullrom"
						},
						"2.1667": {
							"post": [-81.56, 21.7, -4.5],
							"lerp_mode": "catmullrom"
						},
						"2.375": {
							"post": [-81.56, 22.6375, -4.5],
							"lerp_mode": "catmullrom"
						},
						"2.5": {
							"post": [-81.56, 22.64, -4.5],
							"lerp_mode": "catmullrom"
						},
						"2.625": {
							"post": [-81.56, 24.4525, -3.9],
							"lerp_mode": "catmullrom"
						},
						"2.6667": {
							"post": [-81.43, 24.58, -3.88],
							"lerp_mode": "catmullrom"
						},
						"2.7292": {
							"post": [-82.0975, 25.4575, -3.94],
							"lerp_mode": "catmullrom"
						},
						"3.0": {
							"post": [-80.9, 24.45, -4],
							"lerp_mode": "catmullrom"
						},
						"3.1875": {
							"post": [-81.84, 24.39, -3.83],
							"lerp_mode": "catmullrom"
						}
					},
					"position": {
						"0.0": {
							"post": [0, 0, 0],
							"lerp_mode": "catmullrom"
						},
						"0.1458": {
							"post": [-0.0625, -0.125, 0],
							"lerp_mode": "catmullrom"
						},
						"0.375": {
							"post": [0.94, -1.0575, 0],
							"lerp_mode": "catmullrom"
						},
						"0.6875": {
							"post": [4.3775, -0.3725, 0],
							"lerp_mode": "catmullrom"
						},
						"0.9792": {
							"post": [5.4425, -10.6825, -5.375],
							"lerp_mode": "catmullrom"
						},
						"1.1875": {
							"post": [5.44, -24.7425, -5.37],
							"lerp_mode": "catmullrom"
						},
						"1.375": {
							"post": [5.44, -24.2375, -5.37],
							"lerp_mode": "catmullrom"
						},
						"1.5833": {
							"post": [5.44, -24.7375, -5.37],
							"lerp_mode": "catmullrom"
						},
						"1.75": {
							"post": [5.44, -24.7375, -5.37],
							"lerp_mode": "catmullrom"
						},
						"2.1667": {
							"post": [5.44, -24.74, -5.37],
							"lerp_mode": "catmullrom"
						},
						"2.375": {
							"post": [5.44, -24.74, -5.37],
							"lerp_mode": "catmullrom"
						},
						"3.0": {
							"post": [5.44, -24.74, -5.37],
							"lerp_mode": "catmullrom"
						},
						"3.1875": {
							"post": [5.44, -24.74, -5.37],
							"lerp_mode": "catmullrom"
						}
					}
				},
				"barrelw": {
					"rotation": {
						"0.0": [0, 0, 0],
						"2.5": [0, 0, 0],
						"2.6667": [0, 0, 0],
						"2.6875": [0, 0, -17.5],
						"2.7917": [0, 0, -80],
						"2.9167": [0, 0, -82],
						"3.1875": [0, 0, -82]
					},
					"position": {
						"0.0": [0, 0, 0],
						"2.5": [0, 0, 0]
					}
				},
				"constraint": {
					"rotation": [1, 1, 1],
					"position": [1, 1, 1]
				},
				"gun_and_righthand": {
					"rotation": {
						"1.1667": [0, 0, 0],
						"1.375": [17.12023, 6.6927, 2.05596],
						"1.75": [17.99687, 12.08901, 43.76573],
						"2.0417": [7.65154, 23.99392, 26.31531],
						"2.1667": [8.01555, 16.21051, 36.52429],
						"2.375": [12.46074, 20.24215, 41.70457],
						"2.5": [10.53176, 25.35789, 36.19468],
						"2.5625": [10.53, 25.36, 36.19],
						"2.6458": [10.45602, 30.13014, 31.36611],
						"2.7917": [14.12097, 22.56483, 38.65392],
						"2.9375": [9.8307, 21.24918, 40.60266],
						"3.0625": [9.8307, 21.24918, 40.60266],
						"3.1875": [3.32, 25.83, 42.64]
					},
					"position": {
						"1.1667": [0, 0, 0],
						"1.375": [0, 0, -6.125],
						"1.5833": [-1.19, -1.375, -8.62],
						"1.75": [-1.19, -1.375, -8.62],
						"2.0417": [-2.7825, -1.37, -33.605],
						"2.1667": [-0.80071, -1.72629, -36.05336],
						"2.375": [-1.1275, -1.37, -37.68],
						"2.4792": [-1.13, -0.69, -37.5575],
						"2.5": [-1.13, -0.5575, -37.305],
						"2.5625": [-1.13, -0.56, -38.555],
						"2.6458": [-1.0675, -0.56, -38.74],
						"2.7917": [-1.32, -3.2475, -38.74],
						"2.9375": [-1.32, -3.5625, -38.74],
						"3.0625": [-1.32, -3.5625, -38.74],
						"3.1875": [-0.75, -1.56, -38.36]
					}
				},
				"bulletX": {
					"rotation": {
						"0.9792": [0, 0, 0],
						"1.1667": [-37.57483, -29.88393, 17.02566]
					},
					"position": {
						"0.9792": [0, 0, 0],
						"1.1667": [-1, 4.625, -5.875]
					}
				},
				"camera": {
					"rotation": {
						"0.0": {
							"post": [0, 0, 0],
							"lerp_mode": "catmullrom"
						},
						"0.1667": {
							"post": [0.0625, 0, 0],
							"lerp_mode": "catmullrom"
						},
						"0.4375": {
							"post": [0.1225, 0, -0.25],
							"lerp_mode": "catmullrom"
						},
						"0.7917": {
							"post": [0.1825, 0, -0.4375],
							"lerp_mode": "catmullrom"
						},
						"1.1042": {
							"post": [0.93, 0, 0],
							"lerp_mode": "catmullrom"
						},
						"1.25": {
							"post": [1.1175, 0, 0.3125],
							"lerp_mode": "catmullrom"
						},
						"1.3333": {
							"post": [1.13, 0, -0.26],
							"lerp_mode": "catmullrom"
						},
						"1.5": {
							"post": [1.0575, 0, 0.0625],
							"lerp_mode": "catmullrom"
						},
						"1.7083": {
							"post": [0.6225, 0, 0.0625],
							"lerp_mode": "catmullrom"
						},
						"1.9167": {
							"post": [-0.13, 0, 0.25],
							"lerp_mode": "catmullrom"
						},
						"2.1875": {
							"post": [-1.255, 0, 0.4375],
							"lerp_mode": "catmullrom"
						},
						"2.4792": {
							"post": [-1.375, 0, 0.4375],
							"lerp_mode": "catmullrom"
						},
						"2.8542": {
							"post": [-1.37, 0, 0.375],
							"lerp_mode": "catmullrom"
						},
						"3.25": {
							"post": [-1.37, 0, -0.18],
							"lerp_mode": "catmullrom"
						}
					}
				}
			},
			"sound_effects": {
				"0.0": {
					"effect": "qkl:1860/1860_reload_start"
				}
			}
		},
		"reload_start_empty": {
			"animation_length": 3.25,
			"bones": {
				"1860": {
					"rotation": {
						"0.0": [0, 0, 0],
						"0.2708": [0, 0, 0],
						"0.6875": [0, 0, 122.5],
						"0.9792": [0, 0, 137.5],
						"3.1875": [0, 0, 137.5]
					}
				},
				"lefthand": {
					"rotation": {
						"0.0": {
							"post": [90.72566, -29.88058, -134.2425],
							"lerp_mode": "catmullrom"
						},
						"0.3333": {
							"post": [91.28234, -29.77614, -127.32623],
							"lerp_mode": "catmullrom"
						},
						"0.5": {
							"post": [73.38802, -17.04428, -78.94073],
							"lerp_mode": "catmullrom"
						},
						"0.6667": {
							"post": [61.81747, -1.90687, -54.51972],
							"lerp_mode": "catmullrom"
						},
						"1.0417": {
							"post": [61.18175, 21.97767, -63.05434],
							"lerp_mode": "catmullrom"
						},
						"1.4167": {
							"post": [61.18, 21.98, -63.05],
							"lerp_mode": "catmullrom"
						},
						"1.7917": {
							"post": [77.84898, 15.1889, -66.69564],
							"lerp_mode": "catmullrom"
						},
						"3.1875": {
							"post": [77.84898, 15.1889, -66.69564],
							"lerp_mode": "catmullrom"
						}
					},
					"position": {
						"0.0": {
							"post": [7.22, -14.4075, -8.22],
							"lerp_mode": "catmullrom"
						},
						"0.3333": {
							"post": [7.22, -14.41, -8.72],
							"lerp_mode": "catmullrom"
						},
						"0.5": {
							"post": [7.5325, -13.8475, -8.72],
							"lerp_mode": "catmullrom"
						},
						"1.0417": {
							"post": [7.53, -13.85, -8.72],
							"lerp_mode": "catmullrom"
						},
						"1.4167": {
							"post": [7.53, -13.85, -8.72],
							"lerp_mode": "catmullrom"
						},
						"1.7917": {
							"post": [8.03, -14.475, -15.1575],
							"lerp_mode": "catmullrom"
						},
						"3.1875": {
							"post": [8.03, -14.475, -15.1575],
							"lerp_mode": "catmullrom"
						}
					},
					"scale": {
						"0.0": [1, 1.5, 1],
						"3.1875": [1, 1.5, 1]
					}
				},
				"righthand": {
					"rotation": {
						"0.0": {
							"post": [96.82801, 8.38804, -174.02421],
							"lerp_mode": "catmullrom"
						},
						"0.4375": {
							"post": [74.9878, 34.96904, -181.9836],
							"lerp_mode": "catmullrom"
						},
						"0.7083": {
							"post": [94.98255, 44.4495, -187.74433],
							"lerp_mode": "catmullrom"
						},
						"0.9375": {
							"post": [78.54168, 41.04012, -223.12493],
							"lerp_mode": "catmullrom"
						},
						"3.1875": {
							"post": [78.54, 41.04, -223.12],
							"lerp_mode": "catmullrom"
						}
					},
					"position": {
						"0.0": {
							"post": [-6.925, -14.8, 10.7125],
							"lerp_mode": "catmullrom"
						},
						"0.4375": {
							"post": [-7.6075, -12.4875, 9.6475],
							"lerp_mode": "catmullrom"
						},
						"0.9375": {
							"post": [-7.61, -12.49, 9.65],
							"lerp_mode": "catmullrom"
						},
						"3.1875": {
							"post": [-7.61, -12.49, 9.65],
							"lerp_mode": "catmullrom"
						}
					},
					"scale": {
						"0.0": [1, 1.5, 1],
						"3.1875": [1, 1.5, 1]
					}
				},
				"push": {
					"position": {
						"0.0": [0, 0, 27],
						"1.75": [0, 0, 27],
						"2.1667": [0, 0, -1],
						"2.375": [0, 0, -2],
						"2.5": [0, 0, -2],
						"2.5417": [0, 0, -3],
						"2.6875": [0, 0, -3.0625],
						"2.8542": [0, 0, -3.0625],
						"2.9167": [0, 0, -2.935],
						"3.1875": [0, 0, -2.935]
					}
				},
				"hammer": {
					"rotation": {
						"0.0": [0, 0, 0],
						"3.1875": [0, 0, 0]
					}
				},
				"root": {
					"rotation": {
						"0.0": {
							"post": [0, 0, 0],
							"lerp_mode": "catmullrom"
						},
						"0.1458": {
							"post": [-0.97974, 0.0171, 0.99985],
							"lerp_mode": "catmullrom"
						},
						"0.375": {
							"post": [-4.96542, 0.29266, 8.99148],
							"lerp_mode": "catmullrom"
						},
						"0.6875": {
							"post": [-24.16793, 12.01195, 21.61173],
							"lerp_mode": "catmullrom"
						},
						"0.9792": {
							"post": [-61.44868, 35.42778, 14.09269],
							"lerp_mode": "catmullrom"
						},
						"1.1875": {
							"post": [-71.85715, 37.33791, 8.3551],
							"lerp_mode": "catmullrom"
						},
						"1.375": {
							"post": [-70.49595, 36.44892, 10.60327],
							"lerp_mode": "catmullrom"
						},
						"1.5833": {
							"post": [-68.8125, 37.2625, 10.6],
							"lerp_mode": "catmullrom"
						},
						"1.75": {
							"post": [-68.81, 37.3225, 10.6],
							"lerp_mode": "catmullrom"
						},
						"2.1667": {
							"post": [-81.56, 21.7, -4.5],
							"lerp_mode": "catmullrom"
						},
						"2.375": {
							"post": [-81.56, 22.6375, -4.5],
							"lerp_mode": "catmullrom"
						},
						"2.5": {
							"post": [-81.56, 22.64, -4.5],
							"lerp_mode": "catmullrom"
						},
						"2.625": {
							"post": [-81.56, 24.4525, -3.9],
							"lerp_mode": "catmullrom"
						},
						"2.6667": {
							"post": [-81.43, 24.58, -3.88],
							"lerp_mode": "catmullrom"
						},
						"2.7292": {
							"post": [-82.0975, 25.4575, -3.94],
							"lerp_mode": "catmullrom"
						},
						"3.0": {
							"post": [-80.9, 24.45, -4],
							"lerp_mode": "catmullrom"
						},
						"3.1875": {
							"post": [-81.84, 24.39, -3.83],
							"lerp_mode": "catmullrom"
						}
					},
					"position": {
						"0.0": {
							"post": [0, 0, 0],
							"lerp_mode": "catmullrom"
						},
						"0.1458": {
							"post": [-0.0625, -0.125, 0],
							"lerp_mode": "catmullrom"
						},
						"0.375": {
							"post": [0.94, -1.0575, 0],
							"lerp_mode": "catmullrom"
						},
						"0.6875": {
							"post": [4.3775, -0.3725, 0],
							"lerp_mode": "catmullrom"
						},
						"0.9792": {
							"post": [5.4425, -10.6825, -5.375],
							"lerp_mode": "catmullrom"
						},
						"1.1875": {
							"post": [5.44, -24.7425, -5.37],
							"lerp_mode": "catmullrom"
						},
						"1.375": {
							"post": [5.44, -24.2375, -5.37],
							"lerp_mode": "catmullrom"
						},
						"1.5833": {
							"post": [5.44, -24.7375, -5.37],
							"lerp_mode": "catmullrom"
						},
						"1.75": {
							"post": [5.44, -24.7375, -5.37],
							"lerp_mode": "catmullrom"
						},
						"2.1667": {
							"post": [5.44, -24.74, -5.37],
							"lerp_mode": "catmullrom"
						},
						"2.375": {
							"post": [5.44, -24.74, -5.37],
							"lerp_mode": "catmullrom"
						},
						"3.0": {
							"post": [5.44, -24.74, -5.37],
							"lerp_mode": "catmullrom"
						},
						"3.1875": {
							"post": [5.44, -24.74, -5.37],
							"lerp_mode": "catmullrom"
						}
					}
				},
				"barrelw": {
					"rotation": {
						"0.0": [0, 0, 0],
						"2.5": [0, 0, 0],
						"2.6667": [0, 0, 0],
						"2.6875": [0, 0, -17.5],
						"2.7917": [0, 0, -80],
						"2.9167": [0, 0, -82],
						"3.1875": [0, 0, -82]
					},
					"position": {
						"0.0": [0, 0, 0],
						"2.5": [0, 0, 0]
					}
				},
				"constraint": {
					"rotation": [1, 1, 1],
					"position": [1, 1, 1]
				},
				"gun_and_righthand": {
					"rotation": {
						"1.1667": [0, 0, 0],
						"1.375": [17.12023, 6.6927, 2.05596],
						"1.75": [17.99687, 12.08901, 43.76573],
						"2.1667": [8.01555, 16.21051, 36.52429],
						"2.375": [12.46074, 20.24215, 41.70457],
						"2.5": [10.53176, 25.35789, 36.19468],
						"2.5625": [10.53, 25.36, 36.19],
						"2.6458": [10.45602, 30.13014, 31.36611],
						"2.7917": [14.12097, 22.56483, 38.65392],
						"2.9375": [9.8307, 21.24918, 40.60266],
						"3.0625": [9.8307, 21.24918, 40.60266],
						"3.1875": [3.32, 25.83, 42.64]
					},
					"position": {
						"1.1667": [0, 0, 0],
						"1.375": [0, 0, -6.125],
						"1.5833": [-1.19, -1.375, -8.62],
						"1.75": [-1.19, -1.375, -8.62],
						"2.1667": [-0.8775, -1.37, -36.995],
						"2.375": [-1.1275, -1.37, -37.68],
						"2.4792": [-1.13, -0.69, -37.5575],
						"2.5": [-1.13, -0.5575, -37.305],
						"2.5625": [-1.13, -0.56, -38.555],
						"2.6458": [-1.0675, -0.56, -38.74],
						"2.7917": [-1.32, -3.2475, -38.74],
						"2.9375": [-1.32, -3.5625, -38.74],
						"3.0625": [-1.32, -3.5625, -38.74],
						"3.1875": [-0.75, -1.56, -38.36]
					}
				},
				"bulletX": {
					"rotation": {
						"0.9792": [0, 0, 0],
						"1.1667": [-37.57483, -29.88393, 17.02566]
					},
					"position": {
						"0.9792": [0, 0, 0],
						"1.1667": [-1, 4.625, -5.875]
					}
				},
				"camera": {
					"rotation": {
						"0.0": {
							"post": [0, 0, 0],
							"lerp_mode": "catmullrom"
						},
						"0.1667": {
							"post": [0.0625, 0, 0],
							"lerp_mode": "catmullrom"
						},
						"0.4375": {
							"post": [0.1225, 0, -0.25],
							"lerp_mode": "catmullrom"
						},
						"0.7917": {
							"post": [0.1825, 0, -0.4375],
							"lerp_mode": "catmullrom"
						},
						"1.1042": {
							"post": [0.93, 0, 0],
							"lerp_mode": "catmullrom"
						},
						"1.25": {
							"post": [1.1175, 0, 0.3125],
							"lerp_mode": "catmullrom"
						},
						"1.3333": {
							"post": [1.13, 0, -0.26],
							"lerp_mode": "catmullrom"
						},
						"1.5": {
							"post": [1.0575, 0, 0.0625],
							"lerp_mode": "catmullrom"
						},
						"1.7083": {
							"post": [0.6225, 0, 0.0625],
							"lerp_mode": "catmullrom"
						},
						"1.9167": {
							"post": [-0.13, 0, 0.25],
							"lerp_mode": "catmullrom"
						},
						"2.1875": {
							"post": [-1.255, 0, 0.4375],
							"lerp_mode": "catmullrom"
						},
						"2.4792": {
							"post": [-1.375, 0, 0.4375],
							"lerp_mode": "catmullrom"
						},
						"2.8542": {
							"post": [-1.37, 0, 0.375],
							"lerp_mode": "catmullrom"
						},
						"3.25": {
							"post": [-1.37, 0, -0.18],
							"lerp_mode": "catmullrom"
						}
					}
				}
			},
			"sound_effects": {
				"0.0": {
					"effect": "qkl:1860/1860_reload_start_empty"
				}
			}
		},
		"reload_loop": {
			"loop": true,
			"animation_length": 0.8333,
			"bones": {
				"1860": {
					"rotation": [0, 0, 137.5]
				},
				"lefthand": {
					"rotation": {
						"0.0": {
							"post": [77.84898, 15.1889, -66.69564],
							"lerp_mode": "catmullrom"
						}
					},
					"position": {
						"0.0": {
							"post": [8.03, -14.475, -15.1575],
							"lerp_mode": "catmullrom"
						}
					},
					"scale": [1, 1.5, 1]
				},
				"righthand": {
					"rotation": {
						"0.0": {
							"post": [76.02129, 40.37917, -226.98082],
							"lerp_mode": "catmullrom"
						},
						"0.1042": {
							"post": [77.6912, 40.83405, -224.41539],
							"lerp_mode": "catmullrom"
						},
						"0.2708": {
							"post": [76.85147, 40.61371, -225.70247],
							"lerp_mode": "catmullrom"
						},
						"0.4167": {
							"post": [71.2642, 38.68653, -234.44729],
							"lerp_mode": "catmullrom"
						},
						"0.5625": {
							"post": [99.40012, 42.27063, -209.82358],
							"lerp_mode": "catmullrom"
						},
						"0.6875": {
							"post": [78.54, 41.04, -223.12],
							"lerp_mode": "catmullrom"
						},
						"0.7917": {
							"post": [76.02129, 40.37917, -226.98082],
							"lerp_mode": "catmullrom"
						}
					},
					"position": {
						"0.0": {
							"post": [-7.61, -12.49, 9.4625],
							"lerp_mode": "catmullrom"
						},
						"0.1042": {
							"post": [-7.61, -12.49, 9.525],
							"lerp_mode": "catmullrom"
						},
						"0.2708": {
							"post": [-7.54118, -12.42556, 9.73207],
							"lerp_mode": "catmullrom"
						},
						"0.4167": {
							"post": [-7.54348, -12.30972, 10.20133],
							"lerp_mode": "catmullrom"
						},
						"0.5625": {
							"post": [-8.85084, -12.10972, 10.09128],
							"lerp_mode": "catmullrom"
						},
						"0.6875": {
							"post": [-7.61, -12.49, 9.65],
							"lerp_mode": "catmullrom"
						},
						"0.7917": {
							"post": [-7.61, -12.49, 9.4625],
							"lerp_mode": "catmullrom"
						}
					},
					"scale": [1, 1.5, 1]
				},
				"push": {
					"position": [0, 0, -2.935]
				},
				"hammer": {
					"rotation": [0, 0, 0]
				},
				"root": {
					"rotation": {
						"0.0": {
							"post": [-81.84, 24.39, -3.83],
							"lerp_mode": "catmullrom"
						},
						"0.1667": {
							"post": [-81.84, 24.39, -3.8325],
							"lerp_mode": "catmullrom"
						},
						"0.375": {
							"post": [-81.88, 24.82, -3.5],
							"lerp_mode": "catmullrom"
						},
						"0.5417": {
							"post": [-81.9025, 25.2025, -3.2],
							"lerp_mode": "catmullrom"
						},
						"0.6667": {
							"post": [-82.00622, 24.9375, -3.4874],
							"lerp_mode": "catmullrom"
						},
						"0.8333": {
							"post": [-81.84, 24.39, -3.8325],
							"lerp_mode": "catmullrom"
						}
					},
					"position": {
						"0.0": {
							"post": [5.44, -24.74, -5.37],
							"lerp_mode": "catmullrom"
						},
						"0.1667": {
							"post": [5.44, -24.74, -5.37],
							"lerp_mode": "catmullrom"
						},
						"0.375": {
							"post": [5.44, -24.74, -5.37],
							"lerp_mode": "catmullrom"
						},
						"0.5625": {
							"post": [5.44, -24.74, -5.37],
							"lerp_mode": "catmullrom"
						},
						"0.8333": {
							"post": [5.44, -24.74, -5.37],
							"lerp_mode": "catmullrom"
						}
					}
				},
				"barrelw": {
					"rotation": [0, 0, -82]
				},
				"constraint": {
					"rotation": [1, 1, 1],
					"position": [1, 1, 1]
				},
				"gun_and_righthand": {
					"rotation": {
						"0.0": [3.32, 25.83, 42.64],
						"0.1458": [5.32175, 25.83075, 42.64189],
						"0.3542": [3.32, 25.83, 42.64]
					},
					"position": {
						"0.0": [-0.75, -1.56, -38.36],
						"0.1458": [-0.75, -1.56, -38.485],
						"0.3542": [-0.75, -1.56, -38.36]
					}
				},
				"bulletX": {
					"rotation": {
						"0.0625": [-37.57, -29.88, 17.03],
						"0.2917": [-10.55465, -28.88037, 16.99871],
						"0.375": [-10.18895, -24.94566, 16.19126],
						"0.6042": [-10.18895, -24.94566, 16.19126],
						"0.7292": [-37.57, -29.88, 17.03]
					},
					"position": {
						"0.0625": [-1, 4.63, -5.87],
						"0.2917": [-0.8125, 5.3225, -5.43],
						"0.375": [-0.90518, 5.31318, -5.2686],
						"0.4375": [-0.99399, 5.29985, -5.10267],
						"0.5208": [-1.85594, 5.19174, -3.37518],
						"0.6042": [-1.85594, 5.19174, -3.37518],
						"0.7083": [-0.9345, 4.87109, -5.7249],
						"0.7292": [-1, 4.63, -5.87]
					},
					"scale": {
						"0.0208": [1, 1, 1],
						"0.4375": [1, 1, 1],
						"0.5833": [1, 1, 1],
						"0.6458": [0, 0, 0],
						"0.7292": [1, 1, 1]
					}
				},
				"camera": {
					"rotation": {
						"0.0": {
							"post": [-1.37, 0, -0.18],
							"lerp_mode": "catmullrom"
						},
						"0.2083": {
							"post": [-1.37, 0, -0.055],
							"lerp_mode": "catmullrom"
						},
						"0.3958": {
							"post": [-1.37, 0, 0.0125],
							"lerp_mode": "catmullrom"
						},
						"0.5208": {
							"post": [-1.245, 0, -0.115],
							"lerp_mode": "catmullrom"
						},
						"0.6042": {
							"post": [-1.37, 0, 0.075],
							"lerp_mode": "catmullrom"
						},
						"0.8333": {
							"post": [-1.37, 0, -0.18],
							"lerp_mode": "catmullrom"
						}
					}
				}
			},
			"sound_effects": {
				"0.0": {
					"effect": "qkl:1860/1860_reload_loop"
				}
			}
		},
		"reload_end": {
			"animation_length": 2.5417,
			"bones": {
				"1860": {
					"rotation": {
						"1.75": [0, 0, 137.5],
						"1.9167": [0, 0, 90],
						"2.1458": [0, 0, 0]
					}
				},
				"lefthand": {
					"rotation": {
						"0.0": {
							"post": [77.85, 15.19, -66.7],
							"lerp_mode": "catmullrom"
						},
						"1.1042": {
							"post": [77.85, 15.19, -66.7],
							"lerp_mode": "catmullrom"
						},
						"1.2708": {
							"post": [61.18175, 21.97767, -63.05434],
							"lerp_mode": "catmullrom"
						},
						"1.3958": {
							"post": [65.48605, 7.63845, -74.2023],
							"lerp_mode": "catmullrom"
						},
						"1.5833": {
							"post": [73.38802, -17.04428, -78.94073],
							"lerp_mode": "catmullrom"
						},
						"1.7708": {
							"post": [73.39, -17.04, -78.94],
							"lerp_mode": "catmullrom"
						},
						"2.0625": {
							"post": [94.88798, -29.31366, -120.44892],
							"lerp_mode": "catmullrom"
						},
						"2.125": {
							"post": [90.72566, -29.88058, -134.2425],
							"lerp_mode": "catmullrom"
						}
					},
					"position": {
						"0.0": {
							"post": [8.03, -14.47, -15.16],
							"lerp_mode": "catmullrom"
						},
						"1.1042": {
							"post": [8.03, -14.47, -15.16],
							"lerp_mode": "catmullrom"
						},
						"1.2708": {
							"post": [7.53, -13.85, -8.72],
							"lerp_mode": "catmullrom"
						},
						"1.5833": {
							"post": [7.5325, -13.8475, -8.72],
							"lerp_mode": "catmullrom"
						},
						"1.7708": {
							"post": [7.53, -13.85, -8.72],
							"lerp_mode": "catmullrom"
						},
						"2.0625": {
							"post": [7.22, -14.4075, -8.22],
							"lerp_mode": "catmullrom"
						},
						"2.125": {
							"post": [7.22, -14.4075, -8.22],
							"lerp_mode": "catmullrom"
						}
					},
					"scale": [1, 1.5, 1]
				},
				"righthand": {
					"rotation": {
						"0.0": {
							"post": [78.54, 41.04, -223.12],
							"lerp_mode": "catmullrom"
						},
						"0.0833": {
							"post": [101.48, 42.54, -208],
							"lerp_mode": "catmullrom"
						},
						"1.2083": {
							"post": [99.4, 42.27, -209.82],
							"lerp_mode": "catmullrom"
						},
						"1.3958": {
							"post": [99.4, 42.27, -209.82],
							"lerp_mode": "catmullrom"
						},
						"1.4792": {
							"post": [74.9878, 34.96904, -181.9836],
							"lerp_mode": "catmullrom"
						},
						"1.625": {
							"post": [74.99, 34.97, -181.98],
							"lerp_mode": "catmullrom"
						},
						"1.8125": {
							"post": [96.82801, 8.38804, -174.02421],
							"lerp_mode": "catmullrom"
						}
					},
					"position": {
						"0.0": {
							"post": [-7.61, -12.49, 9.65],
							"lerp_mode": "catmullrom"
						},
						"0.0833": {
							"post": [-8.95, -12.1, 10.08],
							"lerp_mode": "catmullrom"
						},
						"1.2083": {
							"post": [-8.85, -12.11, 10.09],
							"lerp_mode": "catmullrom"
						},
						"1.3958": {
							"post": [-8.85, -12.11, 10.09],
							"lerp_mode": "catmullrom"
						},
						"1.4792": {
							"post": [-7.6075, -12.4875, 9.6475],
							"lerp_mode": "catmullrom"
						},
						"1.625": {
							"post": [-7.61, -12.49, 9.65],
							"lerp_mode": "catmullrom"
						},
						"1.8125": {
							"post": [-6.925, -14.8, 10.7125],
							"lerp_mode": "catmullrom"
						}
					},
					"scale": [1, 1.5, 1]
				},
				"push": {
					"position": {
						"0.0": [0, 0, -2.935],
						"0.5417": [0, 0, -2.93],
						"0.5833": [0, 0, 0],
						"0.6458": [0, 0, 0.125],
						"0.7083": [0, 0, 0.13],
						"0.75": [0, 0, 0]
					}
				},
				"hammer": {
					"rotation": [0, 0, 0]
				},
				"root": {
					"rotation": {
						"0.0": {
							"post": [-81.84, 24.39, -3.8325],
							"lerp_mode": "catmullrom"
						},
						"0.1667": {
							"post": [-81.88, 24.82, -3.3],
							"lerp_mode": "catmullrom"
						},
						"0.3125": {
							"post": [-84.38, 23.195, -2.4875],
							"lerp_mode": "catmullrom"
						},
						"0.4375": {
							"post": [-84.38, 24.8875, -2.3],
							"lerp_mode": "catmullrom"
						},
						"0.5417": {
							"post": [-84.38, 25, -2.3],
							"lerp_mode": "catmullrom"
						},
						"0.6042": {
							"post": [-85, 23, -2.1],
							"lerp_mode": "catmullrom"
						},
						"0.7083": {
							"post": [-85, 23, -1.225],
							"lerp_mode": "catmullrom"
						},
						"0.8125": {
							"post": [-85, 23, -0.325],
							"lerp_mode": "catmullrom"
						},
						"0.9583": {
							"post": [-85, 23, -0.35],
							"lerp_mode": "catmullrom"
						},
						"1.2083": {
							"post": [-85, 23, -1.2225],
							"lerp_mode": "catmullrom"
						},
						"1.3958": {
							"post": [-85, 19.625, 0.4675],
							"lerp_mode": "catmullrom"
						},
						"1.7917": {
							"post": [-24.16793, 12.01195, 21.61173],
							"lerp_mode": "catmullrom"
						},
						"2.0417": {
							"post": [-3.22889, 2.17111, -7.13988],
							"lerp_mode": "catmullrom"
						},
						"2.1667": {
							"post": [-1.875, 0.4375, -0.1875],
							"lerp_mode": "catmullrom"
						},
						"2.25": {
							"post": [-0.43, 0.3325, 3.96],
							"lerp_mode": "catmullrom"
						},
						"2.375": {
							"post": [0, 0.4375, -0.1875],
							"lerp_mode": "catmullrom"
						},
						"2.5417": {
							"post": [0, 0, -0.1875],
							"lerp_mode": "catmullrom"
						},
						"2.7083": {
							"post": [0, 0, 0],
							"lerp_mode": "catmullrom"
						}
					},
					"position": {
						"0.0": {
							"post": [5.44, -24.74, -5.37],
							"lerp_mode": "catmullrom"
						},
						"0.1667": {
							"post": [5.44, -24.74, -5.37],
							"lerp_mode": "catmullrom"
						},
						"0.8125": {
							"post": [5.44, -24.74, -5.37],
							"lerp_mode": "catmullrom"
						},
						"0.9583": {
							"post": [5.44, -24.74, -5.37],
							"lerp_mode": "catmullrom"
						},
						"1.0833": {
							"post": [5.44, -24.74, -5.37],
							"lerp_mode": "catmullrom"
						},
						"1.2083": {
							"post": [5.44, -24.0525, -5.37],
							"lerp_mode": "catmullrom"
						},
						"1.3958": {
							"post": [5.44, -19.615, -5.37],
							"lerp_mode": "catmullrom"
						},
						"1.5625": {
							"post": [5.44, -8.2975, -5.37],
							"lerp_mode": "catmullrom"
						},
						"1.7917": {
							"post": [4.3775, -0.3725, 0],
							"lerp_mode": "catmullrom"
						},
						"2.0417": {
							"post": [-0.02, -0.3125, 0.6175],
							"lerp_mode": "catmullrom"
						},
						"2.1667": {
							"post": [0, -0.125, 0],
							"lerp_mode": "catmullrom"
						},
						"2.375": {
							"post": [0, 0, 0],
							"lerp_mode": "catmullrom"
						},
						"2.5": {
							"post": [0, 0, 0],
							"lerp_mode": "catmullrom"
						}
					}
				},
				"barrelw": {
					"rotation": {
						"0.2083": [0, 0, -82],
						"0.25": [0, 0, -61.57],
						"0.3125": [0, 0, 0]
					},
					"position": [0, 0, 0]
				},
				"constraint": {
					"rotation": [1, 1, 1],
					"position": [1, 1, 1]
				},
				"gun_and_righthand": {
					"rotation": {
						"0.0": [3.32, 25.83, 42.64],
						"0.0833": [8.66462, 21.73142, 37.42037],
						"0.2083": [9.66462, 21.73142, 37.42037],
						"0.3125": [13.55908, 21.67272, 48.39637],
						"0.4375": [13.56, 21.67, 48.4],
						"0.5417": [16.09483, 26.52533, 49.70869],
						"0.5833": [15.59458, 22.67715, 48.50775],
						"0.6458": [15.18909, 22.94258, 47.46182],
						"0.7292": [15.18909, 22.94258, 47.46182],
						"0.8125": [9.55008, 16.17634, 45.55658],
						"1.125": [17.99687, 12.08901, 43.76573],
						"1.2083": [0, 0, 0]
					},
					"position": {
						"0.0": [-0.75, -1.56, -38.36],
						"0.0833": [-0.74506, -4.05283, -39.84697],
						"0.2083": [-0.75, -4.05, -39.85],
						"0.3125": [-0.625, -2.2375, -39.85],
						"0.4375": [-0.62, -2.24, -39.85],
						"0.5417": [-0.62, -2.365, -39.475],
						"0.5833": [-0.62, -2.37, -36.47],
						"0.6458": [-0.62, -2.37, -36.2825],
						"0.7292": [-0.62, -2.37, -36.2825],
						"0.8125": [-1.62, -1.745, -35.4675],
						"1.125": [-1.19, -1.375, -8.62],
						"1.2083": [0, 0, 0]
					}
				},
				"bulletX": {
					"scale": 0
				},
				"camera": {
					"rotation": {
						"0.0": {
							"post": [-1.37, 0, -0.18],
							"lerp_mode": "catmullrom"
						},
						"0.2083": {
							"post": [-1.37, 0, -0.055],
							"lerp_mode": "catmullrom"
						},
						"0.4583": {
							"post": [-1.43, 0, -0.225],
							"lerp_mode": "catmullrom"
						},
						"0.5417": {
							"post": [-1.44, 0, -0.23],
							"lerp_mode": "catmullrom"
						},
						"0.5833": {
							"post": [-1.45, 0, 0.0925],
							"lerp_mode": "catmullrom"
						},
						"0.6667": {
							"post": [-1.48, 0, -0.095],
							"lerp_mode": "catmullrom"
						},
						"0.8125": {
							"post": [-1.37, 0, -0.18],
							"lerp_mode": "catmullrom"
						},
						"1.0625": {
							"post": [-0.12, 0, -0.93],
							"lerp_mode": "catmullrom"
						},
						"1.3542": {
							"post": [0.3175, 0, -0.9925],
							"lerp_mode": "catmullrom"
						},
						"1.7083": {
							"post": [0.0075, 0, 0.07],
							"lerp_mode": "catmullrom"
						},
						"1.9167": {
							"post": [-0.1775, 0, 1.0075],
							"lerp_mode": "catmullrom"
						},
						"2.1667": {
							"post": [0.015, 0, -0.1175],
							"lerp_mode": "catmullrom"
						},
						"2.3125": {
							"post": [0.02, 0, -0.1175],
							"lerp_mode": "catmullrom"
						},
						"2.5417": {
							"post": [0, 0, 0],
							"lerp_mode": "catmullrom"
						}
					}
				}
			},
			"sound_effects": {
				"0.0": {
					"effect": "qkl:1860/1860_reload_end"
				}
			}
		},
		"reload_end_empty": {
			"animation_length": 3.8333,
			"bones": {
				"1860": {
					"rotation": {
						"1.75": [0, 0, 137.5],
						"1.9167": [0, 0, 90],
						"2.1458": [0, 0, 0]
					}
				},
				"lefthand": {
					"rotation": {
						"0.0": {
							"post": [77.85, 15.19, -66.7],
							"lerp_mode": "catmullrom"
						},
						"1.1042": {
							"post": [77.85, 15.19, -66.7],
							"lerp_mode": "catmullrom"
						},
						"1.2708": {
							"post": [61.18175, 21.97767, -63.05434],
							"lerp_mode": "catmullrom"
						},
						"1.3958": {
							"post": [65.48605, 7.63845, -74.2023],
							"lerp_mode": "catmullrom"
						},
						"1.5833": {
							"post": [73.38802, -17.04428, -78.94073],
							"lerp_mode": "catmullrom"
						},
						"1.7708": {
							"post": [73.39, -17.04, -78.94],
							"lerp_mode": "catmullrom"
						},
						"2.0625": {
							"post": [94.88798, -29.31366, -120.44892],
							"lerp_mode": "catmullrom"
						},
						"2.125": {
							"post": [90.72566, -29.88058, -134.2425],
							"lerp_mode": "catmullrom"
						},
						"2.375": {
							"post": [90.72566, -29.88058, -134.2425],
							"lerp_mode": "catmullrom"
						},
						"2.5417": {
							"post": [90.73, -29.88, -134.24],
							"lerp_mode": "catmullrom"
						},
						"2.6667": {
							"post": [93.8, -30.87, -134.38],
							"lerp_mode": "catmullrom"
						},
						"2.8333": {
							"post": [93.8, -30.87, -134.38],
							"lerp_mode": "catmullrom"
						},
						"2.9792": {
							"post": [90.72566, -29.88058, -134.2425],
							"lerp_mode": "catmullrom"
						}
					},
					"position": {
						"0.0": {
							"post": [8.03, -14.47, -15.16],
							"lerp_mode": "catmullrom"
						},
						"1.1042": {
							"post": [8.03, -14.47, -15.16],
							"lerp_mode": "catmullrom"
						},
						"1.2708": {
							"post": [7.53, -13.85, -8.72],
							"lerp_mode": "catmullrom"
						},
						"1.5833": {
							"post": [7.5325, -13.8475, -8.72],
							"lerp_mode": "catmullrom"
						},
						"1.7708": {
							"post": [7.53, -13.85, -8.72],
							"lerp_mode": "catmullrom"
						},
						"2.0625": {
							"post": [7.22, -14.4075, -8.22],
							"lerp_mode": "catmullrom"
						},
						"2.125": {
							"post": [7.22, -14.4075, -8.22],
							"lerp_mode": "catmullrom"
						},
						"2.375": {
							"post": [7.22, -14.4075, -8.22],
							"lerp_mode": "catmullrom"
						},
						"2.5417": {
							"post": [7.22, -14.41, -8.22],
							"lerp_mode": "catmullrom"
						},
						"2.6667": {
							"post": [7.2225, -14.22, -8.22],
							"lerp_mode": "catmullrom"
						},
						"2.8333": {
							"post": [7.2225, -14.22, -8.22],
							"lerp_mode": "catmullrom"
						},
						"2.9792": {
							"post": [7.22, -14.4075, -8.22],
							"lerp_mode": "catmullrom"
						}
					},
					"scale": {
						"0.0": [1, 1.5, 1],
						"2.375": [1, 1.5, 1]
					}
				},
				"righthand": {
					"rotation": {
						"0.0": {
							"post": [78.54, 41.04, -223.12],
							"lerp_mode": "catmullrom"
						},
						"0.0833": {
							"post": [101.48, 42.54, -208],
							"lerp_mode": "catmullrom"
						},
						"1.2083": {
							"post": [99.4, 42.27, -209.82],
							"lerp_mode": "catmullrom"
						},
						"1.3958": {
							"post": [99.4, 42.27, -209.82],
							"lerp_mode": "catmullrom"
						},
						"1.4792": {
							"post": [74.9878, 34.96904, -181.9836],
							"lerp_mode": "catmullrom"
						},
						"1.625": {
							"post": [74.99, 34.97, -181.98],
							"lerp_mode": "catmullrom"
						},
						"1.8125": {
							"post": [96.82801, 8.38804, -174.02421],
							"lerp_mode": "catmullrom"
						},
						"2.375": [96.82801, 8.38804, -174.02421],
						"2.4792": [96.82801, 8.38804, -174.02421],
						"2.5417": [96.78617, 12.58511, -167.33092],
						"2.625": [84.46098, 12.89233, -164.27136],
						"2.6667": [84.46, 12.89, -164.27],
						"2.75": [96.78617, 12.58511, -167.33092],
						"2.8125": [96.68053, 8.50565, -175.02816],
						"2.9375": [96.83, 8.39, -174.02]
					},
					"position": {
						"0.0": {
							"post": [-7.61, -12.49, 9.65],
							"lerp_mode": "catmullrom"
						},
						"0.0833": {
							"post": [-8.95, -12.1, 10.08],
							"lerp_mode": "catmullrom"
						},
						"1.2083": {
							"post": [-8.85, -12.11, 10.09],
							"lerp_mode": "catmullrom"
						},
						"1.3958": {
							"post": [-8.85, -12.11, 10.09],
							"lerp_mode": "catmullrom"
						},
						"1.4792": {
							"post": [-7.6075, -12.4875, 9.6475],
							"lerp_mode": "catmullrom"
						},
						"1.625": {
							"post": [-7.61, -12.49, 9.65],
							"lerp_mode": "catmullrom"
						},
						"1.8125": {
							"post": [-6.925, -14.8, 10.7125],
							"lerp_mode": "catmullrom"
						},
						"2.375": [-6.925, -14.8, 10.7125],
						"2.4792": [-6.925, -14.8, 10.7125],
						"2.5417": [-7.4825, -17.1125, 9.835],
						"2.625": [-7.48, -18.86, 7.0275],
						"2.6667": [-7.48, -18.86, 6.405],
						"2.75": [-7.4825, -17.1125, 9.835],
						"2.8125": [-6.925, -14.8, 10.7125],
						"2.9375": [-6.92, -14.8, 10.71]
					},
					"scale": {
						"0.0": [1, 1.5, 1],
						"2.375": [1, 1.5, 1]
					}
				},
				"push": {
					"position": {
						"0.0": [0, 0, -2.935],
						"0.5417": [0, 0, -2.93],
						"0.5833": [0, 0, 0],
						"0.6458": [0, 0, 0.125],
						"0.7083": [0, 0, 0.13],
						"0.75": [0, 0, 0],
						"2.375": [0, 0, 0]
					}
				},
				"hammer": {
					"rotation": {
						"0.0": [0, 0, 0],
						"2.375": [50, 0, 0],
						"2.5417": [50, 0, 0],
						"2.5833": [5, 0, 0],
						"2.625": [-10, 0, 0],
						"2.6875": [-10, 0, 0],
						"2.7292": [0, 0, 0]
					}
				},
				"root": {
					"rotation": {
						"0.0": {
							"post": [-81.84, 24.39, -3.8325],
							"lerp_mode": "catmullrom"
						},
						"0.1667": {
							"post": [-81.88, 24.82, -3.3],
							"lerp_mode": "catmullrom"
						},
						"0.3125": {
							"post": [-84.38, 23.195, -2.4875],
							"lerp_mode": "catmullrom"
						},
						"0.4375": {
							"post": [-84.38, 24.8875, -2.3],
							"lerp_mode": "catmullrom"
						},
						"0.5417": {
							"post": [-84.38, 25, -2.3],
							"lerp_mode": "catmullrom"
						},
						"0.6042": {
							"post": [-85, 23, -2.1],
							"lerp_mode": "catmullrom"
						},
						"0.7083": {
							"post": [-85, 23, -1.225],
							"lerp_mode": "catmullrom"
						},
						"0.8125": {
							"post": [-85, 23, -0.325],
							"lerp_mode": "catmullrom"
						},
						"0.9583": {
							"post": [-85, 23, -0.35],
							"lerp_mode": "catmullrom"
						},
						"1.2083": {
							"post": [-85, 23, -1.2225],
							"lerp_mode": "catmullrom"
						},
						"1.3958": {
							"post": [-85, 19.625, 0.4675],
							"lerp_mode": "catmullrom"
						},
						"1.7917": {
							"post": [-24.16793, 12.01195, 21.61173],
							"lerp_mode": "catmullrom"
						},
						"2.0417": {
							"post": [-3.22889, 2.17111, -7.13988],
							"lerp_mode": "catmullrom"
						},
						"2.1667": {
							"post": [-1.875, 0.4375, -0.1875],
							"lerp_mode": "catmullrom"
						},
						"2.25": {
							"post": [-0.43, 0.3325, 3.96],
							"lerp_mode": "catmullrom"
						},
						"2.375": {
							"post": [0, 0, 0],
							"lerp_mode": "catmullrom"
						},
						"2.4792": {
							"post": [0, 0, 1],
							"lerp_mode": "catmullrom"
						},
						"2.5625": {
							"post": [0, 0, 0],
							"lerp_mode": "catmullrom"
						},
						"2.625": {
							"post": [-2.68, 0.7725, 3.6575],
							"lerp_mode": "catmullrom"
						},
						"2.6875": {
							"post": [-1.60202, 1.3347, 2.99966],
							"lerp_mode": "catmullrom"
						},
						"2.7917": [1.01946, 0.60492, 2.40539],
						"2.875": [1.67, -0.1, 1.51],
						"2.9167": [1.25, -0.3, 0.21],
						"2.9583": [0.7, -0.4, -0.7],
						"3.0": [0.37, -0.32, -0.82],
						"3.0417": [-0.08, -0.16, -0.56],
						"3.0833": [-0.275, -0.0625, -0.3],
						"3.125": [-0.335, 0.0675, -0.16],
						"3.1667": [-0.275, 0.1775, -0.03],
						"3.2083": [-0.175, 0.2375, 0.06],
						"3.25": [-0.1275, 0.135, 0.08],
						"3.2917": [-0.05, 0.0875, 0.05],
						"3.3333": [0.05, 0.07, 0.03],
						"3.375": [0.06, 0.04, 0.02],
						"3.4167": [0.05, 0.02, 0.01],
						"3.4583": [0.02, 0.01, 0.01],
						"3.5": [0, 0, 0],
						"3.5417": [0, 0, 0],
						"3.5833": [0, 0, 0],
						"3.625": [0, 0, 0],
						"3.6667": [0, 0, 0],
						"3.7083": [0, 0, 0],
						"3.75": [0, 0, 0],
						"3.7917": [0, 0, 0],
						"3.8333": [0, 0, 0]
					},
					"position": {
						"0.0": {
							"post": [5.44, -24.74, -5.37],
							"lerp_mode": "catmullrom"
						},
						"0.1667": {
							"post": [5.44, -24.74, -5.37],
							"lerp_mode": "catmullrom"
						},
						"0.8125": {
							"post": [5.44, -24.74, -5.37],
							"lerp_mode": "catmullrom"
						},
						"0.9583": {
							"post": [5.44, -24.74, -5.37],
							"lerp_mode": "catmullrom"
						},
						"1.0833": {
							"post": [5.44, -24.74, -5.37],
							"lerp_mode": "catmullrom"
						},
						"1.2083": {
							"post": [5.44, -24.0525, -5.37],
							"lerp_mode": "catmullrom"
						},
						"1.3958": {
							"post": [5.44, -19.615, -5.37],
							"lerp_mode": "catmullrom"
						},
						"1.5625": {
							"post": [5.44, -8.2975, -5.37],
							"lerp_mode": "catmullrom"
						},
						"1.7917": {
							"post": [4.3775, -0.3725, 0],
							"lerp_mode": "catmullrom"
						},
						"2.0417": {
							"post": [-0.02, -0.3125, 0.6175],
							"lerp_mode": "catmullrom"
						},
						"2.1667": {
							"post": [0, -0.125, 0],
							"lerp_mode": "catmullrom"
						},
						"2.375": {
							"post": [0, 0, 0],
							"lerp_mode": "catmullrom"
						},
						"2.4792": {
							"post": [0, -0.125, 0],
							"lerp_mode": "catmullrom"
						},
						"2.5625": {
							"post": [0, -0.1825, -0.5625],
							"lerp_mode": "catmullrom"
						},
						"2.6875": {
							"post": [0.125, -0.18, -0.8125],
							"lerp_mode": "catmullrom"
						},
						"2.875": [0.03, 0.01, 0.03],
						"2.9167": [0.01, 0.01, 0.01],
						"2.9583": [0, 0, 0],
						"3.0": [0, 0, 0],
						"3.0417": [0, 0, 0],
						"3.0833": [0, 0, 0]
					}
				},
				"bullet_in_chamber": {
					"rotation": {
						"0.0": [0, 0, 0],
						"2.5": [0, 0, 0]
					},
					"position": {
						"0.0": [0, 0, 0],
						"2.5": [0, 0, 0],
						"2.6042": [0, 0.125, 0.875],
						"2.625": [0, 0.13, 1.005],
						"2.6875": [0, 0.13, 1.005],
						"2.75": [0, 0.13, -0.375]
					}
				},
				"bolt": {
					"position": {
						"2.375": [0, 0, 0],
						"2.5417": [0, 0, 0],
						"2.625": [0, 0, 2],
						"2.6875": [0, 0, 2],
						"2.75": [0, 0, 0]
					}
				},
				"elevator": {
					"position": {
						"2.375": [0, 0, 0],
						"2.4792": [0, 0, 0],
						"2.5417": [0, 0, 0],
						"2.625": [0, 1, 0],
						"2.8125": [0, 1, 0],
						"3.0": [0, 0, 0]
					}
				},
				"barrelw": {
					"rotation": {
						"0.2083": [0, 0, -82],
						"0.25": [0, 0, -61.57],
						"0.3125": [0, 0, 0]
					},
					"position": [0, 0, 0]
				},
				"lever": {
					"rotation": {
						"2.375": [0, 0, 0],
						"2.5208": [0, 0, 0],
						"2.6042": [-57.5, 0, 0],
						"2.6875": [-72.5, 0, 0],
						"2.75": [0, 0, 0]
					}
				},
				"constraint": {
					"rotation": [1, 1, 1],
					"position": [1, 1, 1]
				},
				"gun_and_righthand": {
					"rotation": {
						"0.0": [3.32, 25.83, 42.64],
						"0.0833": [8.66462, 21.73142, 37.42037],
						"0.2083": [9.66462, 21.73142, 37.42037],
						"0.3125": [13.55908, 21.67272, 48.39637],
						"0.4375": [13.56, 21.67, 48.4],
						"0.5417": [16.09483, 26.52533, 49.70869],
						"0.5833": [15.59458, 22.67715, 48.50775],
						"0.6458": [15.18909, 22.94258, 47.46182],
						"0.7292": [15.18909, 22.94258, 47.46182],
						"0.8125": [9.55008, 16.17634, 45.55658],
						"1.125": [17.99687, 12.08901, 43.76573],
						"1.2083": [0, 0, 0]
					},
					"position": {
						"0.0": [-0.75, -1.56, -38.36],
						"0.0833": [-0.74506, -4.05283, -39.84697],
						"0.2083": [-0.75, -4.05, -39.85],
						"0.3125": [-0.625, -2.2375, -39.85],
						"0.4375": [-0.62, -2.24, -39.85],
						"0.5417": [-0.62, -2.365, -39.475],
						"0.5833": [-0.62, -2.37, -36.47],
						"0.6458": [-0.62, -2.37, -36.2825],
						"0.7292": [-0.62, -2.37, -36.2825],
						"0.8125": [-1.62, -1.745, -35.4675],
						"1.125": [-1.19, -1.375, -8.62],
						"1.2083": [0, 0, 0]
					}
				},
				"bulletX": {
					"scale": 0
				},
				"camera": {
					"rotation": {
						"0.0": {
							"post": [-1.37, 0, -0.18],
							"lerp_mode": "catmullrom"
						},
						"0.2083": {
							"post": [-1.37, 0, -0.055],
							"lerp_mode": "catmullrom"
						},
						"0.4583": {
							"post": [-1.43, 0, -0.225],
							"lerp_mode": "catmullrom"
						},
						"0.5417": {
							"post": [-1.44, 0, -0.23],
							"lerp_mode": "catmullrom"
						},
						"0.5833": {
							"post": [-1.45, 0, 0.0925],
							"lerp_mode": "catmullrom"
						},
						"0.6667": {
							"post": [-1.48, 0, -0.095],
							"lerp_mode": "catmullrom"
						},
						"0.8125": {
							"post": [-1.37, 0, -0.18],
							"lerp_mode": "catmullrom"
						},
						"1.0625": {
							"post": [-0.12, 0, -0.93],
							"lerp_mode": "catmullrom"
						},
						"1.3542": {
							"post": [0.3175, 0, -0.9925],
							"lerp_mode": "catmullrom"
						},
						"1.7083": {
							"post": [0.0075, 0, 0.07],
							"lerp_mode": "catmullrom"
						},
						"1.9167": {
							"post": [-0.1775, 0, 1.0075],
							"lerp_mode": "catmullrom"
						},
						"2.1667": {
							"post": [0.015, 0, -0.1175],
							"lerp_mode": "catmullrom"
						},
						"2.3125": {
							"post": [0.02, 0, -0.1175],
							"lerp_mode": "catmullrom"
						},
						"2.5417": {
							"post": [0, 0, 0],
							"lerp_mode": "catmullrom"
						},
						"2.6458": {
							"post": [-0.5, 0, -0.69],
							"lerp_mode": "catmullrom"
						},
						"2.7083": {
							"post": [0, 0, -0.0825],
							"lerp_mode": "catmullrom"
						},
						"2.7708": {
							"post": [0.3125, 0, 0.5],
							"lerp_mode": "catmullrom"
						},
						"2.875": {
							"post": [0.0625, 0, 0.3125],
							"lerp_mode": "catmullrom"
						},
						"3.0": {
							"post": [0, 0, -0.0025],
							"lerp_mode": "catmullrom"
						},
						"3.1458": {
							"post": [0, 0, 0],
							"lerp_mode": "catmullrom"
						},
						"3.3125": {
							"post": [0, 0, 0],
							"lerp_mode": "catmullrom"
						}
					}
				}
			},
			"sound_effects": {
				"0.0": {
					"effect": "qkl:1860/1860_reload_end"
				}
			}
		},
		"shoot": {
			"animation_length": 0.75,
			"bones": {
				"root": {
					"rotation": {
						"0.0": {
							"post": [0, 0, 0],
							"lerp_mode": "catmullrom"
						},
						"0.0625": {
							"post": [0.24839, 0.0283, -4.81244],
							"lerp_mode": "catmullrom"
						},
						"0.1042": {
							"post": [-1.93799, 0.00873, 4.43689],
							"lerp_mode": "catmullrom"
						},
						"0.1875": {
							"post": [-1.53851, -0.12391, -1.35181],
							"lerp_mode": "catmullrom"
						},
						"0.25": {
							"post": [-0.3734, 0.06651, 0.81227],
							"lerp_mode": "catmullrom"
						},
						"0.3542": {
							"post": [0.18749, -0.00327, 0.24998],
							"lerp_mode": "catmullrom"
						},
						"0.4792": {
							"post": [-0.0725, 0, -0.18],
							"lerp_mode": "catmullrom"
						},
						"0.625": {
							"post": [0.01, 0, 0],
							"lerp_mode": "catmullrom"
						},
						"0.75": {
							"post": [0, 0, 0],
							"lerp_mode": "catmullrom"
						}
					},
					"position": {
						"0.0": {
							"post": [0, 0, 0],
							"lerp_mode": "catmullrom"
						},
						"0.0625": {
							"post": [0, -0.3, 0.9],
							"lerp_mode": "catmullrom"
						},
						"0.1042": {
							"post": [0, 0.075, 0.705],
							"lerp_mode": "catmullrom"
						},
						"0.2083": {
							"post": [0, 0.0375, -0.1375],
							"lerp_mode": "catmullrom"
						},
						"0.3125": {
							"post": [0, -0.0625, -0.075],
							"lerp_mode": "catmullrom"
						},
						"0.4583": {
							"post": [0, -0.0625, 0.03125],
							"lerp_mode": "catmullrom"
						},
						"0.625": {
							"post": [0, 0, 0],
							"lerp_mode": "catmullrom"
						},
						"0.75": {
							"post": [0, 0, 0],
							"lerp_mode": "catmullrom"
						}
					}
				},
				"push": {
					"position": [0, 0, 0]
				},
				"camera": {
					"rotation": {
						"0.0": {
							"post": [0, 0, 0],
							"lerp_mode": "catmullrom"
						},
						"0.0208": {
							"post": [-0.3125, 0, 0.9],
							"lerp_mode": "catmullrom"
						},
						"0.0417": {
							"post": [-1, 0, -0.75],
							"lerp_mode": "catmullrom"
						},
						"0.1042": {
							"post": [-1.5625, 0, -0.7475],
							"lerp_mode": "catmullrom"
						},
						"0.25": {
							"post": [0, 0, 0.125],
							"lerp_mode": "catmullrom"
						},
						"0.4167": {
							"post": [0, 0, -0.0575],
							"lerp_mode": "catmullrom"
						},
						"0.5625": {
							"post": [0, 0, 0],
							"lerp_mode": "catmullrom"
						},
						"0.6667": {
							"post": [0, 0, 0],
							"lerp_mode": "catmullrom"
						}
					}
				},
				"constraint": {
					"rotation": [0.2, 0.2, 0.2],
					"position": [0.2, 0.2, 0.2]
				}
			}
		},
		"melee_stock": {
			"animation_length": 1.7917,
			"bones": {
				"lefthand": {
					"rotation": {
						"0.0": {
							"post": [90.72566, -29.88058, -134.2425],
							"lerp_mode": "catmullrom"
						},
						"0.0833": {
							"post": [95.8304, -38.94288, -135.91939],
							"lerp_mode": "catmullrom"
						},
						"0.125": {
							"post": [93.8304, -38.94288, -135.91939],
							"lerp_mode": "catmullrom"
						},
						"0.1667": {
							"post": [81.27555, -25.12982, -138.62361],
							"lerp_mode": "catmullrom"
						},
						"0.2083": {
							"post": [61.71, 3.51, -134.69],
							"lerp_mode": "catmullrom"
						},
						"0.25": {
							"post": [57.16354, -7.43051, -158.67278],
							"lerp_mode": "catmullrom"
						},
						"0.2917": {
							"post": [54.35094, 72.33736, -127.3016],
							"lerp_mode": "catmullrom"
						},
						"0.5625": {
							"post": [29.62176, 48.89949, -148.54083],
							"lerp_mode": "catmullrom"
						},
						"0.7917": {
							"post": [47.26543, 5.25804, -181.07713],
							"lerp_mode": "catmullrom"
						},
						"0.875": {
							"post": [82.69765, -24.78331, -160.85245],
							"lerp_mode": "catmullrom"
						},
						"0.9583": {
							"post": [90.72566, -29.88058, -134.2425],
							"lerp_mode": "catmullrom"
						}
					},
					"position": {
						"0.0": {
							"post": [7.22, -14.4075, -8.22],
							"lerp_mode": "catmullrom"
						},
						"0.0833": {
							"post": [7.005, -12.4925, -10.08],
							"lerp_mode": "catmullrom"
						},
						"0.125": {
							"post": [7.02, -12.21, -7.4375],
							"lerp_mode": "catmullrom"
						},
						"0.1667": {
							"post": [7.035, -11.92, -7.4225],
							"lerp_mode": "catmullrom"
						},
						"0.2917": {
							"post": [6.8375, -12.27, -9.5325],
							"lerp_mode": "catmullrom"
						},
						"0.7917": {
							"post": [7.65, -11.645, -8.72],
							"lerp_mode": "catmullrom"
						},
						"0.875": {
							"post": [7.65, -11.645, -8.72],
							"lerp_mode": "catmullrom"
						},
						"0.9583": {
							"post": [7.22, -14.4075, -8.22],
							"lerp_mode": "catmullrom"
						}
					},
					"scale": [1, 1.5, 1]
				},
				"righthand": {
					"rotation": {
						"0.0": [96.82801, 8.38804, -174.02421],
						"0.25": [70.61321, 69.61981, -166.87618],
						"0.4167": [70.61, 69.62, -166.88],
						"0.7083": [70.61, 69.62, -166.88],
						"0.9167": [70.61, 69.62, -166.88],
						"1.0417": [96.82801, 8.38804, -174.02421]
					},
					"position": {
						"0.0": [-6.925, -14.8, 10.7125],
						"0.25": [-5.87, -13.5, 8.93],
						"0.4167": [-5.87, -13.5, 8.93],
						"0.9167": [-5.87, -13.5, 8.93],
						"1.0417": [-6.925, -14.8, 10.7125]
					},
					"scale": [1, 1.5, 1]
				},
				"push": {
					"position": [0, 0, 0]
				},
				"hammer": {
					"rotation": [0, 0, 0]
				},
				"root": {
					"rotation": {
						"0.0": {
							"post": [0, 0, 0],
							"lerp_mode": "catmullrom"
						},
						"0.0833": {
							"post": [-33.72377, -21.35312, 12.28495],
							"lerp_mode": "catmullrom"
						},
						"0.2083": {
							"post": [-97.60111, -12.76913, 23.08233],
							"lerp_mode": "catmullrom"
						},
						"0.375": {
							"post": [-173.66, 12.82, -3.07],
							"lerp_mode": "catmullrom"
						},
						"0.4583": {
							"post": [-160.82328, 14.18152, 8.83452],
							"lerp_mode": "catmullrom"
						},
						"0.5417": {
							"post": [-168.46558, 15.23531, -13.64878],
							"lerp_mode": "catmullrom"
						},
						"0.6667": {
							"post": [-165.67514, 14.51767, -9.56945],
							"lerp_mode": "catmullrom"
						},
						"0.7917": {
							"post": [-142.35164, 15.75988, -12.39845],
							"lerp_mode": "catmullrom"
						},
						"0.9583": {
							"post": [-69.43297, -26.64663, 38.8112],
							"lerp_mode": "catmullrom"
						},
						"1.1667": {
							"post": [-8.05062, -11.12389, 5.17153],
							"lerp_mode": "catmullrom"
						},
						"1.375": {
							"post": [-0.95, 0, 6.5775],
							"lerp_mode": "catmullrom"
						},
						"1.5": {
							"post": [0, 0, 2.3125],
							"lerp_mode": "catmullrom"
						},
						"1.625": {
							"post": [0, 0, -0.5],
							"lerp_mode": "catmullrom"
						},
						"1.7917": {
							"post": [0, 0, 0],
							"lerp_mode": "catmullrom"
						}
					},
					"position": {
						"0.0": {
							"post": [0, 0, 0],
							"lerp_mode": "catmullrom"
						},
						"0.125": {
							"post": [3.57, -0.925, -4.3],
							"lerp_mode": "catmullrom"
						},
						"0.2083": {
							"post": [6.19, 0.185, -2.5],
							"lerp_mode": "catmullrom"
						},
						"0.375": {
							"post": [10.31, 2.69, 2.505],
							"lerp_mode": "catmullrom"
						},
						"0.4583": {
							"post": [10.31, 2.69, 3.3775],
							"lerp_mode": "catmullrom"
						},
						"0.5417": {
							"post": [9.6225, 2.44, -7.7425],
							"lerp_mode": "catmullrom"
						},
						"0.6667": {
							"post": [10.12, 2.19, -3.6175],
							"lerp_mode": "catmullrom"
						},
						"0.7917": {
							"post": [10.12, 1.19, -1.555],
							"lerp_mode": "catmullrom"
						},
						"0.9583": {
							"post": [5.63, -4.5675, -0.95],
							"lerp_mode": "catmullrom"
						},
						"1.1667": {
							"post": [1.625, 0.0125, 0.05],
							"lerp_mode": "catmullrom"
						},
						"1.2917": {
							"post": [0.59, 0.1425, 0.14],
							"lerp_mode": "catmullrom"
						},
						"1.4583": {
							"post": [0.25, 0.12, 0.08],
							"lerp_mode": "catmullrom"
						},
						"1.625": {
							"post": [0, 0, 0],
							"lerp_mode": "catmullrom"
						},
						"1.7917": {
							"post": [0, 0, 0],
							"lerp_mode": "catmullrom"
						}
					}
				},
				"camera": {
					"rotation": {
						"0.0": {
							"post": [0, 0, 0],
							"lerp_mode": "catmullrom"
						},
						"0.25": {
							"post": [-0.25, 0, -0.3125],
							"lerp_mode": "catmullrom"
						},
						"0.4167": {
							"post": [-1.3125, 0, -0.3125],
							"lerp_mode": "catmullrom"
						},
						"0.4792": {
							"post": [-1.1225, 0, 0],
							"lerp_mode": "catmullrom"
						},
						"0.5417": {
							"post": [1.3175, 0, 1.0625],
							"lerp_mode": "catmullrom"
						},
						"0.625": {
							"post": [1.51, 0, -0.75],
							"lerp_mode": "catmullrom"
						},
						"0.6875": {
							"post": [0.69, 0, -0.3825],
							"lerp_mode": "catmullrom"
						},
						"0.7708": {
							"post": [-0.55, 0, 0],
							"lerp_mode": "catmullrom"
						},
						"0.9583": {
							"post": [-0.7325, 0, 0.3125],
							"lerp_mode": "catmullrom"
						},
						"1.1458": {
							"post": [0.015, 0, 0.0625],
							"lerp_mode": "catmullrom"
						},
						"1.25": {
							"post": [0.07, 0, 0.4675],
							"lerp_mode": "catmullrom"
						},
						"1.3542": {
							"post": [0.02, 0, -0.125],
							"lerp_mode": "catmullrom"
						},
						"1.625": {
							"post": [0, 0, 0],
							"lerp_mode": "catmullrom"
						},
						"1.7917": {
							"post": [0, 0, 0],
							"lerp_mode": "catmullrom"
						}
					}
				}
			}
		},
		"inspect": {
			"animation_length": 4.5208,
			"bones": {
				"lefthand": {
					"rotation": {
						"0.0": {
							"post": [90.72566, -29.88058, -134.2425],
							"lerp_mode": "catmullrom"
						},
						"0.75": {
							"post": [139.74339, -43.76571, -126.36282],
							"lerp_mode": "catmullrom"
						},
						"1.7708": {
							"post": [139.74, -43.77, -126.36],
							"lerp_mode": "catmullrom"
						},
						"2.125": {
							"post": [102.47203, -55.55019, -129.92492],
							"lerp_mode": "catmullrom"
						},
						"2.4583": {
							"post": [56.47203, -55.55019, -129.92492],
							"lerp_mode": "catmullrom"
						},
						"2.875": {
							"post": [52.7092, -55.62395, -128.48705],
							"lerp_mode": "catmullrom"
						},
						"3.2083": {
							"post": [56.47, -55.55, -129.92],
							"lerp_mode": "catmullrom"
						},
						"3.5208": {
							"post": [103.67522, -54.473, -150.84339],
							"lerp_mode": "catmullrom"
						},
						"3.7292": {
							"post": [97.47138, -35.76869, -135.61634],
							"lerp_mode": "catmullrom"
						},
						"4.0208": {
							"post": [90.72566, -29.88058, -134.2425],
							"lerp_mode": "catmullrom"
						}
					},
					"position": {
						"0.0": {
							"post": [7.22, -14.4075, -8.22],
							"lerp_mode": "catmullrom"
						},
						"0.75": {
							"post": [6.345, -13.9725, -6.97],
							"lerp_mode": "catmullrom"
						},
						"1.7708": {
							"post": [6.35, -13.97, -6.97],
							"lerp_mode": "catmullrom"
						},
						"2.125": {
							"post": [6.35, -13.6575, -6.97],
							"lerp_mode": "catmullrom"
						},
						"2.4583": {
							"post": [7.1, -12.785, -8.47],
							"lerp_mode": "catmullrom"
						},
						"3.2083": {
							"post": [7.1, -12.78, -8.47],
							"lerp_mode": "catmullrom"
						},
						"3.7292": {
							"post": [7.22, -13.9075, -8.22],
							"lerp_mode": "catmullrom"
						},
						"4.0208": {
							"post": [7.22, -14.4075, -8.22],
							"lerp_mode": "catmullrom"
						}
					},
					"scale": [1, 1.5, 1]
				},
				"righthand": {
					"rotation": {
						"0.0": [96.82801, 8.38804, -174.02421],
						"2.0": [96.83, 8.39, -174.02],
						"3.8333": [96.82801, 8.38804, -174.02421]
					},
					"position": {
						"0.0": [-6.925, -14.8, 10.7125],
						"2.0": [-6.92, -14.8, 10.71],
						"2.3958": [-5.3575, -14.8, 10.71],
						"3.5417": [-5.36, -14.8, 10.71],
						"3.8333": [-6.925, -14.8, 10.7125]
					},
					"scale": [1, 1.5, 1]
				},
				"push": {
					"position": [0, 0, 0]
				},
				"hammer": {
					"rotation": [0, 0, 0]
				},
				"root": {
					"rotation": {
						"0.0": {
							"post": [0, 0, 0],
							"lerp_mode": "catmullrom"
						},
						"0.1667": {
							"post": [0.8227, -5.56521, 1.04461],
							"lerp_mode": "catmullrom"
						},
						"0.3333": {
							"post": [2.12735, -21.12645, -0.29911],
							"lerp_mode": "catmullrom"
						},
						"0.4583": {
							"post": [7.41631, -32.3511, -11.75015],
							"lerp_mode": "catmullrom"
						},
						"0.6667": {
							"post": [24.11452, -36.10753, -42.82134],
							"lerp_mode": "catmullrom"
						},
						"0.9792": {
							"post": [26.13988, -35.96615, -46.98989],
							"lerp_mode": "catmullrom"
						},
						"1.25": {
							"post": [24.43731, -38.00075, -44.22238],
							"lerp_mode": "catmullrom"
						},
						"1.75": {
							"post": [22.70647, -38.03553, -41.28883],
							"lerp_mode": "catmullrom"
						},
						"1.9583": {
							"post": [-5.49742, -32.81264, 5.23386],
							"lerp_mode": "catmullrom"
						},
						"2.1667": {
							"post": [-25.1325, -14.73, 41.8],
							"lerp_mode": "catmullrom"
						},
						"2.4167": {
							"post": [-37.91573, 9.84111, 85.96715],
							"lerp_mode": "catmullrom"
						},
						"2.5833": {
							"post": [-38.8868, 15.18686, 100.02287],
							"lerp_mode": "catmullrom"
						},
						"2.7917": {
							"post": [-39.57, 10.92, 98.68],
							"lerp_mode": "catmullrom"
						},
						"3.125": {
							"post": [-39.19555, 11.74427, 98.92241],
							"lerp_mode": "catmullrom"
						},
						"3.2708": {
							"post": [-40.53277, 1.73064, 86.30265],
							"lerp_mode": "catmullrom"
						},
						"3.4167": {
							"post": [-33.49761, -18.6946, 54.73935],
							"lerp_mode": "catmullrom"
						},
						"3.625": {
							"post": [6.22806, -20.30026, 5.57839],
							"lerp_mode": "catmullrom"
						},
						"3.7917": {
							"post": [14.20961, -10.62091, -10.8108],
							"lerp_mode": "catmullrom"
						},
						"3.9167": {
							"post": [3.0829, -2.73076, -12.16028],
							"lerp_mode": "catmullrom"
						},
						"4.0208": {
							"post": [-3.22889, 2.17111, -7.13988],
							"lerp_mode": "catmullrom"
						},
						"4.1458": {
							"post": [-1.875, 0.4375, -0.1875],
							"lerp_mode": "catmullrom"
						},
						"4.2292": {
							"post": [-0.43, 0.3325, 2.7725],
							"lerp_mode": "catmullrom"
						},
						"4.3542": {
							"post": [0, 0.4375, -0.1875],
							"lerp_mode": "catmullrom"
						},
						"4.5208": {
							"post": [0, 0, -0.1875],
							"lerp_mode": "catmullrom"
						},
						"4.6875": {
							"post": [0, 0, 0],
							"lerp_mode": "catmullrom"
						}
					},
					"position": {
						"0.0": {
							"post": [0, 0, 0],
							"lerp_mode": "catmullrom"
						},
						"0.1667": {
							"post": [0.14, -0.02, -0.19],
							"lerp_mode": "catmullrom"
						},
						"0.4583": {
							"post": [0.1225, -0.12, -1.065],
							"lerp_mode": "catmullrom"
						},
						"0.6667": {
							"post": [0.06, 0.5675, -1.19],
							"lerp_mode": "catmullrom"
						},
						"0.9792": {
							"post": [0.065, 1.005, -1.2],
							"lerp_mode": "catmullrom"
						},
						"1.75": {
							"post": [0.065, 1.005, -1.2],
							"lerp_mode": "catmullrom"
						},
						"1.9583": {
							"post": [0.065, -0.245, -1.2525],
							"lerp_mode": "catmullrom"
						},
						"2.4167": {
							"post": [2.07, -1.5525, -1.88],
							"lerp_mode": "catmullrom"
						},
						"2.5833": {
							"post": [3.3825, -1.55, -1.88],
							"lerp_mode": "catmullrom"
						},
						"3.125": {
							"post": [3.3825, -1.55, -1.88],
							"lerp_mode": "catmullrom"
						},
						"3.2708": {
							"post": [3.1875, -1.94, -1.88],
							"lerp_mode": "catmullrom"
						},
						"3.4167": {
							"post": [2.07, -2.5525, -1.88],
							"lerp_mode": "catmullrom"
						},
						"3.625": {
							"post": [1.1325, -0.925, -1.88],
							"lerp_mode": "catmullrom"
						},
						"3.7917": {
							"post": [0.01, -0.67, -1.63],
							"lerp_mode": "catmullrom"
						},
						"4.0208": {
							"post": [-0.02, -0.3125, 0.6175],
							"lerp_mode": "catmullrom"
						},
						"4.1458": {
							"post": [0, -0.125, 0],
							"lerp_mode": "catmullrom"
						},
						"4.3542": {
							"post": [0, 0, 0],
							"lerp_mode": "catmullrom"
						},
						"4.4792": {
							"post": [0, 0, 0],
							"lerp_mode": "catmullrom"
						}
					}
				},
				"camera": {
					"rotation": {
						"0.0": {
							"post": [0, 0, 0],
							"lerp_mode": "catmullrom"
						},
						"0.3125": {
							"post": [-0.125, 0, -0.0625],
							"lerp_mode": "catmullrom"
						},
						"0.7083": {
							"post": [-0.5, 0.1875, 0.5625],
							"lerp_mode": "catmullrom"
						},
						"1.0625": {
							"post": [-0.56, 1.545, 0.64],
							"lerp_mode": "catmullrom"
						},
						"1.3333": {
							"post": [-0.5625, 2, 0.625],
							"lerp_mode": "catmullrom"
						},
						"1.7708": {
							"post": [-0.4975, 2, 0.5],
							"lerp_mode": "catmullrom"
						},
						"1.9792": {
							"post": [-0.25, 0.3125, 0],
							"lerp_mode": "catmullrom"
						},
						"2.3125": {
							"post": [1, 0, -0.4375],
							"lerp_mode": "catmullrom"
						},
						"2.5833": {
							"post": [1.5625, 1.375, -0.5625],
							"lerp_mode": "catmullrom"
						},
						"2.875": {
							"post": [1.6225, 1.75, -0.5625],
							"lerp_mode": "catmullrom"
						},
						"3.2917": {
							"post": [1.185, 1.4375, -0.5625],
							"lerp_mode": "catmullrom"
						},
						"3.625": {
							"post": [-0.2475, -0.125, 0],
							"lerp_mode": "catmullrom"
						},
						"3.9792": {
							"post": [0.25, 0.125, 0.1875],
							"lerp_mode": "catmullrom"
						},
						"4.1875": {
							"post": [-0.0625, 0, 0],
							"lerp_mode": "catmullrom"
						},
						"4.5208": {
							"post": [0, 0, 0],
							"lerp_mode": "catmullrom"
						}
					}
				}
			}
		},
		"inspect_empty": {
			"animation_length": 4.5208,
			"bones": {
				"lefthand": {
					"rotation": {
						"0.0": {
							"post": [90.72566, -29.88058, -134.2425],
							"lerp_mode": "catmullrom"
						},
						"0.75": {
							"post": [139.74339, -43.76571, -126.36282],
							"lerp_mode": "catmullrom"
						},
						"1.7708": {
							"post": [139.74, -43.77, -126.36],
							"lerp_mode": "catmullrom"
						},
						"2.125": {
							"post": [102.47203, -55.55019, -129.92492],
							"lerp_mode": "catmullrom"
						},
						"2.4583": {
							"post": [56.47203, -55.55019, -129.92492],
							"lerp_mode": "catmullrom"
						},
						"2.875": {
							"post": [52.7092, -55.62395, -128.48705],
							"lerp_mode": "catmullrom"
						},
						"3.2083": {
							"post": [56.47, -55.55, -129.92],
							"lerp_mode": "catmullrom"
						},
						"3.5208": {
							"post": [103.67522, -54.473, -150.84339],
							"lerp_mode": "catmullrom"
						},
						"3.7292": {
							"post": [97.47138, -35.76869, -135.61634],
							"lerp_mode": "catmullrom"
						},
						"4.0208": {
							"post": [90.72566, -29.88058, -134.2425],
							"lerp_mode": "catmullrom"
						}
					},
					"position": {
						"0.0": {
							"post": [7.22, -14.4075, -8.22],
							"lerp_mode": "catmullrom"
						},
						"0.75": {
							"post": [6.345, -13.9725, -6.97],
							"lerp_mode": "catmullrom"
						},
						"1.7708": {
							"post": [6.35, -13.97, -6.97],
							"lerp_mode": "catmullrom"
						},
						"2.125": {
							"post": [6.35, -13.6575, -6.97],
							"lerp_mode": "catmullrom"
						},
						"2.4583": {
							"post": [7.1, -12.785, -8.47],
							"lerp_mode": "catmullrom"
						},
						"3.2083": {
							"post": [7.1, -12.78, -8.47],
							"lerp_mode": "catmullrom"
						},
						"3.7292": {
							"post": [7.22, -13.9075, -8.22],
							"lerp_mode": "catmullrom"
						},
						"4.0208": {
							"post": [7.22, -14.4075, -8.22],
							"lerp_mode": "catmullrom"
						}
					},
					"scale": [1, 1.5, 1]
				},
				"righthand": {
					"rotation": {
						"0.0": [96.82801, 8.38804, -174.02421],
						"2.0": [96.83, 8.39, -174.02],
						"3.8333": [96.82801, 8.38804, -174.02421]
					},
					"position": {
						"0.0": [-6.925, -14.8, 10.7125],
						"2.0": [-6.92, -14.8, 10.71],
						"2.3958": [-5.3575, -14.8, 10.71],
						"3.5417": [-5.36, -14.8, 10.71],
						"3.8333": [-6.925, -14.8, 10.7125]
					},
					"scale": [1, 1.5, 1]
				},
				"push": {
					"position": [0, 0, 27]
				},
				"hammer": {
					"rotation": [50, 0, 0]
				},
				"root": {
					"rotation": {
						"0.0": {
							"post": [0, 0, 0],
							"lerp_mode": "catmullrom"
						},
						"0.1667": {
							"post": [0.8227, -5.56521, 1.04461],
							"lerp_mode": "catmullrom"
						},
						"0.3333": {
							"post": [2.12735, -21.12645, -0.29911],
							"lerp_mode": "catmullrom"
						},
						"0.4583": {
							"post": [7.41631, -32.3511, -11.75015],
							"lerp_mode": "catmullrom"
						},
						"0.6667": {
							"post": [24.11452, -36.10753, -42.82134],
							"lerp_mode": "catmullrom"
						},
						"0.9792": {
							"post": [26.13988, -35.96615, -46.98989],
							"lerp_mode": "catmullrom"
						},
						"1.25": {
							"post": [24.43731, -38.00075, -44.22238],
							"lerp_mode": "catmullrom"
						},
						"1.75": {
							"post": [22.70647, -38.03553, -41.28883],
							"lerp_mode": "catmullrom"
						},
						"1.9583": {
							"post": [-5.49742, -32.81264, 5.23386],
							"lerp_mode": "catmullrom"
						},
						"2.1667": {
							"post": [-25.1325, -14.73, 41.8],
							"lerp_mode": "catmullrom"
						},
						"2.4167": {
							"post": [-37.91573, 9.84111, 85.96715],
							"lerp_mode": "catmullrom"
						},
						"2.5833": {
							"post": [-38.8868, 15.18686, 100.02287],
							"lerp_mode": "catmullrom"
						},
						"2.7917": {
							"post": [-39.57, 10.92, 98.68],
							"lerp_mode": "catmullrom"
						},
						"3.125": {
							"post": [-39.19555, 11.74427, 98.92241],
							"lerp_mode": "catmullrom"
						},
						"3.2708": {
							"post": [-40.53277, 1.73064, 86.30265],
							"lerp_mode": "catmullrom"
						},
						"3.4167": {
							"post": [-33.49761, -18.6946, 54.73935],
							"lerp_mode": "catmullrom"
						},
						"3.625": {
							"post": [6.22806, -20.30026, 5.57839],
							"lerp_mode": "catmullrom"
						},
						"3.7917": {
							"post": [14.20961, -10.62091, -10.8108],
							"lerp_mode": "catmullrom"
						},
						"3.9167": {
							"post": [3.0829, -2.73076, -12.16028],
							"lerp_mode": "catmullrom"
						},
						"4.0208": {
							"post": [-3.22889, 2.17111, -7.13988],
							"lerp_mode": "catmullrom"
						},
						"4.1458": {
							"post": [-1.875, 0.4375, -0.1875],
							"lerp_mode": "catmullrom"
						},
						"4.2292": {
							"post": [-0.43, 0.3325, 2.7725],
							"lerp_mode": "catmullrom"
						},
						"4.3542": {
							"post": [0, 0.4375, -0.1875],
							"lerp_mode": "catmullrom"
						},
						"4.5208": {
							"post": [0, 0, -0.1875],
							"lerp_mode": "catmullrom"
						},
						"4.6875": {
							"post": [0, 0, 0],
							"lerp_mode": "catmullrom"
						}
					},
					"position": {
						"0.0": {
							"post": [0, 0, 0],
							"lerp_mode": "catmullrom"
						},
						"0.1667": {
							"post": [0.14, -0.02, -0.19],
							"lerp_mode": "catmullrom"
						},
						"0.4583": {
							"post": [0.1225, -0.12, -1.065],
							"lerp_mode": "catmullrom"
						},
						"0.6667": {
							"post": [0.06, 0.5675, -1.19],
							"lerp_mode": "catmullrom"
						},
						"0.9792": {
							"post": [0.065, 1.005, -1.2],
							"lerp_mode": "catmullrom"
						},
						"1.75": {
							"post": [0.065, 1.005, -1.2],
							"lerp_mode": "catmullrom"
						},
						"1.9583": {
							"post": [0.065, -0.245, -1.2525],
							"lerp_mode": "catmullrom"
						},
						"2.4167": {
							"post": [2.07, -1.5525, -1.88],
							"lerp_mode": "catmullrom"
						},
						"2.5833": {
							"post": [3.3825, -1.55, -1.88],
							"lerp_mode": "catmullrom"
						},
						"3.125": {
							"post": [3.3825, -1.55, -1.88],
							"lerp_mode": "catmullrom"
						},
						"3.2708": {
							"post": [3.1875, -1.94, -1.88],
							"lerp_mode": "catmullrom"
						},
						"3.4167": {
							"post": [2.07, -2.5525, -1.88],
							"lerp_mode": "catmullrom"
						},
						"3.625": {
							"post": [1.1325, -0.925, -1.88],
							"lerp_mode": "catmullrom"
						},
						"3.7917": {
							"post": [0.01, -0.67, -1.63],
							"lerp_mode": "catmullrom"
						},
						"4.0208": {
							"post": [-0.02, -0.3125, 0.6175],
							"lerp_mode": "catmullrom"
						},
						"4.1458": {
							"post": [0, -0.125, 0],
							"lerp_mode": "catmullrom"
						},
						"4.3542": {
							"post": [0, 0, 0],
							"lerp_mode": "catmullrom"
						},
						"4.4792": {
							"post": [0, 0, 0],
							"lerp_mode": "catmullrom"
						}
					}
				},
				"camera": {
					"rotation": {
						"0.0": {
							"post": [0, 0, 0],
							"lerp_mode": "catmullrom"
						},
						"0.3125": {
							"post": [-0.125, 0, -0.0625],
							"lerp_mode": "catmullrom"
						},
						"0.7083": {
							"post": [-0.5, 0.1875, 0.5625],
							"lerp_mode": "catmullrom"
						},
						"1.0625": {
							"post": [-0.56, 1.545, 0.64],
							"lerp_mode": "catmullrom"
						},
						"1.3333": {
							"post": [-0.5625, 2, 0.625],
							"lerp_mode": "catmullrom"
						},
						"1.7708": {
							"post": [-0.4975, 2, 0.5],
							"lerp_mode": "catmullrom"
						},
						"1.9792": {
							"post": [-0.25, 0.3125, 0],
							"lerp_mode": "catmullrom"
						},
						"2.3125": {
							"post": [1, 0, -0.4375],
							"lerp_mode": "catmullrom"
						},
						"2.5833": {
							"post": [1.5625, 1.375, -0.5625],
							"lerp_mode": "catmullrom"
						},
						"2.875": {
							"post": [1.6225, 1.75, -0.5625],
							"lerp_mode": "catmullrom"
						},
						"3.2917": {
							"post": [1.185, 1.4375, -0.5625],
							"lerp_mode": "catmullrom"
						},
						"3.625": {
							"post": [-0.2475, -0.125, 0],
							"lerp_mode": "catmullrom"
						},
						"3.9792": {
							"post": [0.25, 0.125, 0.1875],
							"lerp_mode": "catmullrom"
						},
						"4.1875": {
							"post": [-0.0625, 0, 0],
							"lerp_mode": "catmullrom"
						},
						"4.5208": {
							"post": [0, 0, 0],
							"lerp_mode": "catmullrom"
						}
					}
				}
			}
		}
	}
}