{
	"format_version": "1.8.0",
	"animations": {
		"static_idle": {
			"animation_length": 0.1,
			"bones": {
				"leftHand": {
					"rotation": [72.5, 17.5, 0],
					"position": [14, -16, -1],
					"scale": [1, 1.5, 1]
				},
				"rightHand": {
					"rotation": [97.0687, 15.79445, -131.42947],
					"position": [-15.5375, -18.3, -8.9],
					"scale": [1, 1.5, 1]
				},
				"constraint": {
					"rotation": [0.1, 0.1, 0.1],
					"position": [0.1, 0.1, 0.1]
				},
				"root": {
					"rotation": [10, 0, 0],
					"position": [0, -1.8125, 0]
				}
			}
		},
		"draw": {
			"loop": "hold_on_last_frame",
			"animation_length": 0.7917,
			"bones": {
				"leftHand": {
					"rotation": {
						"0.0": {
							"post": [42.24976, 43.00697, -57.58642],
							"lerp_mode": "catmullrom"
						},
						"0.3125": {
							"post": [76.55, 23.16, 25.62],
							"lerp_mode": "catmullrom"
						},
						"0.3958": {
							"post": [72.5, 17.5, 0],
							"lerp_mode": "catmullrom"
						},
						"0.5": {
							"post": [72.5, 17.5, 0],
							"lerp_mode": "catmullrom"
						},
						"0.5833": {
							"post": [75.31244, 16.52554, -4.05716],
							"lerp_mode": "catmullrom"
						},
						"0.7083": {
							"post": [72.5, 17.5, 0],
							"lerp_mode": "catmullrom"
						}
					},
					"position": {
						"0.0": {
							"post": [16.9975, -22.3125, -0.12],
							"lerp_mode": "catmullrom"
						},
						"0.3125": {
							"post": [22.13, -22.995, 1.19],
							"lerp_mode": "catmullrom"
						},
						"0.3958": {
							"post": [19.725, -15.0575, 0.22],
							"lerp_mode": "catmullrom"
						},
						"0.5": {
							"post": [14.7875, -15.12, 0.22],
							"lerp_mode": "catmullrom"
						},
						"0.5833": {
							"post": [13.9375, -16, -1],
							"lerp_mode": "catmullrom"
						},
						"0.7083": {
							"post": [14, -16, -1],
							"lerp_mode": "catmullrom"
						}
					},
					"scale": [1, 1.5, 1]
				},
				"rightHand": {
					"rotation": {
						"0.0": {
							"post": [96.25, -19.03, -31.8],
							"lerp_mode": "catmullrom"
						},
						"0.1667": {
							"post": [96.24781, -19.03326, -31.79567],
							"lerp_mode": "catmullrom"
						},
						"0.2708": {
							"post": [96.24781, -19.03326, -31.79567],
							"lerp_mode": "catmullrom"
						},
						"0.4167": {
							"post": [96.25454, 5.15005, -136.55528],
							"lerp_mode": "catmullrom"
						},
						"0.5": {
							"post": [95.8493, 16.77527, -142.84677],
							"lerp_mode": "catmullrom"
						},
						"0.625": {
							"post": [97.74796, 12.89738, -132.83145],
							"lerp_mode": "catmullrom"
						},
						"0.7292": {
							"post": [97.07, 15.79, -131.43],
							"lerp_mode": "catmullrom"
						},
						"0.7917": {
							"post": [97.07, 15.79, -131.43],
							"lerp_mode": "catmullrom"
						}
					},
					"position": {
						"0.0": {
							"post": [-0.53, -27.04, -7.15],
							"lerp_mode": "catmullrom"
						},
						"0.1042": {
							"post": [-0.535, -27.045, -7.15],
							"lerp_mode": "catmullrom"
						},
						"0.1667": {
							"post": [-4.415, -17.42, -7.15],
							"lerp_mode": "catmullrom"
						},
						"0.2708": {
							"post": [-5.4775, -11.9825, -8.9625],
							"lerp_mode": "catmullrom"
						},
						"0.4167": {
							"post": [-15.81, -12.98, -8.17],
							"lerp_mode": "catmullrom"
						},
						"0.5": {
							"post": [-17.0375, -17.05, -8.9],
							"lerp_mode": "catmullrom"
						},
						"0.625": {
							"post": [-15.54, -18.3, -8.9],
							"lerp_mode": "catmullrom"
						},
						"0.7292": {
							"post": [-15.54, -18.3, -8.9],
							"lerp_mode": "catmullrom"
						},
						"0.7917": {
							"post": [-15.54, -18.3, -8.9],
							"lerp_mode": "catmullrom"
						}
					},
					"scale": [1, 1.5, 1]
				},
				"constraint": {
					"rotation": [0.1, 0.1, 0.1],
					"position": [0.1, 0.1, 0.1]
				},
				"root": {
					"rotation": [10, 0, 0],
					"position": [0, -1.8125, 0]
				},
				"camera": {
					"rotation": {
						"0.0": {
							"post": [0, 0, 0],
							"lerp_mode": "catmullrom"
						},
						"0.0625": {
							"post": [0.375, -0.625, -0.6875],
							"lerp_mode": "catmullrom"
						},
						"0.1458": {
							"post": [0.4375, -0.5625, -0.315],
							"lerp_mode": "catmullrom"
						},
						"0.2083": {
							"post": [0.125, -0.1875, 0.8775],
							"lerp_mode": "catmullrom"
						},
						"0.2917": {
							"post": [-0.4375, 0.1875, 0.88],
							"lerp_mode": "catmullrom"
						},
						"0.4167": {
							"post": [-0.5625, 0.375, -0.115],
							"lerp_mode": "catmullrom"
						},
						"0.5417": {
							"post": [0.125, 0, 0.015],
							"lerp_mode": "catmullrom"
						},
						"0.625": {
							"post": [0.12, -0.03, 0.02],
							"lerp_mode": "catmullrom"
						},
						"0.7292": {
							"post": [0, 0, 0],
							"lerp_mode": "catmullrom"
						}
					}
				}
			}
		},
		"put_away": {
			"animation_length": 0.5,
			"bones": {
				"leftHand": {
					"rotation": {
						"0.0": {
							"post": [72.5, 17.5, 0],
							"lerp_mode": "catmullrom"
						},
						"0.125": {
							"post": [64.23033, 17.49893, -22.53531],
							"lerp_mode": "catmullrom"
						},
						"0.2708": {
							"post": [42.24976, 43.00697, -57.58642],
							"lerp_mode": "catmullrom"
						}
					},
					"position": {
						"0.0": {
							"post": [14, -16, -1],
							"lerp_mode": "catmullrom"
						},
						"0.125": {
							"post": [15.3125, -17, -0.125],
							"lerp_mode": "catmullrom"
						},
						"0.2708": {
							"post": [16.9975, -22.3125, -0.12],
							"lerp_mode": "catmullrom"
						}
					},
					"scale": [1, 1.5, 1]
				},
				"rightHand": {
					"rotation": {
						"0.0": {
							"post": [97.0687, 15.79445, -131.42947],
							"lerp_mode": "catmullrom"
						},
						"0.125": {
							"post": [102.54626, -1.05294, -87.44296],
							"lerp_mode": "catmullrom"
						},
						"0.2292": {
							"post": [96.24781, -19.03326, -31.79567],
							"lerp_mode": "catmullrom"
						},
						"0.375": {
							"post": [96.25, -19.03, -31.8],
							"lerp_mode": "catmullrom"
						},
						"0.5": {
							"post": [96.25, -19.03, -31.8],
							"lerp_mode": "catmullrom"
						}
					},
					"position": {
						"0.0": {
							"post": [-15.5375, -18.3, -8.9],
							"lerp_mode": "catmullrom"
						},
						"0.125": {
							"post": [-11.04, -15.425, -8.9],
							"lerp_mode": "catmullrom"
						},
						"0.2292": {
							"post": [-4.415, -17.42, -7.15],
							"lerp_mode": "catmullrom"
						},
						"0.2708": {
							"post": [-0.535, -27.045, -7.15],
							"lerp_mode": "catmullrom"
						},
						"0.375": {
							"post": [-0.53, -27.04, -7.15],
							"lerp_mode": "catmullrom"
						},
						"0.5": {
							"post": [-0.53, -27.04, -7.15],
							"lerp_mode": "catmullrom"
						}
					},
					"scale": [1, 1.5, 1]
				},
				"root": {
					"rotation": [10, 0, 0],
					"position": [0, -1.8125, 0]
				},
				"camera": {
					"rotation": {
						"0.0": {
							"post": [0, 0, 0],
							"lerp_mode": "catmullrom"
						},
						"0.125": {
							"post": [0.1875, -0.3125, 0.125],
							"lerp_mode": "catmullrom"
						},
						"0.2917": {
							"post": [0.69, -0.5, -0.5625],
							"lerp_mode": "catmullrom"
						},
						"0.4167": {
							"post": [-0.06, 0.125, 0.0625],
							"lerp_mode": "catmullrom"
						},
						"0.5": {
							"post": [0, 0, 0],
							"lerp_mode": "catmullrom"
						}
					}
				}
			}
		},
		"melee_bayonet_1": {
			"animation_length": 1.25,
			"bones": {
				"leftHand": {
					"rotation": {
						"0.0": {
							"post": [72.5, 17.5, 0],
							"lerp_mode": "catmullrom"
						},
						"0.125": {
							"post": [64.23033, 17.49893, -22.53531],
							"lerp_mode": "catmullrom"
						},
						"0.2708": {
							"post": [42.24976, 43.00697, -57.58642],
							"lerp_mode": "catmullrom"
						},
						"0.5": {
							"post": [39.59209, 42.8057, -61.43808],
							"lerp_mode": "catmullrom"
						},
						"0.625": {
							"post": [68.51275, 21.43326, -10.46176],
							"lerp_mode": "catmullrom"
						},
						"0.8333": {
							"post": [72.5, 17.5, 0],
							"lerp_mode": "catmullrom"
						}
					},
					"position": {
						"0.0": {
							"post": [14, -16, -1],
							"lerp_mode": "catmullrom"
						},
						"0.125": {
							"post": [15.3125, -17, -0.125],
							"lerp_mode": "catmullrom"
						},
						"0.2708": {
							"post": [16.9975, -19.8125, -0.12],
							"lerp_mode": "catmullrom"
						},
						"0.3542": {
							"post": [18.79, -21.095, -0.08],
							"lerp_mode": "catmullrom"
						},
						"0.5": {
							"post": [18.4375, -20.37, -0.12],
							"lerp_mode": "catmullrom"
						},
						"0.625": {
							"post": [14.3125, -16.75, -1],
							"lerp_mode": "catmullrom"
						},
						"0.8333": {
							"post": [14, -16, -1],
							"lerp_mode": "catmullrom"
						}
					},
					"scale": [1, 1.5, 1]
				},
				"rightHand": {
					"rotation": {
						"0.0": {
							"post": [97.0687, 15.79445, -131.42947],
							"lerp_mode": "catmullrom"
						},
						"0.125": {
							"post": [68.08872, 5.01904, -133.74247],
							"lerp_mode": "catmullrom"
						},
						"0.25": {
							"post": [68.08872, 5.01904, -133.74247],
							"lerp_mode": "catmullrom"
						},
						"0.2917": {
							"post": [80.22913, -1.74624, -179.99845],
							"lerp_mode": "catmullrom"
						},
						"0.4167": {
							"post": [81.51538, -2.83405, -189.45298],
							"lerp_mode": "catmullrom"
						},
						"0.5": {
							"post": [81.30282, -2.0867, -184.50455],
							"lerp_mode": "catmullrom"
						},
						"0.5833": {
							"post": [75.95091, 9.68918, -147.88983],
							"lerp_mode": "catmullrom"
						},
						"0.7292": {
							"post": [92.01705, 16.36588, -141.87992],
							"lerp_mode": "catmullrom"
						},
						"0.8542": {
							"post": [97.78677, 15.91507, -132.46143],
							"lerp_mode": "catmullrom"
						},
						"0.9375": {
							"post": [96.83277, 16.78047, -131.20181],
							"lerp_mode": "catmullrom"
						},
						"1.0208": {
							"post": [97.0687, 15.79445, -131.42947],
							"lerp_mode": "catmullrom"
						}
					},
					"position": {
						"0.0": {
							"post": [-15.5375, -18.3, -8.9],
							"lerp_mode": "catmullrom"
						},
						"0.125": {
							"post": [-11.04, -18.3, 15.2875],
							"lerp_mode": "catmullrom"
						},
						"0.25": {
							"post": [-11.04, -18.3, 16.6],
							"lerp_mode": "catmullrom"
						},
						"0.2917": {
							"post": [-11.91, -18.3, -10.025],
							"lerp_mode": "catmullrom"
						},
						"0.4167": {
							"post": [-11.91, -18.3, -14.59],
							"lerp_mode": "catmullrom"
						},
						"0.4375": {
							"post": [-11.38, -18.39, -14.37],
							"lerp_mode": "catmullrom"
						},
						"0.4583": {
							"post": [-10.72, -18.54, -13.9325],
							"lerp_mode": "catmullrom"
						},
						"0.5": {
							"post": [-9.66, -18.9875, -12.715],
							"lerp_mode": "catmullrom"
						},
						"0.5833": {
							"post": [-10.7275, -20.6775, -9.77],
							"lerp_mode": "catmullrom"
						},
						"0.7292": {
							"post": [-15.6625, -19.1125, -7.275],
							"lerp_mode": "catmullrom"
						},
						"0.8542": {
							"post": [-15.5375, -17.8625, -8.9],
							"lerp_mode": "catmullrom"
						},
						"1.0208": {
							"post": [-15.5375, -18.3, -8.9],
							"lerp_mode": "catmullrom"
						}
					},
					"scale": {
						"0.0": [1, 1.5, 1],
						"0.25": [1, 1.5, 1],
						"0.2917": [1, 2, 1],
						"0.5833": [1, 2, 1],
						"0.7292": [1, 1.5, 1]
					}
				},
				"constraint": {
					"rotation": [0.1, 0.1, 0.1],
					"position": [0.1, 0.1, 0.1]
				},
				"root": {
					"rotation": [10, 0, 0],
					"position": [0, -1.8125, 0]
				},
				"m1905": {
					"rotation": {
						"0.0": [0, 0, 0],
						"0.125": [42.5, 0, 0],
						"0.3333": [75, 0, 0],
						"0.5208": [75, 0, 0],
						"0.625": [-2.98257, 1.03414, 0.96465],
						"0.75": [0, 0, 0]
					},
					"position": {
						"0.0": [0, 0, 0],
						"0.125": [0, 0.6875, 0],
						"0.3333": [0, 0.065, -0.5625],
						"0.5208": [0, 0.07, -0.56],
						"0.625": [0, 0, 0],
						"0.75": [0, 0, 0]
					}
				},
				"camera": {
					"rotation": {
						"0.0": {
							"post": [0, 0, 0],
							"lerp_mode": "catmullrom"
						},
						"0.2083": {
							"post": [-0.185, 1, 0],
							"lerp_mode": "catmullrom"
						},
						"0.25": {
							"post": [0.1925, -0.125, 0.25],
							"lerp_mode": "catmullrom"
						},
						"0.2917": {
							"post": [-0.165, 0.765, -1.1425],
							"lerp_mode": "catmullrom"
						},
						"0.3333": {
							"post": [-1.2075, 1.035, 1.125],
							"lerp_mode": "catmullrom"
						},
						"0.4167": {
							"post": [-1.365, 1, 1.0625],
							"lerp_mode": "catmullrom"
						},
						"0.4583": {
							"post": [-1.0075, 0.6575, 0.8975],
							"lerp_mode": "catmullrom"
						},
						"0.5417": {
							"post": [-0.3475, 0.2725, 0.535],
							"lerp_mode": "catmullrom"
						},
						"0.6667": {
							"post": [-0.2425, -0.1875, -0.25],
							"lerp_mode": "catmullrom"
						},
						"0.7917": {
							"post": [0, -0.1875, 0.125],
							"lerp_mode": "catmullrom"
						},
						"0.875": {
							"post": [0, -0.0625, 0.25],
							"lerp_mode": "catmullrom"
						},
						"1.0": {
							"post": [0, 0, -0.0625],
							"lerp_mode": "catmullrom"
						},
						"1.125": {
							"post": [0, 0, 0],
							"lerp_mode": "catmullrom"
						}
					}
				}
			}
		},
		"melee_bayonet_2": {
			"animation_length": 1.25,
			"bones": {
				"leftHand": {
					"rotation": {
						"0.0": {
							"post": [72.5, 17.5, 0],
							"lerp_mode": "catmullrom"
						},
						"0.0833": {
							"post": [46.95945, 52.45251, -35.68718],
							"lerp_mode": "catmullrom"
						},
						"0.2292": {
							"post": [43.12062, 54.54811, -41.66032],
							"lerp_mode": "catmullrom"
						},
						"0.3125": {
							"post": [60.75647, 56.04317, -5.95231],
							"lerp_mode": "catmullrom"
						},
						"0.3958": {
							"post": [76.54888, 23.15679, 25.61627],
							"lerp_mode": "catmullrom"
						},
						"0.7083": {
							"post": [76.55, 23.16, 25.62],
							"lerp_mode": "catmullrom"
						},
						"0.7917": {
							"post": [72.5, 17.5, 0],
							"lerp_mode": "catmullrom"
						},
						"0.8958": {
							"post": [72.5, 17.5, 0],
							"lerp_mode": "catmullrom"
						},
						"0.9792": {
							"post": [75.31244, 16.52554, -4.05716],
							"lerp_mode": "catmullrom"
						},
						"1.1042": {
							"post": [72.5, 17.5, 0],
							"lerp_mode": "catmullrom"
						}
					},
					"position": {
						"0.0": {
							"post": [14, -16, -1],
							"lerp_mode": "catmullrom"
						},
						"0.0833": {
							"post": [10.875, -16.3125, 2.125],
							"lerp_mode": "catmullrom"
						},
						"0.2292": {
							"post": [11.1875, -15.1225, 1.1925],
							"lerp_mode": "catmullrom"
						},
						"0.3125": {
							"post": [15.3775, -15, 1.19],
							"lerp_mode": "catmullrom"
						},
						"0.3958": {
							"post": [25.88, -19.375, 1.19],
							"lerp_mode": "catmullrom"
						},
						"0.7083": {
							"post": [25.88, -19.37, 1.19],
							"lerp_mode": "catmullrom"
						},
						"0.7917": {
							"post": [19.725, -15.0575, 0.22],
							"lerp_mode": "catmullrom"
						},
						"0.8958": {
							"post": [14.7875, -15.12, 0.22],
							"lerp_mode": "catmullrom"
						},
						"0.9792": {
							"post": [13.9375, -16, -1],
							"lerp_mode": "catmullrom"
						},
						"1.1042": {
							"post": [14, -16, -1],
							"lerp_mode": "catmullrom"
						}
					},
					"scale": [1, 1.5, 1]
				},
				"rightHand": {
					"rotation": {
						"0.0": {
							"post": [97.0687, 15.79445, -131.42947],
							"lerp_mode": "catmullrom"
						},
						"0.1042": {
							"post": [137.41316, 15.20805, -184.63838],
							"lerp_mode": "catmullrom"
						},
						"0.2083": {
							"post": [155.7847, 36.09856, -193.99973],
							"lerp_mode": "catmullrom"
						},
						"0.2708": {
							"post": [155.78, 36.1, -194],
							"lerp_mode": "catmullrom"
						},
						"0.3333": {
							"post": [72.28315, 11.23843, -210.48134],
							"lerp_mode": "catmullrom"
						},
						"0.4375": {
							"post": [52.87338, 11.21698, -207.64214],
							"lerp_mode": "catmullrom"
						},
						"0.5625": {
							"post": [69.79051, 44.66057, -144.72249],
							"lerp_mode": "catmullrom"
						},
						"0.6875": {
							"post": [117.45137, 28.19625, -84.34492],
							"lerp_mode": "catmullrom"
						},
						"0.7708": {
							"post": [97.24526, 11.3168, -60.14291],
							"lerp_mode": "catmullrom"
						},
						"0.875": {
							"post": [89.71337, 5.14837, -142.57961],
							"lerp_mode": "catmullrom"
						},
						"0.9583": {
							"post": [95.8493, 16.77527, -142.84677],
							"lerp_mode": "catmullrom"
						},
						"1.0833": {
							"post": [97.74796, 12.89738, -132.83145],
							"lerp_mode": "catmullrom"
						},
						"1.1875": {
							"post": [97.07, 15.79, -131.43],
							"lerp_mode": "catmullrom"
						},
						"1.25": {
							"post": [97.07, 15.79, -131.43],
							"lerp_mode": "catmullrom"
						}
					},
					"position": {
						"0.0": {
							"post": [-15.5375, -18.3, -8.9],
							"lerp_mode": "catmullrom"
						},
						"0.1042": {
							"post": [-19.54, -3.3, 11.1],
							"lerp_mode": "catmullrom"
						},
						"0.2083": {
							"post": [-19.54, -1.55, 19.1],
							"lerp_mode": "catmullrom"
						},
						"0.2708": {
							"post": [-19.54, -1.55, 19.1],
							"lerp_mode": "catmullrom"
						},
						"0.3333": {
							"post": [-4.54, -20.55, -8.9],
							"lerp_mode": "catmullrom"
						},
						"0.4375": {
							"post": [-0.54, -36.55, 0.6625],
							"lerp_mode": "catmullrom"
						},
						"0.5625": {
							"post": [-2.415, -37.9875, -2.2125],
							"lerp_mode": "catmullrom"
						},
						"0.6875": {
							"post": [-7.1025, -33.6125, -8.9],
							"lerp_mode": "catmullrom"
						},
						"0.7708": {
							"post": [-12.85, -20.3625, -7.4],
							"lerp_mode": "catmullrom"
						},
						"0.875": {
							"post": [-15.81, -16.355, -8.17],
							"lerp_mode": "catmullrom"
						},
						"0.9583": {
							"post": [-17.0375, -17.05, -8.9],
							"lerp_mode": "catmullrom"
						},
						"1.0833": {
							"post": [-15.54, -18.3, -8.9],
							"lerp_mode": "catmullrom"
						},
						"1.1875": {
							"post": [-15.54, -18.3, -8.9],
							"lerp_mode": "catmullrom"
						},
						"1.25": {
							"post": [-15.54, -18.3, -8.9],
							"lerp_mode": "catmullrom"
						}
					},
					"scale": [1, 1.5, 1]
				},
				"constraint": {
					"rotation": [0.1, 0.1, 0.1],
					"position": [0.1, 0.1, 0.1]
				},
				"root": {
					"rotation": [10, 0, 0],
					"position": [0, -1.8125, 0]
				},
				"m1905": {
					"rotation": {
						"0.0": [0, 0, 0],
						"0.25": [-10, 0, 0],
						"0.3333": [12.5, 0, 0],
						"0.4375": [82.0625, 0, 0],
						"0.5625": [82.0625, 0, 0],
						"0.6875": [82.0625, 0, 0],
						"0.75": [0, 0, 0]
					},
					"position": [0, 0, 0]
				},
				"camera": {
					"rotation": {
						"0.0": {
							"post": [0, 0, 0],
							"lerp_mode": "catmullrom"
						},
						"0.2083": {
							"post": [-0.1875, 0.4375, -0.4375],
							"lerp_mode": "catmullrom"
						},
						"0.3333": {
							"post": [-0.185, 1, 0],
							"lerp_mode": "catmullrom"
						},
						"0.375": {
							"post": [0.755, -0.125, 0.25],
							"lerp_mode": "catmullrom"
						},
						"0.4167": {
							"post": [0.71, -1.11, -0.8925],
							"lerp_mode": "catmullrom"
						},
						"0.4583": {
							"post": [0.48, -1.965, 0.5625],
							"lerp_mode": "catmullrom"
						},
						"0.5417": {
							"post": [0.01, -2.0625, -0.75],
							"lerp_mode": "catmullrom"
						},
						"0.5833": {
							"post": [-0.07, -1.53, -0.9775],
							"lerp_mode": "catmullrom"
						},
						"0.6667": {
							"post": [-0.16, -0.2275, -1.09],
							"lerp_mode": "catmullrom"
						},
						"0.7917": {
							"post": [-0.2425, 0.1875, -0.8125],
							"lerp_mode": "catmullrom"
						},
						"0.9167": {
							"post": [0, 0.125, 0.25],
							"lerp_mode": "catmullrom"
						},
						"1.0": {
							"post": [0, -0.0625, 0.25],
							"lerp_mode": "catmullrom"
						},
						"1.125": {
							"post": [0, 0, -0.0625],
							"lerp_mode": "catmullrom"
						},
						"1.25": {
							"post": [0, 0, 0],
							"lerp_mode": "catmullrom"
						}
					}
				}
			}
		},
		"inspect": {
			"animation_length": 4.25,
			"bones": {
				"root": {
					"relative_to": {
						"rotation": "entity"
					},
					"rotation": {
						"0.0": [10, 0, 0],
						"0.2083": [0, 0, 0.01],
						"2.9167": [0, 0, 0.01],
						"3.0": [1.99913, -1.06918, 1.9639],
						"3.1042": [10, 0, 0],
						"4.25": [10, 0, 0]
					},
					"position": {
						"0.0": [0, -1.8125, 0],
						"0.2083": [0, 0, 0],
						"2.9167": [0, 0, 0],
						"3.0": [0, 0, 0],
						"3.1042": [0, -1.8125, 0],
						"4.25": [0, -1.81, 0]
					}
				},
				"leftHand": {
					"rotation": {
						"0.0": [72.5, 17.5, 0],
						"1.9167": [72.5, 17.5, 0],
						"2.0417": [62.15289, 33.31806, 4.40281],
						"2.1458": [62.15, 33.32, 4.4],
						"2.3958": [43.03, 25.8, 10.11],
						"2.6875": [20.08328, 16.78597, 16.97073],
						"2.7708": [18.73183, 17.03737, 19.2599],
						"2.8958": [18.73, 17.04, 19.26],
						"2.9792": [18.08017, 18.20542, 36.55557],
						"3.25": [18.08, 18.21, 36.56],
						"3.75": {
							"pre": [76.55, 23.16, 25.62],
							"post": [76.55, 23.16, 25.62],
							"lerp_mode": "catmullrom"
						},
						"3.8333": {
							"post": [72.5, 17.5, 0],
							"lerp_mode": "catmullrom"
						},
						"3.9375": {
							"post": [72.5, 17.5, 0],
							"lerp_mode": "catmullrom"
						},
						"4.0208": {
							"post": [75.31244, 16.52554, -4.05716],
							"lerp_mode": "catmullrom"
						},
						"4.1458": {
							"post": [72.5, 17.5, 0],
							"lerp_mode": "catmullrom"
						}
					},
					"position": {
						"0.0": [14, -16, -1],
						"0.1042": [14, -20.6875, 2.375],
						"1.9167": [14, -20.69, 2.38],
						"2.0417": [9.375, -15.4375, -2.6875],
						"2.1458": [9.38, -15.44, -2.69],
						"2.2708": [10.2925, -15.68, -3],
						"2.3958": [14.58, -15.92, -3.31],
						"2.6875": [20.8175, -16.5025, -4.065],
						"2.7708": [20.945, -16.5, -4.07],
						"2.8958": [20.95, -16.5, -4.07],
						"2.9792": [32.7, -17.9375, -4.07],
						"3.0417": [36.1975, -17.94, -4.07],
						"3.25": [33.45, -17.94, -4.07],
						"3.375": [33.45, -23.0025, -4.07],
						"3.75": {
							"pre": [25.88, -19.37, 1.19],
							"post": [25.88, -19.37, 1.19],
							"lerp_mode": "catmullrom"
						},
						"3.8333": {
							"post": [19.725, -15.0575, 0.22],
							"lerp_mode": "catmullrom"
						},
						"3.9375": {
							"post": [14.7875, -15.12, 0.22],
							"lerp_mode": "catmullrom"
						},
						"4.0208": {
							"post": [13.9375, -16, -1],
							"lerp_mode": "catmullrom"
						},
						"4.1458": {
							"post": [14, -16, -1],
							"lerp_mode": "catmullrom"
						}
					},
					"scale": [1, 1.5, 1]
				},
				"rightHand": {
					"rotation": {
						"0.0": {
							"post": [97.0687, 15.79445, -131.42947],
							"lerp_mode": "catmullrom"
						},
						"0.0833": {
							"post": [78.49755, 8.1789, -133.45582],
							"lerp_mode": "catmullrom"
						},
						"0.2083": {
							"post": [62.44852, 6.34992, -151.56616],
							"lerp_mode": "catmullrom"
						},
						"0.3125": {
							"post": [62.44852, 6.34992, -151.56616],
							"lerp_mode": "catmullrom"
						},
						"0.375": {
							"post": [118.42991, 1.12359, -180.86516],
							"lerp_mode": "catmullrom"
						},
						"0.5208": {
							"post": [126.38044, 5.56498, -194.88759],
							"lerp_mode": "catmullrom"
						},
						"0.6042": {
							"post": [123.47334, -16.13093, -164.5976],
							"lerp_mode": "catmullrom"
						},
						"0.6875": {
							"post": [106.6299, -13.68848, -195.56827],
							"lerp_mode": "catmullrom"
						},
						"0.7917": {
							"post": [121.22043, -4.63259, -208.15918],
							"lerp_mode": "catmullrom"
						},
						"0.9167": {
							"post": [123.37405, -4.85969, -209.51082],
							"lerp_mode": "catmullrom"
						},
						"1.0833": {
							"post": [128.79086, -1.90834, -214.80935],
							"lerp_mode": "catmullrom"
						},
						"1.25": {
							"post": [148.58961, 47.06665, -215.73154],
							"lerp_mode": "catmullrom"
						},
						"1.3958": {
							"post": [144.83023, 48.17523, -216.76753],
							"lerp_mode": "catmullrom"
						},
						"1.5833": {
							"post": [143.82, 48.5575, -216.86],
							"lerp_mode": "catmullrom"
						},
						"1.75": {
							"post": [144.83, 47.8, -216.77],
							"lerp_mode": "catmullrom"
						},
						"1.875": {
							"post": [144.18042, 48.61419, -217.64124],
							"lerp_mode": "catmullrom"
						},
						"2.0625": {
							"post": [111.41171, 55.15686, -248.6536],
							"lerp_mode": "catmullrom"
						},
						"2.3542": {
							"post": [115.50604, 58.0636, -242.47236],
							"lerp_mode": "catmullrom"
						},
						"2.5833": {
							"post": [116.93305, 57.62175, -240.78681],
							"lerp_mode": "catmullrom"
						},
						"2.7292": {
							"post": [116.97565, 59.85767, -240.7574],
							"lerp_mode": "catmullrom"
						},
						"2.9167": {
							"post": [116.98, 59.86, -240.76],
							"lerp_mode": "catmullrom"
						},
						"2.9792": {
							"post": [110.61357, 63.35357, -253.73175],
							"lerp_mode": "catmullrom"
						},
						"3.1042": {
							"post": [98.50098, 64.99134, -269.3955],
							"lerp_mode": "catmullrom"
						},
						"3.3125": {
							"post": [99.75846, 64.47182, -262.47587],
							"lerp_mode": "catmullrom"
						},
						"3.4792": {
							"post": [103.61295, 38.09575, -139.90369],
							"lerp_mode": "catmullrom"
						},
						"3.5625": {
							"post": [80.08243, 35.47385, -223.21356],
							"lerp_mode": "catmullrom"
						},
						"3.6458": {
							"post": [86.88105, 28.62993, -129.35061],
							"lerp_mode": "catmullrom"
						},
						"3.75": {
							"post": [97.24526, 11.3168, -60.14291],
							"lerp_mode": "catmullrom"
						},
						"3.8542": {
							"post": [89.71337, 5.14837, -142.57961],
							"lerp_mode": "catmullrom"
						},
						"3.9375": {
							"post": [95.8493, 16.77527, -142.84677],
							"lerp_mode": "catmullrom"
						},
						"4.0625": {
							"post": [97.74796, 12.89738, -132.83145],
							"lerp_mode": "catmullrom"
						},
						"4.1667": {
							"post": [97.07, 15.79, -131.43],
							"lerp_mode": "catmullrom"
						},
						"4.2292": {
							"post": [97.07, 15.79, -131.43],
							"lerp_mode": "catmullrom"
						}
					},
					"position": {
						"0.0": {
							"post": [-15.5375, -18.3, -8.9],
							"lerp_mode": "catmullrom"
						},
						"0.0833": {
							"post": [-12.8525, -18.6375, -7.35],
							"lerp_mode": "catmullrom"
						},
						"0.2083": {
							"post": [-15.54, -28.67, -5.03],
							"lerp_mode": "catmullrom"
						},
						"0.3125": {
							"post": [-15.54, -28.67, -5.03],
							"lerp_mode": "catmullrom"
						},
						"0.375": {
							"post": [-15.54, -17.9825, -5.03],
							"lerp_mode": "catmullrom"
						},
						"0.5208": {
							"post": [-15.54, -15.73, -5.405],
							"lerp_mode": "catmullrom"
						},
						"0.6042": {
							"post": [-16.04, -12.23, -6.275],
							"lerp_mode": "catmullrom"
						},
						"0.6875": {
							"post": [-16.04, -16.9175, -6.27],
							"lerp_mode": "catmullrom"
						},
						"0.7917": {
							"post": [-15.3525, -19.3575, -6.27],
							"lerp_mode": "catmullrom"
						},
						"0.9167": {
							"post": [-14.915, -19.295, -6.27],
							"lerp_mode": "catmullrom"
						},
						"1.0833": {
							"post": [-13.3525, -18.7375, -6.395],
							"lerp_mode": "catmullrom"
						},
						"1.25": {
							"post": [-13.54, -11.6725, -4.7025],
							"lerp_mode": "catmullrom"
						},
						"1.3958": {
							"post": [-12.98, -10.5425, -3.51],
							"lerp_mode": "catmullrom"
						},
						"1.5625": {
							"post": [-12.6675, -10.47, -3.43],
							"lerp_mode": "catmullrom"
						},
						"1.75": {
							"post": [-12.98, -10.54, -3.51],
							"lerp_mode": "catmullrom"
						},
						"1.875": {
							"post": [-12.98, -10.9775, -3.51],
							"lerp_mode": "catmullrom"
						},
						"2.0625": {
							"post": [-11.355, -13.23, -3.135],
							"lerp_mode": "catmullrom"
						},
						"2.3542": {
							"post": [-10.725, -12.7925, -3.13],
							"lerp_mode": "catmullrom"
						},
						"2.5833": {
							"post": [-10.72, -12.665, -3.13],
							"lerp_mode": "catmullrom"
						},
						"2.7292": {
							"post": [-10.72, -12.5975, -3.13],
							"lerp_mode": "catmullrom"
						},
						"2.9167": {
							"post": [-10.72, -12.6, -3.13],
							"lerp_mode": "catmullrom"
						},
						"2.9792": {
							"post": [-11.845, -12.6, -3.005],
							"lerp_mode": "catmullrom"
						},
						"3.1042": {
							"post": [-12.72, -12.6, -3],
							"lerp_mode": "catmullrom"
						},
						"3.3125": {
							"post": [-11.09, -12.6, -3],
							"lerp_mode": "catmullrom"
						},
						"3.4792": {
							"post": [-11.6, -23.9, -4.65],
							"lerp_mode": "catmullrom"
						},
						"3.5625": {
							"post": [-11.92, -22.575, -5.54],
							"lerp_mode": "catmullrom"
						},
						"3.75": {
							"post": [-12.85, -20.3625, -7.4],
							"lerp_mode": "catmullrom"
						},
						"3.8542": {
							"post": [-15.81, -16.355, -8.17],
							"lerp_mode": "catmullrom"
						},
						"3.9375": {
							"post": [-17.0375, -17.05, -8.9],
							"lerp_mode": "catmullrom"
						},
						"4.0625": {
							"post": [-15.54, -18.3, -8.9],
							"lerp_mode": "catmullrom"
						},
						"4.1667": {
							"post": [-15.54, -18.3, -8.9],
							"lerp_mode": "catmullrom"
						},
						"4.2292": {
							"post": [-15.54, -18.3, -8.9],
							"lerp_mode": "catmullrom"
						}
					},
					"scale": [1, 1.5, 1]
				},
				"righthand_pos": {
					"rotation": {
						"0.0": [0, 0, 0],
						"1.2292": [0, 0, 0],
						"1.2917": [0, 3, 0],
						"1.9167": [0, 3, 0],
						"2.0": [0, 0, 0]
					},
					"position": {
						"0.0": [0, 0, 0],
						"1.2292": [0, 0, 0],
						"1.2917": [0.75, 0, 0],
						"1.9167": [0.75, 0, 0],
						"2.0": [0, 0, 0]
					}
				},
				"m1905": {
					"rotation": {
						"0.0": [0, 0, 0],
						"0.125": [80.0193, -2.30959, -0.95723],
						"0.2292": [84.0193, -2.30959, -0.95723],
						"0.375": [114.17484, -5.14527, -4.42214],
						"0.4375": [-2.21477, 34.83205, -5.85132],
						"0.5417": [-83.27955, 49.75189, -3.73665],
						"0.625": [-191.34257, -4.12494, -118.42784],
						"0.6875": [-186.49811, 0.42522, -144.22402],
						"0.8333": [-186.43684, -0.98831, -156.6443],
						"1.0417": [-186.44, -0.99, -156.64],
						"1.3125": [-183.34792, -2.87752, -174.04869],
						"3.4375": [-183.35, -2.88, -174.05],
						"3.5833": [0, 0, 0]
					},
					"position": {
						"0.0": [0, 0, 0],
						"0.2292": [0, 0, 0],
						"0.375": [-0.125, 0, -1.0625],
						"0.4375": [-0.12, 16.4325, -16.58],
						"0.4792": [-4.775, 15.5, -17.82],
						"0.5417": [-3.1825, 14.56, -19.0625],
						"0.625": [1.4425, 2.185, -3.185],
						"0.6875": [-0.3725, 0.6275, -0.8675],
						"3.4375": [-0.37, 0.63, -0.87],
						"3.5833": [0, 0, 0]
					}
				},
				"camera": {
					"rotation": {
						"0.0": {
							"post": [0, 0, 0],
							"lerp_mode": "catmullrom"
						},
						"0.125": {
							"post": [0.125, 0, 0.25],
							"lerp_mode": "catmullrom"
						},
						"0.2708": {
							"post": [0.1925, 0, 0.1875],
							"lerp_mode": "catmullrom"
						},
						"0.3542": {
							"post": [-0.1225, 0, 0],
							"lerp_mode": "catmullrom"
						},
						"0.4167": {
							"post": [-1.995, 0, -0.1875],
							"lerp_mode": "catmullrom"
						},
						"0.5": {
							"post": [-2.8025, 0.0625, -0.375],
							"lerp_mode": "catmullrom"
						},
						"0.5833": {
							"post": [-1.925, 0.1875, 0.375],
							"lerp_mode": "catmullrom"
						},
						"0.6458": {
							"post": [0.705, 0.5, 1.0625],
							"lerp_mode": "catmullrom"
						},
						"0.7292": {
							"post": [2.34, 0.75, 1.25],
							"lerp_mode": "catmullrom"
						},
						"0.8125": {
							"post": [2.7, 0.76, -0.4225],
							"lerp_mode": "catmullrom"
						},
						"0.8958": {
							"post": [2.59, 0.625, 0],
							"lerp_mode": "catmullrom"
						},
						"1.0208": {
							"post": [1.77, 0.28, 0.28],
							"lerp_mode": "catmullrom"
						},
						"1.1875": {
							"post": [0.465, -0.25, -0.375],
							"lerp_mode": "catmullrom"
						},
						"1.3333": {
							"post": [-0.655, -0.6875, -0.5],
							"lerp_mode": "catmullrom"
						},
						"1.5208": {
							"post": [-0.775, -0.6875, -0.1875],
							"lerp_mode": "catmullrom"
						},
						"1.7917": {
							"post": [-0.78, 0, 0],
							"lerp_mode": "catmullrom"
						},
						"1.9583": {
							"post": [-0.395, 0.125, 0],
							"lerp_mode": "catmullrom"
						},
						"2.0833": {
							"post": [0.11, 0, 0.25],
							"lerp_mode": "catmullrom"
						},
						"2.1458": {
							"post": [0.13, -0.25, 0.3125],
							"lerp_mode": "catmullrom"
						},
						"2.4792": {
							"post": [0.13, -1.45, -0.375],
							"lerp_mode": "catmullrom"
						},
						"2.6458": {
							"post": [0.13, -2, -0.4375],
							"lerp_mode": "catmullrom"
						},
						"2.8958": {
							"post": [0.12, -2.13, -0.41],
							"lerp_mode": "catmullrom"
						},
						"2.9375": {
							"post": [0.12, -2.15, 0.715],
							"lerp_mode": "catmullrom"
						},
						"2.9792": {
							"post": [0.11, -2.12, -1.12],
							"lerp_mode": "catmullrom"
						},
						"3.0208": {
							"post": [0.09, -2.12, -0.2475],
							"lerp_mode": "catmullrom"
						},
						"3.0833": {
							"post": [0.04, -1.86, 0.3125],
							"lerp_mode": "catmullrom"
						},
						"3.25": {
							"post": [-0.015, 0.25, -0.125],
							"lerp_mode": "catmullrom"
						},
						"3.3333": {
							"post": [0.2, 0.57, -0.12],
							"lerp_mode": "catmullrom"
						},
						"3.4167": {
							"post": [0.4275, 0.625, -0.4375],
							"lerp_mode": "catmullrom"
						},
						"3.5": {
							"post": [0.54, 0.66, 0.3225],
							"lerp_mode": "catmullrom"
						},
						"3.6042": {
							"post": [0.6175, 0.5625, -0.75],
							"lerp_mode": "catmullrom"
						},
						"3.6875": {
							"post": [0.69, 0.25, 1.085],
							"lerp_mode": "catmullrom"
						},
						"3.7917": {
							"post": [0.6825, -0.125, 1.375],
							"lerp_mode": "catmullrom"
						},
						"3.9375": {
							"post": [-0.07, 0, -0.25],
							"lerp_mode": "catmullrom"
						},
						"4.0625": {
							"post": [-0.0075, 0, 0],
							"lerp_mode": "catmullrom"
						},
						"4.25": {
							"post": [0, 0, 0],
							"lerp_mode": "catmullrom"
						}
					}
				}
			}
		},
		"inspect_empty": {
			"animation_length": 4.25,
			"bones": {
				"root": {
					"relative_to": {
						"rotation": "entity"
					},
					"rotation": {
						"0.0": [10, 0, 0],
						"0.2083": [0, 0, 0.01],
						"2.9167": [0, 0, 0.01],
						"3.0": [1.99913, -1.06918, 1.9639],
						"3.1042": [10, 0, 0],
						"4.25": [10, 0, 0]
					},
					"position": {
						"0.0": [0, -1.8125, 0],
						"0.2083": [0, 0, 0],
						"2.9167": [0, 0, 0],
						"3.0": [0, 0, 0],
						"3.1042": [0, -1.8125, 0],
						"4.25": [0, -1.81, 0]
					}
				},
				"leftHand": {
					"rotation": {
						"0.0": [72.5, 17.5, 0],
						"1.9167": [72.5, 17.5, 0],
						"2.0417": [62.15289, 33.31806, 4.40281],
						"2.1458": [62.15, 33.32, 4.4],
						"2.3958": [43.03, 25.8, 10.11],
						"2.6875": [20.08328, 16.78597, 16.97073],
						"2.7708": [18.73183, 17.03737, 19.2599],
						"2.8958": [18.73, 17.04, 19.26],
						"2.9792": [18.08017, 18.20542, 36.55557],
						"3.25": [18.08, 18.21, 36.56],
						"3.75": {
							"pre": [76.55, 23.16, 25.62],
							"post": [76.55, 23.16, 25.62],
							"lerp_mode": "catmullrom"
						},
						"3.8333": {
							"post": [72.5, 17.5, 0],
							"lerp_mode": "catmullrom"
						},
						"3.9375": {
							"post": [72.5, 17.5, 0],
							"lerp_mode": "catmullrom"
						},
						"4.0208": {
							"post": [75.31244, 16.52554, -4.05716],
							"lerp_mode": "catmullrom"
						},
						"4.1458": {
							"post": [72.5, 17.5, 0],
							"lerp_mode": "catmullrom"
						}
					},
					"position": {
						"0.0": [14, -16, -1],
						"0.1042": [14, -20.6875, 2.375],
						"1.9167": [14, -20.69, 2.38],
						"2.0417": [9.375, -15.4375, -2.6875],
						"2.1458": [9.38, -15.44, -2.69],
						"2.2708": [10.2925, -15.68, -3],
						"2.3958": [14.58, -15.92, -3.31],
						"2.6875": [20.8175, -16.5025, -4.065],
						"2.7708": [20.945, -16.5, -4.07],
						"2.8958": [20.95, -16.5, -4.07],
						"2.9792": [32.7, -17.9375, -4.07],
						"3.0417": [36.1975, -17.94, -4.07],
						"3.25": [33.45, -17.94, -4.07],
						"3.375": [33.45, -23.0025, -4.07],
						"3.75": {
							"pre": [25.88, -19.37, 1.19],
							"post": [25.88, -19.37, 1.19],
							"lerp_mode": "catmullrom"
						},
						"3.8333": {
							"post": [19.725, -15.0575, 0.22],
							"lerp_mode": "catmullrom"
						},
						"3.9375": {
							"post": [14.7875, -15.12, 0.22],
							"lerp_mode": "catmullrom"
						},
						"4.0208": {
							"post": [13.9375, -16, -1],
							"lerp_mode": "catmullrom"
						},
						"4.1458": {
							"post": [14, -16, -1],
							"lerp_mode": "catmullrom"
						}
					},
					"scale": [1, 1.5, 1]
				},
				"rightHand": {
					"rotation": {
						"0.0": {
							"post": [97.0687, 15.79445, -131.42947],
							"lerp_mode": "catmullrom"
						},
						"0.0833": {
							"post": [78.49755, 8.1789, -133.45582],
							"lerp_mode": "catmullrom"
						},
						"0.2083": {
							"post": [62.44852, 6.34992, -151.56616],
							"lerp_mode": "catmullrom"
						},
						"0.3125": {
							"post": [62.44852, 6.34992, -151.56616],
							"lerp_mode": "catmullrom"
						},
						"0.375": {
							"post": [118.42991, 1.12359, -180.86516],
							"lerp_mode": "catmullrom"
						},
						"0.5208": {
							"post": [126.38044, 5.56498, -194.88759],
							"lerp_mode": "catmullrom"
						},
						"0.6042": {
							"post": [123.47334, -16.13093, -164.5976],
							"lerp_mode": "catmullrom"
						},
						"0.6875": {
							"post": [106.6299, -13.68848, -195.56827],
							"lerp_mode": "catmullrom"
						},
						"0.7917": {
							"post": [121.22043, -4.63259, -208.15918],
							"lerp_mode": "catmullrom"
						},
						"0.9167": {
							"post": [123.37405, -4.85969, -209.51082],
							"lerp_mode": "catmullrom"
						},
						"1.0833": {
							"post": [128.79086, -1.90834, -214.80935],
							"lerp_mode": "catmullrom"
						},
						"1.25": {
							"post": [148.58961, 47.06665, -215.73154],
							"lerp_mode": "catmullrom"
						},
						"1.3958": {
							"post": [144.83023, 48.17523, -216.76753],
							"lerp_mode": "catmullrom"
						},
						"1.5833": {
							"post": [143.82, 48.5575, -216.86],
							"lerp_mode": "catmullrom"
						},
						"1.75": {
							"post": [144.83, 47.8, -216.77],
							"lerp_mode": "catmullrom"
						},
						"1.875": {
							"post": [144.18042, 48.61419, -217.64124],
							"lerp_mode": "catmullrom"
						},
						"2.0625": {
							"post": [111.41171, 55.15686, -248.6536],
							"lerp_mode": "catmullrom"
						},
						"2.3542": {
							"post": [115.50604, 58.0636, -242.47236],
							"lerp_mode": "catmullrom"
						},
						"2.5833": {
							"post": [116.93305, 57.62175, -240.78681],
							"lerp_mode": "catmullrom"
						},
						"2.7292": {
							"post": [116.97565, 59.85767, -240.7574],
							"lerp_mode": "catmullrom"
						},
						"2.9167": {
							"post": [116.98, 59.86, -240.76],
							"lerp_mode": "catmullrom"
						},
						"2.9792": {
							"post": [110.61357, 63.35357, -253.73175],
							"lerp_mode": "catmullrom"
						},
						"3.1042": {
							"post": [98.50098, 64.99134, -269.3955],
							"lerp_mode": "catmullrom"
						},
						"3.3125": {
							"post": [99.75846, 64.47182, -262.47587],
							"lerp_mode": "catmullrom"
						},
						"3.4792": {
							"post": [103.61295, 38.09575, -139.90369],
							"lerp_mode": "catmullrom"
						},
						"3.5625": {
							"post": [80.08243, 35.47385, -223.21356],
							"lerp_mode": "catmullrom"
						},
						"3.6458": {
							"post": [86.88105, 28.62993, -129.35061],
							"lerp_mode": "catmullrom"
						},
						"3.75": {
							"post": [97.24526, 11.3168, -60.14291],
							"lerp_mode": "catmullrom"
						},
						"3.8542": {
							"post": [89.71337, 5.14837, -142.57961],
							"lerp_mode": "catmullrom"
						},
						"3.9375": {
							"post": [95.8493, 16.77527, -142.84677],
							"lerp_mode": "catmullrom"
						},
						"4.0625": {
							"post": [97.74796, 12.89738, -132.83145],
							"lerp_mode": "catmullrom"
						},
						"4.1667": {
							"post": [97.07, 15.79, -131.43],
							"lerp_mode": "catmullrom"
						},
						"4.2292": {
							"post": [97.07, 15.79, -131.43],
							"lerp_mode": "catmullrom"
						}
					},
					"position": {
						"0.0": {
							"post": [-15.5375, -18.3, -8.9],
							"lerp_mode": "catmullrom"
						},
						"0.0833": {
							"post": [-12.8525, -18.6375, -7.35],
							"lerp_mode": "catmullrom"
						},
						"0.2083": {
							"post": [-15.54, -28.67, -5.03],
							"lerp_mode": "catmullrom"
						},
						"0.3125": {
							"post": [-15.54, -28.67, -5.03],
							"lerp_mode": "catmullrom"
						},
						"0.375": {
							"post": [-15.54, -17.9825, -5.03],
							"lerp_mode": "catmullrom"
						},
						"0.5208": {
							"post": [-15.54, -15.73, -5.405],
							"lerp_mode": "catmullrom"
						},
						"0.6042": {
							"post": [-16.04, -12.23, -6.275],
							"lerp_mode": "catmullrom"
						},
						"0.6875": {
							"post": [-16.04, -16.9175, -6.27],
							"lerp_mode": "catmullrom"
						},
						"0.7917": {
							"post": [-15.3525, -19.3575, -6.27],
							"lerp_mode": "catmullrom"
						},
						"0.9167": {
							"post": [-14.915, -19.295, -6.27],
							"lerp_mode": "catmullrom"
						},
						"1.0833": {
							"post": [-13.3525, -18.7375, -6.395],
							"lerp_mode": "catmullrom"
						},
						"1.25": {
							"post": [-13.54, -11.6725, -4.7025],
							"lerp_mode": "catmullrom"
						},
						"1.3958": {
							"post": [-12.98, -10.5425, -3.51],
							"lerp_mode": "catmullrom"
						},
						"1.5625": {
							"post": [-12.6675, -10.47, -3.43],
							"lerp_mode": "catmullrom"
						},
						"1.75": {
							"post": [-12.98, -10.54, -3.51],
							"lerp_mode": "catmullrom"
						},
						"1.875": {
							"post": [-12.98, -10.9775, -3.51],
							"lerp_mode": "catmullrom"
						},
						"2.0625": {
							"post": [-11.355, -13.23, -3.135],
							"lerp_mode": "catmullrom"
						},
						"2.3542": {
							"post": [-10.725, -12.7925, -3.13],
							"lerp_mode": "catmullrom"
						},
						"2.5833": {
							"post": [-10.72, -12.665, -3.13],
							"lerp_mode": "catmullrom"
						},
						"2.7292": {
							"post": [-10.72, -12.5975, -3.13],
							"lerp_mode": "catmullrom"
						},
						"2.9167": {
							"post": [-10.72, -12.6, -3.13],
							"lerp_mode": "catmullrom"
						},
						"2.9792": {
							"post": [-11.845, -12.6, -3.005],
							"lerp_mode": "catmullrom"
						},
						"3.1042": {
							"post": [-12.72, -12.6, -3],
							"lerp_mode": "catmullrom"
						},
						"3.3125": {
							"post": [-11.09, -12.6, -3],
							"lerp_mode": "catmullrom"
						},
						"3.4792": {
							"post": [-11.6, -23.9, -4.65],
							"lerp_mode": "catmullrom"
						},
						"3.5625": {
							"post": [-11.92, -22.575, -5.54],
							"lerp_mode": "catmullrom"
						},
						"3.75": {
							"post": [-12.85, -20.3625, -7.4],
							"lerp_mode": "catmullrom"
						},
						"3.8542": {
							"post": [-15.81, -16.355, -8.17],
							"lerp_mode": "catmullrom"
						},
						"3.9375": {
							"post": [-17.0375, -17.05, -8.9],
							"lerp_mode": "catmullrom"
						},
						"4.0625": {
							"post": [-15.54, -18.3, -8.9],
							"lerp_mode": "catmullrom"
						},
						"4.1667": {
							"post": [-15.54, -18.3, -8.9],
							"lerp_mode": "catmullrom"
						},
						"4.2292": {
							"post": [-15.54, -18.3, -8.9],
							"lerp_mode": "catmullrom"
						}
					},
					"scale": [1, 1.5, 1]
				},
				"righthand_pos": {
					"rotation": {
						"0.0": [0, 0, 0],
						"1.2292": [0, 0, 0],
						"1.2917": [0, 3, 0],
						"1.9167": [0, 3, 0],
						"2.0": [0, 0, 0]
					},
					"position": {
						"0.0": [0, 0, 0],
						"1.2292": [0, 0, 0],
						"1.2917": [0.75, 0, 0],
						"1.9167": [0.75, 0, 0],
						"2.0": [0, 0, 0]
					}
				},
				"m1905": {
					"rotation": {
						"0.0": [0, 0, 0],
						"0.125": [80.0193, -2.30959, -0.95723],
						"0.2292": [84.0193, -2.30959, -0.95723],
						"0.375": [114.17484, -5.14527, -4.42214],
						"0.4375": [-2.21477, 34.83205, -5.85132],
						"0.5417": [-83.27955, 49.75189, -3.73665],
						"0.625": [-191.34257, -4.12494, -118.42784],
						"0.6875": [-186.49811, 0.42522, -144.22402],
						"0.8333": [-186.43684, -0.98831, -156.6443],
						"1.0417": [-186.44, -0.99, -156.64],
						"1.3125": [-183.34792, -2.87752, -174.04869],
						"3.4375": [-183.35, -2.88, -174.05],
						"3.5833": [0, 0, 0]
					},
					"position": {
						"0.0": [0, 0, 0],
						"0.2292": [0, 0, 0],
						"0.375": [-0.125, 0, -1.0625],
						"0.4375": [-0.12, 16.4325, -16.58],
						"0.4792": [-4.775, 15.5, -17.82],
						"0.5417": [-3.1825, 14.56, -19.0625],
						"0.625": [1.4425, 2.185, -3.185],
						"0.6875": [-0.3725, 0.6275, -0.8675],
						"3.4375": [-0.37, 0.63, -0.87],
						"3.5833": [0, 0, 0]
					}
				},
				"camera": {
					"rotation": {
						"0.0": {
							"post": [0, 0, 0],
							"lerp_mode": "catmullrom"
						},
						"0.125": {
							"post": [0.125, 0, 0.25],
							"lerp_mode": "catmullrom"
						},
						"0.2708": {
							"post": [0.1925, 0, 0.1875],
							"lerp_mode": "catmullrom"
						},
						"0.3542": {
							"post": [-0.1225, 0, 0],
							"lerp_mode": "catmullrom"
						},
						"0.4167": {
							"post": [-1.995, 0, -0.1875],
							"lerp_mode": "catmullrom"
						},
						"0.5": {
							"post": [-2.8025, 0.0625, -0.375],
							"lerp_mode": "catmullrom"
						},
						"0.5833": {
							"post": [-1.925, 0.1875, 0.375],
							"lerp_mode": "catmullrom"
						},
						"0.6458": {
							"post": [0.705, 0.5, 1.0625],
							"lerp_mode": "catmullrom"
						},
						"0.7292": {
							"post": [2.34, 0.75, 1.25],
							"lerp_mode": "catmullrom"
						},
						"0.8125": {
							"post": [2.7, 0.76, -0.4225],
							"lerp_mode": "catmullrom"
						},
						"0.8958": {
							"post": [2.59, 0.625, 0],
							"lerp_mode": "catmullrom"
						},
						"1.0208": {
							"post": [1.77, 0.28, 0.28],
							"lerp_mode": "catmullrom"
						},
						"1.1875": {
							"post": [0.465, -0.25, -0.375],
							"lerp_mode": "catmullrom"
						},
						"1.3333": {
							"post": [-0.655, -0.6875, -0.5],
							"lerp_mode": "catmullrom"
						},
						"1.5208": {
							"post": [-0.775, -0.6875, -0.1875],
							"lerp_mode": "catmullrom"
						},
						"1.7917": {
							"post": [-0.78, 0, 0],
							"lerp_mode": "catmullrom"
						},
						"1.9583": {
							"post": [-0.395, 0.125, 0],
							"lerp_mode": "catmullrom"
						},
						"2.0833": {
							"post": [0.11, 0, 0.25],
							"lerp_mode": "catmullrom"
						},
						"2.1458": {
							"post": [0.13, -0.25, 0.3125],
							"lerp_mode": "catmullrom"
						},
						"2.4792": {
							"post": [0.13, -1.45, -0.375],
							"lerp_mode": "catmullrom"
						},
						"2.6458": {
							"post": [0.13, -2, -0.4375],
							"lerp_mode": "catmullrom"
						},
						"2.8958": {
							"post": [0.12, -2.13, -0.41],
							"lerp_mode": "catmullrom"
						},
						"2.9375": {
							"post": [0.12, -2.15, 0.715],
							"lerp_mode": "catmullrom"
						},
						"2.9792": {
							"post": [0.11, -2.12, -1.12],
							"lerp_mode": "catmullrom"
						},
						"3.0208": {
							"post": [0.09, -2.12, -0.2475],
							"lerp_mode": "catmullrom"
						},
						"3.0833": {
							"post": [0.04, -1.86, 0.3125],
							"lerp_mode": "catmullrom"
						},
						"3.25": {
							"post": [-0.015, 0.25, -0.125],
							"lerp_mode": "catmullrom"
						},
						"3.3333": {
							"post": [0.2, 0.57, -0.12],
							"lerp_mode": "catmullrom"
						},
						"3.4167": {
							"post": [0.4275, 0.625, -0.4375],
							"lerp_mode": "catmullrom"
						},
						"3.5": {
							"post": [0.54, 0.66, 0.3225],
							"lerp_mode": "catmullrom"
						},
						"3.6042": {
							"post": [0.6175, 0.5625, -0.75],
							"lerp_mode": "catmullrom"
						},
						"3.6875": {
							"post": [0.69, 0.25, 1.085],
							"lerp_mode": "catmullrom"
						},
						"3.7917": {
							"post": [0.6825, -0.125, 1.375],
							"lerp_mode": "catmullrom"
						},
						"3.9375": {
							"post": [-0.07, 0, -0.25],
							"lerp_mode": "catmullrom"
						},
						"4.0625": {
							"post": [-0.0075, 0, 0],
							"lerp_mode": "catmullrom"
						},
						"4.25": {
							"post": [0, 0, 0],
							"lerp_mode": "catmullrom"
						}
					}
				}
			}
		}
	}
}