{
	"format_version": "1.8.0",
	"animations": {
		"static_idle": {
			"loop": true,
			"bones": {
				"lefthand": {
					"rotation": [53.4179, -382.72009, -112.55617],
					"position": [7, -20.5, -3],
					"scale": [1, 1.5, 1]
				},
				"righthand": {
					"rotation": [106.64867, -339.29519, -170.99283],
					"position": [-9.5, -9.75, 13.5]
				},
				"bullet_chain2": {
					"scale": 0
				}
			}
		},
		"static_bolt_caught": {
			"loop": true,
			"override_previous_animation": true,
			"bones": {
				"bullet_chain": {
					"scale": 0
				},
				"bullet_chain2": {
					"scale": 0
				}
			}
		},
		"reload_tactical": {
			"loop": "hold_on_last_frame",
			"animation_length": 10.8333,
			"bones": {
				"lefthand": {
					"rotation": {
						"0.0": [53.4179, -382.72009, -112.55617],
						"1.2": [53.4179, -382.72009, -112.55617],
						"1.6": [149.94386, -381.10504, -239.88007],
						"1.7": [149.94386, -381.10504, -239.88007],
						"2.0667": [136.86492, -352.10752, -238.01548],
						"2.1": [136.86492, -352.10752, -238.01548],
						"2.5333": [147.49321, -360.30283, -292.69685],
						"2.6": [147.49321, -360.30283, -292.69685],
						"2.7": [152.49321, -360.30283, -292.69685],
						"3.1333": [137.57883, -347.96148, -267.9405],
						"3.1667": [137.57883, -347.96148, -267.9405],
						"3.6": [82.57883, -347.96148, -267.9405],
						"7.5667": [82.57883, -347.96148, -267.9405],
						"7.9667": [136.32468, -363.42711, -284.38016],
						"8.0333": [136.32468, -363.42711, -284.38016],
						"8.1333": [140.71288, -348.27824, -268.68874],
						"8.3333": [158.64995, -353.82805, -279.7694],
						"8.5": [152.49321, -360.30283, -292.69685],
						"8.5667": [147.49321, -360.30283, -292.69685],
						"8.6667": [147.49321, -360.30283, -292.69685],
						"8.7667": [120.78496, -397.97089, -184.76203],
						"8.8333": [120.78496, -397.97089, -184.76203],
						"8.9333": [139.09775, -376.46137, -222.86362],
						"9.0667": [149.94386, -381.10504, -239.88007],
						"9.1": [148.19891, -387.54177, -235.65186],
						"9.5667": [53.4179, -382.72009, -112.55617]
					},
					"position": {
						"0.0": [7, -20.5, -3],
						"1.2": [7, -20.5, -3],
						"1.4333": [16.53, -11.43, -3],
						"1.6": [7, -8.5, -3],
						"1.7": [7, -8.5, -3],
						"1.8667": [11.33, 0.67, -16.08],
						"2.0667": [11, 2.5, -17],
						"2.1": [11, 2.5, -17],
						"2.3": {
							"pre": [14.5, -1.5, -18.5],
							"post": [14.5, -1.5, -18.5],
							"lerp_mode": "catmullrom"
						},
						"2.5333": [6, -8.5, -15],
						"2.6": [6, -8.5, -15],
						"2.7": {
							"pre": [6.75, -9, -15],
							"post": [6.75, -9, -15],
							"lerp_mode": "catmullrom"
						},
						"2.9667": [10.46, -9.52, -16.3],
						"3.1333": [13.2, -12.5, -16.3],
						"3.1667": [13.2, -12.5, -16.3],
						"3.3667": {
							"pre": [21.35, -10, -15.65],
							"post": [21.35, -10, -15.65],
							"lerp_mode": "catmullrom"
						},
						"3.6": [29.5, -13.5, -15],
						"7.5667": [29.5, -13.5, -15],
						"7.7667": {
							"pre": [21.35, -10, -15.65],
							"post": [21.35, -10, -15.65],
							"lerp_mode": "catmullrom"
						},
						"7.9667": [13.2, -12.5, -16.3],
						"8.0333": [13.2, -12.5, -16.3],
						"8.1333": [12.29, -11.21, -16.3],
						"8.3333": [10.46, -9.52, -15.3],
						"8.5": {
							"pre": [6.75, -9, -15],
							"post": [6.75, -9, -15],
							"lerp_mode": "catmullrom"
						},
						"8.5667": [6, -8.5, -15],
						"8.6667": [6, -8.5, -15],
						"8.7667": [11, 5.5, -22],
						"8.8333": [11, 5.5, -22],
						"8.9333": [11.07118, -0.29593, -10.08],
						"9.0667": [7, -8.5, -3],
						"9.1": [8.22474, -7.79289, -3],
						"9.2333": [16.53, -11.43, -3],
						"9.5667": [7, -20.5, -3]
					},
					"scale": {
						"0.0": [1, 1.5, 1],
						"1.2": [1, 1.5, 1],
						"1.6": [1, 1.5, 1],
						"1.7": [1, 1.5, 1],
						"9.0667": [1, 1.5, 1],
						"9.1": [1, 1.5, 1],
						"9.5667": [1, 1.5, 1]
					}
				},
				"righthand": {
					"rotation": {
						"0.0": [106.64867, -339.29519, -170.99283],
						"0.2667": [106.64867, -339.29519, -170.99283],
						"0.7333": [53.46184, -337.48674, -244.36255],
						"3.6333": [53.46184, -337.48674, -244.36255],
						"3.7": {
							"pre": [81.61, -337.33, -189.43],
							"post": [81.61, -337.33, -189.43],
							"lerp_mode": "catmullrom"
						},
						"3.7667": [109.75712, -337.17064, -134.49964],
						"3.9": [109.75712, -337.17064, -134.49964],
						"4.1667": [84.50469, -339.7501, -135.42273],
						"4.4": [98.3018, -346.3751, -124.45288],
						"4.6667": [108.36876, -351.35769, -139.57664],
						"4.7333": [108.36876, -351.35769, -139.57664],
						"5.3667": [111.6009, -327.81074, -130.52241],
						"6.1667": [52.1526, -355.18287, -250.97588],
						"6.6667": [79.6526, -355.18287, -250.97588],
						"6.8": [85.38412, -356.83636, -275.98363],
						"6.9": [85.38412, -356.83636, -275.98363],
						"7.3": [65.38412, -356.83636, -275.98363],
						"7.9333": [53.46184, -337.48674, -244.36255],
						"9.7": [53.46184, -337.48674, -244.36255],
						"10.1333": [106.64867, -339.29519, -170.99283],
						"10.3333": [106.64867, -339.29519, -170.99283]
					},
					"position": {
						"0.0": [-9.5, -9.75, 13.5],
						"0.2667": [-9.5, -9.75, 13.5],
						"0.4667": [-16, -13.75, 5],
						"0.7333": [-10.5, -17.75, -3.5],
						"3.6333": [-10.5, -17.75, -3.5],
						"3.7": {
							"pre": [-13.5, -12.25, -3.5],
							"post": [-13.5, -12.25, -3.5],
							"lerp_mode": "catmullrom"
						},
						"3.7667": [-10.5, -6.75, -3.5],
						"3.9": [-10.5, -6.75, -3.5],
						"4.1667": [-3.95, -1.66, -5.5],
						"4.4": [9.14, -6.03, -5.5],
						"4.6667": [28.5, -22.75, -15.5],
						"4.7333": [30.5, -22.75, -11.5],
						"4.8": [30.5, -22.93, -9.91],
						"5.3667": [47.5, -23.75, -2.5],
						"6.1667": [53.5, -35.75, 2.5],
						"6.3667": {
							"pre": [39.28, -24.19, -4.61],
							"post": [39.28, -24.19, -4.61],
							"lerp_mode": "catmullrom"
						},
						"6.6667": [21.5, -18.75, -13.5],
						"6.8": [21.75, -19.5, -13.5],
						"6.9": [21.75, -19.5, -13.5],
						"7.3": [21.75, -19.5, -13.5],
						"7.4667": [11, -18.92, 5.83],
						"7.6333": [-4, -18.92, 12.83],
						"7.9333": [-10.5, -17.75, -3.5],
						"9.7": [-10.5, -17.75, -3.5],
						"9.9667": [-16, -13.75, 5],
						"10.1333": [-9.5, -9.75, 13.5],
						"10.3333": [-9.5, -9.75, 13.5]
					},
					"scale": {
						"0.2667": [1, 1, 1],
						"0.7333": [1, 1.5, 1],
						"3.6333": [1, 1.5, 1],
						"7.9333": [1, 1.5, 1],
						"9.7": [1, 1.5, 1],
						"10.1333": [1, 1, 1]
					}
				},
				"top_cover": {
					"rotation": {
						"1.7": [0, 0, 0],
						"1.9": [90, 0, 0],
						"8.8333": [90, 0, 0],
						"9.0667": [0, 0, 0]
					}
				},
				"mag_and_lefthand": {
					"rotation": {
						"3.7": [0, 0, 0],
						"4.1667": {
							"pre": [0, 0, 0],
							"post": [0, 0, 0],
							"lerp_mode": "catmullrom"
						},
						"4.2667": {
							"post": [0, 0, 17.5],
							"lerp_mode": "catmullrom"
						},
						"4.4333": {
							"post": [0, 0, -14.57],
							"lerp_mode": "catmullrom"
						},
						"4.5333": {
							"post": [0, 0, -14.57],
							"lerp_mode": "catmullrom"
						},
						"4.6": {
							"post": [0, 0, 15],
							"lerp_mode": "catmullrom"
						},
						"4.7": [0, -6.82, 26.4],
						"4.7667": [0, -13.64, 15],
						"5.3667": [0, -50, 15],
						"6.1667": [0, -50, 15],
						"6.8": [0, 0, 17.65],
						"6.9667": [0, 0, 0],
						"7.5": [0, 0, 0]
					},
					"position": {
						"3.7": [0, 0, 0],
						"4.1667": [12.55704, 3.36465, 0],
						"4.2667": {
							"pre": [16.14933, 4.10947, 0],
							"post": [16.14933, 4.10947, 0],
							"lerp_mode": "catmullrom"
						},
						"4.4333": {
							"post": [23.92962, -5.19062, 0],
							"lerp_mode": "catmullrom"
						},
						"4.5333": {
							"post": [23.92962, -8.29062, 0],
							"lerp_mode": "catmullrom"
						},
						"4.6": [27.07015, -11.63503, 0],
						"4.7": [28.41, -8.64, 2.18],
						"4.7667": [29.75, -11.64, 4.36],
						"4.8": [29.75, -11.64, 4.36],
						"5.3667": [48.27015, -11.63503, 16],
						"6.1667": [48.27015, -11.63503, 16],
						"6.3667": {
							"pre": [36.2, 0.23, 10.18],
							"post": [36.2, 0.23, 10.18],
							"lerp_mode": "catmullrom"
						},
						"6.6667": [15.08643, 5.60659, 0],
						"6.8": [15.08643, 4.60659, 0],
						"6.9667": [14.48889, 3.88229, 0],
						"7.3": [0, 0, 0]
					}
				},
				"sect5": {
					"rotation": {
						"2.6": [0, 0, 0],
						"3.0": [0, 0, -17.5],
						"8.2": [0, 0, -17.5],
						"8.5333": [0, 0, 0]
					},
					"scale": {
						"5.8": {
							"pre": [1, 1, 1],
							"post": [0, 0, 0]
						}
					}
				},
				"sect6": {
					"rotation": {
						"2.6": [0, 0, 0],
						"3.0": [0, 0, -47.5],
						"8.2": [0, 0, -47.5],
						"8.5333": [0, 0, 0]
					}
				},
				"bullet_chain": {
					"rotation": {
						"2.6": [0, 0, 0],
						"3.0": [0, 0, 0],
						"3.1333": [0, 0, 60],
						"3.2333": [0, 0, 67.5],
						"8.0333": [0, 0, 67.5],
						"8.1": [0, 0, 60],
						"8.2": [0, 0, 0],
						"8.5333": [0, 0, 0]
					},
					"position": {
						"2.6": [0, 0, 0],
						"3.1333": [8, 0, 0],
						"3.2333": [10.3755, -4.70613, 0],
						"8.0333": [10.3755, -4.70613, 0],
						"8.1": [8, 0, 0],
						"8.5333": [0, 0, 0]
					}
				},
				"constraint": {
					"rotation": {
						"0.0": [0.2, 0.2, 0.4],
						"10.3667": [0.2, 0.2, 0.4]
					},
					"position": {
						"0.0": [0.1, 0.1, 0.1],
						"10.3667": [0.1, 0.1, 0.1]
					}
				},
				"sect2": {
					"rotation": {
						"2.9": [0, 0, 0],
						"3.0": [0, 0, 27.5],
						"3.1333": [0, 0, 12.5],
						"8.1": [0, 0, 12.5],
						"8.2": [0, 0, 27.5],
						"8.2667": [0, 0, 0]
					}
				},
				"sect3": {
					"rotation": {
						"2.7667": [0, 0, 0],
						"2.9": [0, 0, 32.5],
						"3.2333": [0, 0, -90],
						"8.0333": [0, 0, -90],
						"8.2667": [0, 0, 32.5],
						"8.4333": [0, 0, 0]
					}
				},
				"sect4": {
					"rotation": {
						"2.6": [0, 0, 0],
						"2.7667": [0, 0, 27.5],
						"3.1333": [0, 0, 0],
						"8.1": [0, 0, 0],
						"8.4333": [0, 0, 27.5],
						"8.5333": [0, 0, 0]
					}
				},
				"cover": {
					"rotation": {
						"1.7": [0, 0, 0],
						"1.9": [90, 0, 0],
						"8.8333": [90, 0, 0],
						"9.0667": [0, 0, 0]
					}
				},
				"root": {
					"rotation": {
						"0.0": {
							"post": [0, 0, 0],
							"lerp_mode": "catmullrom"
						},
						"0.1": {
							"post": [-2.16, -0.15, 0],
							"lerp_mode": "catmullrom"
						},
						"0.2667": {
							"post": [-0.1, -0.09, 0],
							"lerp_mode": "catmullrom"
						},
						"0.5": {
							"post": [1, -0.7, 0],
							"lerp_mode": "catmullrom"
						},
						"1.1667": {
							"post": [-12.1, -3.8, 0],
							"lerp_mode": "catmullrom"
						},
						"1.2333": {
							"post": [-15.3, -3.8, -2.4],
							"lerp_mode": "catmullrom"
						},
						"1.3333": {
							"post": [-10.6, -3.8, 0.8],
							"lerp_mode": "catmullrom"
						},
						"1.3667": {
							"post": [-12.1, -3.8, 0],
							"lerp_mode": "catmullrom"
						},
						"1.7": {
							"post": [-12.1, -3.8, 0],
							"lerp_mode": "catmullrom"
						},
						"2.0333": {
							"post": [-1.8, -3.8, 0],
							"lerp_mode": "catmullrom"
						},
						"3.1333": {
							"post": [-12.1, -3.8, 0],
							"lerp_mode": "catmullrom"
						},
						"4.2333": {
							"post": [1.6, -3.8, 0],
							"lerp_mode": "catmullrom"
						},
						"6.2": {
							"post": [1.6, -3.8, 0],
							"lerp_mode": "catmullrom"
						},
						"7.9": {
							"post": [1.6, -3.56, 0],
							"lerp_mode": "catmullrom"
						},
						"8.1": {
							"post": [1.6, -3.8, 0],
							"lerp_mode": "catmullrom"
						},
						"8.4333": {
							"post": [1.6, -9.3, 0],
							"lerp_mode": "catmullrom"
						},
						"9.0667": {
							"post": [1.6, -9.3, 0],
							"lerp_mode": "catmullrom"
						},
						"9.1667": {
							"post": [-1, -9.3, -2],
							"lerp_mode": "catmullrom"
						},
						"9.3667": {
							"post": [2.85, -9.3, 0],
							"lerp_mode": "catmullrom"
						},
						"9.5667": {
							"post": [1.6, -9.3, 0],
							"lerp_mode": "catmullrom"
						},
						"9.9": {
							"post": [1.6, -9.3, 0],
							"lerp_mode": "catmullrom"
						},
						"10.1333": {
							"post": [10.88, -13.58, 0],
							"lerp_mode": "catmullrom"
						},
						"10.3333": {
							"post": [11.46, 3.93, 0],
							"lerp_mode": "catmullrom"
						},
						"10.5": {
							"post": [-2, -1.7, 0],
							"lerp_mode": "catmullrom"
						},
						"10.8333": {
							"post": [0, 0, 0],
							"lerp_mode": "catmullrom"
						}
					},
					"position": {
						"0.0": {
							"post": [0, 0, 0],
							"lerp_mode": "catmullrom"
						},
						"0.1": {
							"post": [0, -0.3, 0],
							"lerp_mode": "catmullrom"
						},
						"0.4": {
							"post": [-1.1, 0.7, 0],
							"lerp_mode": "catmullrom"
						},
						"1.2333": [-3.8, -15.1, 23.2],
						"1.3667": [-3.86, -15.2, 23.41],
						"1.7": [-3.86, -15.2, 23.41],
						"2.0333": [-3.86, -15.2, 23.41],
						"3.1333": [-3.86, -15.2, 23.41],
						"4.2333": [-13.16, -7.1, 21.41],
						"4.6333": [-23.49, 5.78, 21.66],
						"5.5667": [-23.49, 5.78, 21.66],
						"6.6": [-13.16, -7.1, 21.41],
						"7.4667": [-13.16, -7.1, 21.41],
						"7.9": {
							"pre": [-8.3, -11.38, 28.37],
							"post": [-8.3, -11.38, 28.37],
							"lerp_mode": "catmullrom"
						},
						"8.1": [-8.06, -10.9, 29.01],
						"8.4333": [-4.26, -10.9, 29.01],
						"9.5667": [-4.26, -10.9, 29.01],
						"9.9": {
							"pre": [-4.26, -8.7, 29.01],
							"post": [-4.26, -8.7, 29.01],
							"lerp_mode": "catmullrom"
						},
						"10.4": {
							"post": [0, 0, 6.4],
							"lerp_mode": "catmullrom"
						},
						"10.6667": {
							"post": [0, 0, 0],
							"lerp_mode": "catmullrom"
						}
					}
				},
				"camera": {
					"rotation": {
						"0.0": {
							"post": [0, 0, 0],
							"lerp_mode": "catmullrom"
						},
						"0.1333": {
							"post": [2.7, -1.8, -0.5],
							"lerp_mode": "catmullrom"
						},
						"0.4": {
							"post": [-2.6, 2.3, 0],
							"lerp_mode": "catmullrom"
						},
						"0.8": {
							"post": [13.1, 7.08, 0],
							"lerp_mode": "catmullrom"
						},
						"1.1667": {
							"post": [38.3, 22.7, 0],
							"lerp_mode": "catmullrom"
						},
						"1.2": {
							"post": [41.47, 23.72, 0],
							"lerp_mode": "catmullrom"
						},
						"1.3333": {
							"post": [36.28, 22.78, 0],
							"lerp_mode": "catmullrom"
						},
						"1.7333": {
							"post": [38.48, 22.78, 0],
							"lerp_mode": "catmullrom"
						},
						"2.0667": {
							"post": [28.68, 22.78, 0],
							"lerp_mode": "catmullrom"
						},
						"2.4667": {
							"post": [33.73, 22.78, 0],
							"lerp_mode": "catmullrom"
						},
						"3.1333": {
							"post": [34.14, 22.78, 0],
							"lerp_mode": "catmullrom"
						},
						"3.7": {
							"post": [37.58, 2.18, 0],
							"lerp_mode": "catmullrom"
						},
						"4.2333": {
							"post": [32, -11.68, 0],
							"lerp_mode": "catmullrom"
						},
						"4.3667": {
							"post": [36.56, -12.4, 0],
							"lerp_mode": "catmullrom"
						},
						"4.4667": {
							"post": [37.11, -11.81, 0],
							"lerp_mode": "catmullrom"
						},
						"4.5333": {
							"post": [37.11, -11.81, 0],
							"lerp_mode": "catmullrom"
						},
						"4.6333": {
							"post": [44.6, -10.63, 0],
							"lerp_mode": "catmullrom"
						},
						"4.7": {
							"post": [43.1, -10.63, 0],
							"lerp_mode": "catmullrom"
						},
						"5.3333": {
							"post": [39, -10.63, 0],
							"lerp_mode": "catmullrom"
						},
						"5.7667": {
							"post": [43.38, -6.72, 0],
							"lerp_mode": "catmullrom"
						},
						"6.1667": {
							"post": [29.2, -4.13, 0],
							"lerp_mode": "catmullrom"
						},
						"6.6": {
							"post": [27.2, -16.93, 0],
							"lerp_mode": "catmullrom"
						},
						"7.3": {
							"post": [28.15, 3.83, 0],
							"lerp_mode": "catmullrom"
						},
						"7.4667": {
							"post": [28.3, 4.77, 0],
							"lerp_mode": "catmullrom"
						},
						"7.9": {
							"post": [43.21, 23.69, 0],
							"lerp_mode": "catmullrom"
						},
						"8.1": {
							"post": [42.6, 23.37, 0],
							"lerp_mode": "catmullrom"
						},
						"8.4333": [45.7, 27.77, 0],
						"8.5667": [45.7, 27.77, 0],
						"8.7333": [34.53, 27.35, 0],
						"9.0333": {
							"pre": [45.46, 34.15, 0],
							"post": [45.46, 34.15, 0],
							"lerp_mode": "catmullrom"
						},
						"9.1": {
							"post": [47.82, 33.87, 0],
							"lerp_mode": "catmullrom"
						},
						"9.2": {
							"post": [44.76, 32.25, 0],
							"lerp_mode": "catmullrom"
						},
						"9.2667": {
							"post": [45.46, 34.15, 0],
							"lerp_mode": "catmullrom"
						},
						"9.5667": {
							"post": [45.7, 14.57, 0],
							"lerp_mode": "catmullrom"
						},
						"9.9": {
							"post": [52.1, 7.57, 0],
							"lerp_mode": "catmullrom"
						},
						"10.3": {
							"post": [1.65, 2.74, 0],
							"lerp_mode": "catmullrom"
						},
						"10.6": {
							"post": [4.3, 0, 0],
							"lerp_mode": "catmullrom"
						},
						"10.8": {
							"post": [0, 0, 0],
							"lerp_mode": "catmullrom"
						}
					}
				},
				"bullet_chain2": {
					"rotation": {
						"2.6": [0, 0, 0],
						"3.0": [0, 0, 0],
						"3.1333": [0, 0, 60],
						"3.2333": [0, 0, 67.5],
						"8.0333": [0, 0, 67.5],
						"8.1": [0, 0, 60],
						"8.2": [0, 0, 0],
						"8.5333": [0, 0, 0]
					},
					"position": {
						"2.6": [0, 0, 0],
						"3.1333": [8, 0, 0],
						"3.2333": [10.3755, -4.70613, 0],
						"8.0333": [10.3755, -4.70613, 0],
						"8.1": [8, 0, 0],
						"8.5333": [0, 0, 0]
					},
					"scale": {
						"0.0": [0, 0, 0],
						"5.8": {
							"pre": [0, 0, 0],
							"post": [1, 1, 1]
						}
					}
				},
				"sect10": {
					"rotation": {
						"2.9": [0, 0, 0],
						"3.0": [0, 0, 27.5],
						"3.1333": [0, 0, 12.5],
						"8.1": [0, 0, 12.5],
						"8.2": [0, 0, 27.5],
						"8.2667": [0, 0, 0]
					}
				},
				"sect11": {
					"rotation": {
						"2.7667": [0, 0, 0],
						"2.9": [0, 0, 32.5],
						"3.2333": [0, 0, -90],
						"8.0333": [0, 0, -90],
						"8.2667": [0, 0, 32.5],
						"8.4333": [0, 0, 0]
					}
				},
				"sect12": {
					"rotation": {
						"2.6": [0, 0, 0],
						"2.7667": [0, 0, 27.5],
						"3.1333": [0, 0, 0],
						"8.1": [0, 0, 0],
						"8.4333": [0, 0, 27.5],
						"8.5333": [0, 0, 0]
					}
				},
				"sect13": {
					"rotation": {
						"2.6": [0, 0, 0],
						"3.0": [0, 0, -17.5],
						"8.2": [0, 0, -17.5],
						"8.5333": [0, 0, 0]
					}
				},
				"sect14": {
					"rotation": {
						"2.6": [0, 0, 0],
						"3.0": [0, 0, -47.5],
						"8.2": [0, 0, -47.5],
						"8.5333": [0, 0, 0]
					}
				}
			},
			"sound_effects": {
				"0.4": {
					"effect": "rcp:mk19/rattle6"
				},
				"1.1667": {
					"effect": "rcp:mk19/impt"
				},
				"1.6667": {
					"effect": "rcp:mk19/opencover2"
				},
				"2.5333": {
					"effect": "rcp:mk19/bulletchainremove"
				},
				"3.0667": {
					"effect": "rcp:mk19/boxremove"
				},
				"3.3333": {
					"effect": "rcp:mk19/boxout"
				},
				"4.1": {
					"effect": "rcp:mk19/box_off"
				},
				"4.5": {
					"effect": "rcp:mk19/box_drop"
				},
				"5.4333": {
					"effect": "rcp:mk19/1"
				},
				"5.8333": {
					"effect": "rcp:mk19/insertbox"
				},
				"7.1333": {
					"effect": "rcp:mk19/boxinplace"
				},
				"7.8667": {
					"effect": "rcp:mk19/bullet_chain_pull"
				},
				"8.9333": {
					"effect": "rcp:mk19/closecover"
				},
				"9.5333": {
					"effect": "rcp:mk19/rattle1"
				},
				"10.0333": {
					"effect": "rcp:mk19/rattle"
				}
			}
		},
		"reload_empty": {
			"loop": "hold_on_last_frame",
			"animation_length": 13.0333,
			"bones": {
				"lefthand": {
					"rotation": {
						"0.0": [53.4179, -382.72009, -112.55617],
						"1.2": [53.4179, -382.72009, -112.55617],
						"1.6": [149.94386, -381.10504, -239.88007],
						"1.7": [149.94386, -381.10504, -239.88007],
						"2.0667": [136.86492, -352.10752, -238.01548],
						"2.4": [82.57883, -347.96148, -267.9405],
						"6.3667": [82.57883, -347.96148, -267.9405],
						"6.7667": [136.32468, -363.42711, -284.38016],
						"6.8333": [136.32468, -363.42711, -284.38016],
						"6.9333": [140.71288, -348.27824, -268.68874],
						"7.1333": [158.64995, -353.82805, -279.7694],
						"7.3": [152.49321, -360.30283, -292.69685],
						"7.3667": [147.49321, -360.30283, -292.69685],
						"7.4667": [147.49321, -360.30283, -292.69685],
						"7.5667": [120.78496, -397.97089, -184.76203],
						"7.6333": [120.78496, -397.97089, -184.76203],
						"7.7333": [139.09775, -376.46137, -222.86362],
						"7.8667": [149.94386, -381.10504, -239.88007],
						"7.9": [148.19891, -387.54177, -235.65186],
						"8.3667": [53.4179, -382.72009, -112.55617],
						"8.8": [53.4179, -382.72009, -112.55617],
						"9.0667": [104.01634, -351.5783, -274.45801],
						"9.1667": [104.01634, -351.5783, -274.45801],
						"9.3": [104.25902, -373.41348, -279.92571],
						"9.8333": [104.01634, -351.5783, -274.45801],
						"10.1667": [104.01634, -351.5783, -274.45801],
						"10.2667": [104.01634, -351.5783, -274.45801],
						"10.4": [104.25902, -373.41348, -279.92571],
						"10.9333": [104.01634, -351.5783, -274.45801],
						"11.1333": [104.01634, -351.5783, -274.45801],
						"11.4": [53.4179, -382.72009, -112.55617]
					},
					"position": {
						"0.0": [7, -20.5, -3],
						"1.2": [7, -20.5, -3],
						"1.4333": [16.53, -11.43, -3],
						"1.6": [7, -8.5, -3],
						"1.7": [7, -8.5, -3],
						"1.8667": [11.33, 0.67, -16.08],
						"2.0667": [11, 2.5, -17],
						"2.4": [29.5, -13.5, -15],
						"6.3667": [29.5, -13.5, -15],
						"6.5667": {
							"pre": [21.35, -10, -15.65],
							"post": [21.35, -10, -15.65],
							"lerp_mode": "catmullrom"
						},
						"6.7667": [13.2, -12.5, -16.3],
						"6.8333": [13.2, -12.5, -16.3],
						"6.9333": [12.29, -11.21, -16.3],
						"7.1333": [10.46, -9.52, -15.3],
						"7.3": {
							"pre": [6.75, -9, -15],
							"post": [6.75, -9, -15],
							"lerp_mode": "catmullrom"
						},
						"7.3667": [6, -8.5, -15],
						"7.4667": [6, -8.5, -15],
						"7.5667": [11, 5.5, -22],
						"7.6333": [11, 5.5, -22],
						"7.7333": [11.07118, -0.29593, -10.08],
						"7.8667": [7, -8.5, -3],
						"7.9": [8.22474, -7.79289, -3],
						"8.0333": [16.53, -11.43, -3],
						"8.3667": [7, -20.5, -3],
						"8.8": [7, -20.5, -3],
						"9.0667": [10, -10.5, -5],
						"9.1667": [10, -10.5, -5],
						"9.3": [9.5, -12.5, -3],
						"9.4667": [9.5, -12.5, 7],
						"9.6667": [9.5, -12.5, 7],
						"9.7667": [9.5, -11, 0],
						"9.8333": [10, -10.5, -5],
						"10.1667": [10, -10.5, -5],
						"10.2667": [10, -10.5, -5],
						"10.4": [9.5, -12.5, -3],
						"10.5667": [9.5, -12.5, 7],
						"10.7667": [9.5, -12.5, 7],
						"10.8667": [9.5, -11, 0],
						"10.9333": [10, -10.5, -5],
						"11.1333": [10, -10.5, -5],
						"11.2667": [14.5, -15.5, -4],
						"11.4": [7, -20.5, -3]
					},
					"scale": {
						"0.0": [1, 1.5, 1],
						"1.2": [1, 1.5, 1],
						"1.6": [1, 1.5, 1],
						"1.7": [1, 1.5, 1],
						"7.8667": [1, 1.5, 1],
						"7.9": [1, 1.5, 1],
						"8.3667": [1, 1.5, 1],
						"8.8": [1, 1.5, 1],
						"11.1667": [1, 1.5, 1]
					}
				},
				"righthand": {
					"rotation": {
						"0.0": [106.64867, -339.29519, -170.99283],
						"0.2667": [106.64867, -339.29519, -170.99283],
						"0.7333": [53.46184, -337.48674, -244.36255],
						"2.4333": [53.46184, -337.48674, -244.36255],
						"2.4667": {
							"pre": [81.61, -337.33, -189.43],
							"post": [81.61, -337.33, -189.43],
							"lerp_mode": "catmullrom"
						},
						"2.5": [109.75712, -337.17064, -134.49964],
						"2.5667": [109.75712, -337.17064, -134.49964],
						"2.9667": [84.50469, -339.7501, -135.42273],
						"3.2": [98.3018, -346.3751, -124.45288],
						"3.4667": [108.36876, -351.35769, -139.57664],
						"3.5333": [108.36876, -351.35769, -139.57664],
						"4.1667": [111.6009, -327.81074, -130.52241],
						"4.9667": [52.1526, -355.18287, -250.97588],
						"5.4667": [79.6526, -355.18287, -250.97588],
						"5.6": [85.38412, -356.83636, -275.98363],
						"5.7": [85.38412, -356.83636, -275.98363],
						"6.1": [65.38412, -356.83636, -275.98363],
						"6.7333": [53.46184, -337.48674, -244.36255],
						"8.8": [53.46184, -337.48674, -244.36255],
						"9.0667": [105.955, -366.34153, -88.74727],
						"9.1667": [105.955, -366.34153, -88.74727],
						"9.3": [106.45252, -344.71364, -82.48665],
						"9.8667": [106.64867, -339.29519, -170.99283],
						"10.0": [106.64867, -339.29519, -170.99283],
						"10.1667": [105.955, -366.34153, -88.74727],
						"10.2667": [105.955, -366.34153, -88.74727],
						"10.4": [106.45252, -344.71364, -82.48665],
						"10.9333": [105.955, -366.34153, -88.74727],
						"11.1333": [105.955, -366.34153, -88.74727],
						"11.4": [106.64867, -339.29519, -170.99283]
					},
					"position": {
						"0.0": [-9.5, -9.75, 13.5],
						"0.2667": [-9.5, -9.75, 13.5],
						"0.4667": [-16, -13.75, 5],
						"0.7333": [-10.5, -17.75, -3.5],
						"2.4333": [-10.5, -17.75, -3.5],
						"2.4667": {
							"pre": [-13.5, -12.25, -3.5],
							"post": [-13.5, -12.25, -3.5],
							"lerp_mode": "catmullrom"
						},
						"2.5": [-10.5, -6.75, -3.5],
						"2.5667": [-10.5, -6.75, -3.5],
						"2.9667": [-3.95, -1.66, -5.5],
						"3.2": [9.14, -6.03, -5.5],
						"3.4667": [28.5, -22.75, -15.5],
						"3.5333": [30.5, -22.75, -11.5],
						"3.6": [30.5, -22.93, -9.91],
						"4.1667": [47.5, -23.75, -2.5],
						"4.9667": [53.5, -35.75, 2.5],
						"5.1667": {
							"pre": [39.28, -24.19, -4.61],
							"post": [39.28, -24.19, -4.61],
							"lerp_mode": "catmullrom"
						},
						"5.4667": [21.5, -18.75, -13.5],
						"5.6": [21.75, -19.5, -13.5],
						"5.7": [21.75, -19.5, -13.5],
						"6.1": [21.75, -19.5, -13.5],
						"6.2667": [11, -18.92, 5.83],
						"6.4333": [-4, -18.92, 12.83],
						"6.7333": [-10.5, -17.75, -3.5],
						"8.8": [-10.5, -17.75, -3.5],
						"9.0667": [-12.07, -7.33, -5.62],
						"9.1667": [-12.07, -7.33, -5.62],
						"9.3": [-12.07, -9.33, -3.62],
						"9.4667": [-12.07, -9.33, 6.38],
						"9.6667": [-12.07, -9.33, 6.38],
						"9.7667": [-11.11, -6.49, 9.05],
						"9.8667": [-9.5, -9.75, 13.5],
						"10.0": [-9.5, -9.75, 13.5],
						"10.1667": [-12.07, -7.33, -5.62],
						"10.2667": [-12.07, -7.33, -5.62],
						"10.4": [-12.07, -9.33, -3.62],
						"10.5667": [-12.07, -9.33, 6.38],
						"10.7667": [-12.07, -9.33, 6.38],
						"10.8667": [-12.07, -8.33, -0.62],
						"10.9333": [-12.07, -7.33, -5.62],
						"11.1333": [-12.07, -7.33, -5.62],
						"11.4": [-9.5, -9.75, 13.5]
					},
					"scale": {
						"0.2667": [1, 1, 1],
						"0.7333": [1, 1.5, 1],
						"2.4333": [1, 1.5, 1],
						"6.7333": [1, 1.5, 1],
						"8.8": [1, 1.5, 1],
						"11.4": [1, 1, 1]
					}
				},
				"top_cover": {
					"rotation": {
						"1.7": [0, 0, 0],
						"1.9": [90, 0, 0],
						"7.6333": [90, 0, 0],
						"7.8667": [0, 0, 0]
					}
				},
				"mag_and_lefthand": {
					"rotation": {
						"2.4667": [0, 0, 0],
						"2.9667": {
							"pre": [0, 0, 0],
							"post": [0, 0, 0],
							"lerp_mode": "catmullrom"
						},
						"3.0667": {
							"post": [0, 0, 17.5],
							"lerp_mode": "catmullrom"
						},
						"3.2333": {
							"post": [0, 0, -14.57],
							"lerp_mode": "catmullrom"
						},
						"3.3333": {
							"post": [0, 0, -14.57],
							"lerp_mode": "catmullrom"
						},
						"3.4": {
							"post": [0, 0, 15],
							"lerp_mode": "catmullrom"
						},
						"3.5": [0, -6.82, 26.4],
						"3.5667": [0, -13.64, 15],
						"4.1667": [0, -50, 15],
						"4.9667": [0, -50, 15],
						"5.6": [0, 0, 17.65],
						"5.7667": [0, 0, 0],
						"6.3": [0, 0, 0]
					},
					"position": {
						"2.4667": [0, 0, 0],
						"2.9667": [12.55704, 3.36465, 0],
						"3.0667": {
							"pre": [16.14933, 4.10947, 0],
							"post": [16.14933, 4.10947, 0],
							"lerp_mode": "catmullrom"
						},
						"3.2333": {
							"post": [23.92962, -5.19062, 0],
							"lerp_mode": "catmullrom"
						},
						"3.3333": {
							"post": [23.92962, -8.29062, 0],
							"lerp_mode": "catmullrom"
						},
						"3.4": [27.07015, -11.63503, 0],
						"3.5": [28.41, -8.64, 2.18],
						"3.5667": [29.75, -11.64, 4.36],
						"3.6": [29.75, -11.64, 4.36],
						"4.1667": [48.27015, -11.63503, 16],
						"4.9667": [48.27015, -11.63503, 16],
						"5.1667": {
							"pre": [36.2, 0.23, 10.18],
							"post": [36.2, 0.23, 10.18],
							"lerp_mode": "catmullrom"
						},
						"5.4667": [15.08643, 5.60659, 0],
						"5.6": [15.08643, 4.60659, 0],
						"5.7667": [14.48889, 3.88229, 0],
						"6.1": [0, 0, 0]
					}
				},
				"sect5": {
					"rotation": {
						"7.0": [0, 0, -17.5],
						"7.3333": [0, 0, 0],
						"9.3": [0, 0, 0],
						"9.5": [0, 0, -17.5],
						"9.7333": [0, 0, -17.5],
						"9.7667": {
							"pre": [0, 0, -17.5],
							"post": [0, 0, 0]
						},
						"10.4": [0, 0, 0],
						"10.6": [0, 0, -17.5]
					}
				},
				"sect6": {
					"rotation": {
						"7.0": [0, 0, -47.5],
						"7.3333": [0, 0, 0],
						"9.3": [0, 0, 0],
						"9.7333": [0, 0, -30],
						"9.7667": {
							"pre": [0, 0, -30],
							"post": [0, 0, 0]
						},
						"10.4": [0, 0, 0],
						"10.8333": [0, 0, -30]
					}
				},
				"bullet_chain": {
					"rotation": {
						"2.2333": [0, 0, 67.5],
						"6.8333": [0, 0, 67.5],
						"6.9": [0, 0, 60],
						"7.0": [0, 0, 0],
						"7.3333": [0, 0, 0],
						"9.3": [0, 0, 0],
						"10.4": [0, 0, 0]
					},
					"position": {
						"2.2333": [10.3755, -4.70613, 0],
						"6.8333": [10.3755, -4.70613, 0],
						"6.9": [8, 0, 0],
						"7.3333": [0, 0, 0],
						"9.3": [0, 0, 0],
						"9.7333": [-2, 0, 0],
						"9.7667": {
							"pre": [-2, 0, 0],
							"post": [0, 0, 0]
						},
						"10.4": [0, 0, 0],
						"10.8333": [-2, 0, 0]
					},
					"scale": 0
				},
				"constraint": {
					"rotation": {
						"0.0": [0.2, 0.2, 0.4],
						"12.3": [0.2, 0.2, 0.4]
					},
					"position": {
						"0.0": [0.1, 0.1, 0.1],
						"12.3": [0.1, 0.1, 0.1]
					}
				},
				"sect2": {
					"rotation": {
						"6.9": [0, 0, 12.5],
						"7.0": [0, 0, 27.5],
						"7.0667": [0, 0, 0],
						"9.3": [0, 0, 0],
						"10.4": [0, 0, 0]
					}
				},
				"sect3": {
					"rotation": {
						"2.2333": [0, 0, -90],
						"6.8333": [0, 0, -90],
						"7.0667": [0, 0, 32.5],
						"7.2333": [0, 0, 0],
						"9.3": [0, 0, 0],
						"10.4": [0, 0, 0]
					}
				},
				"sect4": {
					"rotation": {
						"6.9": [0, 0, 0],
						"7.2333": [0, 0, 27.5],
						"7.3333": [0, 0, 0],
						"9.3": [0, 0, 0],
						"10.4": [0, 0, 0]
					}
				},
				"cover": {
					"rotation": {
						"1.7": [0, 0, 0],
						"1.9": [90, 0, 0],
						"7.6333": [90, 0, 0],
						"7.8667": [0, 0, 0]
					}
				},
				"root": {
					"rotation": {
						"0.0": {
							"post": [0, 0, 0],
							"lerp_mode": "catmullrom"
						},
						"0.1": {
							"post": [-2.16, -0.15, 0],
							"lerp_mode": "catmullrom"
						},
						"0.2667": {
							"post": [-0.1, -0.09, 0],
							"lerp_mode": "catmullrom"
						},
						"0.5": {
							"post": [1, -0.7, 0],
							"lerp_mode": "catmullrom"
						},
						"1.1667": {
							"post": [-12.1, -3.8, 0],
							"lerp_mode": "catmullrom"
						},
						"1.2333": {
							"post": [-15.3, -3.8, -2.4],
							"lerp_mode": "catmullrom"
						},
						"1.3333": {
							"post": [-10.6, -3.8, 0.8],
							"lerp_mode": "catmullrom"
						},
						"1.3667": {
							"post": [-12.1, -3.8, 0],
							"lerp_mode": "catmullrom"
						},
						"1.7": {
							"post": [-12.1, -3.8, 0],
							"lerp_mode": "catmullrom"
						},
						"2.0333": {
							"post": [-1.8, -3.8, 0],
							"lerp_mode": "catmullrom"
						},
						"3.0333": {
							"post": [1.6, -3.8, 0],
							"lerp_mode": "catmullrom"
						},
						"5.0": {
							"post": [1.6, -3.8, 0],
							"lerp_mode": "catmullrom"
						},
						"6.7": {
							"post": [1.6, -3.56, 0],
							"lerp_mode": "catmullrom"
						},
						"6.9": {
							"post": [1.6, -3.8, 0],
							"lerp_mode": "catmullrom"
						},
						"7.2333": {
							"post": [1.6, -9.3, 0],
							"lerp_mode": "catmullrom"
						},
						"7.8667": {
							"post": [1.6, -9.3, 0],
							"lerp_mode": "catmullrom"
						},
						"7.9667": {
							"post": [-1, -9.3, -2],
							"lerp_mode": "catmullrom"
						},
						"8.1667": {
							"post": [2.85, -9.3, 0],
							"lerp_mode": "catmullrom"
						},
						"8.3667": {
							"post": [1.6, -9.3, 0],
							"lerp_mode": "catmullrom"
						},
						"8.5": {
							"post": [1.06, -9.09, 0],
							"lerp_mode": "catmullrom"
						},
						"8.7667": [18.98118, 2.0894, 4.67776],
						"9.2333": [18.98, 2.09, 4.68],
						"9.3333": {
							"pre": [15.78, 2.09, 4.68],
							"post": [15.78, 2.09, 4.68],
							"lerp_mode": "catmullrom"
						},
						"9.4667": {
							"post": [8.11, 2.09, 4.68],
							"lerp_mode": "catmullrom"
						},
						"9.7667": {
							"post": [8.11, 2.09, 4.68],
							"lerp_mode": "catmullrom"
						},
						"9.9": [16.98, 2.09, 4.68],
						"9.9333": [17.2, 2.09, 4.68],
						"9.9667": [22.7, 2.09, 4.68],
						"10.0": [17.2, 2.09, 4.68],
						"10.0667": [13.68, 2.09, 4.68],
						"10.1667": [17.2, 2.09, 4.68],
						"10.4333": {
							"pre": [15.78, 2.09, 4.68],
							"post": [15.78, 2.09, 4.68],
							"lerp_mode": "catmullrom"
						},
						"10.5667": {
							"post": [8.11, 2.09, 4.68],
							"lerp_mode": "catmullrom"
						},
						"10.8667": {
							"post": [8.11, 2.09, 4.68],
							"lerp_mode": "catmullrom"
						},
						"11.1": {
							"post": [15.78, 2.09, 4.68],
							"lerp_mode": "catmullrom"
						},
						"11.2": [23.58, 2.09, 4.68],
						"11.2667": [25.38, 2.09, 4.68],
						"11.3667": [17.15, 2.09, 4.68],
						"11.5667": [18.98118, 2.0894, 4.67776],
						"11.8333": {
							"pre": [1.6, -9.3, 0],
							"post": [1.6, -9.3, 0],
							"lerp_mode": "catmullrom"
						},
						"12.0667": {
							"post": [10.88, -13.58, 0],
							"lerp_mode": "catmullrom"
						},
						"12.2667": {
							"post": [11.46, 3.93, 0],
							"lerp_mode": "catmullrom"
						},
						"12.4333": {
							"post": [-2, -1.7, 0],
							"lerp_mode": "catmullrom"
						},
						"12.7667": {
							"post": [0, 0, 0],
							"lerp_mode": "catmullrom"
						}
					},
					"position": {
						"0.0": {
							"post": [0, 0, 0],
							"lerp_mode": "catmullrom"
						},
						"0.1": {
							"post": [0, -0.3, 0],
							"lerp_mode": "catmullrom"
						},
						"0.4": {
							"post": [-1.1, 0.7, 0],
							"lerp_mode": "catmullrom"
						},
						"1.2333": [-3.8, -15.1, 23.2],
						"1.3667": [-3.86, -15.2, 23.41],
						"1.7": [-3.86, -15.2, 23.41],
						"2.0333": [-3.86, -15.2, 23.41],
						"3.0333": [-13.16, -7.1, 21.41],
						"3.4333": [-23.49, 5.78, 21.66],
						"4.3667": [-23.49, 5.78, 21.66],
						"5.4": [-13.16, -7.1, 21.41],
						"6.2667": [-13.16, -7.1, 21.41],
						"6.7": {
							"pre": [-8.3, -11.38, 28.37],
							"post": [-8.3, -11.38, 28.37],
							"lerp_mode": "catmullrom"
						},
						"6.9": [-8.06, -10.9, 29.01],
						"7.2333": [-4.26, -10.9, 29.01],
						"8.3667": [-4.26, -10.9, 29.01],
						"8.5": [-4.46, -10.49, 30.1],
						"8.7667": [-1.25, -10.29, 25.85],
						"11.5667": [-1.25, -10.29, 25.85],
						"11.8333": {
							"pre": [-4.26, -8.7, 29.01],
							"post": [-4.26, -8.7, 29.01],
							"lerp_mode": "catmullrom"
						},
						"12.3333": {
							"post": [0, 0, 6.4],
							"lerp_mode": "catmullrom"
						},
						"12.6": {
							"post": [0, 0, 0],
							"lerp_mode": "catmullrom"
						}
					}
				},
				"sect7": {
					"rotation": {
						"9.3": [0, 0, 0],
						"9.7333": [0, 0, 47.5],
						"9.7667": {
							"pre": [0, 0, 47.5],
							"post": [0, 0, 0]
						},
						"10.4": [0, 0, 0],
						"10.8333": [0, 0, 47.5]
					}
				},
				"charging_handle": {
					"rotation": {
						"9.1667": [0, 0, 0],
						"9.3": [-45, 0, 0],
						"9.7": [-45, 0, 0],
						"9.8": [0, 0, 0],
						"10.2667": [0, 0, 0],
						"10.4": [-45, 0, 0],
						"10.8": [-45, 0, 0],
						"10.9": [0, 0, 0],
						"11.2": [0, 0, 0]
					},
					"position": {
						"9.1667": [0, 0, 0],
						"9.3": [0, 0, 0.25],
						"9.4667": [0, 0, 10.25],
						"9.6667": [0, 0, 10.25],
						"9.8333": [0, 0, 0],
						"10.2667": [0, 0, 0],
						"10.4": [0, 0, 0.25],
						"10.5667": [0, 0, 10.25],
						"10.7667": [0, 0, 10.25],
						"10.9333": [0, 0, 0],
						"11.2": [0, 0, 0]
					}
				},
				"camera": {
					"rotation": {
						"0.0": {
							"post": [0, 0, 0],
							"lerp_mode": "catmullrom"
						},
						"0.1333": {
							"post": [2.7, -1.8, -0.5],
							"lerp_mode": "catmullrom"
						},
						"0.4": {
							"post": [-2.6, 2.3, 0],
							"lerp_mode": "catmullrom"
						},
						"0.8": {
							"post": [13.1, 7.08, 0],
							"lerp_mode": "catmullrom"
						},
						"1.1667": {
							"post": [38.3, 22.7, 0],
							"lerp_mode": "catmullrom"
						},
						"1.2": {
							"post": [41.47, 23.72, 0],
							"lerp_mode": "catmullrom"
						},
						"1.3333": {
							"post": [36.28, 22.78, 0],
							"lerp_mode": "catmullrom"
						},
						"1.7333": {
							"post": [38.48, 22.78, 0],
							"lerp_mode": "catmullrom"
						},
						"2.0667": {
							"post": [28.68, 22.78, 0],
							"lerp_mode": "catmullrom"
						},
						"2.4667": {
							"post": [37.58, 2.18, 0],
							"lerp_mode": "catmullrom"
						},
						"3.0333": {
							"post": [32, -11.68, 0],
							"lerp_mode": "catmullrom"
						},
						"3.1667": {
							"post": [36.56, -12.4, 0],
							"lerp_mode": "catmullrom"
						},
						"3.2667": {
							"post": [37.11, -11.81, 0],
							"lerp_mode": "catmullrom"
						},
						"3.3333": {
							"post": [37.11, -11.81, 0],
							"lerp_mode": "catmullrom"
						},
						"3.4333": {
							"post": [44.6, -10.63, 0],
							"lerp_mode": "catmullrom"
						},
						"3.5": {
							"post": [43.1, -10.63, 0],
							"lerp_mode": "catmullrom"
						},
						"4.1333": {
							"post": [39, -10.63, 0],
							"lerp_mode": "catmullrom"
						},
						"4.5667": {
							"post": [43.38, -6.72, 0],
							"lerp_mode": "catmullrom"
						},
						"4.9667": {
							"post": [29.2, -4.13, 0],
							"lerp_mode": "catmullrom"
						},
						"5.4": {
							"post": [27.2, -16.93, 0],
							"lerp_mode": "catmullrom"
						},
						"6.1": {
							"post": [28.15, 3.83, 0],
							"lerp_mode": "catmullrom"
						},
						"6.2667": {
							"post": [28.3, 4.77, 0],
							"lerp_mode": "catmullrom"
						},
						"6.7": {
							"post": [43.21, 23.69, 0],
							"lerp_mode": "catmullrom"
						},
						"6.9": {
							"post": [42.6, 23.37, 0],
							"lerp_mode": "catmullrom"
						},
						"7.2333": [45.7, 27.77, 0],
						"7.3667": [45.7, 27.77, 0],
						"7.5333": [34.53, 27.35, 0],
						"7.8333": {
							"pre": [45.46, 34.15, 0],
							"post": [45.46, 34.15, 0],
							"lerp_mode": "catmullrom"
						},
						"7.9": {
							"post": [47.82, 33.87, 0],
							"lerp_mode": "catmullrom"
						},
						"8.0": {
							"post": [44.76, 32.25, 0],
							"lerp_mode": "catmullrom"
						},
						"8.0667": {
							"post": [45.46, 34.15, 0],
							"lerp_mode": "catmullrom"
						},
						"8.3667": {
							"post": [45.7, 14.57, 0],
							"lerp_mode": "catmullrom"
						},
						"8.5": {
							"post": [50.55, 10.76, 0],
							"lerp_mode": "catmullrom"
						},
						"8.7667": {
							"post": [50.55, 10.76, 0],
							"lerp_mode": "catmullrom"
						},
						"9.0667": {
							"post": [52.53, 10.8, 0],
							"lerp_mode": "catmullrom"
						},
						"9.2": {
							"post": [50.83, 10.81, 0],
							"lerp_mode": "catmullrom"
						},
						"9.5333": {
							"post": [71.12, 10.83, 0],
							"lerp_mode": "catmullrom"
						},
						"9.6667": {
							"post": [71.12, 10.83, 0],
							"lerp_mode": "catmullrom"
						},
						"10.1667": {
							"post": [52.53, 10.8, 0],
							"lerp_mode": "catmullrom"
						},
						"10.3": {
							"post": [50.83, 10.81, 0],
							"lerp_mode": "catmullrom"
						},
						"10.6333": {
							"post": [71.12, 10.83, 0],
							"lerp_mode": "catmullrom"
						},
						"10.7667": {
							"post": [71.12, 10.83, 0],
							"lerp_mode": "catmullrom"
						},
						"11.1333": {
							"post": [51.33, 10.81, 0],
							"lerp_mode": "catmullrom"
						},
						"11.2667": {
							"post": [52.46, 10.82, 0],
							"lerp_mode": "catmullrom"
						},
						"11.4667": {
							"post": [50.55, 10.76, 0],
							"lerp_mode": "catmullrom"
						},
						"11.7333": {
							"post": [57.9, 7.57, 0],
							"lerp_mode": "catmullrom"
						},
						"11.9333": {
							"post": [51.25, 5.66, 0],
							"lerp_mode": "catmullrom"
						},
						"12.2333": {
							"post": [1.65, 2.74, 0],
							"lerp_mode": "catmullrom"
						},
						"12.5333": {
							"post": [4.3, 0, 0],
							"lerp_mode": "catmullrom"
						},
						"12.7333": {
							"post": [0, 0, 0],
							"lerp_mode": "catmullrom"
						}
					}
				},
				"bullet_chain2": {
					"rotation": {
						"2.2333": [0, 0, 67.5],
						"6.8333": [0, 0, 67.5],
						"6.9": [0, 0, 60],
						"7.0": [0, 0, 0],
						"7.3333": [0, 0, 0],
						"9.3": [0, 0, 0],
						"10.4": [0, 0, 0]
					},
					"position": {
						"2.2333": [10.3755, -4.70613, 0],
						"6.8333": [10.3755, -4.70613, 0],
						"6.9": [8, 0, 0],
						"7.3333": [0, 0, 0],
						"9.3": [0, 0, 0],
						"9.7333": [-2, 0, 0],
						"9.7667": {
							"pre": [-2, 0, 0],
							"post": [0, 0, 0]
						},
						"10.4": [0, 0, 0],
						"10.8333": [-2, 0, 0]
					},
					"scale": {
						"0.0": [0, 0, 0],
						"4.6667": {
							"pre": [0, 0, 0],
							"post": [1, 1, 1]
						}
					}
				},
				"sect10": {
					"rotation": {
						"6.9": [0, 0, 12.5],
						"7.0": [0, 0, 27.5],
						"7.0667": [0, 0, 0],
						"9.3": [0, 0, 0],
						"10.4": [0, 0, 0]
					}
				},
				"sect11": {
					"rotation": {
						"2.2333": [0, 0, -90],
						"6.8333": [0, 0, -90],
						"7.0667": [0, 0, 32.5],
						"7.2333": [0, 0, 0],
						"9.3": [0, 0, 0],
						"10.4": [0, 0, 0]
					}
				},
				"sect12": {
					"rotation": {
						"6.9": [0, 0, 0],
						"7.2333": [0, 0, 27.5],
						"7.3333": [0, 0, 0],
						"9.3": [0, 0, 0],
						"10.4": [0, 0, 0]
					}
				},
				"sect13": {
					"rotation": {
						"7.0": [0, 0, -17.5],
						"7.3333": [0, 0, 0],
						"9.3": [0, 0, 0],
						"9.5": [0, 0, -17.5],
						"9.7333": [0, 0, -17.5],
						"9.7667": {
							"pre": [0, 0, -17.5],
							"post": [0, 0, 0]
						},
						"10.4": [0, 0, 0],
						"10.6": [0, 0, -17.5]
					}
				},
				"sect14": {
					"rotation": {
						"7.0": [0, 0, -47.5],
						"7.3333": [0, 0, 0],
						"9.3": [0, 0, 0],
						"9.7333": [0, 0, -30],
						"9.7667": {
							"pre": [0, 0, -30],
							"post": [0, 0, 0]
						},
						"10.4": [0, 0, 0],
						"10.8333": [0, 0, -30]
					}
				},
				"sect15": {
					"rotation": {
						"9.3": [0, 0, 0],
						"9.7333": [0, 0, 47.5],
						"9.7667": {
							"pre": [0, 0, 47.5],
							"post": [0, 0, 0]
						},
						"10.4": [0, 0, 0],
						"10.8333": [0, 0, 47.5]
					}
				}
			},
			"sound_effects": {
				"0.4": {
					"effect": "rcp:mk19/rattle6"
				},
				"1.1667": {
					"effect": "rcp:mk19/impt"
				},
				"1.6667": {
					"effect": "rcp:mk19/opencover2"
				},
				"1.8667": {
					"effect": "rcp:mk19/boxremove"
				},
				"2.1333": {
					"effect": "rcp:mk19/boxout"
				},
				"2.9": {
					"effect": "rcp:mk19/box_off"
				},
				"3.3": {
					"effect": "rcp:mk19/box_drop"
				},
				"4.2333": {
					"effect": "rcp:mk19/1"
				},
				"4.6333": {
					"effect": "rcp:mk19/insertbox"
				},
				"5.9333": {
					"effect": "rcp:mk19/boxinplace"
				},
				"6.6667": {
					"effect": "rcp:mk19/bullet_chain_pull"
				},
				"7.7333": {
					"effect": "rcp:mk19/closecover"
				},
				"8.7": {
					"effect": "rcp:mk19/charging"
				},
				"9.8": {
					"effect": "rcp:mk19/charging"
				},
				"9.9333": {
					"effect": "rcp:mk19/dry_fire"
				},
				"11.2667": {
					"effect": "rcp:mk19/rattle1"
				},
				"11.7667": {
					"effect": "rcp:mk19/rattle"
				}
			}
		},
		"inspect": {
			"loop": "hold_on_last_frame",
			"animation_length": 15.7083,
			"bones": {
				"root": {
					"rotation": {
						"0.0": {
							"post": [0, 0, 0],
							"lerp_mode": "catmullrom"
						},
						"0.375": {
							"post": [10.61, -16.16, -3.09],
							"lerp_mode": "catmullrom"
						},
						"0.6667": {
							"post": [-19.36, -29.08, 1.83],
							"lerp_mode": "catmullrom"
						},
						"0.8333": {
							"post": [-21.71135, -38.44943, 6.04524],
							"lerp_mode": "catmullrom"
						},
						"1.0833": {
							"post": [14.8, -51.7, -9.9],
							"lerp_mode": "catmullrom"
						},
						"1.375": [3.71875, -51.7, -9.9],
						"1.625": {
							"pre": [3.9, -51.7, -9.9],
							"post": [3.9, -51.7, -9.9],
							"lerp_mode": "catmullrom"
						},
						"1.7917": {
							"post": [3.16, -51.7, -9.9],
							"lerp_mode": "catmullrom"
						},
						"2.25": {
							"post": [6.8, -51.7, -9.9],
							"lerp_mode": "catmullrom"
						},
						"2.8333": {
							"post": [3.67, -51.7, -9.9],
							"lerp_mode": "catmullrom"
						},
						"3.1667": [14.5, -51.7, -9.9],
						"3.4583": {
							"pre": [14.5, -51.7, -9.9],
							"post": [14.5, -51.7, -9.9],
							"lerp_mode": "catmullrom"
						},
						"3.6667": {
							"post": [12.60666, -51.75805, -11.5251],
							"lerp_mode": "catmullrom"
						},
						"3.8333": {
							"post": [14.5, -51.7, -9.9],
							"lerp_mode": "catmullrom"
						},
						"4.125": [14.5, -51.7, -9.9],
						"4.875": {
							"pre": [15.43, -45.55, -3.96],
							"post": [15.43, -45.55, -3.96],
							"lerp_mode": "catmullrom"
						},
						"5.5": {
							"post": [-41.32, -8.47, 23.77],
							"lerp_mode": "catmullrom"
						},
						"6.0417": {
							"post": [-40.3, -31.9, 37.3],
							"lerp_mode": "catmullrom"
						},
						"6.375": {
							"post": [-34.69072, -33.61392, 38.16592],
							"lerp_mode": "catmullrom"
						},
						"6.7083": {
							"post": [-40.3, -31.9, 37.3],
							"lerp_mode": "catmullrom"
						},
						"7.2083": [-40.3, -22.5, 37.3],
						"7.5": {
							"pre": [-43.61, -13.61, 22.57],
							"post": [-43.61, -13.61, 22.57],
							"lerp_mode": "catmullrom"
						},
						"7.75": {
							"post": [-16.36155, -10.79116, 14.7473],
							"lerp_mode": "catmullrom"
						},
						"7.9583": {
							"post": [-20.69, -10.2, 21.77125],
							"lerp_mode": "catmullrom"
						},
						"8.2083": [-21.75, -2.9, 3.3],
						"8.4167": {
							"pre": [-16.38, -2.43, 9.6675],
							"post": [-16.38, -2.43, 9.6675],
							"lerp_mode": "catmullrom"
						},
						"8.6667": {
							"post": [-7.66, -2.85, -0.7375],
							"lerp_mode": "catmullrom"
						},
						"8.9167": {
							"post": [-3.85, -2.67, 0.4],
							"lerp_mode": "catmullrom"
						},
						"9.2917": [-7.8, 1.2, -3.3],
						"9.625": {
							"pre": [7.32125, 1.84, -0.1],
							"post": [7.32125, 1.84, -0.1],
							"lerp_mode": "catmullrom"
						},
						"9.9583": {
							"post": [-15.2, 2.1, 5.2],
							"lerp_mode": "catmullrom"
						},
						"10.25": {
							"post": [-7.825, 2.1, 5.2],
							"lerp_mode": "catmullrom"
						},
						"10.4583": {
							"post": [-11.625, 1.2, 1.0875],
							"lerp_mode": "catmullrom"
						},
						"10.9583": {
							"post": [-11.625, 1.2, 14.5],
							"lerp_mode": "catmullrom"
						},
						"11.2917": {
							"post": [-11.14, 1.2, 15.81],
							"lerp_mode": "catmullrom"
						},
						"12.0417": {
							"post": [-3.1875, 1.2, 14.5],
							"lerp_mode": "catmullrom"
						},
						"12.5417": {
							"post": [-18, 1.2, -1.87],
							"lerp_mode": "catmullrom"
						},
						"12.6667": {
							"post": [-20.1, 1.2, -5.79],
							"lerp_mode": "catmullrom"
						},
						"12.7917": {
							"post": [-15, 1.2, -0.9],
							"lerp_mode": "catmullrom"
						},
						"12.9583": {
							"post": [-17.73375, 1.21, -2.635],
							"lerp_mode": "catmullrom"
						},
						"13.2083": {
							"post": [-13.85, 1.2, 2.15625],
							"lerp_mode": "catmullrom"
						},
						"13.2917": {
							"post": [-13.85, 1.2, 2.15625],
							"lerp_mode": "catmullrom"
						},
						"13.5417": [-16.19, 1.02, -4.66],
						"13.9167": [0.93, 0.8, -2.86],
						"14.25": {
							"pre": [2.72, 0.53, -1.91],
							"post": [2.72, 0.53, -1.91],
							"lerp_mode": "catmullrom"
						},
						"14.625": {
							"post": [-1.84386, -0.48973, 4.37468],
							"lerp_mode": "catmullrom"
						},
						"14.8333": {
							"post": [-1.41675, -1.25452, 9.08818],
							"lerp_mode": "catmullrom"
						},
						"15.3333": {
							"post": [0.16164, 0.31467, -1.76164],
							"lerp_mode": "catmullrom"
						},
						"15.5417": {
							"post": [2, 0, 0],
							"lerp_mode": "catmullrom"
						},
						"15.7083": {
							"post": [0, 0, 0],
							"lerp_mode": "catmullrom"
						}
					},
					"position": {
						"0.0": {
							"post": [0, 0, 0],
							"lerp_mode": "catmullrom"
						},
						"0.375": {
							"post": [0, -1.1, 0],
							"lerp_mode": "catmullrom"
						},
						"0.6667": {
							"post": [-0.8, 1.7, 2.4],
							"lerp_mode": "catmullrom"
						},
						"0.8333": {
							"post": [-0.8, 1.7, 2.4],
							"lerp_mode": "catmullrom"
						},
						"1.0833": {
							"post": [-0.22, -0.51, 0.65],
							"lerp_mode": "catmullrom"
						},
						"1.2083": {
							"post": [0, 0, 0],
							"lerp_mode": "catmullrom"
						},
						"1.625": {
							"post": [0.02, 0.94, -0.05],
							"lerp_mode": "catmullrom"
						},
						"2.25": {
							"post": [0, 0, 0],
							"lerp_mode": "catmullrom"
						},
						"3.1667": {
							"post": [0, 2, 0],
							"lerp_mode": "catmullrom"
						},
						"3.375": {
							"post": [0, 2, 0],
							"lerp_mode": "catmullrom"
						},
						"3.5417": {
							"post": [0, 1.74375, -0.30625],
							"lerp_mode": "catmullrom"
						},
						"3.8333": {
							"post": [0, 2, 0],
							"lerp_mode": "catmullrom"
						},
						"4.125": {
							"post": [0, 2, 0],
							"lerp_mode": "catmullrom"
						},
						"4.5833": {
							"post": [0.12, -3.235, 1.89],
							"lerp_mode": "catmullrom"
						},
						"4.9167": {
							"post": [0, 2.74875, 3.7],
							"lerp_mode": "catmullrom"
						},
						"5.2917": {
							"post": [-1.7625, 1.62, 8.3425],
							"lerp_mode": "catmullrom"
						},
						"5.5833": {
							"post": [-1.7625, -1.78, 7.3425],
							"lerp_mode": "catmullrom"
						},
						"5.9167": {
							"post": [0, -1.1, 4],
							"lerp_mode": "catmullrom"
						},
						"6.25": {
							"post": [0.01, -2.06, 3.83],
							"lerp_mode": "catmullrom"
						},
						"6.7083": {
							"post": [0.03, 0.25, 3.65],
							"lerp_mode": "catmullrom"
						},
						"7.2083": {
							"post": [0, 0, 4],
							"lerp_mode": "catmullrom"
						},
						"7.375": {
							"post": [-0.25, -1.88, 6.99],
							"lerp_mode": "catmullrom"
						},
						"7.6667": {
							"post": [-0.4, -4.81, 7.77],
							"lerp_mode": "catmullrom"
						},
						"8.0": {
							"post": [-0.4, -0.81, 7.77],
							"lerp_mode": "catmullrom"
						},
						"8.5": {
							"post": [-2.06, -3.89, 9.37],
							"lerp_mode": "catmullrom"
						},
						"9.2917": {
							"post": [-1.7, -3.3, 11.1],
							"lerp_mode": "catmullrom"
						},
						"9.4583": {
							"post": [-1.69, -4.765, 11.18],
							"lerp_mode": "catmullrom"
						},
						"9.75": {
							"post": [-1.75, -3.02125, 10.95],
							"lerp_mode": "catmullrom"
						},
						"10.125": {
							"post": [-1.7, -8.99375, 11.1],
							"lerp_mode": "catmullrom"
						},
						"10.4167": {
							"post": [-1.7, -8.99375, 11.1],
							"lerp_mode": "catmullrom"
						},
						"10.875": {
							"post": [-1.7, -5.9, 15.02],
							"lerp_mode": "catmullrom"
						},
						"11.2917": {
							"post": [-1.7, -5.4, 15.56],
							"lerp_mode": "catmullrom"
						},
						"12.0": {
							"post": [-1.7, -6.4925, 17.45],
							"lerp_mode": "catmullrom"
						},
						"12.2083": {
							"post": [-1.7, -4.5, 18.35],
							"lerp_mode": "catmullrom"
						},
						"12.5417": {
							"post": [-1.7, -7.05, 15.24],
							"lerp_mode": "catmullrom"
						},
						"12.625": {
							"post": [-1.7, -8.7425, 14.46],
							"lerp_mode": "catmullrom"
						},
						"12.7917": {
							"post": [-1.7, -5.5, 13.75],
							"lerp_mode": "catmullrom"
						},
						"12.9583": {
							"post": [-1.71, -6.01, 14.03],
							"lerp_mode": "catmullrom"
						},
						"13.0833": {
							"post": [-1.7, -6.175, 13.75],
							"lerp_mode": "catmullrom"
						},
						"13.4167": {
							"post": [-1.7, -5.5, 15.15],
							"lerp_mode": "catmullrom"
						},
						"13.9583": {
							"post": [1.415, -8.87, 12.03],
							"lerp_mode": "catmullrom"
						},
						"14.25": {
							"post": [-2.22625, -0.99, 8.78125],
							"lerp_mode": "catmullrom"
						},
						"14.625": {
							"post": [-0.2975, 4.63875, 3.6925],
							"lerp_mode": "catmullrom"
						},
						"15.0417": {
							"post": [0.41, -0.18, 7.5125],
							"lerp_mode": "catmullrom"
						},
						"15.4167": {
							"post": [1, -1.2, 1.4],
							"lerp_mode": "catmullrom"
						},
						"15.7083": {
							"post": [0, 0, 0],
							"lerp_mode": "catmullrom"
						}
					}
				},
				"lefthand": {
					"rotation": {
						"0.6667": [53.4179, -382.72009, -112.55617],
						"0.9167": [56.53409, -346.16462, -112.15861],
						"1.1667": [56.41806, -353.736, -105.68186],
						"4.2917": [56.41806, -353.736, -105.68186],
						"5.2083": [66.49927, -358.01625, -110.45148],
						"5.5833": [76.42279, -366.29256, -124.3898],
						"9.4167": [76.42279, -366.29256, -124.3898],
						"10.2917": [126.58926, -365.01948, -260.76029],
						"10.4167": [126.58926, -365.01948, -260.76029],
						"10.9583": [121.36555, -370.29732, -192.91245],
						"12.1667": [121.36555, -370.29732, -192.91245],
						"12.5833": [126.58926, -365.01948, -260.76029],
						"12.6667": [126.58926, -365.01948, -260.76029],
						"13.9167": [53.4179, -382.72009, -112.55617]
					},
					"position": {
						"0.6667": [7, -20.5, -3],
						"0.9167": [9, -29, -7.5],
						"1.1667": [11, -27.5, -12],
						"4.2917": [11, -27.5, -12],
						"5.2083": [6, -28, -11],
						"5.5833": [7, -24.5, -10],
						"9.4167": [7, -24.5, -10],
						"9.8333": [12.5, -16, -1.5],
						"10.2917": [8, -7.5, -3],
						"10.4167": [8, -7.5, -3],
						"10.9583": [12, -0.5, -13],
						"12.1667": [12, -0.5, -13],
						"12.5833": [8, -7.5, -3],
						"12.6667": [8, -7.5, -3],
						"13.2917": [10.43, -14.93, -2],
						"13.9167": [7, -20.5, -3]
					},
					"scale": {
						"0.6667": [1, 1.5, 1],
						"5.5833": [1, 1.5, 1]
					}
				},
				"righthand": {
					"rotation": {
						"0.0": [106.64867, -339.29519, -170.99283],
						"7.875": [106.65, -339.3, -170.99],
						"8.4583": [56.29879, -358.8112, -217.31809],
						"14.625": [56.29879, -358.8112, -217.31809],
						"15.3333": [106.65, -339.3, -170.99]
					},
					"position": {
						"0.0": [-9.5, -9.75, 13.5],
						"7.875": [-9.5, -9.75, 13.5],
						"8.4583": [-11.5, -17.75, -7.5],
						"14.625": [-11.5, -17.75, -7.5],
						"14.8333": [-12.77, -14.84, 0.14],
						"15.3333": [-9.5, -9.75, 13.5]
					},
					"scale": {
						"7.875": [1, 1, 1],
						"8.4583": [1, 1.5, 1],
						"14.625": [1, 1.5, 1],
						"15.3333": [1, 1, 1]
					}
				},
				"top_cover": {
					"rotation": {
						"10.4167": [0, 0, 0],
						"10.9583": [67.5, 0, 0],
						"12.1667": [67.5, 0, 0],
						"12.5833": [0, 0, 0]
					}
				},
				"cover": {
					"rotation": {
						"10.4167": [0, 0, 0],
						"10.9583": [67.5, 0, 0],
						"12.1667": [67.5, 0, 0],
						"12.5833": [0, 0, 0]
					}
				},
				"camera": {
					"rotation": {
						"0.0": {
							"post": [0, 0, 0],
							"lerp_mode": "catmullrom"
						},
						"0.375": {
							"post": [3.12375, -1.02, 0],
							"lerp_mode": "catmullrom"
						},
						"0.9167": {
							"post": [-0.697, 0.85, 0],
							"lerp_mode": "catmullrom"
						},
						"1.375": {
							"post": [2.72, -2.04, 0],
							"lerp_mode": "catmullrom"
						},
						"2.125": {
							"post": [0.96156, -2.04, 0],
							"lerp_mode": "catmullrom"
						},
						"2.7083": {
							"post": [2.0655, -2.04, 0],
							"lerp_mode": "catmullrom"
						},
						"3.0": {
							"post": [2.0655, -2.04, 0],
							"lerp_mode": "catmullrom"
						},
						"3.2917": {
							"post": [2.0655, 1.19, 0],
							"lerp_mode": "catmullrom"
						},
						"4.0833": {
							"post": [2.0655, 1.66813, 0],
							"lerp_mode": "catmullrom"
						},
						"4.6667": {
							"post": [8.60519, 1.666, 0],
							"lerp_mode": "catmullrom"
						},
						"4.9583": {
							"post": [8.602, 1.666, -1.80625],
							"lerp_mode": "catmullrom"
						},
						"5.2917": {
							"post": [-1.01894, -0.27837, 0],
							"lerp_mode": "catmullrom"
						},
						"5.7083": {
							"post": [9.35956, 0.119, -0.323],
							"lerp_mode": "catmullrom"
						},
						"6.0": {
							"post": [4.96719, 0.88506, 0],
							"lerp_mode": "catmullrom"
						},
						"6.4583": {
							"post": [6.77025, 0.884, 5.65781],
							"lerp_mode": "catmullrom"
						},
						"6.9167": {
							"post": [4.964, 0.289, -0.99025],
							"lerp_mode": "catmullrom"
						},
						"7.2083": {
							"post": [4.964, 0.884, 0.65556],
							"lerp_mode": "catmullrom"
						},
						"7.75": {
							"post": [12.71494, 2.22806, 0.6545],
							"lerp_mode": "catmullrom"
						},
						"8.125": {
							"post": [-0.034, 2.227, 0.6545],
							"lerp_mode": "catmullrom"
						},
						"8.7083": {
							"post": [9.316, 2.227, 0.6545],
							"lerp_mode": "catmullrom"
						},
						"9.1667": {
							"post": [5.916, 2.227, 0.6545],
							"lerp_mode": "catmullrom"
						},
						"9.5833": {
							"post": [12.86475, 2.227, 0.6545],
							"lerp_mode": "catmullrom"
						},
						"10.0": {
							"post": [10.65369, 2.227, -0.71612],
							"lerp_mode": "catmullrom"
						},
						"10.4583": {
							"post": [19.27269, 2.227, -0.714],
							"lerp_mode": "catmullrom"
						},
						"11.0": {
							"post": [5.90325, 2.227, -0.714],
							"lerp_mode": "catmullrom"
						},
						"11.9583": {
							"post": [9.1375, 2.227, -0.714],
							"lerp_mode": "catmullrom"
						},
						"12.2083": {
							"post": [1.98156, 2.227, -0.714],
							"lerp_mode": "catmullrom"
						},
						"12.625": {
							"post": [6.8255, 2.227, -0.714],
							"lerp_mode": "catmullrom"
						},
						"12.75": {
							"post": [11.19875, 2.227, -0.714],
							"lerp_mode": "catmullrom"
						},
						"12.8333": {
							"post": [10.2085, 2.227, -0.714],
							"lerp_mode": "catmullrom"
						},
						"13.125": {
							"post": [14.127, 2.227, 0.87444],
							"lerp_mode": "catmullrom"
						},
						"13.5417": {
							"post": [5.99675, 2.227, -0.57056],
							"lerp_mode": "catmullrom"
						},
						"14.0": {
							"post": [13.52881, 2.227, -0.5695],
							"lerp_mode": "catmullrom"
						},
						"14.5833": {
							"post": [-2.62862, 2.227, 3.91956],
							"lerp_mode": "catmullrom"
						},
						"14.875": {
							"post": [1.20913, 2.227, -1.00087],
							"lerp_mode": "catmullrom"
						},
						"15.2917": {
							"post": [0, 0, 0.97219],
							"lerp_mode": "catmullrom"
						},
						"15.625": {
							"post": [0, 0, 0],
							"lerp_mode": "catmullrom"
						}
					}
				},
				"bullet_chain2": {
					"scale": 0
				}
			},
			"sound_effects": {
				"0.0": {
					"effect": "rcp:mk19/rattle"
				},
				"0.375": {
					"effect": "rcp:mk19/bulletchain2"
				},
				"0.6667": {
					"effect": "rcp:mk19/rattle6"
				},
				"2.7083": {
					"effect": "rcp:mk19/rattle6"
				},
				"2.875": {
					"effect": "rcp:mk19/cloth_rub3"
				},
				"4.5": {
					"effect": "rcp:mk19/clothrub3"
				},
				"4.7917": {
					"effect": "rcp:mk19/rattle4"
				},
				"5.0": {
					"effect": "rcp:mk19/bulletchain2"
				},
				"7.2917": {
					"effect": "rcp:mk19/rattle6"
				},
				"7.9167": {
					"effect": "rcp:mk19/rattle1"
				},
				"8.6667": {
					"effect": "rcp:mk19/cloth_rub3"
				},
				"10.25": {
					"effect": "rcp:mk19/opencover2"
				},
				"12.375": {
					"effect": "rcp:mk19/close_cover"
				},
				"13.8333": {
					"effect": "rcp:mk19/cloth_rub"
				},
				"14.7917": {
					"effect": "rcp:mk19/cloth_rub2"
				}
			}
		},
		"inspect_empty": {
			"loop": "hold_on_last_frame",
			"animation_length": 15.7083,
			"bones": {
				"root": {
					"rotation": {
						"0.0": {
							"post": [0, 0, 0],
							"lerp_mode": "catmullrom"
						},
						"0.375": {
							"post": [10.61, -16.16, -3.09],
							"lerp_mode": "catmullrom"
						},
						"0.6667": {
							"post": [-19.36, -29.08, 1.83],
							"lerp_mode": "catmullrom"
						},
						"0.8333": {
							"post": [-21.71135, -38.44943, 6.04524],
							"lerp_mode": "catmullrom"
						},
						"1.0833": {
							"post": [14.8, -51.7, -9.9],
							"lerp_mode": "catmullrom"
						},
						"1.375": [3.71875, -51.7, -9.9],
						"1.625": {
							"pre": [3.9, -51.7, -9.9],
							"post": [3.9, -51.7, -9.9],
							"lerp_mode": "catmullrom"
						},
						"1.7917": {
							"post": [3.16, -51.7, -9.9],
							"lerp_mode": "catmullrom"
						},
						"2.25": {
							"post": [6.8, -51.7, -9.9],
							"lerp_mode": "catmullrom"
						},
						"2.8333": {
							"post": [3.67, -51.7, -9.9],
							"lerp_mode": "catmullrom"
						},
						"3.1667": [14.5, -51.7, -9.9],
						"3.4583": {
							"pre": [14.5, -51.7, -9.9],
							"post": [14.5, -51.7, -9.9],
							"lerp_mode": "catmullrom"
						},
						"3.6667": {
							"post": [12.60666, -51.75805, -11.5251],
							"lerp_mode": "catmullrom"
						},
						"3.8333": {
							"post": [14.5, -51.7, -9.9],
							"lerp_mode": "catmullrom"
						},
						"4.125": [14.5, -51.7, -9.9],
						"4.875": {
							"pre": [15.43, -45.55, -3.96],
							"post": [15.43, -45.55, -3.96],
							"lerp_mode": "catmullrom"
						},
						"5.5": {
							"post": [-41.32, -8.47, 23.77],
							"lerp_mode": "catmullrom"
						},
						"6.0417": {
							"post": [-40.3, -31.9, 37.3],
							"lerp_mode": "catmullrom"
						},
						"6.375": {
							"post": [-34.69072, -33.61392, 38.16592],
							"lerp_mode": "catmullrom"
						},
						"6.7083": {
							"post": [-40.3, -31.9, 37.3],
							"lerp_mode": "catmullrom"
						},
						"7.2083": [-40.3, -22.5, 37.3],
						"7.5": {
							"pre": [-43.61, -13.61, 22.57],
							"post": [-43.61, -13.61, 22.57],
							"lerp_mode": "catmullrom"
						},
						"7.75": {
							"post": [-16.36155, -10.79116, 14.7473],
							"lerp_mode": "catmullrom"
						},
						"7.9583": {
							"post": [-20.69, -10.2, 21.77125],
							"lerp_mode": "catmullrom"
						},
						"8.2083": [-21.75, -2.9, 3.3],
						"8.4167": {
							"pre": [-16.38, -2.43, 9.6675],
							"post": [-16.38, -2.43, 9.6675],
							"lerp_mode": "catmullrom"
						},
						"8.6667": {
							"post": [-7.66, -2.85, -0.7375],
							"lerp_mode": "catmullrom"
						},
						"8.9167": {
							"post": [-3.85, -2.67, 0.4],
							"lerp_mode": "catmullrom"
						},
						"9.2917": [-7.8, 1.2, -3.3],
						"9.625": {
							"pre": [7.32125, 1.84, -0.1],
							"post": [7.32125, 1.84, -0.1],
							"lerp_mode": "catmullrom"
						},
						"9.9583": {
							"post": [-15.2, 2.1, 5.2],
							"lerp_mode": "catmullrom"
						},
						"10.25": {
							"post": [-7.825, 2.1, 5.2],
							"lerp_mode": "catmullrom"
						},
						"10.4583": {
							"post": [-11.625, 1.2, 1.0875],
							"lerp_mode": "catmullrom"
						},
						"10.9583": {
							"post": [-11.625, 1.2, 14.5],
							"lerp_mode": "catmullrom"
						},
						"11.2917": {
							"post": [-11.14, 1.2, 15.81],
							"lerp_mode": "catmullrom"
						},
						"12.0417": {
							"post": [-3.1875, 1.2, 14.5],
							"lerp_mode": "catmullrom"
						},
						"12.5417": {
							"post": [-18, 1.2, -1.87],
							"lerp_mode": "catmullrom"
						},
						"12.6667": {
							"post": [-24.2, 1.2, -7.49],
							"lerp_mode": "catmullrom"
						},
						"12.7917": {
							"post": [-15, 1.2, -0.9],
							"lerp_mode": "catmullrom"
						},
						"12.9167": {
							"post": [-17.73375, 1.21, -6.535],
							"lerp_mode": "catmullrom"
						},
						"13.0833": {
							"post": [-13.85, 1.2, 2.15625],
							"lerp_mode": "catmullrom"
						},
						"13.2917": [-19, 1.2, -5.3],
						"13.5417": [-16.19, 1.02, -4.66],
						"13.9167": [0.93, 0.8, -2.86],
						"14.25": {
							"pre": [2.72, 0.53, -1.91],
							"post": [2.72, 0.53, -1.91],
							"lerp_mode": "catmullrom"
						},
						"14.625": {
							"post": [-1.84386, -0.48973, 4.37468],
							"lerp_mode": "catmullrom"
						},
						"14.8333": {
							"post": [-1.41675, -1.25452, 9.08818],
							"lerp_mode": "catmullrom"
						},
						"15.3333": {
							"post": [0.16164, 0.31467, -1.76164],
							"lerp_mode": "catmullrom"
						},
						"15.5417": {
							"post": [2, 0, 0],
							"lerp_mode": "catmullrom"
						},
						"15.7083": {
							"post": [0, 0, 0],
							"lerp_mode": "catmullrom"
						}
					},
					"position": {
						"0.0": {
							"post": [0, 0, 0],
							"lerp_mode": "catmullrom"
						},
						"0.375": {
							"post": [0, -1.1, 0],
							"lerp_mode": "catmullrom"
						},
						"0.6667": {
							"post": [-0.8, 1.7, 2.4],
							"lerp_mode": "catmullrom"
						},
						"0.8333": {
							"post": [-0.8, 1.7, 2.4],
							"lerp_mode": "catmullrom"
						},
						"1.0833": {
							"post": [-0.22, -0.51, 0.65],
							"lerp_mode": "catmullrom"
						},
						"1.2083": {
							"post": [0, 0, 0],
							"lerp_mode": "catmullrom"
						},
						"1.625": {
							"post": [0.02, 0.94, -0.05],
							"lerp_mode": "catmullrom"
						},
						"2.25": {
							"post": [0, 0, 0],
							"lerp_mode": "catmullrom"
						},
						"3.1667": {
							"post": [0, 2, 0],
							"lerp_mode": "catmullrom"
						},
						"3.375": {
							"post": [0, 2, 0],
							"lerp_mode": "catmullrom"
						},
						"3.5417": {
							"post": [0, 1.74375, -0.30625],
							"lerp_mode": "catmullrom"
						},
						"3.8333": {
							"post": [0, 2, 0],
							"lerp_mode": "catmullrom"
						},
						"4.125": {
							"post": [0, 2, 0],
							"lerp_mode": "catmullrom"
						},
						"4.5833": {
							"post": [0.12, -3.235, 1.89],
							"lerp_mode": "catmullrom"
						},
						"4.9167": {
							"post": [0, 2.74875, 3.7],
							"lerp_mode": "catmullrom"
						},
						"5.2917": {
							"post": [-1.7625, 1.62, 8.3425],
							"lerp_mode": "catmullrom"
						},
						"5.5833": {
							"post": [-1.7625, -1.78, 7.3425],
							"lerp_mode": "catmullrom"
						},
						"5.9167": {
							"post": [0, -1.1, 4],
							"lerp_mode": "catmullrom"
						},
						"6.25": {
							"post": [0.01, -2.06, 3.83],
							"lerp_mode": "catmullrom"
						},
						"6.7083": {
							"post": [0.03, 0.25, 3.65],
							"lerp_mode": "catmullrom"
						},
						"7.2083": {
							"post": [0, 0, 4],
							"lerp_mode": "catmullrom"
						},
						"7.375": {
							"post": [-0.25, -1.88, 6.99],
							"lerp_mode": "catmullrom"
						},
						"7.6667": {
							"post": [-0.4, -4.81, 7.77],
							"lerp_mode": "catmullrom"
						},
						"8.0": {
							"post": [-0.4, -0.81, 7.77],
							"lerp_mode": "catmullrom"
						},
						"8.5": {
							"post": [-2.06, -3.89, 9.37],
							"lerp_mode": "catmullrom"
						},
						"9.2917": {
							"post": [-1.7, -3.3, 11.1],
							"lerp_mode": "catmullrom"
						},
						"9.4583": {
							"post": [-1.69, -4.765, 11.18],
							"lerp_mode": "catmullrom"
						},
						"9.75": {
							"post": [-1.75, -3.02125, 10.95],
							"lerp_mode": "catmullrom"
						},
						"10.125": {
							"post": [-1.7, -8.99375, 11.1],
							"lerp_mode": "catmullrom"
						},
						"10.4167": {
							"post": [-1.7, -8.99375, 11.1],
							"lerp_mode": "catmullrom"
						},
						"10.875": {
							"post": [-1.7, -5.9, 15.02],
							"lerp_mode": "catmullrom"
						},
						"11.2917": {
							"post": [-1.7, -5.4, 15.56],
							"lerp_mode": "catmullrom"
						},
						"12.0": {
							"post": [-1.7, -6.4925, 17.45],
							"lerp_mode": "catmullrom"
						},
						"12.2083": {
							"post": [-1.7, -4.5, 18.35],
							"lerp_mode": "catmullrom"
						},
						"12.5417": {
							"post": [-1.7, -7.05, 15.24],
							"lerp_mode": "catmullrom"
						},
						"12.6667": {
							"post": [-1.7, -9.5425, 14.46],
							"lerp_mode": "catmullrom"
						},
						"12.7917": {
							"post": [-1.7, -5.5, 13.75],
							"lerp_mode": "catmullrom"
						},
						"12.9583": {
							"post": [-1.71, -6.81, 14.03],
							"lerp_mode": "catmullrom"
						},
						"13.0833": {
							"post": [-1.7, -6.175, 13.75],
							"lerp_mode": "catmullrom"
						},
						"13.4167": {
							"post": [-1.7, -5.5, 15.15],
							"lerp_mode": "catmullrom"
						},
						"13.9583": {
							"post": [1.415, -8.87, 12.03],
							"lerp_mode": "catmullrom"
						},
						"14.25": {
							"post": [-2.22625, -0.99, 13.68125],
							"lerp_mode": "catmullrom"
						},
						"14.625": {
							"post": [-0.2975, 4.63875, 10.6925],
							"lerp_mode": "catmullrom"
						},
						"15.0417": {
							"post": [0.41, -0.18, 7.5125],
							"lerp_mode": "catmullrom"
						},
						"15.4167": {
							"post": [1, -1.2, 1.4],
							"lerp_mode": "catmullrom"
						},
						"15.7083": {
							"post": [0, 0, 0],
							"lerp_mode": "catmullrom"
						}
					}
				},
				"lefthand": {
					"rotation": {
						"0.6667": [53.4179, -382.72009, -112.55617],
						"0.9167": [56.53409, -346.16462, -112.15861],
						"1.1667": [56.41806, -353.736, -105.68186],
						"4.2917": [56.41806, -353.736, -105.68186],
						"5.2083": [66.49927, -358.01625, -110.45148],
						"5.5833": [76.42279, -366.29256, -124.3898],
						"9.4167": [76.42279, -366.29256, -124.3898],
						"10.2917": [126.58926, -365.01948, -260.76029],
						"10.4167": [126.58926, -365.01948, -260.76029],
						"10.9583": [121.36555, -370.29732, -192.91245],
						"12.1667": [121.36555, -370.29732, -192.91245],
						"12.5833": [126.58926, -365.01948, -260.76029],
						"12.6667": [126.58926, -365.01948, -260.76029],
						"13.9167": [53.4179, -382.72009, -112.55617]
					},
					"position": {
						"0.6667": [7, -20.5, -3],
						"0.9167": [9, -29, -7.5],
						"1.1667": [11, -27.5, -12],
						"4.2917": [11, -27.5, -12],
						"5.2083": [6, -28, -11],
						"5.5833": [7, -24.5, -10],
						"9.4167": [7, -24.5, -10],
						"9.8333": [12.5, -16, -1.5],
						"10.2917": [8, -7.5, -3],
						"10.4167": [8, -7.5, -3],
						"10.9583": [12, -0.5, -13],
						"12.1667": [12, -0.5, -13],
						"12.5833": [8, -7.5, -3],
						"12.6667": [8, -7.5, -3],
						"13.2917": [10.43, -14.93, -2],
						"13.9167": [7, -20.5, -3]
					},
					"scale": {
						"0.6667": [1, 1.5, 1],
						"5.5833": [1, 1.5, 1]
					}
				},
				"righthand": {
					"rotation": {
						"0.0": [106.64867, -339.29519, -170.99283],
						"7.5": [106.65, -339.3, -170.99],
						"9.2083": [56.29879, -358.8112, -217.31809],
						"14.625": [56.29879, -358.8112, -217.31809],
						"15.3333": [106.65, -339.3, -170.99]
					},
					"position": {
						"0.0": [-9.5, -9.75, 13.5],
						"7.5": [-9.5, -9.75, 13.5],
						"9.2083": [-11.5, -17.75, -7.5],
						"14.625": [-11.5, -17.75, -7.5],
						"14.8333": [-12.77, -14.84, 0.14],
						"15.3333": [-9.5, -9.75, 13.5]
					},
					"scale": {
						"7.5": [1, 1, 1],
						"9.2083": [1, 1.5, 1],
						"14.625": [1, 1.5, 1],
						"15.3333": [1, 1, 1]
					}
				},
				"top_cover": {
					"rotation": {
						"10.4167": [0, 0, 0],
						"10.9583": [67.5, 0, 0],
						"12.1667": [67.5, 0, 0],
						"12.5833": [0, 0, 0]
					}
				},
				"camera": {
					"rotation": {
						"0.0": {
							"post": [0, 0, 0],
							"lerp_mode": "catmullrom"
						},
						"0.375": {
							"post": [3.12375, -1.02, 0],
							"lerp_mode": "catmullrom"
						},
						"0.9167": {
							"post": [-0.697, 0.85, 0],
							"lerp_mode": "catmullrom"
						},
						"1.375": {
							"post": [2.72, -2.04, 0],
							"lerp_mode": "catmullrom"
						},
						"2.125": {
							"post": [0.96156, -2.04, 0],
							"lerp_mode": "catmullrom"
						},
						"2.7083": {
							"post": [2.0655, -2.04, 0],
							"lerp_mode": "catmullrom"
						},
						"3.0": {
							"post": [2.0655, -2.04, 0],
							"lerp_mode": "catmullrom"
						},
						"3.2917": {
							"post": [2.0655, 1.19, 0],
							"lerp_mode": "catmullrom"
						},
						"4.0833": {
							"post": [2.0655, 1.66813, 0],
							"lerp_mode": "catmullrom"
						},
						"4.6667": {
							"post": [8.60519, 1.666, 0],
							"lerp_mode": "catmullrom"
						},
						"4.9583": {
							"post": [8.602, 1.666, -1.80625],
							"lerp_mode": "catmullrom"
						},
						"5.2917": {
							"post": [-1.01894, -0.27837, 0],
							"lerp_mode": "catmullrom"
						},
						"5.7083": {
							"post": [9.35956, 0.119, -0.323],
							"lerp_mode": "catmullrom"
						},
						"6.0": {
							"post": [4.96719, 0.88506, 0],
							"lerp_mode": "catmullrom"
						},
						"6.4583": {
							"post": [6.77025, 0.884, 5.65781],
							"lerp_mode": "catmullrom"
						},
						"6.9167": {
							"post": [4.964, 0.289, -0.99025],
							"lerp_mode": "catmullrom"
						},
						"7.2083": {
							"post": [4.964, 0.884, 0.65556],
							"lerp_mode": "catmullrom"
						},
						"7.75": {
							"post": [12.71494, 2.22806, 0.6545],
							"lerp_mode": "catmullrom"
						},
						"8.125": {
							"post": [-0.034, 2.227, 0.6545],
							"lerp_mode": "catmullrom"
						},
						"8.7083": {
							"post": [9.316, 2.227, 0.6545],
							"lerp_mode": "catmullrom"
						},
						"9.1667": {
							"post": [5.916, 2.227, 0.6545],
							"lerp_mode": "catmullrom"
						},
						"9.5833": {
							"post": [12.86475, 2.227, 0.6545],
							"lerp_mode": "catmullrom"
						},
						"10.0": {
							"post": [10.65369, 2.227, -0.71612],
							"lerp_mode": "catmullrom"
						},
						"10.4583": {
							"post": [19.27269, 2.227, -0.714],
							"lerp_mode": "catmullrom"
						},
						"11.0": {
							"post": [5.90325, 2.227, -0.714],
							"lerp_mode": "catmullrom"
						},
						"11.9583": {
							"post": [9.1375, 2.227, -0.714],
							"lerp_mode": "catmullrom"
						},
						"12.2083": {
							"post": [1.98156, 2.227, -0.714],
							"lerp_mode": "catmullrom"
						},
						"12.625": {
							"post": [6.8255, 2.227, -0.714],
							"lerp_mode": "catmullrom"
						},
						"12.75": {
							"post": [11.19875, 2.227, -0.714],
							"lerp_mode": "catmullrom"
						},
						"12.8333": {
							"post": [10.2085, 2.227, -0.714],
							"lerp_mode": "catmullrom"
						},
						"13.125": {
							"post": [14.127, 2.227, 0.87444],
							"lerp_mode": "catmullrom"
						},
						"13.5417": {
							"post": [5.99675, 2.227, -0.57056],
							"lerp_mode": "catmullrom"
						},
						"14.0": {
							"post": [13.52881, 2.227, -0.5695],
							"lerp_mode": "catmullrom"
						},
						"14.5833": {
							"post": [-2.62862, 2.227, 3.91956],
							"lerp_mode": "catmullrom"
						},
						"14.875": {
							"post": [1.20913, 2.227, -1.00087],
							"lerp_mode": "catmullrom"
						},
						"15.2917": {
							"post": [0, 0, 0.97219],
							"lerp_mode": "catmullrom"
						},
						"15.625": {
							"post": [0, 0, 0],
							"lerp_mode": "catmullrom"
						}
					}
				},
				"bullet_chain": {
					"scale": 0
				},
				"cover": {
					"rotation": {
						"10.4167": [0, 0, 0],
						"10.9583": [67.5, 0, 0],
						"12.1667": [67.5, 0, 0],
						"12.5833": [0, 0, 0]
					}
				},
				"bullet_chain2": {
					"scale": 0
				}
			},
			"sound_effects": {
				"0.0": {
					"effect": "rcp:mk19/rattle"
				},
				"0.6667": {
					"effect": "rcp:mk19/rattle6"
				},
				"2.7083": {
					"effect": "rcp:mk19/rattle6"
				},
				"2.875": {
					"effect": "rcp:mk19/cloth_rub3"
				},
				"4.5": {
					"effect": "rcp:mk19/clothrub3"
				},
				"4.7917": {
					"effect": "rcp:mk19/rattle4"
				},
				"7.2917": {
					"effect": "rcp:mk19/rattle6"
				},
				"7.9167": {
					"effect": "rcp:mk19/rattle1"
				},
				"8.6667": {
					"effect": "rcp:mk19/cloth_rub3"
				},
				"10.25": {
					"effect": "rcp:mk19/opencover2"
				},
				"12.375": {
					"effect": "rcp:mk19/close_cover"
				},
				"13.8333": {
					"effect": "rcp:mk19/cloth_rub"
				},
				"14.7917": {
					"effect": "rcp:mk19/cloth_rub2"
				}
			}
		},
		"draw": {
			"loop": "hold_on_last_frame",
			"animation_length": 2.6,
			"bones": {
				"lefthand": {
					"rotation": [53.4179, -382.72009, -112.55617],
					"position": [7, -20.5, -3],
					"scale": [1, 1.5, 1]
				},
				"righthand": {
					"rotation": [106.64867, -339.29519, -170.99283],
					"position": [-9.5, -9.75, 13.5]
				},
				"root": {
					"rotation": {
						"0.0": {
							"post": [15, -82.5, 0],
							"lerp_mode": "catmullrom"
						},
						"0.8667": {
							"post": [-37, -40, 0],
							"lerp_mode": "catmullrom"
						},
						"1.3667": {
							"post": [-40.08824, -37.64706, 0],
							"lerp_mode": "catmullrom"
						},
						"1.8667": {
							"post": [0, 0, 0],
							"lerp_mode": "catmullrom"
						},
						"2.6": {
							"post": [0, 0, 0],
							"lerp_mode": "catmullrom"
						}
					},
					"position": {
						"0.0": {
							"post": [0, -32, 4.8],
							"lerp_mode": "catmullrom"
						},
						"1.0": {
							"post": [0, -9.5, 9.8],
							"lerp_mode": "catmullrom"
						},
						"1.4667": {
							"post": [0, -5.18, 8.27],
							"lerp_mode": "catmullrom"
						},
						"1.8667": {
							"post": [0, 2.9, 0],
							"lerp_mode": "catmullrom"
						},
						"2.3333": {
							"post": [0, -3.8, -1.69],
							"lerp_mode": "catmullrom"
						},
						"2.6": {
							"post": [0, 0, 0],
							"lerp_mode": "catmullrom"
						}
					}
				},
				"camera": {
					"rotation": {
						"0.0": {
							"post": [5, 0, 0],
							"lerp_mode": "catmullrom"
						},
						"0.4333": {
							"post": [20.88852, 16.41371, 6.15491],
							"lerp_mode": "catmullrom"
						},
						"1.0": {
							"post": [0, 0, 0],
							"lerp_mode": "catmullrom"
						},
						"1.3333": {
							"post": [-10, 0, 0],
							"lerp_mode": "catmullrom"
						},
						"1.8667": {
							"post": [0, 0, 0],
							"lerp_mode": "catmullrom"
						},
						"2.3333": {
							"post": [8.24, 0, 0],
							"lerp_mode": "catmullrom"
						},
						"2.6": {
							"post": [0, 0, 0],
							"lerp_mode": "catmullrom"
						}
					},
					"position": {
						"0.0": [0, 0, 0],
						"2.3333": [0, 2, -3]
					}
				},
				"constraint": {
					"rotation": {
						"0.0": [0.2, 0.2, 0.4],
						"1.8667": [0.2, 0.2, 0.4]
					},
					"position": {
						"0.0": [0.1, 0.1, 0.1],
						"1.8667": [0.1, 0.1, 0.1]
					}
				},
				"bullet_chain2": {
					"scale": 0
				}
			}
		},
		"put_away": {
			"loop": "hold_on_last_frame",
			"animation_length": 2,
			"bones": {
				"lefthand": {
					"rotation": [53.4179, -382.72009, -112.55617],
					"position": [7, -20.5, -3],
					"scale": [1, 1.5, 1]
				},
				"righthand": {
					"rotation": [106.64867, -339.29519, -170.99283],
					"position": [-9.5, -9.75, 13.5]
				},
				"root": {
					"rotation": {
						"0.0": {
							"post": [0, 0, 0],
							"lerp_mode": "catmullrom"
						},
						"0.7": {
							"post": [9.3, -20, 0],
							"lerp_mode": "catmullrom"
						},
						"1.4": {
							"post": [-10.46566, -38.60584, 14.7994],
							"lerp_mode": "catmullrom"
						},
						"2.0": {
							"post": [-3.13816, -122.67314, -10.66454],
							"lerp_mode": "catmullrom"
						}
					},
					"position": {
						"0.0": {
							"post": [0, 0, 0],
							"lerp_mode": "catmullrom"
						},
						"0.1667": {
							"post": [0.17, -2.27, 1.23],
							"lerp_mode": "catmullrom"
						},
						"0.5333": {
							"post": [0, 2, 7],
							"lerp_mode": "catmullrom"
						},
						"0.9667": {
							"post": [0, 1, 7],
							"lerp_mode": "catmullrom"
						},
						"1.4": {
							"post": [2, -14, 12],
							"lerp_mode": "catmullrom"
						},
						"2.0": {
							"post": [15, -31, 15],
							"lerp_mode": "catmullrom"
						}
					}
				},
				"camera": {
					"rotation": {
						"0.0": {
							"post": [0, 0, 0],
							"lerp_mode": "catmullrom"
						},
						"0.3333": {
							"post": [-2.5, -2.5, 0],
							"lerp_mode": "catmullrom"
						},
						"1.2333": {
							"post": [4.98087, 7.49046, -0.43772],
							"lerp_mode": "catmullrom"
						},
						"1.6667": {
							"post": [4.98, -3.51, -0.44],
							"lerp_mode": "catmullrom"
						},
						"2.0": {
							"post": [0, 0, 0],
							"lerp_mode": "catmullrom"
						}
					}
				},
				"constraint": {
					"rotation": [0.2, 0.2, 0.4],
					"position": [0.1, 0.1, 0.1]
				}
			}
		},
		"shoot": {
			"animation_length": 1,
			"bones": {
				"root": {
					"rotation": {
						"0.0": [0, 0, 0],
						"0.0417": [2.583, 0, 1.533],
						"0.125": [-3.927, 0, -2.457],
						"0.1667": [-4.179, 0, -2.583],
						"0.2083": [-1.911, 0, -0.735],
						"0.2917": [0.378, 0, 1.113],
						"0.3333": [0.567, 0, 0.567],
						"0.375": [0.756, 0, 0.021],
						"0.4583": [0.945, 0, -0.525],
						"0.5": [0.798, -0.147, -0.168],
						"0.5417": [0.483, -0.42, 0.525],
						"0.6667": [0.378, -0.357, 0.357],
						"0.7083": [0.294, -0.294, 0.189],
						"0.7917": [0.126, -0.147, -0.147],
						"0.875": [0.084, -0.126, -0.126],
						"0.9583": [0.063, -0.084, -0.084],
						"1.0": [0, 0, 0]
					},
					"position": {
						"0.0": [0, 0, 0],
						"0.0417": [0, -0.042, 3.633],
						"0.125": [0, -0.105, 2.898],
						"0.1667": [0, -0.105, 1.407],
						"0.2083": [0, -0.105, -0.084],
						"0.2917": [0, -0.084, -0.021],
						"0.3333": [0, -0.084, 0.063],
						"0.375": [0, -0.063, 0.126],
						"0.4583": [0, -0.042, 0.21],
						"0.5": [0, -0.042, 0.147],
						"0.5417": [0, 0, 0]
					}
				},
				"bullet_chain": {
					"position": {
						"0.0": {
							"post": [2, 0, 0],
							"lerp_mode": "catmullrom"
						},
						"0.125": {
							"post": [0.29, 0, 0],
							"lerp_mode": "catmullrom"
						},
						"0.25": {
							"post": [-0.07, 0, 0],
							"lerp_mode": "catmullrom"
						},
						"0.2917": {
							"post": [0, 0, 0],
							"lerp_mode": "catmullrom"
						}
					}
				},
				"sect4": {
					"rotation": {
						"0.0": {
							"post": [0, 0, 17.5],
							"lerp_mode": "catmullrom"
						},
						"0.0417": {
							"post": [0, 0, -1.25],
							"lerp_mode": "catmullrom"
						},
						"0.1667": {
							"post": [0, 0, 5],
							"lerp_mode": "catmullrom"
						},
						"0.375": {
							"post": [0, 0, 0],
							"lerp_mode": "catmullrom"
						}
					}
				},
				"sect5": {
					"rotation": {
						"0.0417": {
							"pre": [0, 0, 30],
							"post": [0, 0, 30],
							"lerp_mode": "catmullrom"
						},
						"0.0833": {
							"post": [0, 0, 22.5],
							"lerp_mode": "catmullrom"
						},
						"0.2083": {
							"post": [0, 0, -12.5],
							"lerp_mode": "catmullrom"
						},
						"0.3333": {
							"post": [0, 0, -11.38],
							"lerp_mode": "catmullrom"
						},
						"0.4167": {
							"post": [0, 0, 0],
							"lerp_mode": "catmullrom"
						}
					}
				},
				"sect6": {
					"rotation": {
						"0.0417": {
							"pre": [0, 0, -47.5],
							"post": [0, 0, -47.5],
							"lerp_mode": "catmullrom"
						},
						"0.0833": {
							"post": [0, 0, -18.75],
							"lerp_mode": "catmullrom"
						},
						"0.2083": {
							"post": [0, 0, 22.5],
							"lerp_mode": "catmullrom"
						},
						"0.3333": {
							"post": [0, 0, 15.44],
							"lerp_mode": "catmullrom"
						},
						"0.4167": {
							"post": [0, 0, 0],
							"lerp_mode": "catmullrom"
						}
					}
				},
				"camera": {
					"rotation": {
						"0.0": {
							"post": [0, 0, 0],
							"lerp_mode": "catmullrom"
						},
						"0.0833": {
							"post": [0.9, 0, 1.9992],
							"lerp_mode": "catmullrom"
						},
						"0.125": {
							"post": [-0.6, 0, -1.3328],
							"lerp_mode": "catmullrom"
						},
						"0.2083": {
							"post": [-1.4, 0, -0.23324],
							"lerp_mode": "catmullrom"
						},
						"0.25": {
							"post": [0, 0, 1.09956],
							"lerp_mode": "catmullrom"
						},
						"0.3333": {
							"post": [0.6, 0, 0.26656],
							"lerp_mode": "catmullrom"
						},
						"0.4167": {
							"post": [0, 0, -0.73304],
							"lerp_mode": "catmullrom"
						},
						"0.4583": {
							"post": [-0.1, 0, -0.4998],
							"lerp_mode": "catmullrom"
						},
						"0.5417": {
							"post": [0.2, 0, 0],
							"lerp_mode": "catmullrom"
						},
						"0.625": {
							"post": [0, 0, 0.06664],
							"lerp_mode": "catmullrom"
						},
						"0.6667": {
							"post": [0, 0, 0],
							"lerp_mode": "catmullrom"
						}
					}
				},
				"charging_handle": {
					"rotation": {
						"0.0": [0, 0, 0],
						"0.0417": [0, 0, 0],
						"0.0833": {
							"pre": [-2.5, 0, 0],
							"post": [-2.5, 0, 0],
							"lerp_mode": "catmullrom"
						},
						"0.125": {
							"post": [-9.19, 0, 0],
							"lerp_mode": "catmullrom"
						},
						"0.25": {
							"post": [7.4, 0, 0],
							"lerp_mode": "catmullrom"
						},
						"0.375": {
							"post": [-6.32, 0, 0],
							"lerp_mode": "catmullrom"
						},
						"0.4583": {
							"post": [2.75, 0, 0],
							"lerp_mode": "catmullrom"
						},
						"0.6667": {
							"post": [0, 0, 0],
							"lerp_mode": "catmullrom"
						}
					}
				},
				"bullet_chain2": {
					"scale": 0
				}
			}
		},
		"static_ammo_display": {
			"animation_length": 4.5,
			"bones": {
				"lefthand": {
					"rotation": [53.4179, -382.72009, -112.55617],
					"position": [7, -20.5, -3],
					"scale": [1, 1.5, 1]
				},
				"sect1": {
					"scale": {
						"0.0": [1, 1, 1],
						"4.5": {
							"pre": [1, 1, 1],
							"post": [0, 0, 0]
						}
					}
				},
				"sect2": {
					"scale": {
						"0.0": [1, 1, 1],
						"4.0": {
							"pre": [1, 1, 1],
							"post": [0, 0, 0]
						}
					}
				},
				"sect3": {
					"scale": {
						"0.0": [1, 1, 1],
						"3.5": {
							"pre": [1, 1, 1],
							"post": [0, 0, 0]
						}
					}
				},
				"sect4": {
					"scale": {
						"0.0": [1, 1, 1],
						"3.0": {
							"pre": [1, 1, 1],
							"post": [0, 0, 0]
						}
					}
				},
				"sect5": {
					"scale": {
						"0.0": [1, 1, 1],
						"2.5": {
							"pre": [1, 1, 1],
							"post": [0, 0, 0]
						}
					}
				},
				"sect6": {
					"scale": {
						"0.0": [1, 1, 1],
						"2.0": {
							"pre": [1, 1, 1],
							"post": [0, 0, 0]
						}
					}
				},
				"sect7": {
					"scale": {
						"0.0": [1, 1, 1],
						"1.5": {
							"pre": [1, 1, 1],
							"post": [0, 0, 0]
						}
					}
				},
				"sect8": {
					"scale": {
						"0.0": [1, 1, 1],
						"1.0": {
							"pre": [1, 1, 1],
							"post": [0, 0, 0]
						}
					}
				},
				"righthand": {
					"rotation": [106.64867, -339.29519, -170.99283],
					"position": [-9.5, -9.75, 13.5]
				},
				"constraint": {
					"rotation": [0.2, 0.2, 0.4],
					"position": [0.1, 0.1, 0.1]
				},
				"bullet_chain2": {
					"scale": 0
				}
			}
		},
		"run_start": {
			"loop": "hold_on_last_frame",
			"animation_length": 0.5,
			"bones": {
				"root": {
					"rotation": {
						"0.0": {
							"post": [0, 0, 0],
							"lerp_mode": "catmullrom"
						},
						"0.5": [-30.72, -36.44, 32.48]
					},
					"position": {
						"0.0": {
							"post": [0, 0, 0],
							"lerp_mode": "catmullrom"
						},
						"0.15": {
							"post": [0.16, -2.03, 1.12],
							"lerp_mode": "catmullrom"
						},
						"0.35": {
							"post": [0.94, -1.23, 1.83],
							"lerp_mode": "catmullrom"
						},
						"0.5": {
							"post": [2.38, -2.91, 4.48],
							"lerp_mode": "catmullrom"
						}
					}
				},
				"bullet_chain2": {
					"scale": 0
				}
			},
			"sound_effects": {
				"0.2": {
					"effect": "rcp:t74/sprint_sand_03"
				}
			}
		},
		"run": {
			"loop": true,
			"animation_length": 0.8,
			"bones": {
				"root": {
					"rotation": {
						"0.0": [-30.72, -36.44, 32.48],
						"0.05": [-26.37, -37.75, 28.57],
						"0.1": [-22.38, -39.81, 24.8],
						"0.15": [-22.5, -42.57, 24.55],
						"0.2": [-24.39, -45.82, 25.96],
						"0.25": [-26.39, -48.44, 27.79],
						"0.3": [-28.83, -51.22, 30.11],
						"0.35": [-30.28, -53.2, 31.56],
						"0.4": [-29.47, -54.13, 30.99],
						"0.45": [-27.67, -54.25, 29.56],
						"0.5": [-27.3, -53.35, 29.35],
						"0.55": [-30.22, -50.96, 32.02],
						"0.6": [-34.56, -47.54, 35.9],
						"0.65": [-37.1, -44.26, 38.17],
						"0.7": [-35.9, -41.27, 37.14],
						"0.75": [-32.9, -38.42, 34.49],
						"0.8": [-30.62, -36.44, 32.48]
					},
					"position": {
						"0.0": {
							"post": [2.38, -2.91, 4.48],
							"lerp_mode": "catmullrom"
						},
						"0.05": [3.15875, -3.98, 4.46],
						"0.1": [4.08875, -4.84, 4.46],
						"0.15": [4.82875, -4.15, 4.46],
						"0.2": [5.39875, -3.05, 4.46],
						"0.25": [5.77875, -1.65, 4.46],
						"0.3": [6.02875, -1.48, 4.46],
						"0.35": [6.18875, -1.78, 4.46],
						"0.4": [6.20875, -2.5, 4.46],
						"0.45": [6.14875, -3.47, 4.46],
						"0.5": [5.88875, -4.03, 4.46],
						"0.55": [4.89875, -3.58, 4.46],
						"0.6": [3.76875, -2.73, 4.46],
						"0.65": [2.93875, -2.12, 4.46],
						"0.7": [2.37875, -1.82, 4.46],
						"0.75": [2.29875, -2.3, 4.46],
						"0.8": {
							"pre": [2.38, -2.91, 4.48],
							"post": [2.38, -2.91, 4.48],
							"lerp_mode": "catmullrom"
						}
					}
				},
				"bullet_chain2": {
					"scale": 0
				}
			},
			"sound_effects": {
				"0.05": {
					"effect": "rcp:t74/sprint_sand_03"
				},
				"0.5": {
					"effect": "rcp:t74/sprint_sand_05"
				}
			}
		},
		"run_hold": {
			"animation_length": 0.2917,
			"bones": {
				"root": {
					"rotation": [-30.72, -36.44, 32.48],
					"position": {
						"0.0": {
							"post": [2.38, -2.91, 4.48],
							"lerp_mode": "catmullrom"
						}
					}
				},
				"bullet_chain2": {
					"scale": 0
				}
			}
		},
		"run_end": {
			"loop": "hold_on_last_frame",
			"animation_length": 1.1,
			"bones": {
				"root": {
					"rotation": {
						"0.0": [-30.72, -36.44, 32.48],
						"0.2917": {
							"pre": [0, 0, 0],
							"post": [0, 0, 0],
							"lerp_mode": "catmullrom"
						},
						"0.4583": {
							"post": [-0.8, -0.5, 0.3],
							"lerp_mode": "catmullrom"
						},
						"0.7083": {
							"post": [0, 0, 0],
							"lerp_mode": "catmullrom"
						}
					},
					"position": {
						"0.0": {
							"post": [2.38, -2.91, 4.48],
							"lerp_mode": "catmullrom"
						},
						"0.2917": {
							"post": [0, 0, 0],
							"lerp_mode": "catmullrom"
						},
						"0.4583": {
							"post": [0, 0, 0],
							"lerp_mode": "catmullrom"
						},
						"0.7083": {
							"post": [0, 0, 0],
							"lerp_mode": "catmullrom"
						}
					}
				},
				"bullet_chain2": {
					"scale": 0
				}
			},
			"sound_effects": {
				"0.2083": {
					"effect": "rcp:t74/sprint_sand_05"
				}
			}
		},
		"slide": {
			"loop": "hold_on_last_frame",
			"animation_length": 0.75,
			"bones": {
				"mag3": {
					"position": [-6, -23, 6]
				},
				"Bipod": {
					"rotation": {
						"0.1333": [0, 0, 0],
						"0.2333": [-82.5, 0, 0],
						"0.75": [-82.5, 0, 0]
					}
				},
				"leftpod": {
					"rotation": {
						"0.1333": [0, 0, 0],
						"0.2333": [0, 22.5, 22.5],
						"0.75": [0, 22.5, 22.5]
					}
				},
				"rightpod": {
					"rotation": {
						"0.1333": [0, 0, 0],
						"0.2333": [0, -22.5, -22.5],
						"0.75": [0, -22.5, -22.5]
					}
				},
				"root": {
					"relative_to": {
						"rotation": "entity"
					},
					"rotation": {
						"0.0": {
							"post": [0, 0, 0.01],
							"lerp_mode": "catmullrom"
						},
						"0.1": {
							"post": [-4.89132, -2.49677, -2.49241],
							"lerp_mode": "catmullrom"
						},
						"0.1667": {
							"post": [-4.89132, -2.49677, -2.49241],
							"lerp_mode": "catmullrom"
						},
						"0.3167": {
							"post": [2.5, -0.00044, 0.00999],
							"lerp_mode": "catmullrom"
						},
						"0.45": {
							"post": [-2.5, 0.00044, 0.00999],
							"lerp_mode": "catmullrom"
						},
						"0.55": {
							"post": [0, 0, 0.01],
							"lerp_mode": "catmullrom"
						},
						"0.6167": {
							"post": [1.19, 0, 0.01],
							"lerp_mode": "catmullrom"
						},
						"0.75": {
							"post": [0, 0, 0.01],
							"lerp_mode": "catmullrom"
						}
					},
					"position": {
						"0.0": {
							"post": [0, 0, 0],
							"lerp_mode": "catmullrom"
						},
						"0.1": {
							"post": [2.9, 0, 4],
							"lerp_mode": "catmullrom"
						},
						"0.1667": {
							"post": [3.9, 0, 4],
							"lerp_mode": "catmullrom"
						},
						"0.3667": {
							"post": [6.4, -1, -1],
							"lerp_mode": "catmullrom"
						},
						"0.45": {
							"post": [6.4, -2, -2.3],
							"lerp_mode": "catmullrom"
						},
						"0.55": {
							"post": [6.4, -1, 0],
							"lerp_mode": "catmullrom"
						},
						"0.75": {
							"post": [6.8, -1, 0],
							"lerp_mode": "catmullrom"
						}
					}
				},
				"lefthand": {
					"rotation": {
						"0.0": [0, 0, 0],
						"0.3833": [53.361, 2.90254, -75.4816],
						"0.75": [53.361, 2.90254, -75.4816]
					},
					"position": {
						"0.0": [0, 0, 0],
						"0.1667": [4, 3.61, 7.26],
						"0.3833": [0, 8.3, 16.7],
						"0.75": [0, 8.3, 16.7]
					}
				},
				"constraint": {
					"rotation": {
						"0.0": [0.01, 0.01, 0.01],
						"0.75": [0.01, 0.01, 0.01]
					},
					"position": {
						"0.0": [0.01, 0.01, 0.01],
						"0.75": [0.01, 0.01, 0.01]
					}
				},
				"righthand": {
					"scale": {
						"0.0": [1, 1, 1],
						"0.3833": [1, 1.5, 1]
					}
				}
			}
		},
		"slide_idle": {
			"loop": true,
			"animation_length": 0.9333,
			"bones": {
				"mag3": {
					"position": [-6, -23, 6]
				},
				"Bipod": {
					"rotation": [-82.5, 0, 0]
				},
				"leftpod": {
					"rotation": [0, 22.5, 22.5]
				},
				"rightpod": {
					"rotation": [0, -22.5, -22.5]
				},
				"root": {
					"rotation": {
						"0.0": {
							"post": [0, 0, 0.01],
							"lerp_mode": "catmullrom"
						}
					},
					"position": {
						"0.0": {
							"post": [6.8, -1, 0],
							"lerp_mode": "catmullrom"
						}
					}
				},
				"lefthand": {
					"rotation": [53.361, 2.90254, -75.4816],
					"position": [0, 8.3, 16.7],
					"scale": 1
				},
				"constraint": {
					"rotation": [0.01, 0.01, 0.01],
					"position": [0.01, 0.01, 0.01]
				},
				"camera": {
					"rotation": {
						"0.0": {
							"post": [0, 0, 0],
							"lerp_mode": "catmullrom"
						}
					}
				},
				"righthand": {
					"scale": [1, 1.5, 1]
				}
			}
		},
		"slide_back": {
			"loop": "hold_on_last_frame",
			"animation_length": 0.85,
			"bones": {
				"mag3": {
					"position": [-6, -23, 6]
				},
				"Bipod": {
					"rotation": {
						"0.0": [-82.5, 0, 0],
						"0.15": [-95, 0, 0],
						"0.2": [-82.5, 0, 0],
						"0.3": [0, 0, 0]
					}
				},
				"leftpod": {
					"rotation": {
						"0.0": [0, 22.5, 22.5],
						"0.2": [0, 22.5, 22.5],
						"0.3": [0, 0, 0]
					}
				},
				"rightpod": {
					"rotation": {
						"0.0": [0, -22.5, -22.5],
						"0.2": [0, -22.5, -22.5],
						"0.3": [0, 0, 0]
					}
				},
				"root": {
					"rotation": {
						"0.0": {
							"post": [0, 0, 0.01],
							"lerp_mode": "catmullrom"
						},
						"0.15": {
							"post": [4.23772, -2.3071, -2.20462],
							"lerp_mode": "catmullrom"
						},
						"0.4": {
							"post": [-0.64024, -7.28576, -2.68205],
							"lerp_mode": "catmullrom"
						},
						"0.85": {
							"post": [0, 0, 0],
							"lerp_mode": "catmullrom"
						}
					},
					"position": {
						"0.0": {
							"post": [6.8, -1, 0],
							"lerp_mode": "catmullrom"
						},
						"0.1": {
							"post": [4.45, -0.17, -0.04],
							"lerp_mode": "catmullrom"
						},
						"0.15": {
							"post": [1.8, 0.2, 0],
							"lerp_mode": "catmullrom"
						},
						"0.2": {
							"post": [0.37, 0.39, 0.48],
							"lerp_mode": "catmullrom"
						},
						"0.25": {
							"post": [-0.56, 0.44, 1.05],
							"lerp_mode": "catmullrom"
						},
						"0.3": {
							"post": [-0.6, 0.91, 1.7],
							"lerp_mode": "catmullrom"
						},
						"0.35": {
							"post": [-0.68, 0.85, 2.33],
							"lerp_mode": "catmullrom"
						},
						"0.45": {
							"post": [0, 0.2, 3.7],
							"lerp_mode": "catmullrom"
						},
						"0.55": {
							"post": [0.05, -0.36, 2.95],
							"lerp_mode": "catmullrom"
						},
						"0.85": {
							"post": [0, 0, 0],
							"lerp_mode": "catmullrom"
						}
					}
				},
				"constraint": {
					"rotation": {
						"0.0": [0.01, 0.01, 0.01],
						"0.15": [0.001, 0.001, 0.001]
					},
					"position": [0.01, 0.01, 0.01]
				},
				"camera": {
					"rotation": {
						"0.0": {
							"post": [0, 0, 0],
							"lerp_mode": "catmullrom"
						}
					}
				},
				"lefthand": {
					"rotation": {
						"0.0": [53.361, 2.90254, -75.4816],
						"0.15": [6.50686, 20.18413, -5.50217],
						"0.25": [0, 0, 0]
					},
					"position": {
						"0.0": [0, 8.3, 16.7],
						"0.15": [5, 1.47, 3.67],
						"0.25": [0, 0, 0]
					}
				},
				"righthand": {
					"scale": {
						"0.0": [1, 1.5, 1],
						"0.35": [1, 1, 1]
					}
				}
			}
		}
	}
}