{
	"format_version": "1.8.0",
	"animations": {
		"static_idle": {
			"loop": true,
			"bones": {
				"lefthand": {
					"rotation": [147.86119, -400.78947, -200.94102],
					"position": [7, -12, -15.5]
				},
				"righthand": {
					"rotation": [103.21088, -346.16553, -174.14537],
					"position": [-7, -13.5, -8]
				},
				"constraint": {
					"rotation": [0.2, 0.2, 0.4],
					"position": [0.1, 0.1, 0.1]
				},
				"bone17": {
					"scale": 0
				}
			}
		},
		"draw": {
			"loop": "hold_on_last_frame",
			"animation_length": 1.6667,
			"bones": {
				"camera": {
					"rotation": {
						"0.0": {
							"post": [0, 0, 0],
							"lerp_mode": "catmullrom"
						},
						"0.1667": {
							"post": [1.1, -0.3, 0],
							"lerp_mode": "catmullrom"
						},
						"0.375": {
							"post": [1.1, -0.3, 0],
							"lerp_mode": "catmullrom"
						},
						"0.5417": {
							"post": [0.1, 0, 0],
							"lerp_mode": "catmullrom"
						},
						"0.8333": {
							"post": [-0.6, -0.2, 0],
							"lerp_mode": "catmullrom"
						},
						"1.1667": {
							"post": [0.924, 0.252, 0],
							"lerp_mode": "catmullrom"
						},
						"1.375": {
							"post": [0.9156, 0.252, 0],
							"lerp_mode": "catmullrom"
						},
						"1.5417": {
							"post": [0.084, 0, 0],
							"lerp_mode": "catmullrom"
						}
					}
				},
				"root": {
					"rotation": {
						"0.0": {
							"post": [-15.55082, -77.32448, 23.69477],
							"lerp_mode": "catmullrom"
						},
						"0.125": {
							"post": [-8.81289, -72.6313, 17.18115],
							"lerp_mode": "catmullrom"
						},
						"0.25": {
							"post": [-8.81289, -74.5313, 15.18115],
							"lerp_mode": "catmullrom"
						},
						"0.5417": {
							"post": [-8.81289, -67.0313, 32.18115],
							"lerp_mode": "catmullrom"
						},
						"0.75": {
							"post": [-8.81289, -61.0313, 30.18115],
							"lerp_mode": "catmullrom"
						},
						"0.9167": {
							"post": [-3.62, -21.7, 21.17],
							"lerp_mode": "catmullrom"
						},
						"1.0833": {
							"post": [-0.46, -2.66, 2.61],
							"lerp_mode": "catmullrom"
						},
						"1.1667": {
							"post": [0, 0, 0],
							"lerp_mode": "catmullrom"
						},
						"1.3333": {
							"post": [1.38, -2.26, -2.76],
							"lerp_mode": "catmullrom"
						},
						"1.5": {
							"post": [0, 0, 0],
							"lerp_mode": "catmullrom"
						}
					},
					"position": {
						"0.0": [0, -5, 0],
						"0.25": [0.43, -0.22, 0],
						"0.5": {
							"pre": [0.44, -0.2, 0],
							"post": [0.44, -0.2, 0],
							"lerp_mode": "catmullrom"
						},
						"0.75": {
							"post": [-3, -3.62, 0],
							"lerp_mode": "catmullrom"
						},
						"0.9583": {
							"post": [-2.66, -2.64, 0],
							"lerp_mode": "catmullrom"
						},
						"1.1667": {
							"post": [0, 0.023, 0],
							"lerp_mode": "catmullrom"
						},
						"1.4583": {
							"post": [0, 0, 0],
							"lerp_mode": "catmullrom"
						}
					}
				},
				"lefthand": {
					"rotation": {
						"0.0": [147.86119, -400.78947, -200.94102],
						"1.0": [147.86119, -400.78947, -200.94102]
					},
					"position": {
						"0.0": [7, -12, -15.5],
						"1.0": [7, -12, -15.5]
					}
				},
				"righthand": {
					"rotation": {
						"0.0": [103.21088, -346.16553, -174.14537],
						"1.0": [103.21088, -346.16553, -174.14537]
					},
					"position": {
						"0.0": [-7, -13.5, -8],
						"1.0": [-7, -13.5, -8]
					}
				}
			},
			"sound_effects": {
				"0.0": {
					"effect": "rcp:t74/draw1"
				},
				"0.625": {
					"effect": "rcp:t74/draw2"
				}
			}
		},
		"put_away": {
			"loop": "hold_on_last_frame",
			"animation_length": 1,
			"bones": {
				"camera": {
					"rotation": {
						"0.0": {
							"post": [0, 0, 0],
							"lerp_mode": "catmullrom"
						},
						"0.1667": {
							"post": [1, 0.6, -0.6],
							"lerp_mode": "catmullrom"
						},
						"0.375": {
							"post": [-1, 0, 0],
							"lerp_mode": "catmullrom"
						},
						"0.6667": {
							"post": [0.37, -0.6, 0.5],
							"lerp_mode": "catmullrom"
						},
						"0.8333": {
							"post": [-0.2, 0.1, 0],
							"lerp_mode": "catmullrom"
						},
						"1.0": {
							"post": [0, 0, 0],
							"lerp_mode": "catmullrom"
						}
					}
				},
				"root": {
					"rotation": {
						"0.0": {
							"post": [0, 0, 0],
							"lerp_mode": "catmullrom"
						},
						"0.375": {
							"post": [-46.28773, -18.42031, 7.92945],
							"lerp_mode": "catmullrom"
						},
						"0.5417": {
							"post": [-69.17428, -2.65205, 4.32782],
							"lerp_mode": "catmullrom"
						},
						"0.7917": {
							"post": [-81.17, 9.35, -2.67],
							"lerp_mode": "catmullrom"
						}
					},
					"position": {
						"0.0": {
							"post": [0, 0, 0],
							"lerp_mode": "catmullrom"
						},
						"0.375": {
							"post": [-7, -11, 0],
							"lerp_mode": "catmullrom"
						},
						"0.5417": {
							"post": [-9.7, -17, -5],
							"lerp_mode": "catmullrom"
						},
						"0.7917": {
							"post": [-17.6, -28, -7],
							"lerp_mode": "catmullrom"
						},
						"0.9583": {
							"post": [-27.6, -45, -13],
							"lerp_mode": "catmullrom"
						}
					}
				},
				"lefthand": {
					"rotation": {
						"0.0": [147.86119, -400.78947, -200.94102],
						"0.25": [147.86119, -400.78947, -200.94102],
						"0.4583": {
							"pre": [58.00063, -393.85185, -138.88946],
							"post": [58.00063, -393.85185, -138.88946],
							"lerp_mode": "catmullrom"
						},
						"0.6667": {
							"post": [39.89245, -369.108, -134.84381],
							"lerp_mode": "catmullrom"
						},
						"0.8333": {
							"post": [24.961, -351.25729, -155.84831],
							"lerp_mode": "catmullrom"
						}
					},
					"position": {
						"0.0": [7, -12, -15.5],
						"0.25": [7, -12, -15.5],
						"0.4583": {
							"pre": [7, -12, -15.5],
							"post": [7, -12, -15.5],
							"lerp_mode": "catmullrom"
						},
						"0.6667": {
							"post": [27, -12, -17.5],
							"lerp_mode": "catmullrom"
						},
						"0.8333": {
							"post": [39, -3, -23.5],
							"lerp_mode": "catmullrom"
						}
					}
				},
				"righthand": {
					"rotation": {
						"0.0": {
							"post": [103.21088, -346.16553, -174.14537],
							"lerp_mode": "catmullrom"
						},
						"0.375": {
							"post": [12.30325, -364.89662, -188.94856],
							"lerp_mode": "catmullrom"
						}
					},
					"position": {
						"0.0": {
							"post": [-7, -13.5, -8],
							"lerp_mode": "catmullrom"
						},
						"0.1667": {
							"post": [-10.43, -12.21, -10.57],
							"lerp_mode": "catmullrom"
						},
						"0.375": {
							"post": [-8, -10.5, -14],
							"lerp_mode": "catmullrom"
						}
					}
				}
			},
			"sound_effects": {
				"0.0": {
					"effect": "rcp:t74/putaway1"
				}
			}
		},
		"shoot": {
			"animation_length": 1.5,
			"bones": {
				"root": {
					"rotation": {
						"0.0": {
							"post": [0, 0, 0],
							"lerp_mode": "catmullrom"
						},
						"0.0833": {
							"post": [-0.85754, 0, 0],
							"lerp_mode": "catmullrom"
						},
						"0.1667": {
							"post": [-0.85754, 0, 0],
							"lerp_mode": "catmullrom"
						},
						"0.2917": {
							"post": [0.42273, 0, 0],
							"lerp_mode": "catmullrom"
						},
						"0.3333": {
							"post": [0.6341, 0, 0],
							"lerp_mode": "catmullrom"
						},
						"0.5": {
							"post": [0, 0, 0],
							"lerp_mode": "catmullrom"
						},
						"0.625": {
							"post": [-0.34422, 0, 0],
							"lerp_mode": "catmullrom"
						},
						"0.7917": {
							"post": [-0.34422, 0, 0],
							"lerp_mode": "catmullrom"
						},
						"1.0": {
							"post": [0.12863, 0, 0],
							"lerp_mode": "catmullrom"
						},
						"1.1667": {
							"post": [0.24911, 0, 0],
							"lerp_mode": "catmullrom"
						},
						"1.375": {
							"post": [0, 0, 0],
							"lerp_mode": "catmullrom"
						}
					},
					"position": {
						"0.0": {
							"post": [0, 0, 0],
							"lerp_mode": "catmullrom"
						},
						"0.0833": {
							"post": [0, 0, 1.9],
							"lerp_mode": "catmullrom"
						},
						"0.25": {
							"post": [0, 0, 1.51],
							"lerp_mode": "catmullrom"
						},
						"0.375": {
							"post": [0, 0, -0.2],
							"lerp_mode": "catmullrom"
						},
						"0.75": {
							"post": [0, 0, -0.6],
							"lerp_mode": "catmullrom"
						},
						"1.1667": {
							"post": [0, 0, 0.1],
							"lerp_mode": "catmullrom"
						},
						"1.4167": {
							"post": [0, 0, 0],
							"lerp_mode": "catmullrom"
						}
					}
				},
				"constraint": {
					"rotation": {
						"0.0833": [0.3, 0.3, 0.3],
						"0.1667": [0.1, 0.1, 0.1],
						"0.25": [0, 0, 0]
					},
					"position": {
						"0.0833": [0.15, 0.05, 0.4],
						"0.1667": [0.1, 0, 0.1],
						"0.25": [0, 0, 0]
					}
				}
			}
		},
		"over_heat": {
			"animation_length": 2.0417,
			"bones": {
				"root": {
					"rotation": {
						"0.0": {
							"post": [0, 0, 0],
							"lerp_mode": "catmullrom"
						},
						"0.0833": {
							"post": [0, -6, 0],
							"lerp_mode": "catmullrom"
						},
						"0.25": {
							"post": [-7.52832, -1.04288, -3.55426],
							"lerp_mode": "catmullrom"
						},
						"0.375": {
							"post": [-7.52832, -1.04288, -3.55426],
							"lerp_mode": "catmullrom"
						},
						"0.625": {
							"post": [5.019, -10.98093, -3.33688],
							"lerp_mode": "catmullrom"
						},
						"0.875": {
							"post": [-7.52832, -1.04288, -3.55426],
							"lerp_mode": "catmullrom"
						},
						"1.125": {
							"post": [5.019, -10.98093, -3.33688],
							"lerp_mode": "catmullrom"
						},
						"1.3333": {
							"post": [5.7835, -13.48681, -3.33915],
							"lerp_mode": "catmullrom"
						},
						"1.4167": {
							"post": [6.1, -9.9, -3.13],
							"lerp_mode": "catmullrom"
						},
						"1.5": {
							"post": [0, -6, -5],
							"lerp_mode": "catmullrom"
						},
						"1.625": {
							"post": [-2, -4, -0.8],
							"lerp_mode": "catmullrom"
						},
						"1.7083": {
							"post": [0, 0, 0],
							"lerp_mode": "catmullrom"
						}
					},
					"position": {
						"0.0": {
							"post": [0, 0, 0],
							"lerp_mode": "catmullrom"
						},
						"0.0833": {
							"post": [-0.1, 0, 0],
							"lerp_mode": "catmullrom"
						},
						"0.375": {
							"post": [-2.5, 0, 0],
							"lerp_mode": "catmullrom"
						},
						"0.625": {
							"post": [-0.5, -1, 0],
							"lerp_mode": "catmullrom"
						},
						"0.875": {
							"post": [-2.5, 0, 0],
							"lerp_mode": "catmullrom"
						},
						"1.125": {
							"post": [-0.5, -1, 0],
							"lerp_mode": "catmullrom"
						},
						"1.25": {
							"post": [-0.5, -1, 0],
							"lerp_mode": "catmullrom"
						},
						"1.5": {
							"post": [0, 0, 0],
							"lerp_mode": "catmullrom"
						}
					}
				},
				"camera": {
					"rotation": {
						"0.0": {
							"post": [0, 0, 0],
							"lerp_mode": "catmullrom"
						},
						"0.125": {
							"post": [-0.6, 0.9, 0.6],
							"lerp_mode": "catmullrom"
						},
						"0.2083": {
							"post": [-0.6, 0.9, 0.6],
							"lerp_mode": "catmullrom"
						},
						"0.375": {
							"post": [0.4, -1.1, -0.4],
							"lerp_mode": "catmullrom"
						},
						"0.4583": {
							"post": [0.4, -1.1, -0.4],
							"lerp_mode": "catmullrom"
						},
						"0.5833": {
							"post": [-0.6, 0.9, 0.6],
							"lerp_mode": "catmullrom"
						},
						"0.6667": {
							"post": [-0.6, 0.9, 0.6],
							"lerp_mode": "catmullrom"
						},
						"0.7917": {
							"post": [0.4, -1.1, -0.4],
							"lerp_mode": "catmullrom"
						},
						"0.875": {
							"post": [0.4, -1.1, -0.4],
							"lerp_mode": "catmullrom"
						},
						"1.0": {
							"post": [-0.6, 0.9, 0.6],
							"lerp_mode": "catmullrom"
						},
						"1.1667": {
							"post": [-0.6, 0.9, 0.6],
							"lerp_mode": "catmullrom"
						},
						"1.3333": {
							"post": [2.4, -0.3, -0.6],
							"lerp_mode": "catmullrom"
						},
						"1.5": {
							"post": [2.4, -0.3, -0.6],
							"lerp_mode": "catmullrom"
						},
						"1.625": {
							"post": [0, 0, 0],
							"lerp_mode": "catmullrom"
						},
						"1.75": {
							"post": [-0.5, 0.5, 0.4],
							"lerp_mode": "catmullrom"
						},
						"1.875": {
							"post": [0, 0, 0],
							"lerp_mode": "catmullrom"
						}
					}
				}
			},
			"sound_effects": {
				"0.0": {
					"effect": "rcp:t74/weapon_vehicle_overheat"
				}
			}
		},
		"reload_empty": {
			"loop": "hold_on_last_frame",
			"animation_length": 6.9583,
			"bones": {
				"fuel_pack": {
					"rotation": {
						"0.7917": {
							"pre": [0, 0, 0],
							"post": [0, 0, 0],
							"lerp_mode": "catmullrom"
						},
						"1.7083": {
							"post": [170.246, -66.70934, -156.51654],
							"lerp_mode": "catmullrom"
						},
						"2.125": {
							"post": [176.13019, -6.99499, -165.0172],
							"lerp_mode": "catmullrom"
						},
						"2.4583": {
							"post": [173.7496, -4.97932, -142.48441],
							"lerp_mode": "catmullrom"
						},
						"2.9167": {
							"post": [173.7496, -4.97932, -142.48441],
							"lerp_mode": "catmullrom"
						},
						"3.25": {
							"post": [176.13019, -6.99499, -165.0172],
							"lerp_mode": "catmullrom"
						},
						"3.6667": {
							"post": [170.246, -66.70934, -156.51654],
							"lerp_mode": "catmullrom"
						},
						"4.7917": {
							"post": [0, 0, 0],
							"lerp_mode": "catmullrom"
						}
					},
					"position": {
						"0.7917": [0, 0, 0],
						"1.7083": [9, -2, 7],
						"2.125": [2, -3, 10],
						"2.4583": [7, -18, 10],
						"2.625": [7, -20, 10],
						"2.9167": [7, -18, 10],
						"3.25": [2, -3, 10],
						"3.6667": [9, -2, 7],
						"4.7917": [0, 0, 0],
						"6.5": [0, 0, 0],
						"6.5833": [0, 0, 0]
					}
				},
				"bone13": {
					"rotation": {
						"5.9583": [0, 0, 0],
						"6.25": [-17.5, 5, 0],
						"6.5": [-17.5, 5, 0],
						"6.5833": [-17.5, 5, 0],
						"6.875": [0, 0, 0]
					},
					"scale": {
						"5.625": [1, 1, 1],
						"5.9167": [1, 1, 1.3],
						"6.5": [1, 1, 1.3],
						"6.5833": [1, 1, 1.3],
						"6.875": [1, 1, 1]
					}
				},
				"bone14": {
					"rotation": {
						"5.9583": [0, 0, 0],
						"6.25": [12.5, 17.5, 0],
						"6.5": [12.5, 17.5, 0],
						"6.5833": [12.5, 17.5, 0],
						"6.875": [0, 0, 0]
					}
				},
				"bone15": {
					"rotation": {
						"5.75": [0, 0, 0],
						"5.9583": [-23.00303, 8.2809, -9.79749],
						"6.25": [0, 20, 0],
						"6.5": [0, 20, 0],
						"6.5833": [0, 20, 0],
						"6.875": [0, 0, 0]
					}
				},
				"bone16": {
					"rotation": {
						"5.9583": [0, 0, 0],
						"6.125": [-1.68686, 3.54489, -11.08855],
						"6.25": [48.55942, -44.78127, -4.7157],
						"6.375": [52.31, -41.05, -4.24],
						"6.5": [48.55942, -44.78127, -4.7157],
						"6.5833": [48.55942, -44.78127, -4.7157],
						"6.875": [0, 0, 0]
					},
					"scale": {
						"0.0": [1, 1, 1],
						"6.1667": [1, 1, 0.9],
						"6.375": [1, 1, 1]
					}
				},
				"root": {
					"rotation": {
						"0.0": [0, 0, 0],
						"0.25": [0, -32.5, 0],
						"0.5": [45.03687, -59.75174, -26.79287],
						"2.125": [71.35514, -67.90305, -55.92483],
						"3.25": [71.35514, -67.90305, -55.92483],
						"4.7917": [71.35514, -67.90305, -55.92483],
						"5.4167": [71.35514, -67.90305, -55.92483],
						"6.4583": [71.35514, -67.90305, -55.92483],
						"6.5417": [71.35514, -67.90305, -55.92483],
						"6.875": [0, 0, 0]
					},
					"position": {
						"0.0": {
							"post": [0, 0, 0],
							"lerp_mode": "catmullrom"
						},
						"0.0833": {
							"post": [-0.58, 0.59, -0.09],
							"lerp_mode": "catmullrom"
						},
						"0.25": {
							"post": [-5, -2, -4],
							"lerp_mode": "catmullrom"
						},
						"0.5": {
							"post": [-8, -10, -4],
							"lerp_mode": "catmullrom"
						},
						"2.0833": {
							"post": [-6, -10, -4],
							"lerp_mode": "catmullrom"
						},
						"2.6667": {
							"post": [-5.87, -11, -4],
							"lerp_mode": "catmullrom"
						},
						"3.2083": {
							"post": [-6, -10, -4],
							"lerp_mode": "catmullrom"
						},
						"4.7917": {
							"post": [-6, -10, -4],
							"lerp_mode": "catmullrom"
						},
						"5.4167": {
							"post": [-1, 2, -7],
							"lerp_mode": "catmullrom"
						},
						"6.4583": {
							"post": [-1, 2, -7],
							"lerp_mode": "catmullrom"
						},
						"6.5417": {
							"post": [-1, 2, -7],
							"lerp_mode": "catmullrom"
						},
						"6.875": {
							"post": [0, 0, 0],
							"lerp_mode": "catmullrom"
						}
					}
				},
				"lefthand": {
					"rotation": {
						"0.0": [147.86119, -400.78947, -200.94102],
						"0.25": [147.86119, -400.78947, -200.94102],
						"0.4167": [115.28947, -421.99883, -213.41075],
						"0.625": [228.62593, -396.51514, -342.35853],
						"0.875": [228.62593, -396.51514, -342.35853],
						"1.0417": [147.86119, -400.78947, -200.94102]
					},
					"position": {
						"0.0": [7, -12, -15.5],
						"0.625": [21.86931, 3.63816, -11.1633],
						"0.875": [21, 4, -11.5],
						"1.0417": [7, -12, -15.5]
					}
				},
				"righthand": {
					"rotation": {
						"0.0": [103.21088, -346.16553, -174.14537],
						"0.25": [82.92406, -338.72019, -175.09419],
						"0.4167": [82.92406, -338.72019, -175.09419],
						"1.0": [82.92406, -338.72019, -175.09419],
						"1.5417": [39.77271, -368.97346, -70.81644],
						"1.7917": [19.42837, -374.40872, -74.51477],
						"2.125": [44.77271, -391.97346, -83.81644],
						"2.2917": [40.58, -369.41, -63.53],
						"2.4583": [35.39608, -346.84314, -60.248],
						"2.9167": [35.39608, -346.84314, -60.248],
						"3.0833": [40.58, -369.41, -63.53],
						"3.25": [44.77271, -391.97346, -83.81644],
						"3.5833": [19.42837, -374.40872, -74.51477],
						"3.8333": [39.77271, -368.97346, -70.81644],
						"4.375": [82.92406, -338.72019, -175.09419],
						"5.2917": [100.87187, -366.03135, -171.81525],
						"5.9167": [102.3316, -361.44944, -193.89737],
						"6.0833": [102.33, -361.45, -193.9],
						"6.2083": [94.3316, -361.44944, -193.89737],
						"6.25": [85.47446, -382.44944, -193.89737],
						"6.4167": [85.47446, -382.44944, -193.89737],
						"6.5": [102.3316, -361.44944, -193.89737],
						"6.5833": [102.3316, -361.44944, -193.89737],
						"6.875": [103.21088, -346.16553, -174.14537]
					},
					"position": {
						"0.0": [-7, -13.5, -8],
						"1.0": [-7, -13.5, -8],
						"1.5417": [0, 5.5, 4],
						"1.6667": [0.75, 5.25, 5.5],
						"1.7917": [1.5, 5, 5.3],
						"1.9167": [-2.44, 4.81, 4],
						"2.125": [-9, 4.5, -3],
						"2.4583": [-13, -6.5, -19],
						"2.9167": [-13, -6.5, -19],
						"3.25": [-9, 4.5, -3],
						"3.4583": [-2.44, 4.81, 4],
						"3.5833": [1.5, 5, 5.3],
						"3.7083": [0.75, 5.25, 5.5],
						"3.8333": [0, 5.5, 4],
						"4.375": [-7, -13.5, -8],
						"5.2917": [-0.5, -15.5, -4.5],
						"5.4167": [-1, -18.5, -4],
						"5.6667": [-1, -18.5, -4],
						"5.9167": [-3.5, -17.75, 1],
						"6.25": [-6.5, -14.75, -1.25],
						"6.5": [-6.5, -14.75, -1.15],
						"6.5833": [-6.5, -14.75, -0.35],
						"6.875": [-7, -13.5, -8]
					},
					"scale": {
						"1.0": [1, 1, 1],
						"1.5417": [1, 1.5, 1]
					}
				},
				"camera": {
					"rotation": {
						"0.0": {
							"post": [0, 0, 0],
							"lerp_mode": "catmullrom"
						},
						"0.125": {
							"post": [-1, 0.66, 0.06],
							"lerp_mode": "catmullrom"
						},
						"0.2917": {
							"post": [0.5, 0.8, -1],
							"lerp_mode": "catmullrom"
						},
						"0.5": {
							"post": [6.5, -1, 2],
							"lerp_mode": "catmullrom"
						},
						"0.75": {
							"post": [3.5, -3, -1],
							"lerp_mode": "catmullrom"
						},
						"0.9167": {
							"post": [-0.5, -2, -3],
							"lerp_mode": "catmullrom"
						},
						"1.0833": {
							"post": [1.5, -3, 1],
							"lerp_mode": "catmullrom"
						},
						"1.2917": {
							"post": [-3, 6, 0],
							"lerp_mode": "catmullrom"
						},
						"1.5833": {
							"post": [-8, 8, 0],
							"lerp_mode": "catmullrom"
						},
						"1.875": {
							"post": [-5, 3, 0],
							"lerp_mode": "catmullrom"
						},
						"2.125": {
							"post": [1, -2, 0],
							"lerp_mode": "catmullrom"
						},
						"2.375": {
							"post": [0, 0, 0],
							"lerp_mode": "catmullrom"
						},
						"2.9167": {
							"post": [0, 0, 0],
							"lerp_mode": "catmullrom"
						},
						"3.1667": {
							"post": [1, -2, 0],
							"lerp_mode": "catmullrom"
						},
						"3.4167": {
							"post": [-2, 3, 0],
							"lerp_mode": "catmullrom"
						},
						"3.625": {
							"post": [-5, 4, 0],
							"lerp_mode": "catmullrom"
						},
						"3.9583": {
							"post": [-3, 1, 0],
							"lerp_mode": "catmullrom"
						},
						"4.2083": {
							"post": [0.5, -3, 1],
							"lerp_mode": "catmullrom"
						},
						"4.8333": {
							"post": [-0.5, -2, -3],
							"lerp_mode": "catmullrom"
						},
						"5.25": {
							"post": [5, 0, 0],
							"lerp_mode": "catmullrom"
						},
						"5.7917": {
							"post": [-2, 0, 0],
							"lerp_mode": "catmullrom"
						},
						"6.1667": {
							"post": [0, 0, 0],
							"lerp_mode": "catmullrom"
						}
					}
				},
				"constraint": {
					"rotation": {
						"6.7083": [0, 0, 0],
						"6.875": [0.2, 0.2, 0.4]
					},
					"position": {
						"6.7083": [0.02, 0.02, 0.02],
						"6.875": [0.1, 0.1, 0.1]
					}
				},
				"bone17": {
					"scale": 0
				}
			},
			"sound_effects": {
				"0.0": {
					"effect": "rcp:t74/clothrub1"
				},
				"0.7917": {
					"effect": "rcp:t74/displug"
				},
				"1.7917": {
					"effect": "rcp:t74/canister_rattle1"
				},
				"2.875": {
					"effect": "rcp:t74/clothrub2"
				},
				"4.5417": {
					"effect": "rcp:t74/clothrub3"
				},
				"4.6667": {
					"effect": "rcp:t74/rattle2"
				},
				"5.8333": {
					"effect": "rcp:t74/return1"
				},
				"5.9583": {
					"effect": "rcp:t74/inplug"
				},
				"6.1667": {
					"effect": "rcp:t74/rattle2"
				}
			}
		},
		"run_start": {
			"loop": "hold_on_last_frame",
			"animation_length": 0.5,
			"bones": {
				"root": {
					"rotation": {
						"0.0": {
							"post": [0, 0, 0],
							"lerp_mode": "catmullrom"
						},
						"0.5": {
							"post": [-6.78837, -49.17094, 31.37905],
							"lerp_mode": "catmullrom"
						}
					},
					"position": {
						"0.0": {
							"post": [0, 0, 0],
							"lerp_mode": "catmullrom"
						},
						"0.15": {
							"post": [-2.54, 0.37, -0.18],
							"lerp_mode": "catmullrom"
						},
						"0.35": {
							"post": [-5.36, -1.23, -0.37],
							"lerp_mode": "catmullrom"
						},
						"0.5": {
							"post": [-7.62, 1.09, -0.52],
							"lerp_mode": "catmullrom"
						}
					}
				}
			},
			"sound_effects": {
				"0.2": {
					"effect": "rcp:t74/sprint_sand_03"
				}
			}
		},
		"run": {
			"loop": true,
			"animation_length": 0.8,
			"bones": {
				"root": {
					"rotation": {
						"0.0": [-6.78837, -49.17094, 31.37905],
						"0.05": [-1.97, -50.05, 28.57],
						"0.1": [2.02, -52.11, 24.8],
						"0.15": [1.9, -54.87, 24.55],
						"0.2": [0.01, -58.12, 25.96],
						"0.25": [-1.99, -60.74, 27.79],
						"0.3": [-4.43, -63.52, 30.11],
						"0.35": [-5.88, -65.5, 31.56],
						"0.4": [-5.07, -66.43, 30.99],
						"0.45": [-3.27, -66.55, 29.56],
						"0.5": [-2.9, -65.65, 29.35],
						"0.55": [-5.82, -63.26, 32.02],
						"0.6": [-10.16, -59.84, 35.9],
						"0.65": [-12.7, -56.56, 38.17],
						"0.7": [-11.5, -53.57, 37.14],
						"0.75": [-8.5, -50.72, 34.49],
						"0.8": [-6.22, -48.74, 32.48]
					},
					"position": {
						"0.0": [-7.62, 1.09, -0.52],
						"0.05": [-6.81, 0.12, -0.64],
						"0.1": [-5.88, -0.74, -0.64],
						"0.15": [-5.14, -0.05, -0.64],
						"0.2": [-4.57, 1.05, -0.64],
						"0.25": [-4.19, 2.45, -0.64],
						"0.3": [-3.94, 2.62, -0.64],
						"0.35": [-3.78, 2.32, -0.64],
						"0.4": [-3.76, 1.6, -0.64],
						"0.45": [-3.82, 0.63, -0.64],
						"0.5": [-4.08, 0.07, -0.64],
						"0.55": [-5.07, 0.52, -0.64],
						"0.6": [-6.2, 1.37, -0.64],
						"0.65": [-7.03, 1.98, -0.64],
						"0.7": [-7.59, 2.28, -0.64],
						"0.75": [-7.67, 1.8, -0.64],
						"0.8": [-7.58, 1.2, -0.64]
					}
				}
			},
			"sound_effects": {
				"0.05": {
					"effect": "rcp:t74/sprint_sand_03"
				},
				"0.5": {
					"effect": "rcp:t74/sprint_sand_05"
				}
			}
		},
		"run_hold": {
			"animation_length": 0.2917,
			"bones": {
				"root": {
					"rotation": {
						"0.0": {
							"post": [-6.78837, -49.17094, 31.37905],
							"lerp_mode": "catmullrom"
						}
					},
					"position": {
						"0.0": {
							"post": [-7.62, 1.09, -0.52],
							"lerp_mode": "catmullrom"
						}
					}
				}
			}
		},
		"run_end": {
			"loop": "hold_on_last_frame",
			"animation_length": 1.1,
			"bones": {
				"root": {
					"rotation": {
						"0.0": {
							"post": [-6.78837, -49.17094, 31.37905],
							"lerp_mode": "catmullrom"
						},
						"0.2917": {
							"post": [-3.1, 0, 0],
							"lerp_mode": "catmullrom"
						},
						"0.5417": {
							"post": [-0.04, 1.323, 1.197],
							"lerp_mode": "catmullrom"
						},
						"0.7083": {
							"post": [-1, 0, -0.8],
							"lerp_mode": "catmullrom"
						},
						"0.9167": {
							"post": [0, 0, 0],
							"lerp_mode": "catmullrom"
						}
					},
					"position": {
						"0.0": {
							"post": [-7.62, 1.09, -0.52],
							"lerp_mode": "catmullrom"
						},
						"0.2917": {
							"post": [-1.1, 0, 0],
							"lerp_mode": "catmullrom"
						},
						"0.4583": {
							"post": [0.3, 0, 0],
							"lerp_mode": "catmullrom"
						},
						"0.7083": {
							"post": [0, 0, 0],
							"lerp_mode": "catmullrom"
						}
					}
				},
				"bullet_chain2": {
					"scale": 0
				}
			},
			"sound_effects": {
				"0.2083": {
					"effect": "rcp:t74/sprint_sand_05"
				}
			}
		},
		"inspect": {
			"loop": "hold_on_last_frame",
			"animation_length": 7,
			"bones": {
				"root": {
					"rotation": {
						"0.0": {
							"post": [0, 0, 0],
							"lerp_mode": "catmullrom"
						},
						"0.2917": {
							"post": [-14.25, -25.34, 10.86],
							"lerp_mode": "catmullrom"
						},
						"0.4583": {
							"post": [-11.62, -41.97, 8],
							"lerp_mode": "catmullrom"
						},
						"0.6667": {
							"post": [-6.27, -64.24, 2],
							"lerp_mode": "catmullrom"
						},
						"0.7917": {
							"post": [-3.25, -76.34, -1.24],
							"lerp_mode": "catmullrom"
						},
						"1.0": {
							"post": [-3.25, -82.24, 0.06],
							"lerp_mode": "catmullrom"
						},
						"1.7917": {
							"post": [-3.25, -76.34, 0.06],
							"lerp_mode": "catmullrom"
						},
						"2.3333": {
							"post": [-3.25, -76.34, 0.06],
							"lerp_mode": "catmullrom"
						},
						"2.9167": {
							"post": [-16.58435, -17.23644, -2.23629],
							"lerp_mode": "catmullrom"
						},
						"3.25": {
							"post": [-16.6, -13.88, -2.46],
							"lerp_mode": "catmullrom"
						},
						"3.4583": {
							"post": [-16.06, -12.04, 0.8],
							"lerp_mode": "catmullrom"
						},
						"3.6667": {
							"post": [-15.36, -15.14, -5.38],
							"lerp_mode": "catmullrom"
						},
						"3.8333": {
							"post": [-16.6, -13.88, -2.46],
							"lerp_mode": "catmullrom"
						},
						"4.0417": {
							"post": [-16.06, -11.44, 0.8],
							"lerp_mode": "catmullrom"
						},
						"4.25": {
							"post": [-15.36, -15.14, -5.38],
							"lerp_mode": "catmullrom"
						},
						"4.4167": {
							"post": [-6.28, -24.61, -3.94],
							"lerp_mode": "catmullrom"
						},
						"4.6667": {
							"post": [-14.48435, -17.23644, -2.23629],
							"lerp_mode": "catmullrom"
						},
						"4.9167": {
							"post": [-19.99, -16.56, -0.5],
							"lerp_mode": "catmullrom"
						},
						"5.3333": {
							"post": [-69.17088, 9.17901, 2.41933],
							"lerp_mode": "catmullrom"
						},
						"6.375": {
							"post": [-69.17088, 9.17901, 2.41933],
							"lerp_mode": "catmullrom"
						},
						"7.0": {
							"post": [0, 0, 0],
							"lerp_mode": "catmullrom"
						}
					},
					"position": {
						"0.0": {
							"post": [0, 0, 0],
							"lerp_mode": "catmullrom"
						},
						"0.75": {
							"post": [-7, 1, -6],
							"lerp_mode": "catmullrom"
						},
						"1.3333": {
							"post": [-7.54, 1.44, -6.72],
							"lerp_mode": "catmullrom"
						},
						"1.7917": {
							"post": [-7, 1, -6],
							"lerp_mode": "catmullrom"
						},
						"2.3333": {
							"post": [-7, 1, -6],
							"lerp_mode": "catmullrom"
						},
						"2.9583": {
							"post": [-7.21, -0.97, 2.62],
							"lerp_mode": "catmullrom"
						},
						"4.5833": {
							"post": [-7.21, -0.97, 2.62],
							"lerp_mode": "catmullrom"
						},
						"4.8333": {
							"post": [-6.21, -2.24, 1.3],
							"lerp_mode": "catmullrom"
						},
						"5.3333": {
							"post": [-3.75, -12.25, -6.75],
							"lerp_mode": "catmullrom"
						},
						"6.375": {
							"post": [-3.75, -12.25, -6.75],
							"lerp_mode": "catmullrom"
						},
						"7.0": {
							"post": [0, 0, 0],
							"lerp_mode": "catmullrom"
						}
					}
				},
				"lefthand": {
					"rotation": {
						"0.0": [147.86119, -400.78947, -200.94102],
						"0.7083": [-2.26749, -421.91485, -72.25258],
						"2.3333": [6.73251, -421.91485, -72.25258],
						"2.9583": [142.70916, -376.61384, -195.97962],
						"3.25": {
							"pre": [165.21, -376.61, -195.98],
							"post": [165.21, -376.61, -195.98],
							"lerp_mode": "catmullrom"
						},
						"3.5417": {
							"post": [127.71, -376.61, -195.98],
							"lerp_mode": "catmullrom"
						},
						"3.75": {
							"post": [165.21, -376.61, -195.98],
							"lerp_mode": "catmullrom"
						},
						"4.0833": {
							"post": [127.71, -376.61, -195.98],
							"lerp_mode": "catmullrom"
						},
						"4.375": [147.86119, -400.78947, -200.94102],
						"5.0": [102.86119, -400.78947, -200.94102],
						"6.375": [102.86119, -400.78947, -200.94102],
						"7.0": [147.86119, -400.78947, -200.94102]
					},
					"position": {
						"0.0": [7, -12, -15.5],
						"2.75": [7, -12, -15.5],
						"2.9583": [11, -12, -15.5],
						"3.25": {
							"pre": [8, -11, -13.5],
							"post": [8, -11, -13.5],
							"lerp_mode": "catmullrom"
						},
						"3.5417": {
							"post": [8, -11, -17.5],
							"lerp_mode": "catmullrom"
						},
						"3.625": {
							"post": [11, -11, -15.5],
							"lerp_mode": "catmullrom"
						},
						"3.75": {
							"post": [8, -11, -13.5],
							"lerp_mode": "catmullrom"
						},
						"4.0833": {
							"post": [8, -11, -17.5],
							"lerp_mode": "catmullrom"
						},
						"4.2083": {
							"post": [10.56, -11.44, -16.61],
							"lerp_mode": "catmullrom"
						},
						"4.375": [7, -12, -15.5],
						"5.0": [7, -12, -15.5],
						"6.375": [7, -12, -15.5],
						"7.0": [7, -12, -15.5]
					},
					"scale": {
						"4.375": [1, 1, 1],
						"5.0": [1, 1.5, 1],
						"6.375": [1, 1.5, 1],
						"7.0": [1, 1, 1]
					}
				},
				"righthand": {
					"rotation": {
						"0.0": [103.21088, -346.16553, -174.14537],
						"0.5": [125.71088, -346.16553, -174.14537],
						"6.1667": [125.71088, -346.16553, -174.14537],
						"6.6667": [103.21088, -346.16553, -174.14537],
						"7.0": [103.21088, -346.16553, -174.14537]
					},
					"position": {
						"0.0": [-7, -13.5, -8],
						"6.6667": [-7, -13.5, -8],
						"7.0": [-7, -13.5, -8]
					},
					"scale": {
						"0.0": [1, 1, 1],
						"0.5": [1, 1.5, 1],
						"6.1667": [1, 1.5, 1],
						"6.6667": [1, 1, 1],
						"7.0": [1, 1, 1]
					}
				},
				"constraint": {
					"rotation": {
						"0.0": [0.2, 0.2, 0.4],
						"7.0": [0, 0, 0]
					},
					"position": {
						"0.0": [0.1, 0.1, 0.1],
						"7.0": [0, 0, 0]
					}
				},
				"bone13": {
					"scale": {
						"0.0": [0, 0, 0],
						"7.0": [1, 1, 1]
					}
				},
				"bone14": {
					"rotation": {
						"0.0": [0, 0, 0],
						"0.875": [0, 37.5, 0],
						"2.6667": [0, 37.5, 0],
						"2.7083": [0, 41.25, 0],
						"2.75": [0, 0, 0],
						"7.0": [0, 0, 0]
					}
				},
				"bone15": {
					"rotation": {
						"0.0": [0, 0, 0],
						"0.5": [-5, 20.71, 0],
						"0.875": [0, 27.5, 0],
						"1.2917": [1.79487, 27.5, 0],
						"2.2083": [3.22048, 29.24658, -1.8774],
						"2.6667": [-12.5, 27.5, 0],
						"2.7083": [-19.40655, 10.34054, 3.71624],
						"2.75": [0, 0, 0],
						"7.0": [0, 0, 0]
					}
				},
				"bone16": {
					"rotation": {
						"0.0": {
							"post": [0, 0, 0],
							"lerp_mode": "catmullrom"
						},
						"0.25": {
							"post": [-1.33899, -8.4215, 6.78596],
							"lerp_mode": "catmullrom"
						},
						"0.5": {
							"post": [1.34396, -9.3444, 8.84649],
							"lerp_mode": "catmullrom"
						},
						"0.7083": {
							"post": [-0.17309, -9.58806, 10.05742],
							"lerp_mode": "catmullrom"
						},
						"0.7917": {
							"post": [0.92, -9.69, 13.05],
							"lerp_mode": "catmullrom"
						},
						"0.875": {
							"post": [-2.63383, -15.26363, 15.03571],
							"lerp_mode": "catmullrom"
						},
						"0.9583": {
							"post": [-3.23616, -16.2083, 15.37227],
							"lerp_mode": "catmullrom"
						},
						"1.0833": {
							"post": [-3.25, -16.23, 15.38],
							"lerp_mode": "catmullrom"
						},
						"1.2083": {
							"post": [-3.61186, -16.42248, 15.81293],
							"lerp_mode": "catmullrom"
						},
						"1.2917": {
							"post": [-3.99975, -16.62881, 16.27701],
							"lerp_mode": "catmullrom"
						},
						"1.4167": {
							"post": [-4.89633, -17.10571, 17.34967],
							"lerp_mode": "catmullrom"
						},
						"1.5417": {
							"post": [-6.31443, -17.86002, 19.04629],
							"lerp_mode": "catmullrom"
						},
						"1.7083": {
							"post": [-7.71359, -19.76267, 20.10763],
							"lerp_mode": "catmullrom"
						},
						"1.875": {
							"post": [-9.08517, -21.62784, 21.14806],
							"lerp_mode": "catmullrom"
						},
						"2.2083": {
							"post": [-6.92235, -22.00206, 20.73112],
							"lerp_mode": "catmullrom"
						},
						"2.3333": {
							"post": [-6.20775, -22.1257, 20.59336],
							"lerp_mode": "catmullrom"
						},
						"2.6667": {
							"post": [-4.53252, -22.41556, 20.27041],
							"lerp_mode": "catmullrom"
						},
						"2.75": {
							"post": [0, 0, 0],
							"lerp_mode": "catmullrom"
						},
						"7.0": {
							"post": [0, 0, 0],
							"lerp_mode": "catmullrom"
						}
					},
					"scale": {
						"0.0": {
							"post": [1, 1, 1],
							"lerp_mode": "catmullrom"
						},
						"0.5": {
							"post": [1, 1, 0.9799],
							"lerp_mode": "catmullrom"
						},
						"0.875": {
							"post": [1, 1, 1.1],
							"lerp_mode": "catmullrom"
						},
						"1.2917": {
							"post": [1, 1, 1.2106],
							"lerp_mode": "catmullrom"
						},
						"2.2083": {
							"post": [1, 1, 1.1682],
							"lerp_mode": "catmullrom"
						},
						"2.6667": {
							"post": [1, 1, 0.8],
							"lerp_mode": "catmullrom"
						},
						"2.75": {
							"post": [1, 1, 1],
							"lerp_mode": "catmullrom"
						},
						"7.0": {
							"post": [1, 1, 1],
							"lerp_mode": "catmullrom"
						}
					}
				},
				"bone17": {
					"position": {
						"0.0": [0, 0, 0],
						"1.9167": [0, -1, -0.2],
						"4.9167": [0, -1, -0.2],
						"6.8333": [0, 0, 0],
						"7.0": [0, 0, 0]
					},
					"scale": {
						"0.0": [1, 1, 1],
						"1.9167": [1, 1, 1.5],
						"4.9167": [1, 1, 1.5],
						"6.8333": [1, 1, 1],
						"7.0": [1, 1, 1]
					}
				},
				"camera": {
					"rotation": {
						"0.0": {
							"post": [0, 0, 0],
							"lerp_mode": "catmullrom"
						},
						"0.5": {
							"post": [0, 11.7, 0],
							"lerp_mode": "catmullrom"
						},
						"1.2917": {
							"post": [0, 13.7, 0],
							"lerp_mode": "catmullrom"
						},
						"2.1667": {
							"post": [0, -13.2, 0],
							"lerp_mode": "catmullrom"
						},
						"2.8333": {
							"post": [0, 0, 0],
							"lerp_mode": "catmullrom"
						},
						"3.125": {
							"post": [0, 2.3, 0],
							"lerp_mode": "catmullrom"
						},
						"3.375": {
							"post": [0.9, 2.3, 0],
							"lerp_mode": "catmullrom"
						},
						"3.625": {
							"post": [-1.3, 0, 0],
							"lerp_mode": "catmullrom"
						},
						"3.875": {
							"post": [0, 2.3, 0],
							"lerp_mode": "catmullrom"
						},
						"4.125": {
							"post": [0.9, 2.3, 0],
							"lerp_mode": "catmullrom"
						},
						"4.375": {
							"post": [-1.3, 0, 0],
							"lerp_mode": "catmullrom"
						},
						"4.5417": {
							"post": [1.7, 0, 0],
							"lerp_mode": "catmullrom"
						},
						"4.8333": {
							"post": [-0.3, 0, 0],
							"lerp_mode": "catmullrom"
						},
						"5.2917": {
							"post": [-15.3, 0, 0],
							"lerp_mode": "catmullrom"
						},
						"6.0417": {
							"post": [-15.3, 0, 0],
							"lerp_mode": "catmullrom"
						},
						"6.75": {
							"post": [0, 0, 0],
							"lerp_mode": "catmullrom"
						},
						"7.0": {
							"post": [0, 0, 0],
							"lerp_mode": "catmullrom"
						}
					}
				}
			},
			"sound_effects": {
				"0.0": {
					"effect": "rcp:t74/clothrub1"
				},
				"0.2083": {
					"effect": "rcp:t74/rattle2"
				},
				"1.2917": {
					"effect": "rcp:t74/clothrub2"
				},
				"3.0417": {
					"effect": "rcp:t74/wipe"
				},
				"3.5": {
					"effect": "rcp:t74/wipe"
				},
				"4.125": {
					"effect": "rcp:t74/rattle2"
				},
				"4.8333": {
					"effect": "rcp:t74/draw1"
				},
				"5.9167": {
					"effect": "rcp:t74/return1"
				}
			}
		},
		"reload_tactical": {
			"loop": "hold_on_last_frame",
			"animation_length": 6.875,
			"bones": {
				"fuel_pack": {
					"rotation": {
						"0.7917": {
							"pre": [0, 0, 0],
							"post": [0, 0, 0],
							"lerp_mode": "catmullrom"
						},
						"1.7083": {
							"post": [170.246, -66.70934, -156.51654],
							"lerp_mode": "catmullrom"
						},
						"2.125": {
							"post": [176.13019, -6.99499, -165.0172],
							"lerp_mode": "catmullrom"
						},
						"2.4583": {
							"post": [173.7496, -4.97932, -142.48441],
							"lerp_mode": "catmullrom"
						},
						"2.9167": {
							"post": [173.7496, -4.97932, -142.48441],
							"lerp_mode": "catmullrom"
						},
						"3.25": {
							"post": [176.13019, -6.99499, -165.0172],
							"lerp_mode": "catmullrom"
						},
						"3.6667": {
							"post": [170.246, -66.70934, -156.51654],
							"lerp_mode": "catmullrom"
						},
						"4.7917": {
							"post": [0, 0, 0],
							"lerp_mode": "catmullrom"
						}
					},
					"position": {
						"0.7917": [0, 0, 0],
						"1.7083": [9, -2, 7],
						"2.125": [2, -3, 10],
						"2.4583": [7, -18, 10],
						"2.625": [7, -20, 10],
						"2.9167": [7, -18, 10],
						"3.25": [2, -3, 10],
						"3.6667": [9, -2, 7],
						"4.7917": [0, 0, 0],
						"6.5": [0, 0, 0],
						"6.5833": [0, 0, 0]
					}
				},
				"bone13": {
					"rotation": {
						"5.9583": [0, 0, 0],
						"6.25": [-17.5, 5, 0],
						"6.5": [-17.5, 5, 0],
						"6.5833": [-17.5, 5, 0],
						"6.875": [0, 0, 0]
					},
					"scale": {
						"5.625": [1, 1, 1],
						"5.9167": [1, 1, 1.3],
						"6.5": [1, 1, 1.3],
						"6.5833": [1, 1, 1.3],
						"6.875": [1, 1, 1]
					}
				},
				"bone14": {
					"rotation": {
						"5.9583": [0, 0, 0],
						"6.25": [12.5, 17.5, 0],
						"6.5": [12.5, 17.5, 0],
						"6.5833": [12.5, 17.5, 0],
						"6.875": [0, 0, 0]
					}
				},
				"bone15": {
					"rotation": {
						"5.9583": [0, 0, 0],
						"6.125": [-0.70579, 15.81019, -2.4384],
						"6.25": [-2.5, 20, 0],
						"6.5": [0, 20, 0],
						"6.5833": [0, 20, 0],
						"6.875": [0, 0, 0]
					}
				},
				"bone16": {
					"rotation": {
						"5.9583": [0, 0, 0],
						"6.125": [10.91841, -26.12684, -12.07769],
						"6.25": [53.76266, -44.42964, -16.2445],
						"6.5": [48.55942, -53.78127, -4.7157],
						"6.5833": [48.55942, -53.78127, -4.7157],
						"6.875": [0, 0, 0]
					}
				},
				"root": {
					"rotation": {
						"0.0": [0, 0, 0],
						"0.25": [0, -32.5, 0],
						"0.5": [45.03687, -59.75174, -26.79287],
						"2.125": [71.35514, -67.90305, -55.92483],
						"3.25": [71.35514, -67.90305, -55.92483],
						"4.7917": [71.35514, -67.90305, -55.92483],
						"5.4167": [71.35514, -67.90305, -55.92483],
						"6.4583": [71.35514, -67.90305, -55.92483],
						"6.5417": [71.35514, -67.90305, -55.92483],
						"6.875": [0, 0, 0]
					},
					"position": {
						"0.0": {
							"post": [0, 0, 0],
							"lerp_mode": "catmullrom"
						},
						"0.0833": {
							"post": [-0.58, 0.59, -0.09],
							"lerp_mode": "catmullrom"
						},
						"0.25": {
							"post": [-5, -2, -4],
							"lerp_mode": "catmullrom"
						},
						"0.5": {
							"post": [-8, -10, -4],
							"lerp_mode": "catmullrom"
						},
						"2.0833": {
							"post": [-6, -10, -4],
							"lerp_mode": "catmullrom"
						},
						"2.6667": {
							"post": [-5.87, -11, -4],
							"lerp_mode": "catmullrom"
						},
						"3.2083": {
							"post": [-6, -10, -4],
							"lerp_mode": "catmullrom"
						},
						"4.7917": {
							"post": [-6, -10, -4],
							"lerp_mode": "catmullrom"
						},
						"5.4167": {
							"post": [-1, 2, -7],
							"lerp_mode": "catmullrom"
						},
						"6.4583": {
							"post": [-1, 2, -7],
							"lerp_mode": "catmullrom"
						},
						"6.5417": {
							"post": [-1, 2, -7],
							"lerp_mode": "catmullrom"
						},
						"6.875": {
							"post": [0, 0, 0],
							"lerp_mode": "catmullrom"
						}
					}
				},
				"lefthand": {
					"rotation": {
						"0.0": [147.86119, -400.78947, -200.94102],
						"0.25": [147.86119, -400.78947, -200.94102],
						"0.4167": [115.28947, -421.99883, -213.41075],
						"0.625": [228.62593, -396.51514, -342.35853],
						"0.875": [228.62593, -396.51514, -342.35853],
						"1.0417": [147.86119, -400.78947, -200.94102]
					},
					"position": {
						"0.0": [7, -12, -15.5],
						"0.625": [21.86931, 3.63816, -11.1633],
						"0.875": [21, 4, -11.5],
						"1.0417": [7, -12, -15.5]
					}
				},
				"righthand": {
					"rotation": {
						"0.0": [103.21088, -346.16553, -174.14537],
						"0.25": [82.92406, -338.72019, -175.09419],
						"0.4167": [82.92406, -338.72019, -175.09419],
						"1.0": [82.92406, -338.72019, -175.09419],
						"1.5417": [39.77271, -368.97346, -70.81644],
						"1.7917": [19.42837, -374.40872, -74.51477],
						"2.125": [44.77271, -391.97346, -83.81644],
						"2.2917": [40.58, -369.41, -63.53],
						"2.4583": [35.39608, -346.84314, -60.248],
						"2.9167": [35.39608, -346.84314, -60.248],
						"3.0833": [40.58, -369.41, -63.53],
						"3.25": [44.77271, -391.97346, -83.81644],
						"3.5833": [19.42837, -374.40872, -74.51477],
						"3.8333": [39.77271, -368.97346, -70.81644],
						"4.375": [82.92406, -338.72019, -175.09419],
						"5.2917": [102.3316, -361.44944, -193.89737],
						"5.9167": [102.3316, -361.44944, -193.89737],
						"6.125": [100.87187, -366.03135, -171.81525],
						"6.25": [102.3316, -361.44944, -193.89737],
						"6.5": [102.3316, -361.44944, -193.89737],
						"6.5833": [102.3316, -361.44944, -193.89737],
						"6.875": [103.21088, -346.16553, -174.14537]
					},
					"position": {
						"0.0": [-7, -13.5, -8],
						"1.0": [-7, -13.5, -8],
						"1.5417": [0, 5.5, 4],
						"1.6667": [0.75, 5.25, 5.5],
						"1.7917": [1.5, 5, 5.3],
						"1.9167": [-2.44, 4.81, 4],
						"2.125": [-9, 4.5, -3],
						"2.4583": [-13, -6.5, -19],
						"2.9167": [-13, -6.5, -19],
						"3.25": [-9, 4.5, -3],
						"3.4583": [-2.44, 4.81, 4],
						"3.5833": [1.5, 5, 5.3],
						"3.7083": [0.75, 5.25, 5.5],
						"3.8333": [0, 5.5, 4],
						"4.375": [-7, -13.5, -8],
						"5.2917": [-0.5, -18, -4.5],
						"5.9167": [-4.5, -19, -4.5],
						"6.125": [-7.37, -15.88, -2.66],
						"6.25": [-6.5, -14.75, -1.25],
						"6.5": [-6.5, -14.75, -1.25],
						"6.5833": [-6.5, -14.75, -1.25],
						"6.875": [-7, -13.5, -8]
					}
				},
				"camera": {
					"rotation": {
						"0.0": {
							"post": [0, 0, 0],
							"lerp_mode": "catmullrom"
						},
						"0.125": {
							"post": [-1, 0.66, 0.06],
							"lerp_mode": "catmullrom"
						},
						"0.2917": {
							"post": [0.5, 0.8, -1],
							"lerp_mode": "catmullrom"
						},
						"0.5": {
							"post": [6.5, -1, 2],
							"lerp_mode": "catmullrom"
						},
						"0.75": {
							"post": [3.5, -3, -1],
							"lerp_mode": "catmullrom"
						},
						"0.9167": {
							"post": [-0.5, -2, -3],
							"lerp_mode": "catmullrom"
						},
						"1.0833": {
							"post": [1.5, -3, 1],
							"lerp_mode": "catmullrom"
						},
						"1.2917": {
							"post": [-3, 6, 0],
							"lerp_mode": "catmullrom"
						},
						"1.5833": {
							"post": [-8, 8, 0],
							"lerp_mode": "catmullrom"
						},
						"1.875": {
							"post": [-5, 3, 0],
							"lerp_mode": "catmullrom"
						},
						"2.125": {
							"post": [1, -2, 0],
							"lerp_mode": "catmullrom"
						},
						"2.375": {
							"post": [0, 0, 0],
							"lerp_mode": "catmullrom"
						},
						"2.9167": {
							"post": [0, 0, 0],
							"lerp_mode": "catmullrom"
						},
						"3.1667": {
							"post": [1, -2, 0],
							"lerp_mode": "catmullrom"
						},
						"3.4167": {
							"post": [-2, 3, 0],
							"lerp_mode": "catmullrom"
						},
						"3.625": {
							"post": [-5, 4, 0],
							"lerp_mode": "catmullrom"
						},
						"3.9583": {
							"post": [-3, 1, 0],
							"lerp_mode": "catmullrom"
						},
						"4.2083": {
							"post": [0.5, -3, 1],
							"lerp_mode": "catmullrom"
						},
						"4.8333": {
							"post": [-0.5, -2, -3],
							"lerp_mode": "catmullrom"
						},
						"5.25": {
							"post": [5, 0, 0],
							"lerp_mode": "catmullrom"
						},
						"5.7917": {
							"post": [-2, 0, 0],
							"lerp_mode": "catmullrom"
						},
						"6.1667": {
							"post": [0, 0, 0],
							"lerp_mode": "catmullrom"
						}
					}
				},
				"constraint": {
					"rotation": {
						"6.7083": [0, 0, 0],
						"6.875": [0.2, 0.2, 0.4]
					},
					"position": {
						"6.7083": [0.02, 0.02, 0.02],
						"6.875": [0.1, 0.1, 0.1]
					}
				},
				"bone17": {
					"scale": 0
				}
			},
			"sound_effects": {
				"0.0": {
					"effect": "rcp:t74/clothrub1"
				},
				"0.7917": {
					"effect": "rcp:t74/displug"
				},
				"1.7917": {
					"effect": "rcp:t74/canister_rattle1"
				},
				"2.875": {
					"effect": "rcp:t74/clothrub2"
				},
				"4.5417": {
					"effect": "rcp:t74/clothrub3"
				},
				"4.6667": {
					"effect": "rcp:t74/rattle2"
				},
				"5.8333": {
					"effect": "rcp:t74/return1"
				},
				"5.9583": {
					"effect": "rcp:t74/inplug"
				},
				"6.1667": {
					"effect": "rcp:t74/rattle2"
				}
			}
		},
		"inspect_empty": {
			"loop": "hold_on_last_frame",
			"animation_length": 7,
			"bones": {
				"root": {
					"rotation": {
						"0.0": {
							"post": [0, 0, 0],
							"lerp_mode": "catmullrom"
						},
						"0.2917": {
							"post": [-14.25, -25.34, 10.86],
							"lerp_mode": "catmullrom"
						},
						"0.4583": {
							"post": [-11.62, -41.97, 8],
							"lerp_mode": "catmullrom"
						},
						"0.6667": {
							"post": [-6.27, -64.24, 2],
							"lerp_mode": "catmullrom"
						},
						"0.7917": {
							"post": [-3.25, -76.34, -1.24],
							"lerp_mode": "catmullrom"
						},
						"1.0": {
							"post": [-3.25, -82.24, 0.06],
							"lerp_mode": "catmullrom"
						},
						"1.7917": {
							"post": [-3.25, -76.34, 0.06],
							"lerp_mode": "catmullrom"
						},
						"2.3333": {
							"post": [-3.25, -76.34, 0.06],
							"lerp_mode": "catmullrom"
						},
						"2.9167": {
							"post": [-16.58435, -17.23644, -2.23629],
							"lerp_mode": "catmullrom"
						},
						"3.25": {
							"post": [-16.6, -13.88, -2.46],
							"lerp_mode": "catmullrom"
						},
						"3.4583": {
							"post": [-16.06, -12.04, 0.8],
							"lerp_mode": "catmullrom"
						},
						"3.6667": {
							"post": [-15.36, -15.14, -5.38],
							"lerp_mode": "catmullrom"
						},
						"3.8333": {
							"post": [-16.6, -13.88, -2.46],
							"lerp_mode": "catmullrom"
						},
						"4.0417": {
							"post": [-16.06, -11.44, 0.8],
							"lerp_mode": "catmullrom"
						},
						"4.25": {
							"post": [-15.36, -15.14, -5.38],
							"lerp_mode": "catmullrom"
						},
						"4.4167": {
							"post": [-6.28, -24.61, -3.94],
							"lerp_mode": "catmullrom"
						},
						"4.6667": {
							"post": [-14.48435, -17.23644, -2.23629],
							"lerp_mode": "catmullrom"
						},
						"4.9167": {
							"post": [-19.99, -16.56, -0.5],
							"lerp_mode": "catmullrom"
						},
						"5.3333": {
							"post": [-69.17088, 9.17901, 2.41933],
							"lerp_mode": "catmullrom"
						},
						"6.375": {
							"post": [-69.17088, 9.17901, 2.41933],
							"lerp_mode": "catmullrom"
						},
						"7.0": {
							"post": [0, 0, 0],
							"lerp_mode": "catmullrom"
						}
					},
					"position": {
						"0.0": {
							"post": [0, 0, 0],
							"lerp_mode": "catmullrom"
						},
						"0.75": {
							"post": [-7, 1, -6],
							"lerp_mode": "catmullrom"
						},
						"1.3333": {
							"post": [-7.54, 1.44, -6.72],
							"lerp_mode": "catmullrom"
						},
						"1.7917": {
							"post": [-7, 1, -6],
							"lerp_mode": "catmullrom"
						},
						"2.3333": {
							"post": [-7, 1, -6],
							"lerp_mode": "catmullrom"
						},
						"2.9583": {
							"post": [-7.21, -0.97, 2.62],
							"lerp_mode": "catmullrom"
						},
						"4.5833": {
							"post": [-7.21, -0.97, 2.62],
							"lerp_mode": "catmullrom"
						},
						"4.8333": {
							"post": [-6.21, -2.24, 1.3],
							"lerp_mode": "catmullrom"
						},
						"5.3333": {
							"post": [-3.75, -12.25, -6.75],
							"lerp_mode": "catmullrom"
						},
						"6.375": {
							"post": [-3.75, -12.25, -6.75],
							"lerp_mode": "catmullrom"
						},
						"7.0": {
							"post": [0, 0, 0],
							"lerp_mode": "catmullrom"
						}
					}
				},
				"lefthand": {
					"rotation": {
						"0.0": [147.86119, -400.78947, -200.94102],
						"0.7083": [-2.26749, -421.91485, -72.25258],
						"2.3333": [6.73251, -421.91485, -72.25258],
						"2.9583": [142.70916, -376.61384, -195.97962],
						"3.25": {
							"pre": [165.21, -376.61, -195.98],
							"post": [165.21, -376.61, -195.98],
							"lerp_mode": "catmullrom"
						},
						"3.5417": {
							"post": [127.71, -376.61, -195.98],
							"lerp_mode": "catmullrom"
						},
						"3.75": {
							"post": [165.21, -376.61, -195.98],
							"lerp_mode": "catmullrom"
						},
						"4.0833": {
							"post": [127.71, -376.61, -195.98],
							"lerp_mode": "catmullrom"
						},
						"4.375": [147.86119, -400.78947, -200.94102],
						"5.0": [102.86119, -400.78947, -200.94102],
						"6.375": [102.86119, -400.78947, -200.94102],
						"7.0": [147.86119, -400.78947, -200.94102]
					},
					"position": {
						"0.0": [7, -12, -15.5],
						"2.75": [7, -12, -15.5],
						"2.9583": [11, -12, -15.5],
						"3.25": {
							"pre": [8, -11, -13.5],
							"post": [8, -11, -13.5],
							"lerp_mode": "catmullrom"
						},
						"3.5417": {
							"post": [8, -11, -17.5],
							"lerp_mode": "catmullrom"
						},
						"3.625": {
							"post": [11, -11, -15.5],
							"lerp_mode": "catmullrom"
						},
						"3.75": {
							"post": [8, -11, -13.5],
							"lerp_mode": "catmullrom"
						},
						"4.0833": {
							"post": [8, -11, -17.5],
							"lerp_mode": "catmullrom"
						},
						"4.2083": {
							"post": [10.56, -11.44, -16.61],
							"lerp_mode": "catmullrom"
						},
						"4.375": [7, -12, -15.5],
						"5.0": [7, -12, -15.5],
						"6.375": [7, -12, -15.5],
						"7.0": [7, -12, -15.5]
					},
					"scale": {
						"4.375": [1, 1, 1],
						"5.0": [1, 1.5, 1],
						"6.375": [1, 1.5, 1],
						"7.0": [1, 1, 1]
					}
				},
				"righthand": {
					"rotation": {
						"0.0": [103.21088, -346.16553, -174.14537],
						"0.5": [125.71088, -346.16553, -174.14537],
						"6.1667": [125.71088, -346.16553, -174.14537],
						"6.6667": [103.21088, -346.16553, -174.14537]
					},
					"position": {
						"0.0": [-7, -13.5, -8],
						"6.6667": [-7, -13.5, -8]
					},
					"scale": {
						"0.0": [1, 1, 1],
						"0.5": [1, 1.5, 1],
						"6.1667": [1, 1.5, 1],
						"6.6667": [1, 1, 1]
					}
				},
				"constraint": {
					"rotation": [0.2, 0.2, 0.4],
					"position": [0.1, 0.1, 0.1]
				},
				"bone13": {
					"scale": 0
				},
				"bone14": {
					"rotation": {
						"0.0": [0, 0, 0],
						"0.875": [0, 37.5, 0],
						"2.6667": [0, 37.5, 0],
						"2.7083": [0, 41.25, 0],
						"2.75": [0, 0, 0]
					}
				},
				"bone15": {
					"rotation": {
						"0.0": [0, 0, 0],
						"0.5": [-5, 20.71, 0],
						"0.875": [0, 27.5, 0],
						"1.2917": [1.79487, 27.5, 0],
						"2.2083": [3.22048, 29.24658, -1.8774],
						"2.6667": [-12.5, 27.5, 0],
						"2.7083": [-19.40655, 10.34054, 3.71624],
						"2.75": [0, 0, 0]
					}
				},
				"bone16": {
					"rotation": {
						"0.0": {
							"post": [0, 0, 0],
							"lerp_mode": "catmullrom"
						},
						"0.25": {
							"post": [-1.33899, -8.4215, 6.78596],
							"lerp_mode": "catmullrom"
						},
						"0.5": {
							"post": [1.34396, -9.3444, 8.84649],
							"lerp_mode": "catmullrom"
						},
						"0.7083": {
							"post": [-0.17309, -9.58806, 10.05742],
							"lerp_mode": "catmullrom"
						},
						"0.7917": {
							"post": [0.92, -9.69, 13.05],
							"lerp_mode": "catmullrom"
						},
						"0.875": {
							"post": [-2.63383, -15.26363, 15.03571],
							"lerp_mode": "catmullrom"
						},
						"0.9583": {
							"post": [-3.23616, -16.2083, 15.37227],
							"lerp_mode": "catmullrom"
						},
						"1.0833": {
							"post": [-3.25, -16.23, 15.38],
							"lerp_mode": "catmullrom"
						},
						"1.2083": {
							"post": [-3.61186, -16.42248, 15.81293],
							"lerp_mode": "catmullrom"
						},
						"1.2917": {
							"post": [-3.99975, -16.62881, 16.27701],
							"lerp_mode": "catmullrom"
						},
						"1.4167": {
							"post": [-4.89633, -17.10571, 17.34967],
							"lerp_mode": "catmullrom"
						},
						"1.5417": {
							"post": [-6.31443, -17.86002, 19.04629],
							"lerp_mode": "catmullrom"
						},
						"1.7083": {
							"post": [-7.71359, -19.76267, 20.10763],
							"lerp_mode": "catmullrom"
						},
						"1.875": {
							"post": [-9.08517, -21.62784, 21.14806],
							"lerp_mode": "catmullrom"
						},
						"2.2083": {
							"post": [-6.92235, -22.00206, 20.73112],
							"lerp_mode": "catmullrom"
						},
						"2.3333": {
							"post": [-6.20775, -22.1257, 20.59336],
							"lerp_mode": "catmullrom"
						},
						"2.6667": {
							"post": [-4.53252, -22.41556, 20.27041],
							"lerp_mode": "catmullrom"
						},
						"2.75": {
							"post": [0, 0, 0],
							"lerp_mode": "catmullrom"
						}
					},
					"scale": {
						"0.0": {
							"post": [1, 1, 1],
							"lerp_mode": "catmullrom"
						},
						"0.5": {
							"post": [1, 1, 0.9799],
							"lerp_mode": "catmullrom"
						},
						"0.875": {
							"post": [1, 1, 1.1],
							"lerp_mode": "catmullrom"
						},
						"1.2917": {
							"post": [1, 1, 1.2106],
							"lerp_mode": "catmullrom"
						},
						"2.2083": {
							"post": [1, 1, 1.1682],
							"lerp_mode": "catmullrom"
						},
						"2.6667": {
							"post": [1, 1, 0.8],
							"lerp_mode": "catmullrom"
						},
						"2.75": {
							"post": [1, 1, 1],
							"lerp_mode": "catmullrom"
						}
					}
				},
				"bone17": {
					"position": {
						"0.0": [0, 0, 0],
						"1.9167": [0, -1, -0.2],
						"4.9167": [0, -1, -0.2],
						"6.8333": [0, 0, 0]
					},
					"scale": {
						"0.0": [1, 1, 1],
						"1.9167": [1, 1, 1.5],
						"4.9167": [1, 1, 1.5],
						"6.8333": [1, 1, 1],
						"7.0": [0, 0, 0]
					}
				},
				"camera": {
					"rotation": {
						"0.0": {
							"post": [0, 0, 0],
							"lerp_mode": "catmullrom"
						},
						"0.5": {
							"post": [0, 11.7, 0],
							"lerp_mode": "catmullrom"
						},
						"1.2917": {
							"post": [0, 13.7, 0],
							"lerp_mode": "catmullrom"
						},
						"2.1667": {
							"post": [0, -13.2, 0],
							"lerp_mode": "catmullrom"
						},
						"2.8333": {
							"post": [0, 0, 0],
							"lerp_mode": "catmullrom"
						},
						"3.125": {
							"post": [0, 2.3, 0],
							"lerp_mode": "catmullrom"
						},
						"3.375": {
							"post": [0.9, 2.3, 0],
							"lerp_mode": "catmullrom"
						},
						"3.625": {
							"post": [-1.3, 0, 0],
							"lerp_mode": "catmullrom"
						},
						"3.875": {
							"post": [0, 2.3, 0],
							"lerp_mode": "catmullrom"
						},
						"4.125": {
							"post": [0.9, 2.3, 0],
							"lerp_mode": "catmullrom"
						},
						"4.375": {
							"post": [-1.3, 0, 0],
							"lerp_mode": "catmullrom"
						},
						"4.5417": {
							"post": [1.7, 0, 0],
							"lerp_mode": "catmullrom"
						},
						"4.8333": {
							"post": [-0.3, 0, 0],
							"lerp_mode": "catmullrom"
						},
						"5.2917": {
							"post": [-15.3, 0, 0],
							"lerp_mode": "catmullrom"
						},
						"6.0417": {
							"post": [-15.3, 0, 0],
							"lerp_mode": "catmullrom"
						},
						"6.75": {
							"post": [0, 0, 0],
							"lerp_mode": "catmullrom"
						}
					}
				}
			},
			"sound_effects": {
				"0.0": {
					"effect": "rcp:t74/clothrub1"
				},
				"0.2083": {
					"effect": "rcp:t74/rattle2"
				},
				"1.2917": {
					"effect": "rcp:t74/clothrub2"
				},
				"3.0417": {
					"effect": "rcp:t74/wipe"
				},
				"3.5": {
					"effect": "rcp:t74/wipe"
				},
				"4.125": {
					"effect": "rcp:t74/rattle2"
				},
				"4.8333": {
					"effect": "rcp:t74/draw1"
				},
				"5.9167": {
					"effect": "rcp:t74/return1"
				}
			}
		},
		"walk_aiming": {
			"loop": true,
			"animation_length": 1,
			"bones": {
				"root": {
					"rotation": {
						"0.0": [0, 0, 0.22],
						"0.05": [0, -0.16, 0.22],
						"0.1": [0, -0.39, 0.22],
						"0.15": [0, -0.56, 0.2],
						"0.2": [0, -0.65, 0.13],
						"0.25": [0, -0.69, 0.05],
						"0.3": [0, -0.68, -0.03],
						"0.35": [0, -0.53, -0.14],
						"0.4": [0, -0.33, -0.21],
						"0.45": [0, -0.18, -0.21],
						"0.5": [0, 0, -0.16],
						"0.55": [0, 0.19, -0.1],
						"0.6": [0, 0.4, -0.01],
						"0.65": [0, 0.56, 0.06],
						"0.7": [0, 0.66, 0.14],
						"0.75": [0, 0.67, 0.2],
						"0.8": [0, 0.64, 0.24],
						"0.85": [0, 0.52, 0.27],
						"0.9": [0, 0.35, 0.26],
						"0.95": [0, 0.15, 0.24],
						"1.0": [0, 0, 0.22]
					},
					"position": {
						"0.0": [0, -0.07, 0.34],
						"0.05": [-0.03, -0.01, 0.36],
						"0.1": [-0.07, 0.08, 0.39],
						"0.15": [-0.11, 0.14, 0.41],
						"0.2": [-0.11, 0.16, 0.42],
						"0.25": [-0.11, 0.16, 0.42],
						"0.3": [-0.1, 0.14, 0.41],
						"0.35": [-0.09, 0.07, 0.37],
						"0.4": [-0.07, 0, 0.34],
						"0.45": [-0.04, -0.06, 0.34],
						"0.5": [0, -0.07, 0.36],
						"0.55": [0.03, -0.01, 0.38],
						"0.6": [0.07, 0.08, 0.4],
						"0.65": [0.1, 0.14, 0.41],
						"0.7": [0.11, 0.16, 0.42],
						"0.75": [0.1, 0.16, 0.42],
						"0.8": [0.09, 0.14, 0.41],
						"0.85": [0.08, 0.07, 0.39],
						"0.9": [0.06, 0, 0.36],
						"0.95": [0.03, -0.05, 0.35],
						"1.0": [0, -0.07, 0.34]
					}
				}
			}
		},
		"walk_forward": {
			"loop": true,
			"animation_length": 1,
			"bones": {
				"root": {
					"rotation": {
						"0.0": {
							"post": [0, 0, 1.53199],
							"lerp_mode": "catmullrom"
						},
						"0.1": {
							"post": [0, -1.29, 2.05297],
							"lerp_mode": "catmullrom"
						},
						"0.2": {
							"post": [0, -1.97, 2.58375],
							"lerp_mode": "catmullrom"
						},
						"0.3": {
							"post": [0, -1.95516, 3.10859],
							"lerp_mode": "catmullrom"
						},
						"0.35": {
							"post": [0, -1.67, 3.24516],
							"lerp_mode": "catmullrom"
						},
						"0.45": {
							"post": [0, -0.87641, 3.08984],
							"lerp_mode": "catmullrom"
						},
						"0.55": {
							"post": [0, 0, 2.55156],
							"lerp_mode": "catmullrom"
						},
						"0.65": {
							"post": [0, 1.4375, 1.96172],
							"lerp_mode": "catmullrom"
						},
						"0.75": {
							"post": [0, 1.86953, 1.51875],
							"lerp_mode": "catmullrom"
						},
						"0.8": {
							"post": [0, 1.84, 1.34484],
							"lerp_mode": "catmullrom"
						},
						"0.9": {
							"post": [0, 1.47, 1.22563],
							"lerp_mode": "catmullrom"
						},
						"1.0": {
							"post": [0, 0, 1.53199],
							"lerp_mode": "catmullrom"
						}
					},
					"position": {
						"0.0": {
							"post": [0.12109, -0.51219, 0.635],
							"lerp_mode": "catmullrom"
						},
						"0.15": {
							"post": [0.14453, -0.17031, 0.63438],
							"lerp_mode": "catmullrom"
						},
						"0.3": {
							"post": [0.14844, -0.13359, 0.635],
							"lerp_mode": "catmullrom"
						},
						"0.35": {
							"post": [0.15, -0.255, 0.64],
							"lerp_mode": "catmullrom"
						},
						"0.4": {
							"post": [0.14109, -0.44125, 0.635],
							"lerp_mode": "catmullrom"
						},
						"0.5": {
							"post": [0.12109, -0.51219, 0.635],
							"lerp_mode": "catmullrom"
						},
						"0.65": {
							"post": [0.07422, -0.17031, 0.63438],
							"lerp_mode": "catmullrom"
						},
						"0.8": {
							"post": [0.07031, -0.13359, 0.635],
							"lerp_mode": "catmullrom"
						},
						"0.85": {
							"post": [0.07, -0.255, 0.64],
							"lerp_mode": "catmullrom"
						},
						"0.9": {
							"post": [0.07859, -0.44125, 0.635],
							"lerp_mode": "catmullrom"
						},
						"1.0": {
							"post": [0.12109, -0.51219, 0.635],
							"lerp_mode": "catmullrom"
						}
					}
				}
			}
		},
		"walk_sideway": {
			"loop": true,
			"animation_length": 1,
			"bones": {
				"root": {
					"rotation": {
						"0.0": [0, 0, 0.22],
						"0.05": [0, -0.22, 0.22],
						"0.1": [0, -0.53, 0.22],
						"0.15": [0, -0.77, 0.2],
						"0.2": [0, -0.88, 0.13],
						"0.25": [0, -0.92, 0.05],
						"0.3": [0, -0.88, -0.03],
						"0.35": [0, -0.64, -0.14],
						"0.4": [0, -0.34, -0.21],
						"0.45": [0, -0.18, -0.21],
						"0.5": [0, 0, -0.16],
						"0.55": [0, 0.24, -0.1],
						"0.6": [0, 0.52, -0.01],
						"0.65": [0, 0.73, 0.06],
						"0.7": [0, 0.85, 0.14],
						"0.75": [0, 0.85, 0.2],
						"0.8": [0, 0.82, 0.24],
						"0.85": [0, 0.7, 0.27],
						"0.9": [0, 0.48, 0.26],
						"0.95": [0, 0.2, 0.24],
						"1.0": [0, 0, 0.22]
					},
					"position": {
						"0.0": [0, -0.42, 0.13],
						"0.05": [-0.03, -0.35, 0.16],
						"0.1": [-0.07, -0.26, 0.19],
						"0.15": [-0.11, -0.2, 0.21],
						"0.2": [-0.11, -0.18, 0.21],
						"0.25": [-0.11, -0.18, 0.21],
						"0.3": [-0.1, -0.2, 0.21],
						"0.35": [-0.09, -0.27, 0.17],
						"0.4": [-0.07, -0.35, 0.13],
						"0.45": [-0.04, -0.4, 0.14],
						"0.5": [0, -0.42, 0.16],
						"0.55": [0.03, -0.36, 0.17],
						"0.6": [0.07, -0.26, 0.19],
						"0.65": [0.1, -0.19, 0.21],
						"0.7": [0.11, -0.17, 0.21],
						"0.75": [0.1, -0.17, 0.21],
						"0.8": [0.09, -0.19, 0.21],
						"0.85": [0.08, -0.26, 0.18],
						"0.9": [0.06, -0.35, 0.16],
						"0.95": [0.03, -0.39, 0.14],
						"1.0": [0, -0.42, 0.13]
					}
				}
			}
		},
		"walk_backward": {
			"loop": true,
			"animation_length": 1,
			"bones": {
				"root": {
					"rotation": {
						"0.0": [0, 0, 0.22],
						"0.05": [0, -0.16, 0.22],
						"0.1": [0, -0.39, 0.22],
						"0.15": [0, -0.56, 0.2],
						"0.2": [0, -0.65, 0.13],
						"0.25": [0, -0.69, 0.05],
						"0.3": [0, -0.68, -0.03],
						"0.35": [0, -0.53, -0.14],
						"0.4": [0, -0.33, -0.21],
						"0.45": [0, -0.18, -0.21],
						"0.5": [0, 0, -0.16],
						"0.55": [0, 0.19, -0.1],
						"0.6": [0, 0.4, -0.01],
						"0.65": [0, 0.56, 0.06],
						"0.7": [0, 0.66, 0.14],
						"0.75": [0, 0.67, 0.2],
						"0.8": [0, 0.64, 0.24],
						"0.85": [0, 0.52, 0.27],
						"0.9": [0, 0.35, 0.26],
						"0.95": [0, 0.15, 0.24],
						"1.0": [0, 0, 0.22]
					},
					"position": {
						"0.0": [0, -0.07, 0.34],
						"0.05": [-0.03, -0.01, 0.36],
						"0.1": [-0.07, 0.08, 0.39],
						"0.15": [-0.11, 0.14, 0.41],
						"0.2": [-0.11, 0.16, 0.42],
						"0.25": [-0.11, 0.16, 0.42],
						"0.3": [-0.1, 0.14, 0.41],
						"0.35": [-0.09, 0.07, 0.37],
						"0.4": [-0.07, 0, 0.34],
						"0.45": [-0.04, -0.06, 0.34],
						"0.5": [0, -0.07, 0.36],
						"0.55": [0.03, -0.01, 0.38],
						"0.6": [0.07, 0.08, 0.4],
						"0.65": [0.1, 0.14, 0.41],
						"0.7": [0.11, 0.16, 0.42],
						"0.75": [0.1, 0.16, 0.42],
						"0.8": [0.09, 0.14, 0.41],
						"0.85": [0.08, 0.07, 0.39],
						"0.9": [0.06, 0, 0.36],
						"0.95": [0.03, -0.05, 0.35],
						"1.0": [0, -0.07, 0.34]
					}
				}
			}
		}
	}
}