{
    "model": "qkl:gun/at50_geo",
    "texture": "qkl:gun/uv/at50",
    "slot": "qkl:gun/slot/at50",
    "hud": "qkl:gun/hud/at50",
    "animation": "qkl:at50",
    "use_default_animation": "rifle",

    "sounds": {
        "shoot": "qkl:at50/at50_shoot",
        "shoot_3p": "qkl:at50/at50_shoot_3p",
        "draw": "qkl:at50/at50_draw",
        "put_away": "qkl:at50/at50_put_away",
        "reload_empty": "qkl:at50/at50_reload_empty",
        "reload_tactical": "qkl:at50/at50_reload_tactical",
        "inspect_empty": "qkl:at50/at50_inspect_empty",
        "inspect": "qkl:at50/at50_inspect",
        "head_hit": "qkl:qkl_head_hit",
        "flesh_hit": "qkl:qkl_flesh_hit",
        "kill": "qkl:qkl_kill"
       
    
    },
       
    "muzzle_flash": {
       
        "texture": "tacz:flash/common_muzzle_flash",
        
        "scale": 1.5
      },

    "iron_zoom": 3.5,

    "shell": {
           
            "initial_velocity": [10, 4, 2],
           
            "random_velocity": [5, 3, 0.25],
           
            "acceleration": [0.0, -30, 0.0],
           
            "angular_velocity": [360, -1200, 90],
           
            "living_time": 1.0
        },
        "text_show": {
           
            "ammo_count_text_pos": {
             
              "scale": 0.35,
            
              "align": "right",
              
              "shadow": false,
            
              "color": "#53f9af",
            
              "light": 15,
             
              "text": "%at50%"
            }
            
          },

    "transform": {
        "scale": {
           
            "thirdperson": [
                0.6,
                0.6,
                0.6
            ],
           
            "ground": [
                0.6,
                0.6,
                0.6
            ],
           
            "fixed": [
                1.3,
                1.3,
                1.3
            ]
        }
    },
    "third_person_animation": "default"
}